FOLIO,MES,FECHA,DIA_SEM,HORA,MINUTOS,MUNICIPIO,LOCALIDAD,TIPO_ASEN,NOM_ASEN,OID_ASEN,TIPO_VIAL,NOM_VIAL,ED_INC,NUM_EXT,NUM_EXTC,NUM_INT,NUM_INTC,VIAL_1_INC,VIAL_2_INC,VIAL_P_INC,CUENT_HAB,DINERO,CANTIDAD,BANCO,BOLSO,CARTERA,TECNOLOGIA,CELULAR,JOYERIA,ROPA,BICICLETA,OTROS,OID,FE_16,VEH_SOSP,INCIDENTE,LONG,LAT
798,ENERO,2016-01-01,VIERNES,15,41,SAN FRANCISCO DE LOS ROMO,URBANA,FRACCIONAMIENTO,HIDALGO,8,CALLE,LICENCIADO CARLOS SALINAS DE GORTARI,,623,,,0,,,,NULO,NULO,0,,NULO,NULO,NULO,NULO,NULO,NULO,BICICLETA,NULO,1,,,Robo a persona,-102.26933654,22.06798653
1909,ENERO,2016-01-02,SABADO,10,29,AGUASCALIENTES,URBANA,FRACCIONAMIENTO,NAZARIO ORTIZ GARZA,452,CALLE,MANUEL GARCIA MARTINEZ,,0,,,0,,,,NULO,NULO,0,,NULO,NULO,NULO,CELULAR,NULO,NULO,NULO,NULO,2,,,Robo a persona,-102.26446509,21.90400037
1224,ENERO,2016-01-01,VIERNES,23,54,AGUASCALIENTES,URBANA,UNIDAD HABITACIONAL,POTREROS DEL OESTE,1098,AVENIDA,SIGLO XXI,,0,,,0,,,,NULO,NULO,0,,NULO,NULO,NULO,CELULAR,NULO,NULO,NULO,NULO,3,,,Robo a persona,-102.29906462,21.84515057
1510,ENERO,2016-01-02,SABADO,13,58,AGUASCALIENTES,URBANA,COLONIA,ZONA CENTRO,906,CALLE,DOCTOR JESUS DIAZ DE LEON,,101,,,A,,,,NULO,NULO,0,,NULO,NULO,NULO,CELULAR,NULO,NULO,NULO,NULO,4,,,Robo a persona,-102.29432672,21.88101340
2066,ENERO,2016-01-03,DOMINGO,1,2,AGUASCALIENTES,URBANA,FRACCIONAMIENTO,TRIANA,1095,AVENIDA,PASEO DE LA CRUZ,,0,,,0,,,,NULO,DINERO,300,,NULO,CARTERA,NULO,NULO,NULO,NULO,NULO,NULO,5,,,Robo a persona,-102.29070782,21.87289682
3202,ENERO,2016-01-04,LUNES,16,26,AGUASCALIENTES,URBANA,FRACCIONAMIENTO,ESPAÑA,1052,CALLE,BARCELONA,,0,,,0,,,,NULO,DINERO,800,,NULO,NULO,NULO,NULO,NULO,NULO,NULO,NULO,6,,,Robo a persona,-102.31568624,21.86197910
3885,ENERO,2016-01-05,MARTES,17,26,AGUASCALIENTES,URBANA,COLONIA,ZONA CENTRO,906,CALLE,5 DE MAYO,,0,,,0,,,,NULO,NULO,0,,NULO,CARTERA,NULO,NULO,NULO,NULO,NULO,NULO,7,,,Robo a persona,-102.29767836,21.88390931
4449,ENERO,2016-01-06,MIERCOLES,17,31,AGUASCALIENTES,URBANA,FRACCIONAMIENTO,CUMBRES III,320-P,CALLE,DURAZNO,,0,,,0,,,,NULO,NULO,0,,NULO,NULO,NULO,CELULAR,NULO,NULO,NULO,NULO,8,,,Robo a persona,-102.23749004,21.92377215
5035,ENERO,2016-01-07,JUEVES,16,33,AGUASCALIENTES,URBANA,FRACCIONAMIENTO,VILLERIAS,491,CALLE,HACIENDA CHICHIMECO,,0,,,0,,,,NULO,NULO,0,,NULO,CARTERA,NULO,CELULAR,NULO,NULO,NULO,NULO,9,,,Robo a persona,-102.24380108,21.88613820
5190,ENERO,2016-01-07,JUEVES,21,15,AGUASCALIENTES,URBANA,COLONIA,OJO DE AGUA,986,AVENIDA,CONVENCION DE 1914 SUR,,0,,,0,,,,NULO,DINERO,250,,NULO,CARTERA,NULO,NULO,NULO,NULO,NULO,NULO,10,,,Robo a persona,-102.27995639,21.86693113
5792,ENERO,2016-01-08,VIERNES,19,41,JESUS MARIA,URBANA,SIN TIPO,CORRAL DE BARRANCOS,142,AVENIDA,GUADALUPE,,0,,,0,,,,NULO,NULO,0,,NULO,NULO,NULO,CELULAR,NULO,NULO,NULO,NULO,11,,,Robo a persona,-102.32465063,21.95047350
5886,ENERO,2016-01-08,VIERNES,21,38,AGUASCALIENTES,URBANA,FRACCIONAMIENTO,JARDINES DE CASA BLANCA,570,CALLE,VIVERO DE LA HACIENDA,,511,,,0,,,,NULO,NULO,0,,NULO,NULO,NULO,CELULAR,NULO,NULO,NULO,NULO,12,,,Robo a persona,-102.27326579,21.85063281
6059,ENERO,2016-01-09,SABADO,3,34,JESUS MARIA,URBANA,COLONIA,J. GOMEZ PORTUGAL ORIENTE,125,CALLE,ALEGRIA,,0,,,0,,,,NULO,NULO,0,,NULO,NULO,NULO,CELULAR,NULO,NULO,BICICLETA,NULO,13,,,Robo a persona,-102.28584482,21.99535908
7010,ENERO,2016-01-10,DOMINGO,5,41,AGUASCALIENTES,URBANA,BARRIO,LA PURISIMA,915,AVENIDA,LICENCIADO ADOLFO LOPEZ MATEOS PONIENTE,,0,,,0,,,,NULO,DINERO,200,,NULO,NULO,NULO,NULO,NULO,NULO,NULO,NULO,14,,,Robo a persona,-102.28417709,21.87917777
7022,ENERO,2016-01-10,DOMINGO,6,20,AGUASCALIENTES,URBANA,BARRIO,LA PURISIMA,915,CALLE,PODER LEGISLATIVO,,0,,,0,,,,NULO,NULO,0,,NULO,NULO,NULO,CELULAR,NULO,NULO,NULO,NULO,15,,,Robo a persona,-102.28465129,21.87915677
8017,ENERO,2016-01-11,LUNES,14,53,AGUASCALIENTES,URBANA,SIN TIPO,DESARROLLO SIN DELIMITACION OFICIAL NO. 80,924,AVENIDA,CONVENCION DE 1914 PONIENTE,,0,,,0,,,,NULO,NULO,0,,BOLSO,NULO,NULO,NULO,NULO,NULO,NULO,NULO,16,,,Robo a persona,-102.31220938,21.88566198
8431,ENERO,2016-01-12,MARTES,3,21,AGUASCALIENTES,URBANA,COLONIA,OJO DE AGUA (II),535,AVENIDA,DE LA CONVENCION DE 1914 SUR,,0,,,0,,,,NULO,DINERO,100,,NULO,NULO,NULO,CELULAR,NULO,NULO,NULO,NULO,17,,,Robo a persona,-102.27721558,21.86796119
8641,ENERO,2016-01-12,MARTES,14,30,JESUS MARIA,URBANA,FRACCIONAMIENTO,LOMAS DEL VALLE,168,CALLE,VALLE DE LAS DELICIAS,,0,,,0,,,,NULO,NULO,0,,NULO,NULO,NULO,CELULAR,NULO,NULO,NULO,NULO,18,,,Robo a persona,-102.34354451,21.95325215
8825,ENERO,2016-01-12,MARTES,19,21,AGUASCALIENTES,URBANA,FRACCIONAMIENTO,JOSE LOPEZ PORTILLO,955,CALLE,ANTONIO HERNANDEZ GALLEGOS,,114,,,0,,,,NULO,NULO,0,,NULO,NULO,NULO,CELULAR,NULO,NULO,NULO,NULO,19,,,Robo a persona,-102.31794455,21.85501405
9080,ENERO,2016-01-13,MIERCOLES,7,32,AGUASCALIENTES,URBANA,FRACCIONAMIENTO,JARDINES DE LA CRUZ (DELEGACION CENTRO),610,CALLE,JACARANDAS,,0,,,0,,,,NULO,DINERO,7000,,BOLSO,NULO,NULO,NULO,NULO,NULO,NULO,NULO,20,,,Robo a persona,-102.27520703,21.87716569
9856,ENERO,2016-01-14,JUEVES,12,51,AGUASCALIENTES,URBANA,FRACCIONAMIENTO,PERIODISTAS,404,CALLE,EDITORIALISTAS,,149,,,0,,,,NULO,DINERO,450,,BOLSO,NULO,NULO,NULO,NULO,NULO,NULO,NULO,21,,,Robo a persona,-102.25195008,21.85244088
10145,ENERO,2016-01-14,JUEVES,21,8,AGUASCALIENTES,URBANA,FRACCIONAMIENTO,J. GUADALUPE PERALTA GAMEZ,411,CALLE,ISABEL JIMENEZ DIAZ,,420,,,0,,,,NULO,NULO,0,,NULO,NULO,TABLET,NULO,NULO,NULO,NULO,NULO,22,,,Robo a persona,-102.23575952,21.87181158
10603,ENERO,2016-01-15,VIERNES,15,14,AGUASCALIENTES,URBANA,OTRO,AGROPECUARIO,763,BOULEVARD,A ZACATECAS,,0,,,0,,,,NULO,NULO,0,,NULO,CARTERA,NULO,NULO,NULO,NULO,NULO,NULO,23,,,Robo a persona,-102.29234082,21.91315918
11950,ENERO,2016-01-17,DOMINGO,8,38,AGUASCALIENTES,URBANA,COLONIA,GREMIAL,917,CALLE,DOCTOR ISIDRO CALERA,,623,,,0,,,,NULO,DINERO,3000,,BOLSO,NULO,NULO,NULO,NULO,NULO,NULO,NULO,24,,,Robo a persona,-102.28915377,21.89364599
11950,ENERO,2016-01-17,DOMINGO,1,45,AGUASCALIENTES,URBANA,FRACCIONAMIENTO,INSURGENTES,1046,CALLE,GENERAL LUCIO BLANCO,,215,,,0,,,,NULO,DINERO,200,,NULO,NULO,NULO,NULO,NULO,NULO,NULO,NULO,25,,,Robo a persona,-102.30302292,21.85090508
12186,ENERO,2016-01-17,DOMINGO,11,59,JESUS MARIA,URBANA,COLONIA,EJIDAL,196,CALLE,PRIMERO DE MARZO,,103,,,0,,,,NULO,NULO,0,,NULO,NULO,NULO,CELULAR,NULO,NULO,NULO,NULO,26,,,Robo a persona,-102.35300511,21.96607004
13422,ENERO,2016-01-18,LUNES,21,53,AGUASCALIENTES,URBANA,FRACCIONAMIENTO,CARTAGENA,322-P,CALLE,SALVADOR MARTINEZ,,103,,,0,,,,NULO,NULO,0,,NULO,NULO,NULO,NULO,NULO,NULO,BICICLETA,NULO,27,,,Robo a persona,-102.27263418,21.95696623
13543,ENERO,2016-01-19,MARTES,3,7,SAN FRANCISCO DE LOS ROMO,URBANA,FRACCIONAMIENTO,LA RIBERA,350-P,CALLE,SANTIAGO,,319,,,0,,,,NULO,NULO,0,,NULO,NULO,NULO,CELULAR,NULO,NULO,NULO,NULO,28,,,Robo a persona,-102.25026976,21.95748129
13506,ENERO,2016-01-18,LUNES,23,55,AGUASCALIENTES,URBANA,FRACCIONAMIENTO,INSURGENTES,1046,CALLE,JOSE ISABEL ROBLES,,0,,,0,,,,NULO,NULO,0,,NULO,NULO,BOCINA CON,NULO,NULO,NULO,NULO,NULO,29,,,Robo a persona,-102.30476231,21.84889607
4618,ENERO,2016-01-06,MIERCOLES,21,23,AGUASCALIENTES,URBANA,FRACCIONAMIENTO,JOSE LOPEZ PORTILLO,955,CALLE,SOBERANA CONVENCION MILITAR REVOLUCIONARIA,,201,,,0,,,,NULO,NULO,0,,NULO,NULO,NULO,CELULAR,NULO,NULO,NULO,NULO,30,,,Robo a persona,-102.31741564,21.85556919
13663,ENERO,2016-01-19,MARTES,11,30,AGUASCALIENTES,URBANA,COLONIA,ZONA CENTRO,906,CALLE,VENUSTIANO CARRANZA,,0,,,0,,,,NULO,NULO,0,,NULO,NULO,NULO,CELULAR,NULO,NULO,NULO,NULO,31,,,Robo a persona,-102.29995572,21.88016468
14185,ENERO,2016-01-20,MIERCOLES,0,18,AGUASCALIENTES,URBANA,COLONIA,FRANCISCO GUEL JIMENEZ,526,AVENIDA,MANUEL GOMEZ MORIN,,0,,,0,,,,NULO,NULO,0,,BOLSO,NULO,NULO,NULO,NULO,NULO,NULO,NULO,32,,,Robo a persona,-102.28521745,21.90236638
13851,ENERO,2016-01-19,MARTES,16,29,AGUASCALIENTES,URBANA,FRACCIONAMIENTO,ESPAÑA,1052,CALLE,CADIZ,,0,,,0,,,,NULO,NULO,0,,NULO,NULO,NULO,NULO,NULO,CHAMARRA,NULO,NULO,33,,,Robo a persona,-102.31280546,21.86701432
15967,ENERO,2016-01-22,VIERNES,17,58,AGUASCALIENTES,URBANA,FRACCIONAMIENTO,LAS CUMBRES,441,CALLE,MARIA GUADALUPE RUIZ DE CHAVEZ PINALES,,0,,,0,,,,NULO,DINERO,600,,NULO,NULO,NULO,NULO,NULO,NULO,NULO,NULO,34,,,Robo a persona,-102.26257531,21.91052276
16169,ENERO,2016-01-22,VIERNES,22,26,JESUS MARIA,URBANA,COLONIA,CENTRO,126,AVENIDA,MARGARITAS,,172,,,0,,,,NULO,NULO,0,,NULO,NULO,NULO,CELULAR,NULO,NULO,NULO,NULO,35,,,Robo a persona,-102.29247759,21.99772361
16431,ENERO,2016-01-23,SABADO,11,20,AGUASCALIENTES,URBANA,SIN TIPO,DESARROLLO SIN DELIMITACION OFICIAL NO. 45 VILLAS DEL RIO,698,CALLE,RIO BALSAS,,0,,,0,,,,NULO,DINERO,800,,NULO,NULO,NULO,NULO,NULO,NULO,NULO,NULO,36,,,Robo a persona,-102.24228038,21.94055813
14243,ENERO,2016-01-20,MIERCOLES,6,26,AGUASCALIENTES,URBANA,FRACCIONAMIENTO,INSURGENTES,1046,CALLE,ABRAHAM GONZALEZ,,0,,,0,,,,NULO,NULO,0,,NULO,NULO,NULO,NULO,NULO,NULO,BICICLETA,NULO,37,,,Robo a persona,-102.31191719,21.85058761
14459,ENERO,2016-01-20,MIERCOLES,14,38,JESUS MARIA,URBANA,FRACCIONAMIENTO,MANANTIALES DEL PIÑAR,172,CALLE,PINAR DEL LAGO,,0,,,0,,,,NULO,NULO,0,,NULO,NULO,NULO,CELULAR,NULO,NULO,NULO,NULO,38,,,Robo a persona,-102.34819107,21.95636721
14463,ENERO,2016-01-20,MIERCOLES,14,47,AGUASCALIENTES,URBANA,FRACCIONAMIENTO,PENSADORES MEXICANOS,774,CALLE,LUIS URBINA,,127,,,0,,,,NULO,NULO,0,,NULO,NULO,NULO,CELULAR,NULO,NULO,NULO,NULO,39,,,Robo a persona,-102.26580839,21.91432384
14699,ENERO,2016-01-20,MIERCOLES,20,57,JESUS MARIA,URBANA,FRACCIONAMIENTO,ARBOLEDAS,221,PRIVADA,DE LOS GUAYABOS,,205,,,0,,,,NULO,NULO,0,,NULO,NULO,NULO,NULO,NULO,NULO,BICICLETA,NULO,40,,,Robo a persona,-102.34598163,21.95509170
14922,ENERO,2016-01-21,JUEVES,8,10,AGUASCALIENTES,URBANA,COLONIA,MIRAVALLE,750,CALLE,CARLOS BARRON,,818,,,0,,,,NULO,NULO,0,,NULO,NULO,NULO,CELULAR,NULO,NULO,NULO,NULO,41,,,Robo a persona,-102.31103754,21.88963093
15058,ENERO,2016-01-21,JUEVES,13,44,AGUASCALIENTES,URBANA,FRACCIONAMIENTO,MISION DE SANTA LUCIA,586,AVENIDA,MARINAO ESCOBEDO,,507,,,0,,,,NULO,NULO,0,,NULO,NULO,NULO,CELULAR,NULO,NULO,NULO,NULO,42,,,Robo a persona,-102.27153627,21.85032230
15165,ENERO,2016-01-21,JUEVES,16,37,AGUASCALIENTES,URBANA,FRACCIONAMIENTO,EJIDO OJOCALIENTE,356,CALLE,20 DE NOVIEMBRE,,0,,,0,,,,NULO,NULO,0,,NULO,NULO,NULO,NULO,NULO,NULO,BICICLETA,NULO,43,,,Robo a persona,-102.26260852,21.88397890
15217,ENERO,2016-01-21,JUEVES,17,52,AGUASCALIENTES,URBANA,FRACCIONAMIENTO,BOULEVARES 2A. SECCION,1103,CALLE,ALASKA,,0,,,0,,,,NULO,NULO,0,,NULO,NULO,NULO,CELULAR,NULO,NULO,NULO,NULO,44,,,Robo a persona,-102.30629004,21.85874065
16809,ENERO,2016-01-23,SABADO,20,45,AGUASCALIENTES,URBANA,FRACCIONAMIENTO,J. GUADALUPE PERALTA GAMEZ,411,CALLE,ISABEL JIMENEZ DIAZ,,0,,,0,,,,NULO,NULO,0,,NULO,NULO,NULO,CELULAR,NULO,NULO,NULO,NULO,45,,,Robo a persona,-102.23683931,21.87373424
19202,ENERO,2016-01-26,MARTES,20,39,AGUASCALIENTES,URBANA,FRACCIONAMIENTO,HACIENDAS DE AGUASCALIENTES,410,AVENIDA,HACIENDA DE OJOCALIENTE,,0,,,0,,,,NULO,NULO,0,,NULO,NULO,NULO,CELULAR,NULO,NULO,NULO,NULO,46,,,Robo a persona,-102.24472642,21.88976217
18897,ENERO,2016-01-26,MARTES,12,47,AGUASCALIENTES,URBANA,FRACCIONAMIENTO,VILLAS DE SANTA ROSA,1091,PROLONGACION,PASEO DE LA ASUNCION,,0,,,0,,,,NULO,NULO,0,,NULO,NULO,NULO,NULO,NULO,NULO,BICICLETA,NULO,47,,,Robo a persona,-102.30112340,21.84048082
19238,ENERO,2016-01-26,MARTES,21,14,AGUASCALIENTES,URBANA,FRACCIONAMIENTO,LOMAS DEL AJEDREZ,1121,CALLE,DEL MATE,,204,,,C,,,,NULO,NULO,0,,NULO,NULO,NULO,CELULAR,NULO,NULO,NULO,NULO,48,,,Robo a persona,-102.25039812,21.84603259
19469,ENERO,2016-01-27,MIERCOLES,23,59,AGUASCALIENTES,URBANA,FRACCIONAMIENTO,JARDINES DE LA CRUZ (DELEGACION CENTRO),610,AVENIDA,LICENCIADO ADOLFO LOPEZ MATEOS ORIENTE,,0,,,0,,,,NULO,NULO,0,,BOLSO,NULO,NULO,NULO,NULO,NULO,NULO,NULO,49,,,Robo a persona,-102.27174838,21.87794539
20889,ENERO,2016-01-29,VIERNES,12,55,AGUASCALIENTES,URBANA,FRACCIONAMIENTO,EL PUERTECITO,700,CALLE,DEL PUERTO,,404,,,0,,,,NULO,NULO,0,,NULO,NULO,TABLET,NULO,NULO,NULO,NULO,NULO,50,,,Robo a persona,-102.24609827,21.93587697
20957,ENERO,2016-01-29,VIERNES,14,45,AGUASCALIENTES,URBANA,FRACCIONAMIENTO,MUNICIPIO LIBRE,768,CALLE,EPAZOTE,,0,,,0,,,,NULO,NULO,0,,NULO,NULO,NULO,CELULAR,NULO,NULO,NULO,NULO,51,,,Robo a persona,-102.25250243,21.89548749
21306,ENERO,2016-01-29,VIERNES,21,49,AGUASCALIENTES,URBANA,FRACCIONAMIENTO,PILAR BLANCO,981,CALLE,CANARIO,,0,,,0,,,,NULO,NULO,0,,NULO,NULO,NULO,CELULAR,NULO,NULO,NULO,NULO,52,,,Robo a persona,-102.29983749,21.84977844
21353,ENERO,2016-01-29,VIERNES,22,39,AGUASCALIENTES,URBANA,COLONIA,PRIMO VERDAD,810,CALLE,PANTALEON VALTIERRA,,133,,,0,,,,NULO,NULO,0,,NULO,NULO,NULO,CELULAR,NULO,NULO,NULO,NULO,53,,,Robo a persona,-102.31825065,21.90901341
21353,ENERO,2016-01-29,VIERNES,22,39,JESUS MARIA,URBANA,COLONIA,ZONA CENTRO,192,CALZADA,JULIO CADENA,,0,,,0,,,,NULO,NULO,0,,NULO,NULO,NULO,CELULAR,NULO,NULO,NULO,NULO,54,,,Robo a persona,-102.34283498,21.95949946
22582,ENERO,2016-01-31,DOMINGO,5,46,JESUS MARIA,URBANA,COLONIA,CENTRO,126,AVENIDA,MARGARITAS,,0,,,0,,,,NULO,NULO,0,,BOLSO,NULO,NULO,NULO,NULO,NULO,NULO,NULO,55,,,Robo a persona,-102.29244113,21.99733144
22968,ENERO,2016-01-31,DOMINGO,18,35,AGUASCALIENTES,URBANA,FRACCIONAMIENTO,INSURGENTES,1046,AVENIDA,CONVENCION,,0,,,0,,,,NULO,NULO,0,,NULO,NULO,NULO,CELULAR,NULO,NULO,NULO,NULO,56,,,Robo a persona,-102.31364368,21.85277956
23333,FEBRERO,2016-02-01,LUNES,0,58,AGUASCALIENTES,URBANA,FRACCIONAMIENTO,VILLAS DE NUESTRA SEÑORA DE LA ASUNCION (SECTOR GUADALUPE),402,CALLE,FELIPE DE UREÑA,,0,,,0,,,,NULO,DINERO,700,,NULO,CARTERA,NULO,NULO,ESCLAVA,NULO,NULO,,57,,,Robo a persona,-102.25500404,21.92973215
23491,FEBRERO,2016-02-01,LUNES,8,29,AGUASCALIENTES,URBANA,SIN TIPO,DESARROLLO SIN DELIMITACION OFICIAL NO. 80,924,AVENIDA,GUADALUPE,,0,,,0,,,,NULO,NULO,0,,BOLSO,NULO,NULO,CELULAR,NULO,NULO,NULO,NULO,58,,,Robo a persona,-102.31211260,21.88565421
24107,FEBRERO,2016-02-02,MARTES,0,1,AGUASCALIENTES,URBANA,FRACCIONAMIENTO,J. GUADALUPE PERALTA GAMEZ,411,CALLE,JOSE MANUEL RUIZ DE TEJEDA Y OTAL,,0,,,0,,,,NULO,NULO,0,,NULO,NULO,NULO,NULO,NULO,NULO,NULO,PATINETA,59,,,Robo a persona,-102.24100477,21.86718840
24315,FEBRERO,2016-02-02,MARTES,11,52,JESUS MARIA,URBANA,COLONIA,LOS ARROYITOS,230,CALLE,ARROYO DE LAS CULEBRAS,,0,,,0,,,,NULO,NULO,0,,NULO,NULO,NULO,CELULAR,NULO,NULO,NULO,NULO,60,,,Robo a persona,-102.34095788,21.96907382
24752,FEBRERO,2016-02-02,MARTES,22,56,JESUS MARIA,URBANA,COLONIA,EL CALVARIO,220,CALLE,EL CALVARIO,,0,,,0,,,,NULO,NULO,0,,NULO,NULO,NULO,NULO,NULO,NULO,BICICLETA,NULO,61,,,Robo a persona,-102.34317459,21.96729591
24319,FEBRERO,2016-02-02,MARTES,11,56,AGUASCALIENTES,URBANA,SIN TIPO,HELIODORO GARCIA (SUBDIVISION),923,AVENIDA,GUADALUPE,,0,,,0,,,,NULO,NULO,0,,NULO,NULO,NULO,CELULAR,NULO,NULO,NULO,NULO,62,,,Robo a persona,-102.30980351,21.88531487
23617,FEBRERO,2016-02-01,LUNES,13,13,AGUASCALIENTES,URBANA,FRACCIONAMIENTO,OJOCALIENTE I,741,AVENIDA,OJOCALIENTE,,0,,,0,,,,NULO,NULO,0,,NULO,CARTERA,NULO,NULO,NULO,NULO,NULO,NULO,63,,,Robo a persona,-102.25522201,21.88229278
25396,FEBRERO,2016-02-03,MIERCOLES,20,39,AGUASCALIENTES,URBANA,FRACCIONAMIENTO,INSURGENTES,1046,CALLE,ABRAHAM GONZALEZ,,326,,,0,,,,NULO,NULO,0,,BOLSO,NULO,NULO,NULO,NULO,NULO,NULO,NULO,64,,,Robo a persona,-102.30375369,21.84901397
25659,FEBRERO,2016-02-04,JUEVES,9,3,AGUASCALIENTES,URBANA,FRACCIONAMIENTO,RINCONADA SANTA MONICA,950,AVENIDA,SIGLO XXI,,0,,,0,,,,NULO,NULO,0,,BOLSO,NULO,NULO,NULO,NULO,NULO,NULO,NULO,65,,,Robo a persona,-102.31845522,21.84237710
24393,FEBRERO,2016-02-02,MARTES,13,55,AGUASCALIENTES,URBANA,FRACCIONAMIENTO,LOMAS DEL AJEDREZ,1121,CALLE,DEL GAMBITO,,0,,,0,,,,NULO,NULO,0,,NULO,NULO,NULO,CELULAR,NULO,NULO,NULO,NULO,66,,,Robo a persona,-102.25401958,21.84195910
25505,FEBRERO,2016-02-03,MIERCOLES,22,43,AGUASCALIENTES,URBANA,FRACCIONAMIENTO,OJOCALIENTE I,741,CALLE,JALTOMATE,,605,,,0,,,,NULO,NULO,0,,NULO,NULO,NULO,CELULAR,NULO,NULO,NULO,NULO,67,,,Robo a persona,-102.25192685,21.88188205
26301,FEBRERO,2016-02-05,VIERNES,3,6,AGUASCALIENTES,URBANA,FRACCIONAMIENTO,MONTEBELLO,959,CALLE,REPUBLICA DE VENEZUELA,,0,,,0,,,,NULO,NULO,0,,NULO,CARTERA,NULO,CELULAR,NULO,NULO,NULO,NULO,68,,,Robo a persona,-102.31045470,21.86485921
27413,FEBRERO,2016-02-06,SABADO,15,23,AGUASCALIENTES,URBANA,FRACCIONAMIENTO,RODOLFO LANDEROS GALLEGOS,459,AVENIDA,RODOLFO LANDEROS GALLEGOS,,0,,,0,AMILIO PORTES GIL,ESTHELA ALDANA,PAZ ROMO DE VIVAR,NULO,NULO,0,,NULO,NULO,NULO,CELULAR,NULO,NULO,NULO,NULO,69,,,Robo a persona,-102.25178715,21.90270369
27545,FEBRERO,2016-02-06,VIERNES,18,33,JESUS MARIA,URBANA,COLONIA,VILLAS DEL SOL (MARGARITAS),127,CALLE,ATARDECER,,124,,,0,NORTE,MARIA GUADALUPE VILLANUEVA,NINGUNO,NULO,NULO,0,,NULO,NULO,NULO,NULO,NULO,NULO,BICICLETA,NULO,70,,,Robo a persona,-102.29601093,21.99744913
27737,FEBRERO,2016-02-06,SABADO,22,14,AGUASCALIENTES,URBANA,UNIDAD HABITACIONAL,LOS VOLCANES,592,CALLE,POPOCATEPETL,,17,,,402,CITLALTEPEC,PASEO DE LA CRUZ,IZTACCIHUATL,NULO,NULO,0,,NULO,NULO,NULO,NULO,NULO,NULO,NULO,CASCO,71,,,Robo a persona,-102.26980134,21.87586672
28454,FEBRERO,2016-02-07,DOMINGO,16,24,AGUASCALIENTES,URBANA,FRACCIONAMIENTO,VILLERIAS,491,CALLE,VILLA DE SAN FRANCISCO,,225,,,0,HACIENDA LAS AMARILLAS,HACIENDA GRACIAS A DIOS,PASEO DE VILLERIAS,NULO,NULO,0,,NULO,NULO,NULO,NULO,NULO,NULO,BICICLETA,NULO,72,,,Robo a persona,-102.24694337,21.88468242
28106,FEBRERO,2016-02-07,DOMINGO,3,48,AGUASCALIENTES,URBANA,FRACCIONAMIENTO,ESPAÑA,1052,CALLE,ESPAÑA,,0,,,0,SALAMANCA,MADRID,DE LOS MAESTROS,NULO,DINERO,250,,NULO,NULO,NULO,NULO,NULO,NULO,NULO,NULO,73,,,Robo a persona,-102.31351363,21.86579899
28383,FEBRERO,2016-02-07,DOMINGO,14,49,JESUS MARIA,URBANA,COLONIA,CHICAHUALES I,155,CALLE,JESUS DEMETRIO,,415,,,0,SANTIAGO APOSTOL,ROMAN LOERA,DAVID GUARDADO,NULO,NULO,0,,BOLSO,NULO,NULO,NULO,NULO,NULO,NULO,NULO,74,,,Robo a persona,-102.35093490,21.94705219
28428,FEBRERO,2016-02-07,DOMINGO,15,44,AGUASCALIENTES,URBANA,COLONIA,GREMIAL,917,CALLE,PETROLEOS MEXICANOS,,0,,,0,NORBERTO GOMEZ,MELQUIADES MORENO,LIBERATO SANTA CRUZ,NULO,DINERO,500,,NULO,NULO,NULO,NULO,NULO,NULO,NULO,NULO,75,,,Robo a persona,-102.29288661,21.89384889
28461,FEBRERO,2016-02-07,DOMINGO,16,33,JESUS MARIA,URBANA,COLONIA,EL TORITO,199,AVENIDA,SOLIDARIDAD,,302,,,0,15 DE SEPTIEMBRE,CRISTOBAL COLON,SOR JUANA INES DE LA CRUZ,NULO,NULO,0,,NULO,NULO,NULO,CELULAR,NULO,NULO,NULO,NULO,76,,,Robo a persona,-102.35427846,21.96981378
28632,FEBRERO,2016-02-07,DOMINGO,20,41,JESUS MARIA,RURAL,COMUNIDAD,VALLADOLID,193-P,CALLE,VALLADOLID,,0,,,0,EL SUSPIRO,DEL ESFUERZO,LA ESPERANZA,NULO,NULO,0,,NULO,NULO,NULO,CELULAR,NULO,NULO,NULO,NULO,77,,,Robo a persona,-102.31458895,22.02275164
29150,FEBRERO,2016-02-08,LUNES,14,25,AGUASCALIENTES,URBANA,FRACCIONAMIENTO,RODOLFO LANDEROS GALLEGOS,459,AVENIDA,POLIDUCTO,,207,,,0,EXPROPIACION PETROLERA,FRANCISCO G. MUJICA,GENERAL LAZARO CARDENAS,NULO,NULO,0,,NULO,NULO,NULO,CELULAR,NULO,NULO,NULO,NULO,78,,,Robo a persona,-102.24882323,21.90419193
29202,FEBRERO,2016-02-08,LUNES,15,50,AGUASCALIENTES,URBANA,FRACCIONAMIENTO,SAN CAYETANO,1118,CALLE,SAN FRANCISCO,,0,,,0,SAN CLEMENTE,CARLOS SAGREDO,SAN ANTONIO,NULO,DINERO,1000,,NULO,NULO,NULO,NULO,NULO,NULO,NULO,NULO,79,,,Robo a persona,-102.30764542,21.89859404
30411,FEBRERO,2016-02-10,MIERCOLES,12,33,AGUASCALIENTES,URBANA,FRACCIONAMIENTO,MUJERES ILUSTRES,602,PROLONGACION,MARGARITA MAZA DE JUAREZ,,0,,,0,GABRIELA MISTRAL,ANGELA PERALTA,ANGELA PERALTA,NULO,NULO,0,,NULO,NULO,NULO,CELULAR,NULO,NULO,NULO,NULO,80,,,Robo a persona,-102.24753288,21.84716120
30585,FEBRERO,2016-02-10,MIERCOLES,18,0,AGUASCALIENTES,URBANA,FRACCIONAMIENTO,OJOCALIENTE I,741,AVENIDA,OJOCALIENTE,,0,,,0,PALO ALTO,EL SALTO DE LOS SALADOS,PEÑUELAS,NULO,NULO,0,,NULO,NULO,NULO,CELULAR,NULO,NULO,NULO,NULO,81,,,Robo a persona,-102.25585363,21.88551609
30717,FEBRERO,2016-02-10,MIERCOLES,21,3,AGUASCALIENTES,URBANA,FRACCIONAMIENTO,LOMAS DE ORIENTE 1,453,CALLE,SIERRA DE TEPEHUANES,,706,,,0,PENSADORES MEXICANOS,LOMA DEL NORTE,LUIS ESPOTA,NULO,NULO,0,,NULO,NULO,NULO,CELULAR,NULO,NULO,NULO,NULO,82,,,Robo a persona,-102.25755801,21.91594944
33255,FEBRERO,2016-02-14,DOMINGO,3,6,AGUASCALIENTES,URBANA,FRACCIONAMIENTO,OJOCALIENTE III,525,CALLE,CHIQUIHUITE,,0,,,0,AGUAGORDA,LA TACUACHA,LA BOQUILLA,NULO,NULO,0,,NULO,NULO,NULO,NULO,NULO,CACHUCHA,NULO,NULO,83,,,Robo a persona,-102.24350427,21.88322159
32595,FEBRERO,2016-02-13,SABADO,14,50,AGUASCALIENTES,URBANA,FRACCIONAMIENTO,EL COBANO,481,CALLE,GUANABANA,,150,,,0,F,MADROÑO,CAPRICORNIO,NULO,NULO,0,,NULO,NULO,NULO,NULO,NULO,NULO,BICICLETA,NULO,84,,,Robo a persona,-102.28077317,21.90841716
34264,FEBRERO,2016-02-15,LUNES,9,13,AGUASCALIENTES,URBANA,FRACCIONAMIENTO,LOS PERICOS,770,CALLE,SAN JUAN BAUTISTA,,135,,,0,CULTURA OTOMI,POLIDUCTO,SAN FELIPE,NULO,NULO,0,,NULO,NULO,NULO,NULO,NULO,NULO,BICICLETA,NULO,85,,,Robo a persona,-102.24666750,21.90293141
32841,FEBRERO,2016-02-13,SABADO,21,20,AGUASCALIENTES,URBANA,FRACCIONAMIENTO,VISTAS DEL SOL III,615,CALLE,CONSTELACION,,202,,,0,ESTRELLA,LOYOLA ESCOBEDO,AMANECER,NULO,NULO,0,,NULO,CARTERA,NULO,CELULAR,NULO,NULO,NULO,RELOJ,86,,,Robo a persona,-102.26736968,21.86453297
32152,FEBRERO,2016-02-12,VIERNES,21,54,AGUASCALIENTES,URBANA,FRACCIONAMIENTO,NAZARIO ORTIZ GARZA,452,CALLE,NIÑOS HEROES,,107,,,0,CUMBRES DE MIHUATLAN,CUMBRES,PEDRO QUINTANAR,NULO,NULO,0,,NULO,NULO,NULO,NULO,NULO,CACHUCHA,NULO,NULO,87,,,Robo a persona,-102.25557686,21.90751485
34495,FEBRERO,2016-02-15,LUNES,15,43,JESUS MARIA,URBANA,COLONIA,VALLE DE MARGARITAS,123,CALLE,ROSA,,115,,,0,A SAN ANTONIO DE LOS HORCONES,CLAVEL,ORQUIDEA,NULO,NULO,0,,NULO,NULO,NULO,NULO,NULO,NULO,NULO,BATE,88,,,Robo a persona,-102.29013439,21.99137898
34525,FEBRERO,2016-02-15,LUNES,16,18,AGUASCALIENTES,URBANA,BARRIO,DE GUADALUPE,910,CALLE,VALENTIN GOMEZ FARIAS,,0,,,0,ARELLANO,JARDIN,GUADALUPE,NULO,NULO,0,,NULO,NULO,NULO,CELULAR,NULO,NULO,NULO,NULO,89,,,Robo a persona,-102.30383165,21.88571778
34611,FEBRERO,2016-02-15,LUNES,18,37,PABELLON DE ARTEAGA,URBANA,BARRIO,CARBONERAS,93,CALLE,REFORMA,,0,,,0,IRRIGACION,FRANCISCO I. MADERO SUR,HEROE DE NACOZARI,NULO,NULO,0,,NULO,NULO,TABLET,NULO,NULO,NULO,NULO,NULO,90,,,Robo a persona,-102.27411911,22.14689403
35347,FEBRERO,2016-02-16,MARTES,19,52,PABELLON DE ARTEAGA,URBANA,FRACCIONAMIENTO,VALLE DEL VIVERO,101,CALLE,VIVERO DEL VALLE,,0,,,0,RITO GUARDADO DIOSDADO,TEODORO OLIVARES,VIVERO DE PITAYAS,NULO,NULO,0,,NULO,NULO,NULO,NULO,NULO,NULO,BICICLETA,NULO,91,,,Robo a persona,-102.28369420,22.15089479
35427,FEBRERO,2016-02-16,MARTES,21,6,AGUASCALIENTES,URBANA,COLONIA,ALTAVISTA,922,CALLE,SANTA IRENE,,0,,,0,AQUILES SERDAN,AMADO NERVO,JESUS MARIA RODRIGUEZ,NULO,NULO,0,,NULO,NULO,NULO,CELULAR,NULO,NULO,NULO,NULO,92,,,Robo a persona,-102.30256835,21.89374084
35549,FEBRERO,2016-02-16,MARTES,23,28,AGUASCALIENTES,URBANA,COLONIA,SAN PEDRO,397,CALLE,MARIANO N. RUIZ,,113,,,0,MAHATMA GANDHI,ROSAURA ZAPATA,QUERIDO MOHENO,NULO,NULO,0,,NULO,NULO,TABLET,NULO,NULO,NULO,NULO,NULO,93,,,Robo a persona,-102.29454459,21.84264223
36070,FEBRERO,2016-02-17,MIERCOLES,19,33,AGUASCALIENTES,URBANA,COLONIA,OJO DE AGUA (II),535,AVENIDA,MARIANO ESCOBEDO,,0,,,0,CEDAZO,NINGUNO,FERROCARRIL,NULO,NULO,0,,NULO,CARTERA,NULO,CELULAR,NULO,NULO,NULO,NULO,94,,,Robo a persona,-102.27709651,21.86643674
38278,FEBRERO,2016-02-20,SABADO,17,0,AGUASCALIENTES,URBANA,FRACCIONAMIENTO,VISTA DE LAS CUMBRES,493,CALLE,MAESTRO FORTUNATO HERNANDEZ RANGEL,,126,,,0,DE LA ESPIGA,SAXOFON,MAESTRO FERNANDO SOTO GARCIA,NULO,NULO,0,,NULO,NULO,NULO,NULO,NULO,NULO,BICICLETA,NULO,95,,,Robo a persona,-102.24163898,21.89827003
38355,FEBRERO,2016-02-20,SABADO,18,47,JESUS MARIA,URBANA,COLONIA,SAN MIGUELITO,227,CALLE,SAN MIGUELITO,,0,,,0,NINGUNO,NINGUNO,SANA ELENA,NULO,NULO,0,,NULO,NULO,NULO,NULO,NULO,NULO,BICICLETA,NULO,96,,,Robo a persona,-102.33623822,21.96122531
39799,FEBRERO,2016-02-21,DOMINGO,23,59,AGUASCALIENTES,URBANA,FRACCIONAMIENTO,INSURGENTES,1046,CALLE,GENERAL GABRIEL LEYVA,,211,,,0,CONVENCION,ABRAHAM GONZALEZ,GENERAL FRANCISCO CARRERA TORRES,NULO,NULO,0,,NULO,NULO,NULO,CELULAR,NULO,NULO,NULO,NULO,97,,,Robo a persona,-102.31076265,21.85121693
37706,FEBRERO,2016-02-19,VIERNES,22,46,AGUASCALIENTES,URBANA,COLONIA,DEL CARMEN,911,CALLE,JESUS BERNAL,,0,,,0,LIBERTAD,VALLADOLID,JESUS MARIA,NULO,NULO,0,,BOLSO,NULO,NULO,NULO,NULO,NULO,NULO,NULO,98,,,Robo a persona,-102.29909717,21.89018280
38817,FEBRERO,2016-02-21,DOMINGO,1,32,AGUASCALIENTES,URBANA,FRACCIONAMIENTO,MUNICIPIO LIBRE,768,CALLE,PRADERA,,130,,,0,VISTA HERMOSA,LAS FRAGUAS,MIGUEL ANGEL BARBERENA VEGA,NULO,NULO,0,,NULO,NULO,NULO,CELULAR,NULO,NULO,NULO,NULO,99,,,Robo a persona,-102.25089069,21.89658991
39274,FEBRERO,2016-02-21,DOMINGO,15,3,AGUASCALIENTES,URBANA,FRACCIONAMIENTO,JOSE LOPEZ PORTILLO,955,CALLE,RICARDO GARCIA MENDOZA,,1410,,,0,CORONEL VALENTE ARTEAGA,JOSE MARIA MARTINEZ VALADEZ,JOSE MARIA GONZALEZ BOCANEGRA,NULO,NULO,0,,NULO,NULO,NULO,CELULAR,NULO,NULO,NULO,NULO,100,,,Robo a persona,-102.32499417,21.85614813
38711,FEBRERO,2016-02-21,DOMINGO,0,8,AGUASCALIENTES,URBANA,FRACCIONAMIENTO,MUNICIPIO LIBRE,768,CALLE,MIGUEL ANGEL BARBERENA VEGA,,0,,,0,LOS CAMPOS,OJOCALIENTE,LOS CAMPOS,NULO,DINERO,200,,NULO,CARTERA,NULO,CELULAR,NULO,NULO,NULO,NULO,101,,,Robo a persona,-102.25872469,21.89712360
37209,FEBRERO,2016-02-19,VIERNES,11,59,AGUASCALIENTES,URBANA,FRACCIONAMIENTO,JARDINES DE LA CONCEPCION I,848,BOULEVARD,LUIS DONALDO COLOSIO,,0,,,0,GENERAL IGNACIO ZARAGOZA,VALLE DE GUADALUPE,CERRO DE LA BUFA,NULO,NULO,0,,NULO,NULO,NULO,CELULAR,NULO,NULO,NULO,NULO,102,,,Robo a persona,-102.30505762,21.92449587
41916,FEBRERO,2016-02-24,MIERCOLES,20,19,AGUASCALIENTES,URBANA,FRACCIONAMIENTO,VILLA DE NUESTRA SEÑORA DE LA ASUNCION SECTOR SAN MARCOS,435,AVENIDA,POLIDUCTO,,0,,,0,ANDRES DE LA TORRE,GASPAR DE LA FUENTE,CRISTOBAL DE TORRES,NULO,NULO,0,,NULO,NULO,NULO,CELULAR,NULO,NULO,NULO,NULO,103,,,Robo a persona,-102.25895206,21.92669235
43504,FEBRERO,2016-02-26,VIERNES,20,45,AGUASCALIENTES,URBANA,FRACCIONAMIENTO,ESPAÑA,1052,CALLE,ESPAÑA,,0,,,0,ALMERIA,BURGOS,DE LOS MAESTROS,NULO,DINERO,500,,NULO,NULO,NULO,NULO,NULO,NULO,NULO,NULO,104,,,Robo a persona,-102.31423374,21.86476125
43936,FEBRERO,2016-02-27,SABADO,11,55,AGUASCALIENTES,URBANA,COLONIA,PRIMAVERA,914,CALLE,SARGENTO LIBERATO SANTA CRUZ,,307,,,0,J. TRINIDAD PEDROZA,DOCTOR GERONIMO DE OROZCO,GENERAL MIGUEL BARRAGAN,NULO,NULO,0,,NULO,NULO,NULO,CELULAR,NULO,NULO,NULO,NULO,105,,,Robo a persona,-102.29103216,21.89206617
40966,FEBRERO,2016-02-23,MARTES,15,28,AGUASCALIENTES,URBANA,COLONIA,SAN LUIS,743,CALLE,DAMASCO,,0,,,0,ALAMEDA,NUEVA DE LA PAZ,28 DE AGOSTO,NULO,NULO,0,,NULO,NULO,NULO,CELULAR,NULO,NULO,NULO,NULO,106,,,Robo a persona,-102.28108986,21.88260058
43033,FEBRERO,2016-02-26,VIERNES,7,53,AGUASCALIENTES,URBANA,COLONIA,OJO DE AGUA,986,CALLE,CRUCITAS,,0,,,0,DE LA CONVENCION SUR,LOS DIAZ,AVENIDA FERROCARRIL,NULO,NULO,0,,NULO,NULO,NULO,CELULAR,NULO,NULO,NULO,NULO,107,,,Robo a persona,-102.27970328,21.86654384
43179,FEBRERO,2016-02-26,VIERNES,13,23,AGUASCALIENTES,URBANA,FRACCIONAMIENTO,VISTAS DEL SOL I,771,CALLE,ARQUEROS,,0,,,0,NADIR,CENIT,PUESTA PICACHO,NULO,NULO,0,,NULO,NULO,TABLET,NULO,NULO,NULO,NULO,NULO,108,,,Robo a persona,-102.26946461,21.86341253
44169,FEBRERO,2016-02-27,SABADO,18,4,AGUASCALIENTES,URBANA,COLONIA,ALTAVISTA,922,CALLE,RAFAEL ARELLANO,,222,,,0,PONCIANO ARRIAGA,JESUS MARIA RODRIGUEZ,LA LUZ,NULO,NULO,0,,NULO,CARTERA,NULO,CELULAR,NULO,NULO,NULO,NULO,109,,,Robo a persona,-102.30526817,21.89057437
44175,FEBRERO,2016-02-27,SABADO,18,15,AGUASCALIENTES,URBANA,FRACCIONAMIENTO,LOMAS DEL AJEDREZ,1121,CALLE,DEL PEON,,0,,,0,DEL REY,DE LA DAMA,DEL CABALLO,NULO,DINERO,500,,NULO,NULO,NULO,NULO,NULO,NULO,NULO,NULO,110,,,Robo a persona,-102.25250917,21.84436818
41470,FEBRERO,2016-02-24,MIERCOLES,7,54,AGUASCALIENTES,URBANA,OTRO,AGROPECUARIO,763,BOULEVARD,A ZACATECAS,,0,,,0,COMERCIO,DURAZNO,MANZANO,NULO,DINERO,50,,NULO,CARTERA,NULO,NULO,NULO,NULO,NULO,NULO,111,,,Robo a persona,-102.29231081,21.91330406
49160,MARZO,2016-03-05,SABADO,1,1,AGUASCALIENTES,URBANA,FRACCIONAMIENTO,JOSE LOPEZ PORTILLO,955,CALLE,ANTONIO HERNANDEZ GALLEGOS,NULO,402,NULO,0,NULO,GARARDO MURILLO,CASIMIRA ARTEAGA,JOSE GUADALUPE PERALTA,NULO,NULO,0,NULO,NULO,NULO,NULO,NULO,NULO,NULO,BICICLETA,NULO,112,,,Robo a persona,-102.32009080,21.84986814
48148,MARZO,2016-03-03,JUEVES,20,15,AGUASCALIENTES,URBANA,COLONIA,ZONA CENTRO,906,CALLE,GENERAL MIGUEL BARRAGAN,NULO,0,NULO,0,NULO,VASCO DE GAMA,MINERVA,GRECIA,NULO,NULO,0,NULO,NULO,NULO,NULO,NULO,NULO,NULO,BICICLETA,NULO,113,,,Robo a persona,-102.28906949,21.88943565
49587,MARZO,2016-03-05,SABADO,16,40,AGUASCALIENTES,URBANA,FRACCIONAMIENTO,BOSQUES DEL PRADO,847,AVENIDA,AGUASCALIENTES NORTE,NULO,420,NULO,0,NULO,GENERAL IGNACIO ZARAGOZA,VALLE DE GUADALUPE,SIERRA DEL LAUREL,NULO,NULO,0,NULO,NULO,NULO,NULO,CELULAR,NULO,NULO,BICICLETA,NULO,114,,,Robo a persona,-102.30411378,21.91618389
50660,MARZO,2016-03-06,DOMINGO,14,20,AGUASCALIENTES,URBANA,FRACCIONAMIENTO,INSURGENTES,1046,AVENIDA,CONVENCION,NULO,501,NULO,0,NULO,GENERAL MARTIN ESPINOZA SANCHEZ,CAPITAN GUSTAVO CARMENDIA,ABRAHAM GONZALEZ,NULO,NULO,0,NULO,NULO,NULO,NULO,CELULAR,NULO,NULO,NULO,NULO,115,,,Robo a persona,-102.31271425,21.85235291
45990,MARZO,2016-03-29,LUNES,18,9,AGUASCALIENTES,URBANA,FRACCIONAMIENTO,INSURGENTES,1046,CALLE,GENERAL FORTUNATO MAYCOTTE,NULO,130,NULO,0,NULO,CONVENCION,MARIANO AZUELA,GENERAL MARTIN ESPINOZA SANCHEZ,NULO,NULO,0,NULO,NULO,NULO,NULO,CELULAR,NULO,NULO,NULO,NULO,116,,,Robo a persona,-102.31283877,21.85319683
46088,FEBRERO,2016-02-29,LUNES,20,15,AGUASCALIENTES,URBANA,EJIDO,SALTO DE OJOCALIENTE,580,CALLE,EMILIANO ZAPATA,NULO,0,NULO,0,NULO,CUAUHTEMOC,MIGUEL HIDALGO,SIGLO XXI,NULO,DINERO,600,NULO,NULO,NULO,NULO,NULO,CADENA,NULO,NULO,NULO,117,,,Robo a persona,-102.24594848,21.86691651
46534,MARZO,2016-03-01,MARTES,14,20,AGUASCALIENTES,URBANA,FRACCIONAMIENTO,LA RINCONADA,819,CALLE,EBANO,NULO,0,NULO,0,NULO,INDEPENDENCIA,ROBLE,OAXACA,NULO,NULO,0,NULO,NULO,NULO,NULO,NULO,NULO,NULO,NULO,MOCHILA,118,,,Robo a persona,-102.29660757,21.90379819
47060,MARZO,2016-03-02,MIERCOLES,9,25,AGUASCALIENTES,URBANA,FRACCIONAMIENTO,MUNICIPIO LIBRE,768,CALLE,ESCUDO,NULO,0,NULO,0,NULO,AGUA CLARA,AMISTAD,AMISTAD,NULO,DINERO,300,NULO,NULO,NULO,NULO,NULO,NULO,NULO,NULO,NULO,119,,,Robo a persona,-102.25185966,21.89364294
48093,MARZO,2016-03-03,JUEVES,19,21,AGUASCALIENTES,URBANA,FRACCIONAMIENTO,SOLIDARIDAD II,579,AVENIDA,POLIDUCTO,NULO,0,NULO,0,NULO,PALMA MEXICANA,SIGLO XXI,IXTLAHUATL,NULO,NULO,0,NULO,NULO,NULO,NULO,CELULAR,NULO,NULO,NULO,NULO,120,,,Robo a persona,-102.24201136,21.86681912
48309,MARZO,2016-03-03,JUEVES,23,18,AGUASCALIENTES,URBANA,COLONIA,OLIVARES SANTANA,721,CALLE,BENJAMIN DE LA MORA,NULO,0,NULO,0,NULO,MIGUEL RUELAS,AGUASCALIENTES,BENITO DIAZ,NULO,NULO,0,NULO,NULO,NULO,NULO,CELULAR,NULO,NULO,NULO,NULO,121,,,Robo a persona,-102.31642512,21.89341630
48420,MARZO,2016-03-04,VIERNES,3,44,AGUASCALIENTES,URBANA,FRACCIONAMIENTO,INSURGENTES,1046,CALLE,PEDRO ANTONIO SANTOS,NULO,0,NULO,0,NULO,MARIANO AZUELA,CONVENCION,GENERAL FEDERICO MONTES,NULO,NULO,0,NULO,NULO,NULO,NULO,CELULAR,NULO,NULO,NULO,NULO,122,,,Robo a persona,-102.31139304,21.85212784
49122,MARZO,2016-03-05,SABADO,0,10,AGUASCALIENTES,URBANA,FRACCIONAMIENTO,CONSTITUCION,794,AVENIDA,CONSTITUCION,NULO,0,NULO,0,NULO,ARTICULO 12,ARTICULO 14,ARTICULO 27,NULO,NULO,0,NULO,NULO,CARTERA,NULO,CELULAR,NULO,NULO,NULO,NULO,123,,,Robo a persona,-102.28357782,21.92939117
49560,MARZO,2016-03-05,SABADO,16,8,AGUASCALIENTES,URBANA,FRACCIONAMIENTO,COLINAS DEL RIO,398,CALLE,RIO COLORADO,NULO,1206,NULO,0,NULO,RIO TIGRIS,RIO ARNO,RIO LERMA,NULO,NULO,0,NULO,NULO,NULO,NULO,NULO,CADENA,NULO,NULO,NULO,124,,,Robo a persona,-102.32141102,21.89799197
51262,MARZO,2016-03-07,LUNES,0,44,AGUASCALIENTES,URBANA,COLONIA,MIRAVALLE,750,CALLE,DOCTOR ALBERTO DEL VALLE,NULO,806,NULO,0,NULO,JOSE MARIA ELIZALDE,MIGUEL RUELAS,CARLOS BARRON,NULO,NULO,0,NULO,BOLSO,NULO,NULO,NULO,NULO,NULO,NULO,NULO,125,,,Robo a persona,-102.31123493,21.89034788
51061,MARZO,2016-03-06,DOMINGO,21,13,JESUS MARIA,URBANA,FRACCIONAMIENTO,CHICAHUALES I,155,CALLE,SANTIAGO APOSTOL,NULO,0,NULO,0,NULO,JESUS LOPEZ MARTINEZ,DOMINGO GOMEZ,FELICIANO MARTINEZ CRUZ,NULO,NULO,0,NULO,NULO,NULO,NULO,NULO,CADENA,NULO,NULO,NULO,126,,,Robo a persona,-102.35038798,21.94619674
51474,MARZO,2016-03-07,LUNES,10,51,PABELLON DE ARTEAGA,URBANA,BARRIO,CARBONERAS,93,AVENIDA,20 DE NOVIEMBRE,NULO,0,NULO,0,NULO,NINGUNO,RIO SAN PEDRO,REFORMA,NULO,NULO,0,NULO,NULO,NULO,NULO,NULO,NULO,NULO,BICICLETA,NULO,127,,,Robo a persona,-102.26890607,22.14833645
51602,MARZO,2016-03-07,LUNES,14,19,AGUASCALIENTES,URBANA,FRACCIONAMIENTO,VILLAS DEL RIO,698,CALLE,JOSE FEMAT GUTIERREZ,NULO,0,NULO,0,NULO,NINGUNO,RIO YAQUI,RIO ARANJUEZ,NULO,NULO,0,NULO,NULO,NULO,NULO,CELULAR,NULO,NULO,NULO,NULO,128,,,Robo a persona,-102.24215479,21.93856249
52310,MARZO,2016-03-08,MARTES,13,20,AGUASCALIENTES,URBANA,EJIDO,SALTO DE OJOCALIENTE,580,CALLE,ISIDRO CALERA,NULO,118,NULO,0,NULO,FRANCISCO VILLA,CASCAN,CASCAN,NULO,NULO,0,NULO,NULO,NULO,NULO,CELULAR,NULO,NULO,NULO,NULO,129,,,Robo a persona,-102.24799465,21.86569169
52347,MARZO,2016-03-08,MARTES,14,19,AGUASCALIENTES,URBANA,FRACCIONAMIENTO,GOMEZ (DELEGACION POCITOS),663,AVENIDA,CONVENCION DE 1914 PONIENTE,NULO,0,NULO,0,NULO,25 DE ABRIL,PROLONGACION AQUILES ELORDUY,26 DE MARZO,PACAZO,DINERO,16000,BANORTE,NULO,NULO,NULO,NULO,NULO,NULO,NULO,NULO,130,,,Robo a persona,-102.31262925,21.88132905
52644,MARZO,2016-03-08,MARTES,21,15,AGUASCALIENTES,URBANA,FRACCIONAMIENTO,VERSALLES I,960,CALLE,GALERIAS,NULO,0,NULO,0,NULO,GRANADA,JARDINES DE VERSALLES,SANTANDER,NULO,NULO,0,NULO,NULO,NULO,NULO,CELULAR,NULO,NULO,NULO,NULO,131,,,Robo a persona,-102.31315550,21.86034089
53629,MARZO,2016-03-10,JUEVES,17,46,JESUS MARIA,URBANA,SIN TIPO,CORRAL DE BARRANCOS,142,CALLE,EL REFUGIO,NULO,0,NULO,0,NULO,LOS MEZQUITES,PRIVADA SOLEDAD,DOMINICO,NULO,NULO,0,NULO,NULO,NULO,NULO,CELULAR,NULO,NULO,NULO,NULO,132,,,Robo a persona,-102.32822671,21.94220810
53576,MARZO,2016-03-10,JUEVES,16,19,AGUASCALIENTES,RURAL,FRACCIONAMIENTO,VISTA HERMOSA,74-P,CALLE,LOS ROSALES,NULO,301,NULO,0,NULO,NINGUNO,NINGUNO,NINGUNO,NULO,DINERO,700,NULO,NULO,CARTERA,NULO,NULO,NULO,NULO,NULO,NULO,133,,,Robo a persona,-102.19711724,21.89131200
54213,MARZO,2016-03-11,VIERNES,16,57,PABELLON DE ARTEAGA,RURAL,COLONIA,GAMEZ OROZCO (PUERTA DE CARBONERAS),216-P,CARRETERA,71,NULO,0,NULO,0,NULO,NINGUNO,NINGUNO,NINGUNO,NULO,NULO,0,NULO,NULO,NULO,NULO,NULO,NULO,NULO,BICICLETA,NULO,134,,,Robo a persona,-102.24584641,22.17099658
54524,MARZO,2016-03-12,SABADO,0,14,AGUASCALIENTES,URBANA,FRACCIONAMIENTO,OJOCALIENTE I,741,CALLE,PEÑUELAS,NULO,138,NULO,0,NULO,LA TINAJA,ALAMEDA,SAN FRANCISCO DE LOS ROMO,NULO,NULO,0,NULO,NULO,NULO,NULO,NULO,NULO,NULO,NULO,CASCO,135,,,Robo a persona,-102.25777185,21.88883836
54765,MARZO,2016-03-12,SABADO,11,43,AGUASCALIENTES,URBANA,COLONIA,ALTAVISTA,922,CALLE,SAN FELIPE,NULO,0,NULO,0,NULO,CARLOS SAGREDO,RAFAEL ARELLANO,SANTA IRENE,NULO,NULO,0,NULO,NULO,NULO,NULO,CELULAR,NULO,NULO,NULO,NULO,136,,,Robo a persona,-102.30593764,21.89196138
55916,MARZO,2016-03-13,DOMINGO,15,50,AGUASCALIENTES,URBANA,FRACCIONAMIENTO,HACIENDAS DE AGUASCALIENTES,410,CALLE,HACIENDA SAN ANTONIO DE LOS PEDROZA,NULO,0,NULO,0,NULO,HACIENDA LA CONGOJA,HACIENDA CARBONERAS,HACIENDA PABELLON,NULO,NULO,0,NULO,NULO,NULO,NULO,CELULAR,NULO,NULO,NULO,NULO,137,,,Robo a persona,-102.24529541,21.89070135
55124,MARZO,2016-03-12,SABADO,21,11,AGUASCALIENTES,URBANA,SIN TIPO,ISLA SAN MARCOS,943,BOULEVARD,SAN MARCOS,NULO,0,NULO,0,NULO,NINGUNO,JUAN PABLO II,NINGUNO,NULO,NULO,0,NULO,BOLSO,NULO,NULO,CELULAR,NULO,NULO,NULO,NULO,138,,,Robo a persona,-102.32181713,21.86404290
55642,MARZO,2016-03-13,DOMINGO,4,44,AGUASCALIENTES,URBANA,FRACCIONAMIENTO,LOMAS DEL AJEDREZ,1121,CALLE,DEL CABALLO,NULO,103,NULO,0,NULO,DE LA DAMA,DEL REY,DEL ALFIL NEGRO,NULO,NULO,0,NULO,NULO,NULO,NULO,CELULAR,NULO,NULO,NULO,NULO,139,,,Robo a persona,-102.25254197,21.84390113
56406,MARZO,2016-03-13,DOMINGO,23,17,AGUASCALIENTES,URBANA,FRACCIONAMIENTO,OJOCALIENTE III,525,CALLE,EL MOCHO,NULO,0,NULO,0,NULO,ESTACION CAÑADA,OCOTE,LA BARRANCA,NULO,NULO,0,NULO,NULO,NULO,NULO,CELULAR,NULO,NULO,NULO,NULO,140,,,Robo a persona,-102.24540248,21.87713323
55058,MARZO,2016-03-12,SABADO,19,51,AGUASCALIENTES,URBANA,FRACCIONAMIENTO,LA ESTANCIA,1090,CALLE,FLAMINGO,NULO,0,NULO,0,NULO,AMANECER,PAVORREAL,CANARIO,NULO,NULO,0,NULO,BOLSO,NULO,NULO,CELULAR,NULO,NULO,NULO,NULO,141,,,Robo a persona,-102.29827218,21.83916442
55508,MARZO,2016-03-13,DOMINGO,2,28,AGUASCALIENTES,URBANA,COLONIA,LA SOLEDAD,729,AVENIDA,ABELARDO L. RODRIGUEZ,NULO,0,NULO,0,NULO,70,AYOTLAN,AHUALULCO,NULO,NULO,0,NULO,NULO,NULO,NULO,NULO,NULO,CHAMARRA,NULO,NULO,142,,,Robo a persona,-102.33321765,21.87393675
57515,MARZO,2016-03-15,MARTES,11,37,AGUASCALIENTES,URBANA,COLONIA,SAN MARCOS (DELEGACION CENTRO),736,CALLE,PRIMAVERA,NULO,0,NULO,0,NULO,SAN MARCOS,ASUNCION,GENERAL EMILIANO ZAPATA,NULO,DINERO,500,NULO,NULO,NULO,NULO,CELULAR,NULO,NULO,NULO,NULO,143,,,Robo a persona,-102.30975768,21.88200970
57829,MARZO,2016-03-15,MARTES,15,13,AGUASCALIENTES,URBANA,COLONIA,EL LLANITO,366,CALLE,COSIO SUR,NULO,0,NULO,0,NULO,LICENCIADO ADOLFO LOPEZ MATEOS PONIENTE,18 DE JULIO,2 DE ABRIL,NULO,NULO,0,NULO,NULO,NULO,NULO,CELULAR,NULO,NULO,NULO,NULO,144,,,Robo a persona,-102.28611202,21.87899536
57829,MARZO,2016-03-15,MARTES,20,34,PABELLON DE ARTEAGA,URBANA,COLONIA,PROGRESO NORTE,100,AVENIDA,CESAREO RUIZ REYES,NULO,105,NULO,0,NULO,TEODORO OLIVARES,FRANCISCO SERNA DE LARA NORTE,RITO GUARDADO DIOSDADO,NULO,NULO,0,NULO,NULO,NULO,TABLET,CELULAR,NULO,NULO,NULO,NULO,145,,,Robo a persona,-102.28325267,22.14877114
57003,MARZO,2016-03-14,LUNES,17,50,AGUASCALIENTES,URBANA,CONDOMINIO,MUJERES DIVINAS,600,PROLONGACION,MARGARITA MASA DE JUAREZ,NULO,202,NULO,0,NULO,CARMEN SERDAN,ENRIQUETA GONZALEZ GOYTIA,MARIANO HIDALGO,NULO,NULO,0,NULO,NULO,NULO,NULO,CELULAR,NULO,NULO,NULO,NULO,146,,,Robo a persona,-102.24642040,21.84892921
57341,MARZO,2016-03-15,MARTES,0,48,AGUASCALIENTES,URBANA,FRACCIONAMIENTO,INSURGENTES,1046,CALLE,GENERAL MARTIN ESPINOZA SANCHEZ,NULO,222,A,0,NULO,CONVENCION,ABRAHAM GONZALEZ,CAPITAN GUSTAVO GARMENDIA,NULO,NULO,0,NULO,NULO,NULO,NULO,CELULAR,NULO,NULO,NULO,NULO,147,,,Robo a persona,-102.31304205,21.85162938
57507,MARZO,2016-03-15,MARTES,11,15,AGUASCALIENTES,URBANA,FRACCIONAMIENTO,SAN MARCOS,746,AVENIDA,AGUASCALIENTES,NULO,0,NULO,0,NULO,NAVARRETE,DINAMARCA,MIGUEL ANGEL,NULO,NULO,0,NULO,NULO,NULO,NULO,CELULAR,NULO,NULO,NULO,NULO,148,,,Robo a persona,-102.31844739,21.87737595
59351,MARZO,2016-03-17,JUEVES,21,46,SAN FRANCISCO DE LOS ROMO,URBANA,CONDOMINIO,SENDERO DE LOS QUETZALEZ,355-P,BOULEVARD,VUELO DEL QUETZAL,NULO,100,NULO,0,NULO,VIENTOS DEL SUR,EL ALBA,MANTO DE LOS EMPERADORES,NULO,NULO,0,NULO,NULO,NULO,LAPTOP,NULO,NULO,NULO,NULO,NULO,149,,,Robo a persona,-102.26390654,21.97905051
58519,MARZO,2016-03-18,VIERNES,20,23,AGUASCALIENTES,URBANA,FRACCIONAMIENTO,BONA GENS,527,CALLE,MAYRA,NULO,0,NULO,0,NULO,AURORA,PASEO DE LA CRUZ,ESTRELLA POLAR,NULO,NULO,0,NULO,NULO,NULO,NULO,CELULAR,NULO,NULO,NULO,NULO,150,,,Robo a persona,-102.26650852,21.87505885
60068,MARZO,2016-03-18,VIERNES,19,19,AGUASCALIENTES,URBANA,COLONIA,OJO DE AGUA (II),535,AVENIDA,DE LA CONVENCION DE 1914 SUR,NULO,0,NULO,0,NULO,FERROCARRIL,MARINAO ESCOBEDO,CEDAZO,NULO,NULO,0,NULO,NULO,NULO,NULO,CELULAR,NULO,NULO,NULO,NULO,151,,,Robo a persona,-102.27771612,21.86775078
60644,MARZO,2016-03-19,SABADO,13,46,SAN FRANCISCO DE LOS ROMO,URBANA,COLONIA,CENTRO,21,CALLE,BENITO JUAREZ,NULO,0,NULO,0,NULO,FRANCISCO I. MADERO,INDEPENDENCIA,JOSE MARIA MORELOS Y PAVON,NULO,NULO,0,NULO,NULO,NULO,NULO,CELULAR,NULO,NULO,NULO,NULO,152,,,Robo a persona,-102.27262211,22.07879496
61233,MARZO,2016-03-20,DOMINGO,1,48,AGUASCALIENTES,RURAL,COMUNIDAD,JALTOMATE,20-P,CALLE,16 DE SEPTIEMBRE,NULO,0,NULO,0,NULO,BENITO JUAREZ,JUAN ESCUTIA,20 DE NOVIEMBRE,NULO,NULO,0,NULO,NULO,NULO,NULO,CELULAR,NULO,NULO,NULO,NULO,153,,,Robo a persona,-102.14289326,22.01952563
61257,MARZO,2016-03-20,DOMINGO,2,11,COSIO,RURAL,COMUNIDAD,EL SALERO,167-P,CALLE,ZARAGOZA,NULO,0,NULO,0,NULO,5 DE MAYO,LUIS DONALDO COLOSIO,GUERRERO,NULO,NULO,0,NULO,NULO,NULO,NULO,CELULAR,NULO,NULO,NULO,NULO,154,,,Robo a persona,-102.32435974,22.38757354
61379,MARZO,2016-03-20,DOMINGO,4,44,AGUASCALIENTES,URBANA,FRACCIONAMIENTO,VERSALLES II,1071,CALLE,LICENCIADO JESUS REYES HEROLES,NULO,0,NULO,0,NULO,BELISARIO DOMINGUEZ,GENERAL FRANCISCO CARRERA TORRES,INGENIERO LUIS ORTEGA DOUGLAS,NULO,NULO,0,NULO,BOLSO,NULO,NULO,CELULAR,NULO,NULO,NULO,NULO,155,,,Robo a persona,-102.30758485,21.85793776
61677,MARZO,2016-03-20,DOMINGO,15,2,AGUASCALIENTES,URBANA,FRACCIONAMIENTO,VERSALLES II,1071,PEATONAL,DOROTEO ARANGO,NULO,0,NULO,0,NULO,MARIANO AZUELA,DOROTEO ARANGO,INGENIERO CAMILO ARRIAGA,NULO,NULO,0,NULO,NULO,NULO,NULO,CELULAR,NULO,NULO,NULO,NULO,156,,,Robo a persona,-102.31418595,21.85485072
62647,MARZO,2016-03-20,DOMINGO,20,28,AGUASCALIENTES,URBANA,FRACCIONAMIENTO,GAMEZ,690,AVENIDA,LICENCIADO ADOLFO LOPEZ MATEOS,NULO,0,NULO,0,NULO,HEROE DE NACOZARI NORTE,LANCEROS DE SAN LUIS,5 DE FEBRERO,NULO,NULO,0,NULO,NULO,NULO,NULO,CELULAR,NULO,NULO,NULO,NULO,157,,,Robo a persona,-102.28171044,21.87847292
62487,MARZO,2016-03-21,LUNES,15,44,AGUASCALIENTES,URBANA,SIN ASIGNACION,SIN NOMBRE DE LA COLONIA 3,799,AVENIDA,INDEPENDENCIA,NULO,0,NULO,0,NULO,A ZACATECAS,ZARAGOZA,ADOLFO LOPEZ MATEOS,NULO,NULO,0,NULO,NULO,NULO,NULO,CELULAR,NULO,NULO,NULO,NULO,158,,,Robo a persona,-102.29727760,21.94507211
65820,MARZO,2016-03-26,SABADO,1,28,AGUASCALIENTES,URBANA,FRACCIONAMIENTO,LAS AMERICAS (DELEGACION INSURGENTES),406,CALLE,REPUBLICA DE BRASIL,NULO,0,NULO,0,NULO,CONVENCION DE 1914 SUR,REPUBLICA DE GUATEMALA,REPUBLICA DE CHILE,NULO,NULO,0,NULO,BOLSO,NULO,NULO,NULO,NULO,NULO,NULO,NULO,159,,,Robo a persona,-102.29953823,21.86619722
61942,MARZO,2016-03-20,DOMINGO,21,19,PABELLON DE ARTEAGA,URBANA,COLONIA,PROGRESO NORTE,100,PROLONGACION,GUADALUPE DELGADO LIRA,NULO,205,NULO,0,NULO,PLUTARCO ELIAS CALLES,AQUILES SERDAN,TEADORO OLIVARES,NULO,NULO,0,NULO,NULO,NULO,NULO,NULO,NULO,NULO,BICICLETA,NULO,160,,,Robo a persona,-102.28203337,22.14817030
65745,MARZO,2016-03-26,SABADO,0,0,AGUASCALIENTES,URBANA,FRACCIONAMIENTO,PILAR BLANCO,981,PROLONGACION,PASEO DE LA ASUNCION,NULO,0,NULO,0,NULO,AGUILA,ANDADOR DE LAS GAVIOTAS,CANARIO,NULO,NULO,0,NULO,NULO,NULO,NULO,NULO,NULO,NULO,BICICLETA,NULO,161,,,Robo a persona,-102.30094355,21.84950738
63847,MARZO,2016-03-23,MIERCOLES,15,19,RINCON DE ROMOS,URBANA,SIN TIPO,CENTRO HISTORICO,78,CALLE,LICENCIADO FRANCISCO PRIMO VERDAD,NULO,0,NULO,0,NULO,ALDAMA,PIRACANTO,ABASOLO,NULO,NULO,0,NULO,NULO,NULO,NULO,CELULAR,NULO,NULO,NULO,NULO,162,,,Robo a persona,-102.32414049,22.22886705
68983,MARZO,2016-03-29,MARTES,19,43,AGUASCALIENTES,URBANA,COLONIA,SAN MARCOS (DELEGACION POCITOS),650,AVENIDA,DE LA CONVENCION DE 1914 PONIENTE,NULO,0,NULO,0,NULO,25 DE ABRIL,PROLONGACION AQUILES ELORDUY,26 DE MARZO,NULO,NULO,0,NULO,NULO,CARTERA,NULO,CELULAR,NULO,NULO,NULO,NULO,163,,,Robo a persona,-102.31252791,21.88086506
70516,MARZO,2016-03-31,JUEVES,20,11,AGUASCALIENTES,URBANA,FRACCIONAMIENTO,VILLAS DE LA LOMA,545,CALLE,LOMA DEL PUMA,NULO,0,NULO,0,NULO,LOMA DEL CARDENAL,LOMA DEL JABALI,LOMA DEL VENADO,NULO,NULO,0,NULO,NULO,NULO,NULO,CELULAR,NULO,NULO,NULO,NULO,164,,,Robo a persona,-102.24677417,21.91311052
69405,MARZO,2016-03-30,MIERCOLES,11,34,AGUASCALIENTES,URBANA,FRACCIONAMIENTO,JOSE LOPEZ PORTILLO,955,CALLE,JOSE MARIA GONZALEZ BOCANEGRA,NULO,0,NUL,0,NULO,ARQUITECTO CARLOS CONTRERAS,PROFESOR JOSE RAMIREZ PALOS,RICARDO GARCIA MENDOZA,NULO,DINERO,500,NULO,NULO,NULO,NULO,NULO,NULO,NULO,NULO,NULO,165,,,Robo a persona,-102.32192701,21.85318659
69894,MARZO,2016-03-30,MIERCOLES,22,26,AGUASCALIENTES,URBANA,FRACCIONAMIENTO,HACIENDAS DE AGUASCALIENTES,410,CALLE,HACIENDA DE SAN NICOLAS,NULO,422,A,0,NULO,HACIENDA SAN BLAS,HACIENDA MESILLAS,HACIENDA MEXICO,NULO,NULO,0,NULO,NULO,NULO,NULO,CELULAR,NULO,NULO,NULO,NULO,166,,,Robo a persona,-102.25008390,21.89156402
70174,MARZO,2016-03-31,JUEVES,10,14,AGUASCALIENTES,URBANA,FRACCIONAMIENTO,LOMAS DEL AJEDREZ,1121,AVENIDA,DEL REY,NULO,0,NULO,0,NULO,DEL GAMBITO,DEFENSA SICILIANA,DE LA VICTORIA,NULO,NULO,0,NULO,NULO,NULO,NULO,CELULAR,NULO,NULO,NULO,NULO,167,,,Robo a persona,-102.25407685,21.84199631
70292,MARZO,2016-03-31,JUEVES,14,0,AGUASCALIENTES,URBANA,FRACCIONAMIENTO,EMILIANO ZAPATA,585,CALLE,PROFESOR OTILIO E. MONTAÑO,NULO,0,NULO,0,NULO,SIGLO XXI,MARIANO JIMENEZ,ANTONIO DIAZ SOTO Y GAMA,NULO,NULO,0,NULO,NULO,NULO,NULO,CELULAR,NULO,NULO,NULO,NULO,168,,,Robo a persona,-102.25366009,21.85572377
70312,MARZO,2016-03-31,JUEVES,14,29,AGUASCALIENTES,URBANA,COLONIA,ZONA CENTRO,906,CALLE,VALENTIN GOMEZ FARIAS,NULO,0,NULO,0,NULO,5 DE MAYO,GENERAL GUADALUPE VICTORIA,LARREATEGUI,NULO,NULO,0,NULO,NULO,NULO,NULO,CELULAR,NULO,NULO,NULO,NULO,169,,,Robo a persona,-102.29794576,21.88465264
69446,MARZO,2016-03-30,MIERCOLES,12,36,SAN FRANCISCO DE LOS ROMO,URBANA,FRACCIONAMIENTO,EX-VIÑEDOSGUADALUPE,1,VIÑEDOS MARQUITOS,232,NULO,232,NULO,0,NULO,VIÑEDOS SANTA RITA,FERROCARRIL,VIÑEDOS SAN MARCOS,NULO,NULO,0,NULO,NULO,NULO,NULO,CELULAR,NULO,NULO,NULO,NULO,170,,,Robo a persona,-102.27734790,21.95889629
71010,ABRIL,2016-04-01,VIERNES,13,22,PABELLON DE ARTEAGA,URBANA,FRACCIONAMIENTO,POPULAR,89,CALLE,IGNACIO RAMIREZ,NULO,202,NULO,0,NULO,DECIMA,NOVENA,LAZARO CARDENAS,NULO,NULO,0,NULO,NULO,NULO,NULO,NULO,NULO,NULO,BICICLETA,NULO,171,,,Robo a persona,-102.27572426,22.13719107
71027,ABRIL,2016-04-01,VIERNES,13,54,JESUS MARIA,RURAL,COMUNIDAD,MARAVILLAS,183-P,CALLE,BUGAMBILIAS,NULO,0,NULO,0,NULO,NINGUNO,INEPENDENCIA,VICENT GUERRERO,NULO,NULO,0,NULO,NULO,NULO,NULO,NULO,NULO,NULO,BICICLETA,NULO,172,,,Robo a persona,-102.32513219,21.95181579
71780,ABRIL,2016-04-02,SABADO,9,40,AGUASCALIENTES,URBANA,COLONIA,SAN MARCOS (DELEGACION CENTRO),736,CALLE,GENERAL EMILIANO ZAPATA,NULO,718,NULO,0,NULO,DOCTOR PEDRO DE ALBA,SAN MARCOS,PRIMAVERA,NULO,NULO,0,NULO,NULO,NULO,COMPUTADOR,NULO,NULO,NULO,NULO,NULO,173,,,Robo a persona,-102.30866390,21.88269521
71064,ABRIL,2016-04-01,VIERNES,15,3,AGUASCALIENTES,URBANA,UNIDAD HABITACIONAL,IV CENTENARIO,1065,CALLE,PASEO DE LA CRUZ,NULO,0,NULO,0,NULO,FERROCARRIL,HEROE DE NACOZARI,DE LOS FUNDADORES,NULO,NULO,0,NULO,NULO,NULO,NULO,CELULAR,NULO,NULO,NULO,NULO,174,,,Robo a persona,-102.27840368,21.87332462
71115,ABRIL,2016-04-01,VIERNES,16,8,AGUASCALIENTES,URBANA,FRACCIONAMIENTO,BOULEVARES 1A. SECCION,1047,AVENIDA,AGUASCALIENTES,NULO,0,NULO,0,NULO,LAURO AGUIRRE,FELIPE R. DE CHAVEZ,ENRIQUE B. REBSAMEN,NULO,NULO,0,NULO,NULO,NULO,NULO,CELULAR,NULO,NULO,NULO,NULO,175,,,Robo a persona,-102.30420354,21.85888236
71359,ABRIL,2016-04-01,VIERNES,21,20,AGUASCALIENTES,URBANA,FRACCIONAMIENTO,INSURGENTES,1046,AVENIDA,CONVENCION,NULO,0,NULO,0,NULO,GENERAL MARTIN ESPINOZA,GENERAL FORTUNATO MAYCOTTE,ABRAHAM GONZALEZ,NULO,NULO,0,NULO,NULO,NULO,NULO,CELULAR,NULO,NULO,NULO,NULO,176,,,Robo a persona,-102.31319037,21.85250204
71632,ABRIL,2016-04-02,SABADO,2,36,AGUASCALIENTES,URBANA,FRACCIONAMIENTO,MORELOS,616,CALLE,BONAMAPACK,NULO,0,NULO,0,NULO,CHICHEN ITZA,XEL-HA,CHICHEN ITZA,NULO,NULO,0,NULO,NULO,NULO,NULO,NULO,NULO,NULO,NULO,TALADRO,177,,,Robo a persona,-102.25523886,21.86533427
71873,ABRIL,2016-04-02,SABADO,12,37,JESUS MARIA,RURAL,FRACCIONAMIENTO,AZTECAS,184,SIN DATOS,SIN DATOS,NULO,0,NULO,0,NULO,SIN DATOS,SIN DATOS,SIN DATOS,NULO,NULO,0,NULO,NULO,NULO,TABLET,NULO,NULO,NULO,NULO,NULO,178,,,Robo a persona,-102.36843030,21.96988953
71922,ABRIL,2016-04-02,SABADO,14,0,AGUASCALIENTES,URBANA,FRACCIONAMIENTO,RODOLFO LANDEROS,459,CALLE,PAZ ROMO DE VIVAR,NULO,0,NULO,0,NULO,ESTHELA ALDANA,ROSALBA MALDONADO,RODOLFO LANDEROS,NULO,DINERO,500,NULO,NULO,NULO,NULO,NULO,NULO,NULO,NULO,NULO,179,,,Robo a persona,-102.25313041,21.90352001
72112,ABRIL,2016-04-02,SABADO,18,24,AGUASCALIENTES,URBANA,FRACCIONAMIENTO,VERSALLES II,1071,CALLE,GILBERTO LOPEZ VELARDE,NULO,238,NULO,0,NULO,GENERAL FRANCISCO CARRERA TORRES,GENERAL FORTUNATO MAYCOTE,DODOTEO ARANGO,NULO,DINERO,250,NULO,BOLSO,NULO,NULO,CELULAR,NULO,NULO,NULO,LLAVES,180,,,Robo a persona,-102.31016700,21.85533928
73847,ABRIL,2016-04-04,LUNES,9,26,AGUASCALIENTES,URBANA,FRACCIONAMIENTO,INSURGENTES,1046,AVENIDA,DE LOS MAESTROS,NULO,0,NULO,0,NULO,MARIANO AZUELA,CONVENCION,FRANCISCO GUZMAN,NULO,NULO,0,NULO,NULO,NULO,NULO,CELULAR,NULO,NULO,NULO,NULO,181,,,Robo a persona,-102.31646025,21.85480122
75447,ABRIL,2016-04-04,LUNES,9,26,AGUASCALIENTES,URBANA,FRACCIONAMIENTO,MUNICIPIO LIBRE,768,CALLE,MIGUEL ANGEL BARBERENA VEGA,NULO,1407,NULO,0,NULO,LAS FRAGUAS,PILARES,PROSPERIDAD,NULO,NULO,0,NULO,NULO,NULO,TABLET,CELULAR,NULO,NULO,NULO,NULO,182,,,Robo a persona,-102.25213475,21.89726268
75575,ABRIL,2016-04-07,JUEVES,7,20,AGUASCALIENTES,URBANA,UNIDAD HABITACIONAL,IV CENTENARIO,1065,RETORNO,JESUSALONSO FLORES,NULO,101,E,0,NULO,DE LOS PENSADORES,HOMBRES ILUSTRES,CAYETANO GUERRERO,NULO,DINERO,20,NULO,NULO,NULO,NULO,NULO,NULO,NULO,NULO,NULO,183,,,Robo a persona,-102.27864851,21.87046114
76089,ABRIL,2016-04-07,JUEVES,7,20,AGUASCALIENTES,URBANA,FRACCIONAMIENTO,EJIDO LAS CUMBRES,403,CALLE,SIERRA MADRE DEL SUR,NULO,0,NULO,0,NULO,MARTIRES DEL RIO BLANCO,NILO ARTILLERO,SIERRA DE HUATLA,NULO,NULO,0,NULO,NULO,NULO,NULO,CELULAR,NULO,NULO,NULO,NULO,184,,,Robo a persona,-102.25112253,21.90910457
77067,ABRIL,2016-04-08,VIERNES,10,44,AGUASCALIENTES,URBANA,FRACCIONAMIENTO,RODOLFO LANDEROS GALLEGOS,459,AVENIDA,RODOLFO LANDEROS GALLEGOS,NULO,0,NULO,0,NULO,ELVIA ALICIA MEDRANO,SIGLO XXI,ELENA CUELLAR A.,NULO,NULO,0,NULO,NULO,NULO,NULO,CELULAR,NULO,NULO,NULO,NULO,185,,,Robo a persona,-102.25415223,21.90167515
78040,ABRIL,2016-04-09,SABADO,12,50,AGUASCALIENTES,URBANA,SIN ASIGNACION,SIN NOMBRE DE COLONIA 3 (TROJES DE ALONSO),799,BOULEVARD,A ZACATECAS,NULO,0,NULO,0,NULO,NIÑOS HEROES,SIGLO XXI,INDEPENDENCIA,NULO,DINERO,400,NULO,NULO,NULO,NULO,NULO,NULO,NULO,NULO,NULO,186,,,Robo a persona,-102.29096728,21.94365342
79055,ABRIL,2016-04-10,DOMINGO,5,11,AGUASCALIENTES,URBANA,FRACCIONAMIENTO,LOS PERICOS,770,CALLE,SAN PABLO,NULO,107,NULO,2,NULO,CULTURA OTOMI,POLIDUCTO,SAN BERNABE,NULO,NULO,500,NULO,NULO,CARTERA,NULO,NULO,NULO,NULO,NULO,NULO,187,,,Robo a persona,-102.24662797,21.89990691
80206,ABRIL,2016-04-11,LUNES,14,53,AGUASCALIENTES,URBANA,FRACCIONAMIENTO,JOSE LOPEZ PORTILLO,955,CALLE,CASIMIRA ARTEAGA,NULO,0,NULO,0,NULO,RICARDO GARCIA MENDOZA,JOSE MARIA GONZALEZ BOCANEGRA,ROSALIA MONROY,NULO,NULO,0,NULO,NULO,NULO,NULO,CELULAR,NULO,NULO,NULO,NULO,188,,,Robo a persona,-102.31910196,21.85395578
80895,ABRIL,2016-04-12,MARTES,11,56,AGUASCALIENTES,URBANA,FRACCIONAMIENTO,JARDINES DE LA CRUZ (DELEGACION CENTRO),610,CALLE,PASEO DE LA CRUZ,NULO,0,NULO,0,NULO,DE LAS PALMAS,EUCALIPTO,GENERAL RODOLFO SANCHEZ TOABOADA,NULO,NULO,0,NULO,NULO,NULO,NULO,CELULAR,NULO,NULO,NULO,NULO,189,,,Robo a persona,-102.27240077,21.87348541
81650,ABRIL,2016-04-13,MIERCOLES,12,42,AGUASCALIENTES,URBANA,FRACCIONAMIENTO,NAZARIO ORTIZ GARZA,452,CALLE,PROFESOR GENARO BARBOSA,NULO,205,NULO,0,NULO,GUADALUPANO,MANUEL GARCIA MARTINEZ,BLAS E. ROMO,NULO,NULO,0,NULO,NULO,NULO,NULO,CELULAR,NULO,NULO,NULO,NULO,190,,,Robo a persona,-102.26077199,21.90555041
76433,ABRIL,2016-04-07,JUEVES,16,54,AGUASCALIENTES,URBANA,FRACCIONAMIENTO,MORELOS II,622,CALLE,HERMANOS GALEANA,NULO,0,NULO,0,NULO,SIGLO XXI,CORREGIDORA,SIXTO VERDUZCO,NULO,NULO,0,NULO,NULO,CARTERA,NULO,NULO,NULO,NULO,NULO,NULO,191,,,Robo a persona,-102.26339424,21.85328833
81160,ABRIL,2016-04-12,MARTES,20,12,AGUASCALIENTES,URBANA,FRACCIONAMIENTO,JESUS GOMEZ PORTUGAL,528,AVENIDA,CONVENCION DE 1914,NULO,0,NULO,0,NULO,PASEO DE LA CRUZ,HALEY,VIA LACTEA,NULO,NULO,0,NULO,NULO,NULO,NULO,NULO,NULO,NULO,BICICLETA,NULO,192,,,Robo a persona,-102.27053087,21.87356645
82010,ABRIL,2016-04-13,MIERCOLES,21,4,AGUASCALIENTES,URBANA,FRACCIONAMIENTO,J. GUADALUPE PERALTA GAMEZ,411,AVENIDA,SALUD,NULO,0,NULO,0,NULO,LUIS NAVARRO SOTOMAYOR,CATEDRATICOS,JOSE MARIA MACIAS ELIAS,NULO,NULO,0,NULO,NULO,NULO,NULO,CELULAR,NULO,NULO,NULO,NULO,193,,,Robo a persona,-102.23864529,21.86808493
81760,ABRIL,2016-04-13,MIERCOLES,15,49,TEPEZALA,RURAL,COMUNIDAD,CARBONERAS,262-P,CALLE,FRANCISCO I. MADERO,NULO,0,NULO,0,NULO,FRANCISCO I. MADERO,BENITO JUAREZ,EMILIANO ZAPATA,NULO,NULO,0,NULO,NULO,NULO,NULO,NULO,NULO,NULO,BICICLETA,NULO,194,,,Robo a persona,-102.24552767,22.18497757
82482,ABRIL,2016-04-14,JUEVES,13,15,AGUASCALIENTES,URBANA,FRACCIONAMIENTO,LOMAS DE SANTA ANITA,478,AVENIDA,CONVENCIO DE 1914 SUR,NULO,0,NULO,0,NULO,JOSE H. ESCOBEDO,SIGLO XIX,CANALA INTERCEPTOR,PACAZO,DINERO,14500,BANAMEX,NULO,NULO,NULO,NULO,NULO,NULO,NULO,NULO,195,,,Robo a persona,-102.27444735,21.89190910
83207,ABRIL,2016-04-15,VIERNES,1,37,AGUASCALIENTES,URBANA,FRACCIONAMIENTO,JARDINES DE LA CRUZ (DELEGACION MORELOS),716,AVENIDA,DE LA CONVENCION DE 1914 SUR,NULO,0,NULO,0,NULO,QUINTA AVENIDA CONVENCION,PRIVADA PASEO DE LA CRUZ,POPOCATEPETL,NULO,NULO,0,NULO,NULO,NULO,COMPUTADOR,NULO,NULO,NULO,NULO,NULO,196,FERIA,,Robo a persona,-102.27077250,21.87468252
83383,ABRIL,2016-04-15,VIERNES,15,37,AGUASCALIENTES,URBANA,FRACCIONAMIENTO,LOMAS DEL AJEDREZ,1121,CALLE,DEL ENROQUE,NULO,233,NULO,0,NULO,DE LA DAMA,DEL REY,DEL GAMBITO,NULO,NULO,0,NULO,NULO,NULO,NULO,CELULAR,NULO,NULO,NULO,NULO,197,FERIA,,Robo a persona,-102.25272757,21.84162665
83394,ABRIL,2016-04-15,VIERNES,15,37,AGUASCALIENTES,URBANA,COLONIA,ZONA CENTRO,906,CALLE,RIVERO Y GITIERREZ,NULO,0,NULO,0,NULO,ALLENDE ORIENTE,UNION,JOSE MARIA MORELOS Y PAVON,NULO,DINERO,200,NULO,NULO,CARTERA,NULO,NULO,NULO,NULO,NULO,TARJETAS,198,FERIA,,Robo a persona,-102.29613592,21.88320484
83407,ABRIL,2016-04-15,VIERNES,15,54,SAN FRANCISCO DE LOS ROMO,URBANA,FRACCIONAMIENTO,LA RIBERA,350-P,CALLE,SAN JUAN COSALA,NULO,0,NULO,0,NULO,RIVERA DE CHAPALA,COYOACAN,NAPIZARO,NULO,NULO,0,NULO,NULO,NULO,NULO,CELULAR,NULO,NULO,NULO,NULO,199,FERIA,,Robo a persona,-102.25135109,21.95340659
83425,ABRIL,2016-04-15,VIERNES,16,13,AGUASCALIENTES,URBANA,FRACCIONAMIENTO,OJOCALIENTE III,525,AVENIDA,SAN GABRIEL,NULO,0,NULO,0,NULO,COECILLO,SIGLO XXI,EL SALITRE,NULO,NULO,0,NULO,NULO,NULO,NULO,CELULAR,NULO,NULO,NULO,NULO,200,FERIA,,Robo a persona,-102.24636246,21.87330958
82650,ABRIL,2016-04-14,JUEVES,17,55,AGUASCALIENTES,URBANA,COLONIA,SAN JOSE DEL ARENAL,818,CALLE,RINCON DE ROMOS,NULO,0,NULO,0,NULO,ASIENTOS,TEPEZALA,JESUS MARIA,NULO,NULO,0,NULO,NULO,NULO,NULO,NULO,NULO,NULO,BICICLETA,NULO,201,,,Robo a persona,-102.30413135,21.90593106
83807,ABRIL,2016-04-15,VIERNES,23,50,AGUASCALIENTES,URBANA,FRACCIONAMIENTO,BENITO PALOMINO DENA,499,CALLE,FRANCISCO M. REVILLA,NULO,0,NULO,0,NULO,DOCTOR ENRIQUE OZORIO,TENIENTE CORONEL ROBERTO JEFKINS RANGEL,JAIME AIZPURU JAIME,NULO,NULO,0,NULO,NULO,NULO,NULO,NULO,NULO,NULO,BICICLETA,NULO,202,FERIA,,Robo a persona,-102.25245834,21.91342287
85151,ABRIL,2016-04-17,DOMINGO,11,10,AGUASCALIENTES,URBANA,FRACCIONAMIENTO,OJOCALIENTE I,741,CALLE,SAN GERONIMO,NULO,320,NULO,0,NULO,SALTO DE LOS SALADOS,EL COLORADO,JESUS TERAN,NULO,DINERO,10,NULO,NULO,NULO,NULO,NULO,NULO,NULO,NULO,NULO,203,FERIA,,Robo a persona,-102.25227967,21.88468574
71498,ABRIL,2016-04-01,VIERNES,23,41,JESUS MARIA,URBANA,FRACCIONAMIENTO,LA CAÑADA,229,CALLE,JOSE DE LA CRUZ ARENAS,NULO,100,NULO,0,NULO,PIRULES,INEGI,JOSE ROSAS FLORES RAMOS,NULO,NULO,0,NULO,NULO,NULO,NULO,CELULAR,NULO,NULO,NULO,NULO,204,,,Robo a persona,-102.35245689,21.95433449
86260,ABRIL,2016-04-18,LUNES,15,15,AGUASCALIENTES,URBANA,FRACCIONAMIENTO,JARDINES DE SANTA ELENA,1106,CALLE,REPUBLICA DE PERU,NULO,0,NULO,0,NULO,AMERICAS,REPUBLICA DE NICARAGUA,MONTEVIDEO,NULO,DINERO,200,NULO,NULO,CARTERA,NULO,NULO,NULO,NULO,NULO,NULO,205,FERIA,,Robo a persona,-102.30355519,21.86495127
86551,ABRIL,2016-04-18,LUNES,21,17,AGUASCALIENTES,URBANA,COLONIA,HEROES (DELEGACION CENTRO),522,AVENIDA,LICENCIADO ADOLFO LOPEZ MATEOS ORIENTE,NULO,0,NULO,0,NULO,CONVENCION DE 1914 ORIENTE,JAIME NUNO,TENIENTE JUAN DE LA BARRERA,NULO,NULO,0,NULO,NULO,NULO,NULO,CELULAR,NULO,NULO,NULO,NULO,206,FERIA,,Robo a persona,-102.27206888,21.87836629
86573,ABRIL,2016-04-18,LUNES,21,39,AGUASCALIENTES,URBANA,FRACCIONAMIENTO,HACIENDAS DE AGUASCALIENTES,410,AVENIDA,HACIENDA OJOCALIENTE,NULO,0,NULO,0,NULO,HACIENDA GRACIAS A DIOS,HACIENDA AGOSTADERITO,HACIENDA COTORINA,NULO,NULO,0,NULO,NULO,NULO,NULO,CELULAR,NULO,NULO,NULO,NULO,207,FERIA,,Robo a persona,-102.25014478,21.88743834
87031,ABRIL,2016-04-19,MARTES,14,44,AGUASCALIENTES,URBANA,FRACCIONAMIENTO,CIRCUNVALACION NORTE (DELEGACION POCITOS),808,AVENIDA,CONVENCION DE 1914 NORTE,NULO,0,NULO,0,NULO,GENERAL IGNACIO ZARAGOZA,LIBERTAD,ALFREDO LEWIS,NULO,DINERO,50000,NULO,BOLSO,NULO,NULO,NULO,NULO,NULO,NULO,NULO,208,FERIA,,Robo a persona,-102.29862240,21.89885330
86123,ABRIL,2016-04-18,LUNES,11,48,AGUASCALIENTES,URBANA,COLONIA,SAN MARCOS (DELEGACION POCITOS),650,CALLE,CAMPECHE,NULO,502,NULO,0,NULO,NAVARRETE,PUEBLITO,FATIMA,NULO,DINERO,1000,NULO,BOLSO,NULO,NULO,NULO,NULO,NULO,NULO,NULO,209,FERIA,,Robo a persona,-102.31562296,21.87761759
86279,ABRIL,2016-04-18,LUNES,15,39,AGUASCALIENTES,URBANA,FRACCIONAMIENTO,LAS AMERICAS (DELEGACION INSURGENTES),406,CALLE,REPUBLICA DE URUGUAY,NULO,1201,NULO,0,NULO,REPUBLICA DE GUATEMALA,CONVENCION DE 1914 SUR,LAS AMERICAS,NULO,NULO,0,NULO,NULO,NULO,NULO,CELULAR,NULO,NULO,NULO,NULO,210,FERIA,,Robo a persona,-102.30196144,21.86624543
88478,ABRIL,2016-04-21,JUEVES,14,19,AGUASCALIENTES,URBANA,COLONIA,ZONA CENTRO,906,CALLE,FRANCISCO I. MADERO,NULO,323,NULO,0,NULO,GENERAL IGNACIO ZARAGOZA,MIGUEL HIDALGO Y COSTILLA,JUAN DE MONTORO,NULO,DINERO,1000,NULO,NULO,NULO,NULO,NULO,NULO,NULO,NULO,NULO,211,FERIA,,Robo a persona,-102.29191149,21.88211489
87799,ABRIL,2016-04-20,MIERCOLES,16,2,AGUASCALIENTES,URBANA,FRACCIONAMIENTO,MEXICO,1081,CALLE,TABASCO,NULO,0,NULO,0,NULO,TABASCO,SONORA,SINALOA,NULO,DINERO,2000,NULO,BOLSO,NULO,NULO,CELULAR,NULO,NULO,NULO,NULO,212,FERIA,,Robo a persona,-102.28212465,21.85777939
88481,ABRIL,2016-04-21,JUEVES,14,23,AGUASCALIENTES,URBANA,COLONIA,ZONA CENTRO,906,CALLE,LA UNION,NULO,0,NULO,0,NULO,5 DE MAYO,VICTORIA,RIVERO Y GUTIERREZ,NULO,NULO,0,NULO,NULO,CARTERA,NULO,NULO,NULO,NULO,NULO,NULO,213,FERIA,,Robo a persona,-102.29787585,21.88373480
89168,ABRIL,2016-04-22,VIERNES,10,17,AGUASCALIENTES,URBANA,FRACCIONAMIENTO,BOSQUES DEL PRADO SUR,777,AVENIDA,AGUASCALIENTES NORTE,NULO,0,NULO,0,NULO,VALLE DE GUADALUPE,SAN JULIAN,SIERRA PICACHOS,NULO,NULO,0,NULO,NULO,NULO,NULO,NULO,NULO,NULO,BICICLETA,NULO,214,FERIA,,Robo a persona,-102.30735522,21.91604466
91028,ABRIL,2016-04-24,DOMINGO,9,30,AGUASCALIENTES,URBANA,FRACCIONAMIENTO,MODERNO,664,CALLE,PROLONGACION AQUILES ELORDUY,NULO,0,NULO,0,NULO,VICENTE RIVA PALACIO,AGUASCALIENTES,JUAN DE DIOS PEZA,NULO,DINERO,500,NULO,NULO,CARTERA,NULO,NULO,NULO,NULO,NULO,NULO,215,FERIA,,Robo a persona,-102.31770309,21.88070166
91382,ABRIL,2016-04-24,DOMINGO,18,45,AGUASCALIENTES,URBANA,BARRIO,SAN MARCOS,735,CALLE,MONROY,NULO,0,NULO,0,NULO,MANUEL M. PONCE,JESUS F. CONTRERAS,ARTURO J. PANI,NULO,DINERO,8000,NULO,BOLSO,NULO,NULO,NULO,NULO,NULO,NULO,NULO,216,FERIA,,Robo a persona,-102.30482529,21.87912674
90402,ABRIL,2016-04-24,DOMINGO,19,13,JESUS MARIA,RURAL,COMUNIDAD,MARAVILLAS,183-P,AVENIDA,GUADALUPE,NULO,0,NULO,0,NULO,53,INDEPENDENCIA,BUGAMBILIAS,NULO,NULO,0,NULO,NULO,NULO,NULO,CELULAR,ESCLAVA,NULO,NULO,CADENA,217,FERIA,,Robo a persona,-102.32499417,21.95101422
91834,ABRIL,2016-04-25,LUNES,4,31,AGUASCALIENTES,URBANA,BARRIO,EL ENCINO,1096,CALLE,PIMENTEL,NULO,0,NULO,0,NULO,JARDIN DEL ENCINO,CRISTOBAL COLON,DOCTOR JESUS DIAZ DE LEON,NULO,DINERO,1600,NULO,NULO,CARTERA,NULO,NULO,RELOJ,NULO,NULO,NULO,218,FERIA,,Robo a persona,-102.29367088,21.87499200
92691,ABRIL,2016-04-26,MARTES,12,0,AGUASCALIENTES,URBANA,COLONIA,EL LLANITO,988,AVENIDA,LICENCIADO ADOLFO LOPEZ MATEOS PONIENTE,NULO,0,NULO,0,NULO,PODER LEGISLATIVO,8 DE MAYO,18 DE JULIO,NULO,DINERO,14000,NULO,NULO,NULO,NULO,NULO,NULO,NULO,NULO,CHEQUE,219,FERIA,,Robo a persona,-102.28473004,21.87880819
94537,ABRIL,2016-04-28,JUEVES,22,42,AGUASCALIENTES,URBANA,PARQUE,RODOLFO LANDEROS GALLEGOS,1002,AVENIDA,JOSE MARIA CHAVEZ,NULO,0,NULO,0,NULO,SIGLO XXI,AGUASCALIENTES,DEL PARQUE,NULO,DINERO,50,NULO,BOLSO,NULO,NULO,CELULAR,NULO,NULO,NULO,TARJETAS,220,FERIA,,Robo a persona,-102.29244033,21.85570789
94287,ABRIL,2016-04-28,JUEVES,15,21,JESUS MARIA,RURAL,COMUNIDAD,VALLADOLID,193-P,CALLE,EL SUSPIRO,NULO,30,NULO,0,NULO,VALLADOLID,NINGUNO,CALZADA,NULO,NULO,0,NULO,NULO,NULO,NULO,CELULAR,NULO,NULO,NULO,NULO,221,FERIA,,Robo a persona,-102.31486496,22.02395913
95982,ABRIL,2016-04-30,SABADO,16,4,AGUASCALIENTES,URBANA,COLONIA,ZONA CENTRO,906,PEATONAL,BENITO JUAREZ,NUO,0,NULO,0,NULO,FRANCISCO I. MADERO,ALLENDE,JOSE MARIA CHAVEZ,NULO,NULO,0,NULO,NULO,NULO,NULO,CELULAR,NULO,NULO,NULO,NULO,222,FERIA,,Robo a persona,-102.29585546,21.88202488
91722,ABRIL,2016-04-25,LUNES,1,3,AGUASCALIENTES,URBANA,COLONIA,OJO DE AGUA (II),535,AVENIDA,CONVENCION 1914 SUR,NULO,0,NULO,0,NULO,MARIANO ESCOBEDO,DELICIAS,CEDAZO,NULO,NULO,0,NULO,NULO,NULO,NULO,NULO,NULO,NULO,BICICLETA,NULO,223,FERIA,,Robo a persona,-102.27793242,21.86794032
92853,ABRIL,2016-04-26,MARTES,17,3,AGUASCALIENTES,URBANA,FRACCIONAMIENTO,RODOLFO LANDEROS GALLEGOS,459,CALLE,CECILIA LEAL ARREGUI,NULO,0,NULO,0,NULO,CECILIA LEAL ARREGUI,MARIA DEL CARMEN HERRERA R.,FERIAL,NULO,NULO,0,NULO,NULO,NULO,NULO,CELULAR,NULO,NULO,NULO,NULO,224,FERIA,,Robo a persona,-102.24846875,21.89988281
93444,ABRIL,2016-04-27,MIERCOLES,12,53,AGUASCALIENTES,URBANA,FRACCIONAMIENTO,VISTAS DE ORIENTE,489,CALLE,GRAN CAÑON 208,NULO,0,NULO,0,NULO,GRAN CAÑON 206,GRAN CAÑON 210,PROCERES DE LA ENSEÑANZA,NULO,NULO,0,NULO,NULO,NULO,NULO,CELULAR,NULO,NULO,NULO,NULO,225,FERIA,,Robo a persona,-102.23775600,21.88099479
93332,ABRIL,2016-04-27,MIERCOLES,8,38,AGUASCALIENTES,URBANA,FRACCIONAMIENTO,VILLAS DE SANTA ROSA,1091,PROLONGACION,PASEO DE LA ASUNCION,NULO,2001,NULO,0,NULO,ARNULFO VALDEZ,MAYOR PABLO GARCIA,SANTA ROSA,NULO,NULO,0,NULO,NULO,NULO,NULO,CELULAR,NULO,NULO,NULO,NULO,226,FERIA,,Robo a persona,-102.30150433,21.84180069
93735,ABRIL,2016-04-27,MIERCOLES,21,9,PABELLON DE ARTEAGA,URBANA,FRACCIONAMIENTO,PLUTARCO ELIAS CALLES,95,CALLE,ALFONSO BERNAL SAHAGUN,NULO,0,NULO,0,NULO,ISIDRO CALERA,ESTEBAN AVILA,NARCISO PERALES AVILA MINA,NULO,NULO,0,NULO,NULO,NULO,NULO,NULO,NULO,NULO,BICICLETA,NULO,227,FERIA,,Robo a persona,-102.28596330,22.14384065
90918,ABRIL,2016-04-24,DOMINGO,5,7,AGUASCALIENTES,URBANA,FRACCIONAMIENTO,INSURGENTES,1046,CALLE,ABRAHAM GONZALEZ,NULO,0,NULO,0,NULO,DOCTOR FRANCISCO VAZQUEZ GOMEZ,GENERAL CESAREO CASTRO,CONVENCION,NULO,NULO,0,NULO,NULO,NULO,NULO,CELULAR,NULO,NULO,NULO,NULO,228,FERIA,,Robo a persona,-102.31490386,21.85152339
97675,MAYO,2016-05-02,LUNES,2,25,AGUASCALIENTES,URBANA,COLONIA,ZONA CENTRO,906,CALLE,FRANCISCO I. MADERO,NULO,0,NULO,0,NULO,MIGUEL HIDALGO Y COSTILLA,JOSE MARIA MORELOS Y PAVON,HOSPITALIDAD,NULO,NULO,0,NULO,BOLSO,NULO,NULO,NULO,NULO,NULO,NULO,NULO,229,FERIA,,Robo a persona,-102.29285856,21.88201529
96571,MAYO,2016-05-01,DOMINGO,2,3,AGUASCALIENTES,URBANA,FRACCIONAMIENTO,EL DORADO 1A SECCION,1048,AVENIDA,5A AVENIDA,NULO,0,NULO,0,NULO,AGUASCALIENTES,DOCTOR E. GONZALEZ MEDINA,REPUBLICA DEL SALVADOR,NULO,DINERO,1200,NULO,BOLSO,CARTERA,NULO,CELULAR,NULO,NULO,NULO,NULO,230,FERIA,,Robo a persona,-102.30112553,21.86081380
97440,MAYO,2016-05-01,DOMINGO,22,39,AGUASCALIENTES,URBANA,FRACCIONAMIENTO,SOLIDARIDAD II,579,CALLE,HUACHICHIL,NULO,101,NULO,0,NULO,ATOTONITLAN,SIGLO XXI,CERRO DEL MIXTON,NULO,NULO,0,NULO,NULO,NULO,NULO,CELULAR,NULO,NULO,NULO,NULO,231,FERIA,,Robo a persona,-102.24536482,21.86364592
96714,MAYO,2016-05-01,DOMINGO,4,46,AGUASCALIENTES,URBANA,COLONIA,DEL TRABAJO (DELEGACION JESUS TERAN),477,AVENIDA,SIGLO XIX,NULO,519,NULO,0,NULO,RENE DESCARTES,CALDEREROS,1810,NULO,NULO,0,NULO,NULO,NULO,NULO,NULO,NULO,NULO,NULO,NULO,232,FERIA,,Robo a persona,-102.27328679,21.88961929
98023,MAYO,2016-05-02,LUNES,15,5,AGUASCALIENTES,URBANA,EJIDO,SALTO DE OJOCALIENTE,280,CALLE,JOSEFA ORTIZ DE DOMINGUEZ,NULO,0,NULO,0,NULO,GUADALUPE VICTORIA,CASCAN,BENITO JUAREZ,NULO,NULO,0,NULO,NULO,NULO,NULO,CELULAR,NULO,NULO,NULO,NULO,233,FERIA,,Robo a persona,-102.25060609,21.86699341
98715,MAYO,2016-05-03,MARTES,12,16,AGUASCALIENTES,URBANA,FRACCIONAMIENTO,JARDINES DE LA ASUNCION,991,AVENIDA,AGUASCALIENTES,NULO,0,NULO,0,NULO,CRISTOBAL COLON,JUAN B. OROZCO,FRAY JUNIPERO SERRA,PACAZO,DINERO,10000,PACAZO,NULO,NULO,NULO,NULO,NULO,NULO,NULO,NULO,234,FERIA,,Robo a persona,-102.29133561,21.85845816
99413,MAYO,2016-05-04,MIERCOLES,4,19,AGUASCALIENTES,URBANA,FRACCIONAMIENTO,BOULEVARES 1A. SECCION,1047,PROLONGACION,PASEO DE LA ASUNCION,NULO,0,NULO,0,NULO,LAURO AGUIRRE,DIEGO FERNANDEZ VILLA,EUGENIO ALCALA,NULO,NULO,0,NULO,NULO,NULO,NULO,NULO,NULO,NULO,NULO,MOCHILA,235,FERIA,,Robo a persona,-102.30122157,21.85395087
99460,MAYO,2016-05-04,MIERCOLES,7,13,AGUASCALIENTES,URBANA,FRACCIONAMIENTO,LOS PERICOS,770,CALLE,SANTA CECILIA,NULO,0,NULO,0,NULO,SAN FEDERICO,POLIDUCTO,SANTA EDUVIGES,NULO,NULO,0,NULO,NULO,NULO,NULO,CELULAR,NULO,NULO,NULO,NULO,236,FERIA,,Robo a persona,-102.24849600,21.90734647
98578,MAYO,2016-05-03,MARTES,4,53,AGUASCALIENTES,URBANA,DESARROLLO ESPECIAL,ZONA FERIAL,1063,AVENIDA,LICENCIADO ADOLFO LOPEZ MATEOS,NULO,0,NULO,0,NULO,JOSE F. ELIZONDO,JAZMINES,ARTURO J. PANI,NULO,DINERO,200,NULO,NULO,NULO,NULO,NULO,NULO,NULO,NULO,NULO,237,FERIA,,Robo a persona,-102.30153879,21.87667644
99456,MAYO,2016-05-04,MIERCOLES,6,44,AGUASCALIENTES,URBANA,FRACCIONAMIENTO,INSURGENTES,1046,CALLE,CAPITAN GUSTAVO CARMENDIA,NULO,132,NULO,0,NULO,MARIANO AZI¿UELA,CONVENCION,GENERAL FEDERICO MONTES,NULO,NULO,0,NULO,NULO,NULO,NULO,NULO,NULO,NULO,BICICLETA,NULO,238,FERIA,,Robo a persona,-102.31209279,21.85264267
99441,MAYO,2016-05-04,MIERCOLES,6,33,AGUASCALIENTES,URBANA,UNIDAD HABITACIONAL,LOS VOLCANES,592,AVENIDA,PASEO DE LA CRUZ,NULO,0,NULO,0,NULO,IZTACCIHUATL,POPOCATEPETL,CITLALTEPEC,NULO,NULO,0,NULO,NULO,NULO,NULO,CELULAR,NULO,NULO,NULO,NULO,239,FERIA,,Robo a persona,-102.26828857,21.87390651
100018,MAYO,2016-05-04,MIERCOLES,23,12,AGUASCALIENTES,URBANA,FRACCIONAMIENTO,EJIDO LAS CUMBRES,403,CALLE,SIERRA DE APATZINGAN,NULO,106,NULO,0,NULO,CUMBRES TE TENANGO,CUMBRE DE JUQUILA,SIERRA ALTEÑA,NULO,NULO,0,NULO,NULO,NULO,NULO,NULO,NULO,CACHUCHA,NULO,NULO,240,FERIA,,Robo a persona,-102.25195089,21.90719892
400493,MAYO,2016-05-05,JUEVES,15,57,AGUASCALIENTES,URBANA,FRACCIONAMIENTO,MORELOS I,1120,CALLE,PEDRO ASCENCIO,NULO,328,NULO,0,NULO,MEXICO LIBRE,30 DE JULIO,CONGRESO DE CHILPANCINGO,NULO,NULO,0,NULO,NULO,NULO,NULO,CELULAR,NULO,NULO,NULO,NULO,241,FERIA,,Robo a persona,-102.26607841,21.85405800
100147,MAYO,2016-05-05,JUEVES,1,18,AGUASCALIENTES,URBANA,FRACCIONAMIENTO,SANTA ELENA,1105,AVENIDA,IGNACIO T. CHAVEZ,NULO,0,NULO,0,NULO,MEDELLIN,CONVENCION DE 1914 SUR,REPUBLICA DE BELICE,NULO,NULO,0,NULO,NULO,NULO,NULO,CELULAR,NULO,NULO,NULO,NULO,242,FERIA,,Robo a persona,-102.30799322,21.86912516
100196,MAYO,2016-05-05,JUEVES,2,28,AGUASCALIENTES,URBANA,COLONIA,OJO DE AGUA,986,AVENIDA,DE LA CONVENCION DE 1914 SUR,NULO,0,NULO,0,NULO,CRUCITAS,HEROE DE NACOZARI,LOS DIAZ,NULO,NULO,0,NULO,NULO,NULO,NULO,CELULAR,NULO,NULO,NULO,NULO,243,FERIA,,Robo a persona,-102.28150667,21.86663970
100405,MAYO,2016-05-05,JUEVES,13,26,AGUASCALIENTES,URBANA,FRACCIONAMIENTO,BENITO PALOMINO DENA,499,CALLE,ANTONIO MEDINA ROMO,NULO,0,NULO,0,NULO,TENIENTE CORONEL ROBERTO JEFKINS RANGEL,MARIA DEL CARMEN MARTIN DEL CAMPO,GUADALUPANO,NULO,NULO,0,NULO,NULO,NULO,NULO,CELULAR,NULO,NULO,NULO,NULO,244,FERIA,,Robo a persona,-102.25167336,21.91407954
100412,MAYO,2016-05-05,JUEVES,13,39,AGUASCALIENTES,URBANA,FRACCIONAMIENTO,EJIDO LAS CUMBRES,403,CALLE,SIERRA IXTLAN,NULO,0,NULO,0,NULO,SIERRA DE LAS GARZAS,CUMBRE DE JUQUILA,SIERRA ALTEÑA,NULO,NULO,0,NULO,NULO,NULO,NULO,CELULAR,NULO,NULO,NULO,NULO,245,FERIA,,Robo a persona,-102.25277172,21.90667293
100753,MAYO,2016-05-05,JUEVES,21,21,AGUASCALIENTES,URBANA,FRACCIONAMIENTO,LAS AMERICAS (DELEGACION INSURGENTES),406,AVENIDA,CONVENCION DE 1914 SUR,NULO,0,NULO,0,NULO,REPUBLICA DE BRASIL,REPUBLICA DE CHILE,REPUBLICA DE GUATEMALA,NULO,DINERO,700,NULO,NULO,CARTERA,NULO,NULO,NULO,NULO,NULO,NULO,246,FERIA,,Robo a persona,-102.30057796,21.86637281
100950,MAYO,2016-05-06,VIERNES,1,13,JESUS MARIA,URBANA,COLONIA,EJIDAL,196,AVENIDA,CONSTITUCION,NULO,0,NULO,0,NULO,FELIPE ANGELES,BENITO JUAREZ,TIERRA Y LIBERTAD,NULO,DINERO,80,NULO,BOLSO,CARTERA,NULO,CELULAR,NULO,NULO,NULO,NULO,247,FERIA,,Robo a persona,-102.35131613,21.96394241
102946,MAYO,2016-05-08,DOMINGO,4,30,AGUASCALIENTES,URBANA,FRACCIONAMIENTO,EL DORADO 1A SECCION,1048,CALLE,SANTANDER,NULO,1003,NULO,0,NULO,CORDOBA,MADRID,DE LOS MAESTROS,NULO,NULO,0,NULO,NULO,NULO,NULO,NULO,NULO,CACHUCHA,NULO,NULO,248,FERIA,,Robo a persona,-102.30912597,21.86297379
104845,MAYO,2016-05-10,MARTES,6,29,AGUASCALIENTES,URBANA,FRACCIONAMIENTO,CONSTITUCION,794,AVENIDA,AGUASCALIENTES,NULO,0,NULO,0,NULO,CONSTITUCION,45,ARTICULO SEGUNDO,NULO,NULO,0,NULO,NULO,NULO,NULO,CELULAR,NULO,NULO,NULO,NULO,249,FERIA,,Robo a persona,-102.28658983,21.91535541
101191,MAYO,2016-05-06,VIERNES,10,47,AGUASCALIENTES,URBANA,FRACCIONAMIENTO,OJOCALIENTE I,741,AVENIDA,AGUASCALIENTES ORIENTE,NULO,0,NULO,0,NULO,COTORINAS,CONOS,SALTO DE LOS SALADOS,NULO,NULO,0,NULO,NULO,NULO,NULO,CELULAR,NULO,NULO,NULO,NULO,250,FERIA,,Robo a persona,-102.25853253,21.88258789
101619,MAYO,2016-05-06,VIERNES,22,37,AGUASCALIENTES,URBANA,FRACCIONAMIENTO,MEXICO,1081,CALLE,MICHOACAN,NULO,116,NULO,0,NULO,CASA BLANCA,AGUASCALIENTES,NAYARIT,NULO,DINERO,50,NULO,NULO,CARTERA,NULO,NULO,NULO,NULO,NULO,NULO,251,FERIA,,Robo a persona,-102.28056224,21.86145609
101774,MAYO,2016-05-07,SABADO,0,57,JESUS MARIA,URBANA,COLONIA,EL LLANO,118,AVENIDA,PASEO DE LAS MARAVILLAS,NULO,0,NULO,0,NULO,GUADALUPE,JOSE LOPEZ PORTILLO,INDEPENDENCIA,NULO,NULO,0,NULO,NULO,CARTERA,NULO,NULO,NULO,NULO,NULO,NULO,252,FERIA,,Robo a persona,-102.32389418,21.95038832
102011,MAYO,2016-05-07,SABADO,6,5,AGUASCALIENTES,URBANA,COLONIA,HEROES (DELEGACION MORELOS),717,AVENIDA,CONVVENCION DE 1914 ORIENTE,NULO,0,NULO,0,NULO,JAIME NUNO,LICENCIADO ADOLFO LOPEZ MATEOS ORIENTE,JAIME NUNO,NULO,NULO,0,NULO,NULO,NULO,NULO,CELULAR,NULO,NULO,NULO,NULO,253,FERIA,,Robo a persona,-102.27170811,21.87830341
102028,MAYO,2016-05-07,SABADO,6,5,AGUASCALIENTES,URBANA,COLONIA,OJO DE AGUA,986,AVENIDA,HEROE DE NACOZARI SUR,NULO,0,NULO,0,NULO,AYUNTAMIENTO,JESUS YUREM,PLAZA CTM,NULO,DINERO,80,NULO,NULO,CARTERA,NULO,CELULAR,NULO,NULO,NULO,NULO,254,FERIA,,Robo a persona,-102.28232092,21.86521082
102937,MAYO,2016-05-08,DOMINGO,4,23,AGUASCALIENTES,URBANA,FRACCIONAMIENTO,JESUS GOMEZ PORTUGAL,528,CALLE,ORION,NULO,306,NULO,0,NULO,LIBRA,ESTRELLA POLAR,CISNE,NULO,NULO,0,NULO,NULO,NULO,NULO,CELULAR,NULO,NULO,NULO,TENIS,255,FERIA,,Robo a persona,-102.26472479,21.87231760
102938,MAYO,2016-05-08,DOMINGO,4,23,AGUASCALIENTES,URBANA,FRACCIONAMIENTO,DEL VALLE 1A SECCION,734,CALLE,AGUASCALIENTES PONIENTE,NULO,0,NULO,0,NULO,LONDRES,AGUASCALIENTES PONIENTE,FLORENCIA,NULO,DINERO,1700,NULO,NULO,NULO,NULO,NULO,NULO,NULO,NULO,NULO,256,FERIA,,Robo a persona,-102.31815178,21.87627472
103038,MAYO,2016-05-08,DOMINGO,6,22,AGUASCALIENTES,URBANA,FRACCIONAMIENTO,PILAR BLANCO,981,BOULEVARD,AGUILA,NULO,0,NULO,0,NULO,CANARIO,PASEO DE LA ASUNCION,ANDADOR DE LAS GAVIOTAS,NULO,NULO,0,NULO,NULO,NULO,NULO,NULO,NULO,NULO,NULO,TENIS,257,FERIA,,Robo a persona,-102.29970408,21.84964078
103051,MAYO,2016-05-08,DOMINGO,6,45,AGUASCALIENTES,URBANA,FRACCIONAMIENTO,VILLAS DEL OESTE,1011,CALLE,JORGE NEGRETE,NULO,0,NULO,0,NULO,PASEO DE LA ASUNCION,CARLOS LOPEZ MOCTEZUMA,PEDRO INFANTE,NULO,DINERO,300,NULO,NULO,CARTERA,NULO,NULO,NULO,NULO,NULO,NULO,258,FERIA,,Robo a persona,-102.30164396,21.84447970
103147,MAYO,2016-05-08,DOMINGO,10,27,AGUASCALIENTES,URBANA,FRACCIONAMIENTO,EJIDO LAS CUMBRES,403,AVENIDA,SIGLO XXI,NULO,0,NULO,0,NULO,MANUEL GARCIA MARTINEZ,GUADALUPANO,CUMBRES,NULO,DINERO,800,NULO,BOLSO,NULO,NULO,NULO,NULO,NULO,NULO,NULO,259,FERIA,,Robo a persona,-102.25684374,21.90719920
104246,MAYO,2016-05-09,LUNES,14,1,JESUS MARIA,URBANA,COLONIA,EJIDAL,196,CALLE,15 DE SEPTIEMBRE,NULO,0,NULO,0,NULO,16 DE SEPTIEMBRE,VICENTE GUERRERO,CRISTOBAL COLON,NULO,NULO,0,NULO,NULO,NULO,NULO,NULO,NULO,NULO,NULO,CASCO,260,FERIA,,Robo a persona,-102.35335819,21.96976990
104711,MAYO,2016-05-10,MARTES,0,55,AGUASCALIENTES,URBANA,FRACCIONAMIENTO,LOMAS DEL CHAPULIN,594,CALLE,CARTAMO,NULO,0,NULO,0,NULO,ARROYO,AÑIL,SAUCO,NULO,NULO,0,NULO,BOLSO,NULO,NULO,NULO,NULO,NULO,NULO,NULO,261,,,Robo a persona,-102.24505611,21.85852985
105052,MAYO,2016-05-10,MARTES,14,15,AGUASCALIENTES,URBANA,COLONIA,ZONA CENTRO,906,CALLE,FRANCISCO I. MADERO,NULO,0,NULO,0,NULO,BENITO JUAREZ,5 DE MAYO,GENERAL IGNACIO ALLENDE,NULO,DINERO,54000,PACAZO,NULO,NULO,NULO,NULO,NULO,NULO,NULO,NULO,262,,,Robo a persona,-102.29646925,21.88120016
106222,MAYO,2016-05-11,MIERCOLES,21,21,JESUS MARIA,URBANA,COLONIA,EL CALVARIO,220,CALLE,AGUSTIN DE ITURBIDE,NULO,810,NULO,0,NULO,ALEJANDRO DE LA CRUZ,RICARDO FLORES MAGON,BENITO JUAREZ,NULO,NULO,0,NULO,NULO,NULO,NULO,CELULAR,NULO,NULO,NULO,NULO,263,,,Robo a persona,-102.34227135,21.97269569
108197,MAYO,2016-05-14,SABADO,12,32,AGUASCALIENTES,URBANA,COLONIA,ZONA CENTRO,906,CALLE,RAYON,NULO,0,NULO,0,NULO,JOSE MARIA CHAVEZ,GALEANA SUR,NIETO,NULO,NULO,0,NULO,NULO,NULO,NULO,CELULAR,NULO,NULO,NULO,CAMARA,264,,,Robo a persona,-102.29642939,21.87868046
108360,MAYO,2016-05-14,SABADO,17,27,AGUASCALIENTES,URBANA,FRACCIONAMIENTO,JOSE LOPEZ PORTILLO,955,CALLE,DOCTOR JESUS ROMO ARMERIA,NULO,232,NULO,0,NULO,RICARDO GARCIA MENDOZA,JOSE MARIA GONZALEZ BOCANEGRA,ANITA BRENNER,NULO,DINERO,0,NULO,NULO,NULO,NULO,CELULAR,NULO,NULO,NULO,NULO,265,,,Robo a persona,-102.32073442,21.85343831
109434,MAYO,2016-05-15,DOMINGO,3,23,AGUASCALIENTES,URBANA,FRACCIONAMIENTO,OJOCALIENTE III,525,CALLE,SAN FRANCISCO DE LOS VIVEROS,NULO,0,NULO,0,NULO,LAS CUEVAS,CAÑADA GRANDE,BETULIA,NULO,NULO,0,NULO,NULO,CARTERA,NULO,CELULAR,NULO,NULO,NULO,NULO,266,,,Robo a persona,-102.24335296,21.88128059
109057,MAYO,2016-05-15,DOMINGO,3,44,PABELLON DE ARTEAGA,URBANA,COLONIA,FRANCISCO VILLA,108,AVENIDA,INSURGENTES,NULO,8,NULO,0,NULO,ADOLFO LOPEZ MATEOS,CUAUHTEMOC,NIÑOS HEROES NORTE,NULO,DINERO,450,NULO,NULO,NULO,NULO,NULO,NULO,NULO,NULO,NULO,267,,,Robo a persona,-102.27074697,22.15145376
109141,MAYO,2016-05-15,DOMINGO,5,15,AGUASCALIENTES,URBANA,FRACCIONAMIENTO,VILLA DE NUESTRA SEÑORA DE LA ASUNCION SECTOR SAN MARCOS,435,AVENIDA,POLIDUCTO,NULO,0,NULO,0,NULO,GASPAR DE LA FUENTE,,CRISTOBAL DE TORRES,NULO,DINERO,500,NULO,NULO,CARTERA,NULO,NULO,NULO,NULO,NULO,NULO,268,,,Robo a persona,-102.25873695,21.92652344
109513,MAYO,2016-05-15,DOMINGO,17,54,AGUASCALIENTES,URBANA,FRACCIONAMIENTO,VISTAS DEL SOL II,568,CALLE,ECLIPSE,NULO,412,NULO,0,NULO,PUESTA PICACHO,SOL,ESTRELLA,NULO,NULO,0,NULO,NULO,NULO,NULO,CELULAR,NULO,NULO,NULO,NULO,269,,,Robo a persona,-102.27156858,21.86404918
109548,MAYO,2016-05-15,DOMINGO,18,45,AGUASCALIENTES,URBANA,FRACCIONAMIENTO,JESUS GOMEZ PORTUGAL,528,AVENIDA,PASEO DE LA CRUZ,NULO,0,NULO,0,NULO,VIA LACTEA,CONVENCION DE 1914 ORIENTE,HALEY,NULO,NULO,0,NULO,NULO,NULO,NULO,CELULAR,NULO,NULO,NULO,NULO,270,,,Robo a persona,-102.26960077,21.87358559
109260,MAYO,2016-05-15,DOMINGO,10,32,AGUASCALIENTES,URBANA,SIN TIPO,VILLAS DEL RIO,698,CALLE,JOSE FEMAT GUTIERREZ,NULO,0,NULO,0,NULO,VILLAS DEL RIO,RIO AGUANAVAL,NINGUNO,NULO,DINERO,200,NULO,NULO,NULO,NULO,NULO,NULO,NULO,NULO,NULO,271,,,Robo a persona,-102.24274832,21.93849467
111443,MAYO,2016-05-17,MARTES,22,58,AGUASCALIENTES,URBANA,FRACCIONAMIENTO,J. GUADALUPE PERALTA GAMEZ,411,CALLE,JOSE TRNIDAD VELA SALAS,NULO,237,NULO,0,NULO,DESIDERIO MACIAS SILVA,JOSE MANUEL RUIZ DE TEJEDA Y OTAL,SALVADOR MELCHOR,NULO,NULO,0,NULO,NULO,NULO,NULO,NULO,NULO,PLAYERA,NULO,NULO,272,,,Robo a persona,-102.24081489,21.87110792
111003,MAYO,2016-05-17,MARTES,11,32,AGUASCALIENTES,URBANA,FRACCIONAMIENTO,JARDINES DE SANTA ELENA 2A. SECCION,1106,AVENIDA,LAS AMERICAS,NULO,0,NULO,0,NULO,REPUBLICA MEXICANA,REPUBLICA DEL PERU,REPUBLICA DE NICARAGUA,PACAZO,DINERO,10724,BANAMEX DORADO,NULO,NULO,NULO,NULO,NULO,NULO,NULO,NULO,273,,,Robo a persona,-102.30357306,21.86439151
111427,MAYO,2016-05-17,MARTES,22,35,AGUASCALIENTES,URBANA,FRACCIONAMIENTO,LAS TORRES,1064,AVENIDA,CONVENCION DE 1914 PONIENTE,NULO,0,NULO,0,NULO,IGNACIO T. CHAVEZ,LIENZO CHARRO,LIENZO CHARRO,NULO,NULO,200,NULO,NULO,NULO,NULO,CELULAR,NULO,NULO,NULO,NULO,274,,,Robo a persona,-102.30918931,21.86831010
111110,MAYO,2016-05-17,MARTES,14,55,JESUS MARIA,URBANA,COLONIA,CENTRO,126,AVENIDA,PANAMERICANA,NULO,0,NULO,0,NULO,JUAN JOSE,VENUSTIANO CARRANZA,MORELOS,NULO,DINERO,200,NULO,NULO,NULO,NULO,NULO,NULO,NULO,NULO,IMPRESORA,275,,,Robo a persona,-102.28847132,21.99795048
111952,MAYO,2016-05-18,MIERCOLES,17,39,AGUASCALIENTES,URBANA,FRACCIONAMIENTO,MODERNO,664,CALLE,PROLONGACION AQUILES ELORDUY,NULO,0,NULO,0,NULO,FEDERICO GARCIA LORCA,SALVADOR DIAZ MIRON,JUAN DE DIOS PESA,NULO,NULO,0,NULO,NULO,NULO,NULO,CELULAR,NULO,NULO,NULO,NULO,276,,,Robo a persona,-102.31549785,21.88069665
112120,MAYO,2016-05-18,MIERCOLES,21,58,AGUASCALIENTES,URBANA,DESARROLLO ESPECIAL,ZONA FERIAL,1063,CALLE,JOSE F. ELIZONDO,NULO,0,NULO,0,NULO,LOS LAURELES,LICENCIADO ADOLFO LOPEZ MATEOS PONIENTE,NINGUNO,NULO,DINERO,0,NULO,NULO,CARTERA,NULO,CELULAR,ANILLO,NULO,NULO,NULO,277,,,Robo a persona,-102.30140328,21.87679996
112211,MAYO,2016-05-18,MIERCOLES,23,20,JESUS MARIA,RURAL,COMUNIDAD,SAN ANTONIO DE LOS HORCONES,189-P,CALLE,EMILIANO ZAPATA,NULO,202,NULO,0,NULO,JOSE MARIA MORELOS Y PAVON,18,NINGUNO,NULO,NULO,0,NULO,NULO,NULO,NULO,CELULAR,NULO,NULO,NULO,NULO,278,,,Robo a persona,-102.32857311,21.99604797
112482,MAYO,2016-05-19,JUEVES,11,7,AGUASCALIENTES,URBANA,FRACCIONAMIENTO,OJOCALIENTE III,525,CALLE,EL SALITRE,0,121,NULO,0,NULO,EL CHIQUIHUITE,BETULIA,LA BARRANCA,NULO,DINERO,500,NULO,NULO,NULO,NULO,NULO,NULO,NULO,NULO,NULO,279,,,Robo a persona,-102.24319764,21.87557218
222710,MAYO,2016-05-19,JUEVES,17,9,AGUASCALIENTES,URBANA,FRACCIONAMIENTO,LOS ARCOS,834,CALLE,AGLAYA,NULO,0,NULO,0,NULO,FERROCARRIL,GOMEZ MORIN,ARCO IRIS,NULO,NULO,0,NULO,NULO,NULO,NULO,CELULAR,NULO,NULO,NULO,NULO,280,,,Robo a persona,-102.28704621,21.90761152
112953,MAYO,2016-05-19,JUEVES,22,39,AGUASCALIENTES,URBANA,FRACCIONAMIENTO,JOSE LOPEZ PORTILLO,955,CALLE,CASIMIRA ARTEAGA,NULO,0,NULO,0,NULO,JOSE MARIA GONZALEZ BOCANEGRA,JOSE CALVILLO,ANTONIO HERNANDEZ GALLEGOS,NULO,NULO,0,NULO,NULO,NULO,NULO,CELULAR,NULO,NULO,NULO,NULO,281,,,Robo a persona,-102.31983682,21.85201554
113652,MAYO,2016-05-20,VIERNES,21,50,AGUASCALIENTES,URBANA,FRACCIONAMIENTO,VILLAS DE NUESTRA SEÑORA DE LA ASUNCION (SECTOR GUADALUPE),402,AVENIDA,POLIDUCTO,NULO,0,NULO,0,NULO,RAMON FERNANDEZ MORENO,JOSE RUIZ ESPARZA VEGA,ROGELIO GALINDO DE LA TORRE,NULO,NULO,0,NULO,NULO,NULO,NULO,CELULAR,NULO,CHAMARRA,NULO,NULO,282,,,Robo a persona,-102.25911458,21.92765431
113643,MAYO,2016-05-20,VIERNES,21,38,AGUASCALIENTES,URBANA,FRACCIONAMIENTO,SANTA ANITA (DELEGACION JESUS TERAN),482,AVENIDA,NAZARIO ORTIZ GARZA,NULO,0,NULO,0,NULO,CONVENCION DE 1914 ORIENTE,HERNAN CABALLERO,TERESA DE AVILA,NULO,DINERO,500,NULO,NULO,CARTERA,NULO,CELULAR,NULO,NULO,NULO,NULO,283,,,Robo a persona,-102.27805636,21.89627158
114075,MAYO,2016-05-21,SABADO,6,6,AGUASCALIENTES,URBANA,FRACCIONAMIENTO,VILLAS DE NUESTRA SEÑORA DE LA ASUNCION (SECTOR ALAMEDA),516,AVENIDA,VALLE DE LOS ROMEROS,NULO,0,NULO,0,NULO,ATANASIO RODRIGUEZ,RODOLFOMRODARTE,LUIS CAHVEZ,NULO,DINERO,500,NULO,NULO,CARTERA,NULO,CELULAR,NULO,NULO,NULO,NULO,284,,,Robo a persona,-102.26314318,21.93531874
115498,MAYO,2016-05-22,DOMINGO,13,56,AGUASCALIENTES,URBANA,FRACCIONAMIENTO,NAZARIO ORTIZ GARZA,452,CALLE,GENERAL JOSE REFUGIO VELAZCO,NULO,0,NULO,0,NULO,PROFESOR GENARO BARBOSA,BLAS E ROMO,MANUEL GARCIA MARTINEZ,NULO,NULO,0,NULO,NULO,NULO,TABLET,NULO,NULO,NULO,NULO,NULO,285,,,Robo a persona,-102.26016672,21.90442083
113231,MAYO,2016-05-20,VIERNES,11,5,AGUASCALIENTES,URBANA,FRACCIONAMIENTO,MUJERES ILUSTRES,602,AVENIDA,DEL REY,NULO,144,NULO,0,NULO,DE LA ALIANZA,JUANA DE ARCO,CARMEN MACIAS PEÑA,NULO,NULO,0,NULO,NULO,NULO,NULO,CELULAR,NULO,NULO,NULO,NULO,286,,,Robo a persona,-102.25164254,21.84840589
115603,MAYO,2016-05-22,DOMINGO,16,51,AGUASCALIENTES,URBANA,FRACCIONAMIENTO,MORELOS I,1120,CALLE,SITIO DE CUAUTLA,NULO,0,NULO,0,NULO,HERMANOS GALEANA,MEXICO LIBRE,SOLDADO INSURGENTE,NULO,NULO,0,NULO,NULO,NULO,NULO,NULO,NULO,NULO,BICICLETA,NULO,287,,,Robo a persona,-102.26477876,21.85734016
116666,MAYO,2016-05-23,LUNES,21,31,AGUASCALIENTES,URBANA,FRACCIONAMIENTO,JESUS GOMEZ PORTUGAL,528,AVENIDA,PASEO DE LA CRUZ,NULO,0,NULO,0,NULO,PEGASO,VIA LACTEA,SAGITARIO,NULO,DINERO,15,NULO,BOLSO,NULO,NULO,NULO,NULO,NULO,NULO,NULO,288,,,Robo a persona,-102.26798003,21.87362786
116678,MAYO,2016-05-23,LUNES,21,40,AGUASCALIENTES,URBANA,FRACCIONAMIENTO,PILAR BLANCO,981,AVENIDA,FAISAN,NULO,0,NULO,0,NULO,DE LAS GAVIOTAS,AGUILA,DEL CARPINTERO,NULO,DINERO,0,NULO,NULO,NULO,NULO,CELULAR,NULO,NULO,NULO,NULO,289,,,Robo a persona,-102.29725959,21.84895784
117475,MAYO,2016-05-24,MARTES,22,11,AGUASCALIENTES,URBANA,FRACCIONAMIENTO,EJIDO LAS CUMBRES,403,CALLE,SIERRA LACANDONA,NULO,119,NULO,0,NULO,SIERRA DEL MAGUEY,AMBROSIO VERASTEGUI,SIERRA DE CUCHILLAS,NULO,NULO,0,NULO,NULO,NULO,NULO,CELULAR,NULO,NULO,NULO,NULO,290,,,Robo a persona,-102.25844510,21.91297005
116869,MAYO,2016-05-24,MARTES,1,34,AGUASCALIENTES,URBANA,COLONIA,VICENTE GUERRERO,1108,CALLE,REFORMA,NULO,105,NULO,0,NULO,PORFIRIO DIAZ,REVOLUCION,INDEPENDENCIA,NULO,NULO,0,NULO,NULO,CARTERA,NULO,NULO,NULO,NULO,NULO,NULO,291,,,Robo a persona,-102.31594239,21.84745225
117401,MAYO,2016-05-24,MARTES,20,53,AGUASCALIENTES,URBANA,BARRIO,LA PURISIMA,915,AVENIDA,ALAMEDA,NULO,0,NULO,0,NULO,HEROE DE NACOZARI,PODER LEGISLATIVO,ARQUITECTO J. REFUGIO REYES,NULO,NULO,0,NULO,NULO,NULO,NULO,CELULAR,NULO,NULO,NULO,NULO,292,,,Robo a persona,-102.28251271,21.88271979
117561,MAYO,2016-05-24,MARTES,23,40,AGUASCALIENTES,URBANA,FRACCIONAMIENTO,ESPAÑA,1052,CALLE,GRANADA,NULO,0,NULO,0,NULO,ESPAÑA,AGUASCALIENTES,BARCELONA,NULO,NULO,0,NULO,NULO,NULO,NULO,CELULAR,NULO,NULO,NULO,NULO,293,,,Robo a persona,-102.31567352,21.86236671
117894,MAYO,2016-05-25,MIERCOLES,13,58,AGUASCALIENTES,URBANA,FRACCIONAMIENTO,JARDINES DE SANTA ELENA 2A. SECCION,1106,AVENIDA,LAS AMERICAS,NULO,0,NULO,0,NULO,REPUBLICA MEXICANA,REPUBLICA DEL PERU,REPUBLICA DE NICARAGUA,NULO,DINERO,5000,BANAMEX AMERICAS,NULO,NULO,NULO,NULO,NULO,NULO,NULO,NULO,294,,,Robo a persona,-102.30373499,21.86433414
118589,MAYO,2016-05-26,JUEVES,11,28,AGUASCALIENTES,URBANA,FRACCIONAMIENTO,LAS AMERICAS (DELEGACION CENTRO),1114,CALLE,REPUBLICA DE COSTA RICA,NULO,0,NULO,0,NULO,LAS AMERICAS,REÚBLICA DE URUGUAY,REPUBLICA DOMINICANA,NULO,DINERO,12000,SIN DATOS,BOLSO,NULO,NULO,CELULAR,NULO,NULO,NULO,CHEQUERA,295,,,Robo a persona,-102.30243805,21.86893981
119080,MAYO,2016-05-26,JUEVES,23,20,AGUASCALIENTES,URBANA,FRACCIONAMIENTO,OJOCALIENTE I,741,CALLE,LOS POCITOS,NULO,119,NULO,0,NULO,EL SALTO DE LOS SALADOS,EL NIAGARA,LAS TROJES,NULO,NULO,0,NULO,NULO,NULO,NULO,CELULAR,NULO,NULO,NULO,NULO,296,,,Robo a persona,-102.25624669,21.88181071
119334,MAYO,2016-05-27,VIERNES,9,25,AGUASCALIENTES,URBANA,FRACCIONAMIENTO,MORELOS I,1120,CALLE,JEFES INSURGENTES,NULO,213,NULO,0,NULO,30 DE JULIO,HEROE INMORTAL,SIGLO XXI,NULO,NULO,0,NULO,NULO,NULO,NULO,NULO,NULO,NULO,NULO,PAÑALERA,297,,,Robo a persona,-102.26861244,21.85282015
119428,MAYO,2016-05-27,VIERNES,13,20,AGUASCALIENTES,URBANA,FRACCIONAMIENTO,CASA BLANCA,553,CALLE,VIVERO DE LA AURORA,NULO,111,NULO,0,NULO,30 DE SEPTIEMBRE,VIVERO DEL PRADO,VIVERO DEL LAGO,NULO,NULO,0,NULO,NULO,NULO,NULO,CELULAR,NULO,NULO,NULO,NULO,298,,,Robo a persona,-102.27187862,21.85454050
119439,MAYO,2016-05-27,VIERNES,13,44,AGUASCALIENTES,URBANA,FRACCIONAMIENTO,VILLAS DEL OESTE,1011,CALLE,ANDRES SOLER,NULO,168,NULO,0,NULO,CARLOS LOPEZ MOCTEZUMA,PEDRO VARGAS,NINGUNO,NULO,NULO,0,NULO,BOLSO,NULO,NULO,CELULAR,NULO,NULO,NULO,NULO,299,,,Robo a persona,-102.30441780,21.84260944
119857,MAYO,2016-05-27,VIERNES,23,0,PABELLON DE ARTEAGA,URBANA,BARRIO,PALO ALTO,92,CALLE,LICENCIADO BENITO JUAREZ,NULO,0,NULO,0,NULO,INDEPENDENCIA SUR,IRRIGACION,JOSEFA ORTIZ DE DOMINGUEZ,NULO,NULO,0,NULO,NULO,NULO,NULO,NULO,NULO,NULO,NULO,GORRA,300,,,Robo a persona,-102.27365849,22.14567539
120094,MAYO,2016-05-28,SABADO,2,23,JESUS MARIA,URBANA,COLONIA,J. GOMEZ PORTUGAL ORIENTE,125,AVENIDA,PANAMERICANA,NULO,0,NULO,0,NULO,MORELOS,DEL CARMEN,NINGUNO,NULO,NULO,0,NULO,NULO,NULO,NULO,CELULAR,NULO,NULO,NULO,NULO,301,,,Robo a persona,-102.28830609,21.99411298
119789,MAYO,2016-05-27,VIERNES,22,4,AGUASCALIENTES,URBANA,FRACCIONAMIENTO,JARDINES DE LA ASUNCION,991,CALLE,FRAY ANTONIO DE SEGOVIA,NULO,204,NULO,0,NULO,JUAN B. OROZCO,HERNANDO MARTELL,PASEO DE LA ASUNCION,NULO,NULO,0,NULO,NULO,NULO,NULO,CELULAR,NULO,NULO,NULO,NULO,302,,,Robo a persona,-102.29226267,21.86103956
119045,MAYO,2016-05-26,JUEVES,22,46,AGUASCALIENTES,URBANA,FRACCIONAMIENTO,VILLA MONTAÑA,502,CALLE,ELBRUS,NULO,49,B,0,NULO,CERRO TENAYO,NINGUNO,NINGUNO,NULO,NULO,0,NULO,NULO,NULO,NULO,CELULAR,NULO,NULO,NULO,NULO,303,,,Robo a persona,-102.25409773,21.94159561
122199,MAYO,2016-05-29,DOMINGO,23,59,AGUASCALIENTES,URBANA,FRACCIONAMIENTO,TIERRA BUENA,575,CALLE,FRIJOL,NULO,215,NULO,0,NULO,B,MAIZ,AJO,NULO,NULO,0,NULO,NULO,NULO,NULO,CELULAR,NULO,NULO,NULO,NULO,304,,,Robo a persona,-102.25056351,21.86131934
123185,MAYO,2016-05-31,MARTES,5,27,AGUASCALIENTES,URBANA,FRACIONAMIENTO,EJIDO LAS CUMBRES,403,CALLE,MONTE DE LAS CRUCES,NULO,316,NULO,0,NULO,SIERRA DE SAN BERNARDINO,SIERRA DE SAN BERNARDINO,SIERRA DE SAN BERNARDINO,NULO,DINERO,400,NULO,NULO,NULO,NULO,CELULAR,NULO,NULO,NULO,NULO,305,,,Robo a persona,-102.25635615,21.91052124
122745,MAYO,2016-05-30,LUNES,17,9,AGUASCALIENTES,URBANA,FRACCIONAMIENTO,HACIENDAS DE AGUASCALIENTES,410,AVENIDA,HACIENDA DE OJOCALIENTE,NULO,0,NULO,0,NULO,HACIENDA JOSE MARIA MORELOS,HACIENDA SAN JOSE DE GUADALUPE,HACIENDA EL MEZQUITE,NULO,DINERO,0,NULO,NULO,NULO,NULO,CELULAR,NULO,NULO,NULO,NULO,306,,,Robo a persona,-102.24564832,21.88909924
121764,MAYO,2016-05-29,DOMINGO,16,21,AGUASCALIENTES,URBANA,FRACCIONAMIENTO,INSURGENTES,1046,CALLE,GENERAL JOSE ISABEL ROBLES,NULO,217,NULO,0,NULO,CONVENCION,DOCTOR MARIANO AZUELA,LICENCIADO LUIS CABRERA,NULO,NULO,0,NULO,BOLSO,NULO,NULO,NULO,NULO,NULO,NULO,NULO,307,,,Robo a persona,-102.30451919,21.85120575
123990,JUNIO,2016-06-01,MIERCOLES,7,52,AGUASCALIENTES,URBANA,FRACCIONAMIENTO,LAS TORRES,1064,AVENIDA,IGNACIO T. CHAVEZ,NULO,0,NULO,0,NULO,TORRE DE MARFIL,TORRE EIFFEL,TORRE LONDRES,NULO,NULO,0,NULO,BOLSO,NULO,NULO,NULO,NULO,NULO,NULO,NULO,308,,,Robo a persona,-102.30833453,21.86904109
125154,JUNIO,2016-06-02,JUEVES,20,25,AGUASCALIENTES,URBANA,FRACCIONAMIENTO,PANORAMA,670,AVENIDA,AGUASCALIENTES,NULO,0,NULO,0,NULO,JARDINES ETERNOS,ENCARNACION PAYEN,MAR MEDITERRANEO,NULO,NULO,0,NULO,NULO,NULO,NULO,CELULAR,NULO,NULO,NULO,NULO,309,,,Robo a persona,-102.31681274,21.88993020
124180,JUNIO,2016-06-01,MARTES,14,8,AGUASCALIENTES,URBANA,COLONIA,ZONA CENTRO,906,CALLE,5 DE MAYO,NULO,0,NULO,0,NULO,ARTEAGA,LARRATEGUI,LICENCIADO BENITO JUAREZ,NULO,DINERO,1000,NULO,NULO,CARTERA,NULO,NULO,NULO,NULO,NULO,NULO,310,,,Robo a persona,-102.29757786,21.88526006
124500,JUNIO,2016-06-01,MARTES,22,0,AGUASCALIENTES,URBANA,FRACCIONAMIENTO,OJO DE AGUA,1080,CALLE,FRANCISCO PEREZ RIOS,NULO,0,NULO,0,NULO,PLAZA JESUS ELIAS PIÑA,NAYARIT,JESUS YUREM,NULO,DINERO,0,NULO,NULO,CARTERA,NULO,CELULAR,NULO,TENIS,NULO,TARJETAS,311,,,Robo a persona,-102.27923338,21.86411335
125821,JUNIO,2016-06-03,VIERNES,16,26,AGUASCALIENTES,URBANA,COLONIA,LA FE,912,CALLE,FRESNILLO,NULO,216,NULO,0,NULO,J. CONCEPCION SAUCEDO,MEXICO,PLATEROS,NULO,NULO,0,NULO,NULO,CARTERA,NULO,NULO,NULO,NULO,NULO,NULO,312,,,Robo a persona,-102.29366055,21.89103657
125872,JUNIO,2016-06-03,VIERNES,8,7,AGUASCALIENTES,URBANA,FRACCIONAMIENTO,JARDINES DE LA CRUZ (DELEGACION MORELOS),716,AVENIDA,PASEO DE LA CRUZ,NULO,0,NULO,0,NULO,CONVECION DE 1914 ORIENTE,POPOCATEPETL,CEDRO,NULO,NULO,0,NULO,NULO,NULO,NULO,CELULAR,NULO,NULO,NULO,NULO,313,,,Robo a persona,-102.27069376,21.87385159
127654,JUNIO,2016-06-05,DOMINGO,9,28,AGUASCALIENTES,URBANA,FRACCIONAMIENTO,SAN MARCOS,746,CALLE,NAVARRETE,NULO,1104,NULO,0,NULO,MIGUEL ANGEL,PASEO DEL RIO,DINAMARCA,NULO,DINERO,600,NULO,NULO,NULO,NULO,NULO,NULO,NULO,NULO,NULO,314,,,Robo a persona,-102.32155827,21.87730291
127991,JUNIO,2016-06-05,DOMINGO,17,23,AGUASCALIENTES,URBANA,SIN TIPO,CENTRO COMERCIAL CHEDRAUI,1033,BOULEVARD,JOSE MARIA CHAVEZ,NULO,0,NULO,0,NULO,VALENTE QUINTANA,ANGEL GONZALEZ,MAHATMA GANDHI,NULO,NULO,0,NULO,NULO,NULO,NULO,CELULAR,NULO,NULO,NULO,NULO,315,,,Robo a persona,-102.29243654,21.85459101
125135,JUNIO,2016-06-02,JUEVES,19,59,AGUASCALIENTES,URBANA,COLONIA,OBRAJE,987,AVENIDA,AYUNTAMIENTO,NULO,0,NULO,0,NULO,IGNACIO T CHAVEZ,LANCEROS DE AGUASCALIENTES,PRIVADA DEFENSORES DE LA REPUBLICA,NULO,NULO,0,NULO,NULO,NULO,NULO,NULO,NULO,NULO,BICICLETA,NULO,316,,,Robo a persona,-102.30017771,21.87368110
127908,JUNIO,2016-06-05,DOMINGO,15,53,AGUASCALIENTES,URBANA,FRACCIONAMIENTO,MUNICIPIO LIBRE,768,CALLE,MIGUEL ANGEL BERBERENA VEGA,NULO,0,NULO,0,NULO,SIGLO XXI,EVOLUCION,PROSPERIDAD,NULO,NULO,0,NULO,NULO,NULO,LAPTOP,CELULAR,NULO,NULO,NULO,NULO,317,,,Robo a persona,-102.25391123,21.89795703
130369,JUNIO,2016-06-08,MIERCOLES,13,46,AGUASCALIENTES,URBANA,SIN TIPO,LOS CEDROS (SUBDIVISION),1066,BOULEVARD,JOSE MARIA CHAVEZ,NULO,0,NULO,0,NULO,MEDRANO,PAUL HARRIS,ALFONSO HUMBERTO,NULO,DINERO,500,NULO,NULO,NULO,NULO,NULO,NULO,NULO,NULO,NULO,318,,,Robo a persona,-102.29485047,21.87008862
130824,JUNIO,2016-06-08,MIERCOLES,23,49,JESUS MARIA,URBANA,FRACCIONAMIENTO,BUENAVISTA,198,CALLE,ROSAL,NULO,142,NULO,0,NULO,MARGARITA,CHUCATA,GERANIO,NULO,NULO,0,NULO,NULO,NULO,NULO,CELULAR,NULO,NULO,NULO,NULO,319,,,Robo a persona,-102.35694260,21.97080696
130338,JUNIO,2016-06-08,MIERCOLES,13,0,AGUASCALIENTES,URBANA,FRACCIONAMIENTO,ESPAÑA,1052,CALLE,SANTANDER,NULO,0,NULO,0,NULO,ZAMORA,ALAMO,MADRID,NULO,NULO,0,NULO,NULO,NULO,NULO,CELULAR,NULO,NULO,NULO,NULO,320,,,Robo a persona,-102.31658980,21.86737688
131199,JUNIO,2016-06-09,JUEVES,15,15,JESUS MARIA,URBANA,FRACCIONAMIENTO,LA CAÑADA,229,AVENIDA,ALEJANDRO DE LA CRUZ,NULO,0,NULO,0,NULO,PIRULES,SOLIDARIDAD PRIMER ANILLO,DEL BOSQUE,NULO,NULO,0,NULO,NULO,NULO,NULO,CELULAR,NULO,NULO,NULO,MOCHILA,321,,,Robo a persona,-102.35478235,21.95257299
132548,JUNIO,2016-06-11,SABADO,9,54,AGUASCALIENTES,URBANA,FRACCIONAMIENTO,VILLAS DE NUESTRA SEÑORA DE LA ASUNCION (SECTOR ESTACION),502,CALLE,MIGUEL ROMO GONZALEZ,NULO,119,NULO,0,NULO,FRANCISCO ARMENGOL,DOMINGO VELASCO,JUAN G. ALVARADO,NULO,NULO,0,NULO,NULO,NULO,NULO,NULO,NULO,NULO,TRICICLO,NULO,322,,,Robo a persona,-102.25641819,21.93938906
132985,JUNIO,2016-06-11,SABADO,21,47,AGUASCALIENTES,URBANA,FRACCIONAMIENTO,SAN MARCOS,746,CALLE,TIZIANO,NULO,232,NULO,0,NULO,AGUASCALIENTES,MIGUEL ANGEL,DEL PARQUE,NULO,NULO,0,NULO,NULO,NULO,NULO,NULO,NULO,NULO,BICICLETA,NULO,323,,,Robo a persona,-102.31943573,21.87993728
132995,JUNIO,2016-06-11,SABADO,22,3,AGUASCALIENTES,URBANA,FRACCIONAMIENTO,LAS AMERICAS (DELEGACION CENTRO),1114,CALLE,REPUBLICA DE PANAMA,NULO,209,NULO,0,NULO,REPUBLICA DE ARGENTINA,QUINTA AVENIDA,REPUBLICA DOMINICANA,NULO,NULO,0,NULO,NULO,NULO,NULO,CELULAR,NULO,NULO,NULO,NULO,324,,,Robo a persona,-102.29762089,21.86687652
131718,JUNIO,2016-06-10,VIERNES,10,39,AGUASCALIENTES,URBANA,FRACCIONAMIENTO,REAL DEL SOL,492,CIRCUITO,ESTELAR,NULO,0,NULO,0,NULO,ESTELAR,ESTELAR,ASTERIOIDE,NULO,NULO,0,NULO,NULO,NULO,NULO,CELULAR,NULO,NULO,NULO,NULO,325,,,Robo a persona,-102.23876687,21.88850273
131803,JUNIO,2016-06-10,VIERNES,13,21,SAN FRANCISCO DE LOS ROMO,URBANA,FRACCIONAMIENTO,LA RIBERA,350-P,CALLE,ZACOALCO,NULO,0,NULO,0,NULO,TEXCOCO,CULHUACAN,SAN JUAN COSALA,NULO,DINERO,100,NULO,NULO,NULO,NULO,NULO,NULO,NULO,NULO,NULO,326,,,Robo a persona,-102.24768090,21.95587510
134102,JUNIO,2016-06-12,DOMINGO,22,24,AGUASCALIENTES,URBANA,FRACCIONAMIENTO,MUJERES ILUSTRES,602,PROLONGACION,MARGARITA MAZA DE JUAREZ,NULO,0,NULO,0,NULO,GABRIELA MISTRAL,CONCEPCION ARENAL,ANGELA PERALTA,NULO,NULO,0,NULO,NULO,NULO,NULO,CELULAR,NULO,NULO,NULO,NULO,327,,,Robo a persona,-102.24721972,21.84743068
134378,JUNIO,2016-06-13,LUNES,5,50,AGUASCALIENTES,URBANA,FRACCIONAMIENTO,LOS PIRULES,1053,AVENIDA,AGUASCALIENTES PONIENTE,NULO,0,NULO,0,NULO,SAN MARCOS,ORQUIDEAS,MAGNOLIA,NULO,DINERO,0,NULO,NULO,NULO,NULO,NULO,NULO,NULO,NULO,NULO,328,,,Robo a persona,-102.31824843,21.86861904
134750,JUNIO,2016-06-13,LUNES,17,33,AGUASCALIENTES,URBANA,FRACCIONAMIENTO,VILLAS DE NUESTRA SEÑORA DE LA ASUNCION (SECTOR GUADALUPE),402,CALLE,JOSE BECERRA,NULO,0,NULO,0,NULO,CELIA MARIA MARTINEZ,JESUS GOMEZ LUNA,TEOFILO ROMO LOPEZ,NULO,NULO,0,NULO,NULO,NULO,NULO,CELULAR,NULO,NULO,NULO,NULO,329,,,Robo a persona,-102.25521549,21.93067447
136062,JUNIO,2016-06-16,JUEVES,12,25,AGUASCALIENTES,URBANA,FRACCIONAMIENTO,JOSE LOPEZ PORTILLO,955,CALLE,ANITA BRENNER,NULO,602,NULO,0,NULO,RICARDO GARCIA MENDOZA,JOSE MARIA GONZALEZ BOCANEGRA,ROSALIA MONROY,NULO,DINERO,500,NULO,NULO,NULO,NULO,NULO,NULO,NULO,NULO,NULO,330,,,Robo a persona,-102.32000983,21.85422631
136827,JUNIO,2016-06-16,JUEVES,12,25,AGUASCALIENTES,URBANA,COLONIA,ZONA CENTRO,906,CALLE,PEDRO PARGA,NULO,323,NULO,0,NULO,DURANGO,GENERAL IGNACIO ZARAGOZA,LICENCIADO FRANCISCO PRIMO VERDAD,NULO,DINERO,500,NULO,NULO,NULO,NULO,NULO,NULO,NULO,NULO,NULO,331,,,Robo a persona,-102.29092810,21.88553847
136147,JUNIO,2016-06-15,MIERCOLES,15,15,AGUASCALIENTES,URBANA,FRACCIONAMIENTO,SAN CAYETANO,1118,CALLE,CARLOS SAGREDO,NULO,0,NULO,0,NULO,SAN COSME,SAN JOSE,SAN CLEMENTE,NULO,NULO,0,NULO,NULO,CARTERA,NULO,CELULAR,NULO,NULO,NULO,NULO,332,,,Robo a persona,-102.31105692,21.89959923
136792,JUNIO,2016-06-16,JUEVES,11,34,AGUASCALIENTES,URBANA,BARRIO,LA SALUD,1122,CALLE,PROLONGACION COSIO,NULO,1042,NULO,12,NULO,DELICIAS,COSIO,ACUEDUCTO,NULO,NULO,0,NULO,NULO,NULO,NULO,CELULAR,NULO,NULO,NULO,NULO,333,,,Robo a persona,-102.28692682,21.87105351
137516,JUNIO,2016-06-17,VIERNES,8,22,AGUASCALIENTES,URBANA,COLONIA,ZONA CENTRO,906,CALLE,PEDRO PARGA,NULO,329,NULO,0,NULO,DURANGO,GENERAL IGNACIO ZARAGOZA,LICENCIADO FRANCISCO PRIMO VERDAD,NULO,NULO,0,NULO,NULO,NULO,NULO,CELULAR,NULO,NULO,NULO,NULO,334,,,Robo a persona,-102.29079838,21.88561301
137283,JUNIO,2016-06-16,JUEVES,22,51,AGUASCALIENTES,URBANA,FRACCIONAMIENTO,INSURGENTES,1046,PROLONGACION,PASEO DE LA ASUNCION,NULO,0,NULO,0,NULO,DOCTOR MARIANO AZUELA,CONVENCION,JOSE MARIA MAYTORENA,NULO,NULO,0,NULO,NULO,CARTERA,NULO,CELULAR,NULO,NULO,BICICLETA,NULO,335,,,Robo a persona,-102.30115381,21.85100797
136719,JUNIO,2016-06-16,JUEVES,9,45,AGUASCALIENTES,URBANA,FRACCIONAMIENTO,MORELOS II,622,PRIVADA,HERRERA,NULO,0,NULO,0,NULO,MARIANO HIDALGO,22 DE DICIEMBRE,JOSE A. TORRES,NULO,NULO,0,NULO,NULO,NULO,NULO,CELULAR,NULO,NULO,NULO,NULO,336,,,Robo a persona,-102.25624175,21.85252783
137516,JUNIO,2016-06-17,VIERNES,13,39,AGUASCALIENTES,URBANA,FRACCIONAMIENTO,MORELOS I,1120,CALLE,CAUDILLOS,NULO,0,NULO,0,NULO,22 DE DICIEMBRE,NINGUNO,NINGUNO,NULO,NULO,0,NULO,NULO,NULO,NULO,CELULAR,NULO,NULO,NULO,NULO,337,,,Robo a persona,-102.26001110,21.85904451
138373,JUNIO,2016-06-18,SABADO,3,39,AGUASCALIENTES,URBANA,COLONIA,ZONA CENTRO,906,CALLE,CATALINA DE AYALA,NULO,128,NULO,0,NULO,PEDRO PARGA,GENERAL ALVARO OBREGON,PRIVADA VICTOR GALINDO,NULO,NULO,0,NULO,NULO,NULO,NULO,NULO,NULO,NULO,NULO,NULO,338,,,Robo a persona,-102.29098354,21.88679209
138479,JUNIO,2016-06-18,SABADO,8,53,AGUASCALIENTES,URBANA,FRACCIONAMIENTO,VILLERIAS,491,AVENIDA,SIGLO XXI,NULO,0,NULO,0,NULO,PASEO DE VILLERIAS,HACIENDA CHICIMECO,VILLA DE JESUS MARIA,NULO,NULO,0,NULO,NULO,NULO,NULO,CELULAR,NULO,NULO,NULO,NULO,339,,,Robo a persona,-102.24959162,21.88354523
138863,JUNIO,2016-06-18,SABADO,19,56,AGUASCALIENTES,URBANA,FRACCIONAMIENTO,VILLAS DEL PILAR II,970,AVENIDA,SIGLO XXI,NULO,0,NULO,0,NULO,BELISARIO DOMINGUEZ,JOSE DE JESUS RABAGO IBARRA,JOSE DE JESUS RABAGO IBARRA,NULO,NULO,0,NULO,NULO,NULO,NULO,CELULAR,NULO,NULO,NULO,NULO,340,,,Robo a persona,-102.30816311,21.84544284
140405,JUNIO,2016-06-20,LUNES,6,11,AGUASCALIENTES,URBANA,FRACCIONAMIENTO,VILLA MONTAÑA,502,CALLE,SALVADOR CASTAÑEDA DURON,NULO,1023,NULO,0,NULO,NINGUNO,NINGUNO,NINGUNO,NULO,DINERO,120,NULO,NULO,NULO,NULO,NULO,NULO,NULO,NULO,NULO,341,,,Robo a persona,-102.25289605,21.93894891
141540,JUNIO,2016-06-21,MARTES,21,6,AGUASCALIENTES,URBANA,FRACCIONAMIENTO,JARDINES DE LA CRUZ (DELEGACION CENTRO),610,AVENIDA,PASEO DE LA CRUZ,NULO,0,NULO,0,NULO,DE LAS PALMAS,OLIVOS,JACARANDAS,NULO,NULO,0,NULO,NULO,NULO,NULO,CELULAR,NULO,NULO,NULO,NULO,342,,,Robo a persona,-102.27233434,21.87368682
141436,JUNIO,2016-06-21,MARTES,18,28,AGUASCALIENTES,URBANA,FRACCIONAMIENTO,MORELOS II,622,CALLE,CARLOS MARIA DE BUSTAMANTE,NULO,0,NULO,0,NULO,HERMANOS GALEANA,CORREGIDORA,MUNGUIA,NULO,NULO,0,NULO,NULO,NULO,NULO,CELULAR,NULO,NULO,NULO,NULO,343,,,Robo a persona,-102.26304830,21.85172724
141977,JUNIO,2016-06-22,MIERCOLES,14,2,AGUASCALIENTES,URBANA,FRACCIONAMIENTO,MORELOS I,1120,AVENIDA,SIGLO XXI,NULO,0,NULO,0,NULO,CHICHEN ITZA,MARIANO HIDALGO,ARTILLERO MIER,NULO,NULO,0,NULO,NULO,NULO,NULO,CELULAR,NULO,NULO,NULO,NULO,344,,,Robo a persona,-102.25337184,21.85641243
142133,JUNIO,2016-06-22,MIERCOLES,18,14,AGUASCALIENTES,URBANA,BARRIO,DE LA ESTACION,745,AVENIDA,ALAMEDA,NULO,0,NULO,0,NULO,GOMEZ MORIN,28 DE AGOSTO,ARQUITECTO J. REFUGIO REYES,NULO,NULO,0,NULO,NULO,NULO,NULO,CELULAR,NULO,NULO,NULO,NULO,345,,,Robo a persona,-102.28116249,21.88296334
142627,JUNIO,2016-06-23,JUEVES,11,48,AGUASCALIENTES,URBANA,FRACCIONAMIENTO,LAS AMERICAS (DELEGACION INSURGENTES),406,AVENIDA,CONVENCION DE 1914 SUR,NULO,0,NULO,0,NULO,REPUBLICA DE URUGUAY,AMERICAS,REPUBLICA DE GUATEMALA,TIMO,DINERO,30000,BANCOMER CONVENCION AMERICAS,NULO,NULO,NULO,NULO,NULO,NULO,NULO,NULO,346,,,Robo a persona,-102.30197404,21.86655889
142947,JUNIO,2016-06-23,JUEVES,20,58,AGUASCALIENTES,URBANA,FRACCIONAMIENTO,LAS ARBOLEDAS,758,AVENIDA,CONVENCION DE 1914 NORTE,NULO,0,NULO,0,NULO,LAUREL,CASUARINA,MARGIL DE JESUS,NULO,NULO,0,NULO,NULO,NULO,NULO,CELULAR,NULO,NULO,NULO,NULO,347,,,Robo a persona,-102.30186853,21.89836545
143617,JUNIO,2016-06-24,VIERNES,19,39,AGUASCALIENTES,URBANA,FRACCIONAMIENTO,GRANJAS DEL CAMPESTRE,851,BOULEVARD,LUIS DONALDO COLOSIO,NULO,0,NULO,0,NULO,LAS TROJES,MONTE CARLO,POTREROS,NULO,NULO,0,NULO,NULO,NULO,NULO,NULO,NULO,NULO,BICICLETA,NULO,348,,,Robo a persona,-102.31513002,21.92421006
144227,JUNIO,2016-06-25,SABADO,15,35,AGUASCALIENTES,URBANA,FRACCIONAMIENTO,VILLAS TAURINAS,722,CALLE,MARIANO SALAS,NULO,130,NULO,0,NULO,SILVERIO PEREZ,MARRUBIO,MARRUBIO,NULO,NULO,0,NULO,NULO,NULO,NULO,CELULAR,NULO,NULO,NULO,NULO,349,,,Robo a persona,-102.24838260,21.86057398
145283,JUNIO,2016-06-26,DOMINGO,12,6,AGUASCALIENTES,URBANA,FRACCIONAMIENTO,INSURGENTES,1046,AVENIDA,CONVENCION,NULO,0,NULO,0,NULO,CAPITAN GUSTAVO GARMENDI,GENERAL MARTIN ESPINOZA,DOCTOR MARIANO AZUELA,NULO,NULO,0,NULO,NULO,NULO,NULO,CELULAR,NULO,NULO,NULO,NULO,350,,,Robo a persona,-102.31241056,21.85238505
145300,JUNIO,2016-06-26,SABADO,12,38,JESUS MARIA,URBANA,COLONIA,ZONA CENTRO,192,CALLE,MARIANO MATAMOROS,NULO,0,NULO,0,NULO,LAS FLORES,LAZARO CARDENAS,ABASOLO,NULO,NULO,0,NULO,NULO,NULO,NULO,NULO,NULO,NULO,BICICLETA,NULO,351,,,Robo a persona,-102.34843943,21.96391768
143472,JUNIO,2016-06-24,VIERNES,15,12,AGUASCALIENTES,URBANA,FRACCIONAMIENTO,PILAR BLANCO,981,BOULEVARD,AGUIÑA,10MN,0,NULO,0,8,MAHATMA GANDHI,FAISAN,DEL RUISEÑOR,NULO,NULO,0,NULO,NULO,NULO,NULO,CELULAR,NULO,NULO,NULO,NULO,352,,,Robo a persona,-102.29526366,21.84991292
143533,JUNIO,2016-06-24,VIERNES,17,14,AGUASCALIENTES,URBANA,CONDOMINIO,EXPO-PLAZA,1054,AVENIDA,LICENCIADO ADOLFO LOPEZ MATEOS PONIENTE,NULO,0,NULO,0,NULO,ARTURO J. PANI,RINCON,NIETO,NULO,NULO,0,NULO,NULO,NULO,NULO,CELULAR,NULO,NULO,NULO,NULO,353,,,Robo a persona,-102.30385523,21.87649252
144575,JUNIO,2016-06-25,SABADO,22,14,AGUASCALIENTES,URBANA,FRACCIONAMIENTO,LAS ARBOLEDAS,758,CALLE,LIBERTAD,NULO,0,NULO,0,NULO,MARGIL DE JESUS,ACACIA,ABEDUL,NULO,NULO,0,NULO,BOLSO,NULO,NULO,NULO,NULO,NULO,NULO,NULO,354,,,Robo a persona,-102.30139122,21.90026993
144642,JUNIO,2016-06-25,SABADO,22,59,AGUASCALIENTES,URBANA,FRACCIONAMIENTO,JARDINES DE LAS BUGAMBILIAS,1092,AVENIDA,AGUASCALIENTES,NULO,0,NULO,0,NULO,PASEO DE LAS GARZAS,DEL PARQUE,DEL LAGO,NULO,NULO,0,NULO,NULO,CARTERA,NULO,CELULAR,NULO,NULO,NULO,AUDIFONOS,355,,,Robo a persona,-102.28768748,21.85813009
144661,JUNIO,2016-06-25,SABADO,23,16,AGUASCALIENTES,URBANA,FRACCIONAMIENTO,RODOLFO LANDEROS GALLEGOS,459,AVENIDA,SIGLO XXI,NULO,0,NULO,0,NULO,RODOLFO LANDEROS GALLEGOS,ELENA CUELLAR A.,ESTHELA ALDANA,NULO,DINERO,3500,NULO,NULO,CARTERA,NULO,NULO,NULO,NULO,NULO,NULO,356,,,Robo a persona,-102.25401558,21.90167842
145053,JUNIO,2016-06-26,DOMINGO,4,30,AGUASCALIENTES,URBANA,COLONIA,MORELOS,918,AVENIDA,HEROE DE NACOZARI,NULO,0,NULO,0,NULO,CELSO BERNAL,CONVENCION DE 1914 NORTE,20 DE NOVIEMBRE,NULO,NULO,0,NULO,NULO,CARTERA,NULO,CELULAR,NULO,NULO,NULO,NULO,357,,,Robo a persona,-102.28872626,21.90192125
143123,JUNIO,2016-06-24,VIERNES,0,4,AGUASCALIENTES,URBANA,FRACCIONAMIENTO,LOMAS DEL AJEDREZ,1121,CALLE,DEL MATE,NULO,0,NULO,0,NULO,AJEDRECISTAS,DE FISHER,DE FISHER,NULO,NULO,0,NULO,NULO,NULO,NULO,NULO,NULO,NULO,NULO,MOCHILA,358,,,Robo a persona,-102.25064856,21.84604788
146932,JUNIO,2016-06-28,MARTES,11,53,AGUASCALIENTES,URBANA,FRACCIONAMIENTO,BENITO PALOMINO DENA,499,AVENIDA,POLIDUCTO,NULO,0,NULO,0,NULO,ANTONIO MEDINA ROMO,JAIME AIZPURU JAIME,TENIENTE CORONEL ROBERTO JEFKINS RANGEL,NULO,DINERO,300,NULO,NULO,NULO,NULO,NULO,NULO,NULO,NULO,NULO,359,,,Robo a persona,-102.25291423,21.91430387
147234,JUNIO,2016-06-28,MARTES,20,33,AGUASCALIENTES,URBANA,BARRIO,EL ENCINO,1096,CALLE,BELAUNZARAN,NULO,117,NULO,0,NULO,ALBA,PIMENTEL,CRISTOBAL COLON,NULO,DINERO,200,NULO,NULO,CARTERA,NULO,CELULAR,NULO,NULO,NULO,NULO,360,,,Robo a persona,-102.29475549,21.87408876
147444,JUNIO,2016-06-29,MIERCOLES,0,29,AGUASCALIENTES,URBANA,FRACCIONAMIENTO,RODOLFO LANDEROS GALLEGOS,459,CALLE,GENERAL FRANCISCO J. MUJICA,NULO,226,NULO,0,NULO,POLIDUCTO,GENERAL LAZARO CARDENAS,EXPROPIACION PETROLERA,NULO,NULO,0,NULO,NULO,NULO,NULO,CELULAR,NULO,NULO,NULO,NULO,361,,,Robo a persona,-102.24942356,21.90391172
147793,JUNIO,2016-06-29,MIERCOLES,15,27,SAN FRANCISCO DE LOS ROMO,RURAL,COMUNIDAD,CHICALOTE (ESTACION),302,CARRETERA,101,NULO,0,NULO,0,NULO,LICENCIADO ADOLFO LOPEZ MATEOS,145,NINGUNO,NULO,NULO,0,NULO,NULO,NULO,NULO,NULO,NULO,NULO,NULO,SIN DATOS,362,,,Robo a persona,-102.25575402,22.01490215
147772,JUNIO,2016-06-29,MIERCOLES,14,40,AGUASCALIENTES,URBANA,FRACCIONAMIENTO,ESPAÑA,1052,CALLE,ESPAÑA,NULO,601,NULO,0,NULO,CATALUÑA,SORIA,ALAMOS,NULO,NULO,0,NULO,NULO,NULO,NULO,CELULAR,NULO,NULO,NULO,NULO,363,,,Robo a persona,-102.31222698,21.86830178
148814,JUNIO,2016-06-30,JUEVES,21,22,AGUASCALIENTES,URBANA,FRACCIONAMIENTO,OJOCALIENTE III,525,AVENIDA,SIGLO XXI,NULO,0,NULO,0,NULO,JALTOMATE,PEÑUELAS,EL COECILLO,NULO,NULO,0,NULO,NULO,NULO,NULO,CELULAR,NULO,NULO,NULO,NULO,364,,,Robo a persona,-102.24919255,21.88150796
149217,JULIO,2016-07-01,VIERNES,11,57,JESUS MARIA,URBANA,COMUNIDAD,MARAVILLAS,183-P,AVENIDA,GUADALUPE,NULO,109,NULO,0,NULO,53,INDEPENDENCIA,BUGAMBILIAS,NULO,DINERO,500,NULO,NULO,NULO,NULO,NULO,NULO,NULO,NULO,NULO,365,,,Robo a persona,-102.32482129,21.95090073
149511,JULIO,2016-07-01,VIERNES,20,33,PABELLON DE ARTEAGA,URBANA,FRACCIONAMIENTO,POPULAR,89,CALLE,SEPTIMA,NULO,103,NULO,0,NULO,16 DE SEPTIEMBRE,IGNACIO RAMIREZ,OCTAVA,NULO,NULO,0,NULO,NULO,NULO,NULO,CELULAR,NULO,NULO,NULO,NULO,366,,,Robo a persona,-102.27478242,22.13843140
150236,JULIO,2016-07-02,SABADO,16,58,AGUASCALIENTES,URBANA,FRACCIONAMIENTO,LOMAS DE SANTA ANITA,478,CALLE,CANAL INTERCEPTOR,NULO,130,NULO,0,NULO,ALFONSO GARCIA R.,JOSE H. ESCOBEDO,RUBEN DARIO,NULO,NULO,0,NULO,NULO,NULO,NULO,NULO,NULO,NULO,BICICLETA,NULO,367,,,Robo a persona,-102.27354251,21.89212272
150252,JULIO,2016-07-02,SABADO,17,18,AGUASCALIENTES,URBANA,COLONIA,GREMIAL,917,CALLE,PINO SUAREZ,NULO,314,NULO,6,NULO,HEROE DE NACOZARI NORTE,20 DE NOVIEMBRE,VASCO DE GAMA,NULO,NULO,0,NULO,NULO,NULO,NULO,NULO,NULO,NULO,BICICLETA,NULO,368,,,Robo a persona,-102.28506843,21.88966788
151546,JULIO,2016-07-03,DOMINGO,20,18,JESUS MARIA,URBANA,COLONIA,SATURNINO HERRAN,131,CALLE,EL JARABE,NULO,113,NULO,0,NULO,NUEVA,EL GALLERO,LA OFRENDA,NULO,NULO,0,NULO,NULO,NULO,NULO,NULO,NULO,NULO,BICICLETA,NULO,369,,,Robo a persona,-102.29183153,22.00143021
150079,JULIO,2016-07-02,SABADO,12,33,AGUASCALIENTES,URBANA,UNIDAD HABITACIONAL,LOS VOLCANES,592,CALLE,POPOCATEPETL,NULO,0,NULO,0,NULO,PASEO DE LA CRUZ,CICTLALTEPEC,IZTLACCIHUATL,NULO,NULO,0,NULO,BOLSO,NULO,NULO,CELULAR,NULO,NULO,NULO,NULO,370,,,Robo a persona,-102.26988311,21.87390127
150311,JULIO,2016-07-02,SABADO,18,35,AGUASCALIENTES,URBANA,BARRIO,DE GUADALUPE,910,CALLE,NICOLAS BRAVO,NULO,0,NULO,0,NULO,GUADALUPE,EMILIANO ZAPATA,ANTONIO ARIAS BERNAL,NULO,NULO,0,NULO,NULO,NULO,NULO,CELULAR,NULO,NULO,NULO,NULO,371,,,Robo a persona,-102.30160858,21.88354976
150530,JULIO,2016-07-02,SABADO,23,20,AGUASCALIENTES,URBANA,FRACCIONAMIENTO,PINTORES MEXICANOS,443,CALLE,JUAN SORIANO,NULO,516,NULO,0,NULO,RAFAEL CORONEL,VICENTE ROJO,CARLOS FUENTES MARES,NULO,NULO,0,NULO,NULO,NULO,NULO,CELULAR,NULO,NULO,NULO,NULO,372,,,Robo a persona,-102.26495512,21.92035469
151086,JULIO,2016-07-03,DOMINGO,9,19,PABELLON DE ARTEAGA,URBANA,FRACCIONAMIENTO,PLUTARCO ELIAS CALLES,95,CALLE,NARCISO PERALES AVILA MINA,NULO,507,NULO,0,NULO,IGNACIO T. CHAVEZ,FELIPE COSIO,MAURO LOERA DONOSO,NULO,DINERO,50,NULO,NULO,CARTERA,NULO,NULO,NULO,NULO,NULO,LLAVES,373,,,Robo a persona,-102.28713492,22.14493697
151273,JULIO,2016-07-03,DOMINGO,2,55,AGUASCALIENTES,URBANA,FRACCIONAMIENTO,REAL DE HACIENDAS,492,CALLE,HACIENDA JURICA,NULO,136,NULO,0,NULO,SN HACIENDA CHENKU,POLIDUCTO,HACIENDA HUAXTLA,NULO,NULO,0,NULO,NULO,NULO,NULO,CELULAR,NULO,NULO,NULO,NULO,374,,,Robo a persona,-102.24207175,21.88757285
151922,JULIO,2016-07-04,LUNES,2,55,AGUASCALIENTES,URBANA,FRACCIONAMIENTO,MORELOS I,1120,AVENIDA,MARIANO HIDALGO,NULO,0,NULO,0,NULO,PRIMERA CONSTITUCION,ARTILLERO MIER,COBA,NULO,DINERO,300,NULO,NULO,NULO,NULO,NULO,NULO,NULO,NULO,NULO,375,,,Robo a persona,-102.25754004,21.85745928
152028,JULIO,2016-07-04,LUNES,8,58,AGUASCALIENTES,URBANA,FRACCIONAMIENTO,VISTA DEL SOL III,615,CALLE,ARQUEROS,NULO,0,NULO,0,NULO,LOYOLA ESCOBEDO,FEDERICO M. LOYOLA,AMANECER,NULO,NULO,0,NULO,BOLSO,NULO,NULO,NULO,NULO,NULO,NULO,NULO,376,,,Robo a persona,-102.26930115,21.86578380
152609,JULIO,2016-07-04,LUNES,22,48,AGUASCALIENTES,URBANA,FRACCIONAMIENTO,OJOCALIENTE I,741,AVENIDA,OJOCALIENTE,NULO,0,NULO,0,NULO,ALAMEDA,LOS NEGRITOS,SANDOVALES,NULO,NULO,0,NULO,NULO,NULO,NULO,CELULAR,NULO,NULO,NULO,NULO,377,,,Robo a persona,-102.25709405,21.89009062
152096,JULIO,2016-07-04,LUNES,11,42,AGUASCALIENTES,URBANA,COLONIA,ZONA CENTRO,906,PEATONAL,PLAZA DE LA REPUBLICA,NULO,0,NULO,0,NULO,FRANCISCO I. MADERO,NIETO,BENITO JUAREZ,NULO,NULO,0,NULO,BOLSO,NULO,NULO,NULO,NULO,NULO,NULO,NULO,378,,,Robo a persona,-102.29627024,21.88065268
152504,JULIO,2016-07-04,LUNES,21,27,SAN FRANCISCO DE LOS ROMO,RURAL,COMUNIDAD,LORETITO (CHARCO DEL TORO),304-P,CALLE,LAZARO CARDENAS,NULO,0,NULO,0,NULO,NINGUNO,NINGUNO,85,NULO,DINERO,300,NULO,NULO,NULO,NULO,CELULAR,NULO,NULO,NULO,NULO,379,,,Robo a persona,-102.24010644,22.00280650
152518,JULIO,2016-07-04,LUNES,21,39,SAN FRANCISCO DE LOS ROMO,URBANA,CONDOMINIO,SENDERO DE LOS QUETZALES,355-P,CARRETERA,65,NULO,0,NULO,0,NULO,NINGUNO,NINGUNO,NINGUNO,NULO,DINERO,0,NULO,NULO,NULO,NULO,CELULAR,NULO,NULO,NULO,LAMPARA,380,,,Robo a persona,-102.26459217,21.98029977
152871,JULIO,2016-07-05,MARTES,10,12,AGUASCALIENTES,URBANA,FRACCIONAMIENTO,CARTAGENA,322-P,CALLE,VIÑEDOS RIVIER,NULO,0,NULO,0,NULO,HECTOR LARA,POLIN AGUILAR,J MANUEL MORONES,NULO,DINERO,500,NULO,NULO,NULO,NULO,NULO,NULO,NULO,NULO,NULO,381,,,Robo a persona,-102.27674253,21.95647923
153593,JULIO,2016-07-06,MIERCOLES,10,57,AGUASCALIENTES,URBANA,COLONIA,GREMIAL,917,CALLE,20 DE NOVIEMBRE,NULO,712,NULO,0,NULO,GENERAL ENRIQUE ESTRADA,DOCTOR GERONIMO DE OROZCO,GENERAL FRANCISCO VILLA,NULO,DINERO,500,NULO,NULO,NULO,NULO,NULO,NULO,NULO,NULO,NULO,382,,,Robo a persona,-102.28709641,21.89386307
153639,JULIO,2016-07-06,MIERCOLES,12,28,AGUASCALIENTES,URBANA,FRACCIONAMIENTO,LAS BRISAS,677,AVENIDA,AGUASCALIENTES PONIENTE,NULO,1113,NULO,0,NULO,MAR CASPIO,MIGUEL RUELAS,MAR MEDITERRANEO,NULO,DINERO,1000,NULO,NULO,NULO,NULO,NULO,NULO,NULO,NULO,NULO,383,,,Robo a persona,-102.31694705,21.89532267
153805,JULIO,2016-07-06,MIERCOLES,16,32,AGUASCALIENTES,URBANA,CONDOMINIO,CENTRO COMERCIAL Y RESIDENCIAL ALTARIA,358,BOULEVARD,A ZACATECAS,NULO,0,NULO,0,NULO,AGUASCALIENTES,MONTES HIMALAYA,FERROCARRIL,NULO,DINERO,40,NULO,NULO,NULO,NULO,CELULAR,NULO,NULO,NULO,NULO,384,,,Robo a persona,-102.29105862,21.92161362
154000,JULIO,2016-07-06,MIERCOLES,21,44,AGUASCALIENTES,URBANA,FRACCIONAMIENTO,LAS BRISAS,677,CALLE,MAR JONICO,NULO,111,NULO,0,NULO,MAR CASPIO,MAR CARIBE,PEDRO GARCIA ROJAS,NULO,NULO,0,NULO,NULO,NULO,NULO,CELULAR,NULO,NULO,NULO,NULO,385,,,Robo a persona,-102.31525743,21.89685688
154358,JULIO,2016-07-07,JUEVES,13,1,AGUASCALIENTES,URBANA,FRACCIONAMIENTO,MIRADOR DE LAS CULTURAS II,494,AVENIDA,CULTURA MAYA,NULO,408,NULO,0,NULO,CULTURA NAZCA,LOMA DEL CARDENAL,NINGUNO,NULO,NULO,0,NULO,NULO,NULO,NULO,CELULAR,NULO,NULO,NULO,NULO,386,,,Robo a persona,-102.24271583,21.91203369
154255,JULIO,2016-07-07,JUEVES,17,21,AGUASCALIENTES,URBANA,FRACCIONAMIENTO,CONSTITUCION,794,CALLE,CONSTITUCION,NULO,302,A,0,NULO,ARTICULO CUARTO,ARTICULO TERCERO,PAULINO N. MARTI,NULO,NULO,0,NULO,NULO,NULO,NULO,CELULAR,NULO,NULO,NULO,NULO,387,,,Robo a persona,-102.28611089,21.91807456
154735,JULIO,2016-07-07,JUEVES,21,54,AGUASCALIENTES,URBANA,COLONIA,SAN MARCOS (DELEGCION CENTRO),736,AVENIDA,LICENCIADO ADOLFO LOPEZ MATEOS PONIENTE,NULO,0,NULO,0,NULO,NIETO,22 DE OCTUBRE,NICOLAS RAMIREZ,NULO,NULO,0,NULO,BOLSO,NULO,NULO,NULO,NULO,NULO,NULO,NULO,388,,,Robo a persona,-102.31120068,21.87455657
156034,JULIO,2016-07-09,SABADO,11,29,JESUS MARIA,URBANA,COLONIA,ZONA CENTRO,192,CALLE,ABASOLO,NULO,0,NULO,0,NULO,BELTRAN,LAS FLORES,GUADALUPE VICTORIA,NULO,DINERO,200,NULO,NULO,NULO,NULO,NULO,NULO,NULO,NULO,NULO,389,,,Robo a persona,-102.34759228,21.96454989
157488,JULIO,2016-07-10,DOMINGO,17,44,AGUASCALIENTES,URBANA,FRACCIONAMIENTO,INSURGENTES,1046,CALLE,GENERAL LUCIO BLANCO,NULO,0,NULO,0,NULO,DOCTOR MARIANO AZUELA,DOROTEO ARANGO,GENERAL ROQUE GONZALEZ,NULO,NULO,0,NULO,NULO,NULO,NULO,NULO,NULO,NULO,BICICLETA,NULO,390,,,Robo a persona,-102.30268093,21.85180997
155219,JULIO,2016-07-08,VIERNES,14,53,AGUASCALIENTES,URBANA,SIN TIPO,DEPORTIVO FERROCARRILERO,511,AVENIDA,MANUEL GOMEZ MORIN,NULO,0,NULO,0,NULO,ALAMEDA,NORBERTO GOMEZ,HEROICO COLEGIO MILITAR,NULO,NULO,0,NULO,NULO,NULO,NULO,CELULAR,NULO,NULO,NULO,NULO,391,,,Robo a persona,-102.27860944,21.88348244
155515,JULIO,2016-07-08,VIERNES,21,33,AGUASCALIENTES,URBANA,CONDOMINIO,MISION LA ALAMEDA,355,AVENIDA,TECNOLOGICO,NULO,0,NULO,0,NULO,OJOCALIENTE,BALNEARIOS,CONVENCION,NULO,DINERO,1500,NULO,NULO,CARTERA,NULO,CELULAR,NULO,NULO,NULO,NULO,392,,,Robo a persona,-102.26473977,21.88296363
155517,JULIO,2016-07-08,VIERNES,21,35,AGUASCALIENTES,URBANA,FRACCIONAMIENTO,VERSALLES I,960,CALLE,29 DE GRANADA,NULO,119,NULO,0,NULO,SANTANDER,DE LOS MAESTROS,MALAGA,NULO,NULO,0,NULO,NULO,NULO,NULO,CELULAR,NULO,NULO,NULO,NULO,393,,,Robo a persona,-102.31182624,21.86055072
156110,JULIO,2016-07-09,SABADO,13,41,AGUASCALIENTES,URBANA,CONDOMINIO,CENTRO COMERCIAL GALERIAS,357,CALLE,NINGUNO,NULO,0,NULO,0,NULO,A ZACATECAS,INDEPENDENCIA,MONTES HIMALAYA,NULO,NULO,0,NULO,NULO,CARTERA,NULO,NULO,NULO,NULO,NULO,NULO,394,,,Robo a persona,-102.29515138,21.92168124
156188,JULIO,2016-07-09,DOMINGO,15,30,AGUASCALIENTES,URBANA,FRACCIONAMIENTO,LA FUNDICION,681,AVENIDA,FUNDICION,NULO,0,NULO,0,NULO,PLATA,COBRE,MANUEL KANT,NULO,NULO,0,NULO,NULO,NULO,NULO,CELULAR,NULO,NULO,NULO,NULO,395,,,Robo a persona,-102.31483499,21.90089944
156905,JULIO,2016-07-10,DOMINGO,2,13,AGUASCALIENTES,URBANA,FRACCIONAMIENTO,PILAR BLANCO,981,AVENIDA,FAISAN,NULO,0,NULO,0,NULO,AGUILA,DEL ZENZONTLE,DE LA CIGUEÑA,NULO,NULO,0,NULO,NULO,NULO,NULO,CELULAR,NULO,NULO,NULO,LLAVES,396,,,Robo a persona,-102.29759927,21.85045892
156933,JULIO,2016-07-10,DOMINGO,2,35,AGUASCALIENTES,URBANA,COLONIA,VICENTE GUERRERO,1108,CALLE,GENERAL JULIAN MEDINA,NULO,311,A,0,NULO,SEGUNDA PRIVADA,PRIMERA REVOLUCION,REVOLUCION,NULO,NULO,0,NULO,NULO,NULO,NULO,CELULAR,NULO,NULO,NULO,NULO,397,,,Robo a persona,-102.31283248,21.84744019
157100,JULIO,2016-07-10,DOMINGO,4,39,AGUASCALIENTES,URBANA,FRACCIONAMIENTO,JOSE LOPEZ PORTILLO,955,CALLE,CORONEL VALENTE ARTEAGA,NULO,0,NULO,0,NULO,JOSE MARIA GONZALEZ BOCANEGRA,RICARDO GARCIA MENDOZA,CORONEL JOSE RINCON GALLARDO,NULO,NULO,0,NULO,NULO,NULO,NULO,NULO,CADENA,NULO,NULO,NULO,398,,,Robo a persona,-102.32577401,21.85462961
157370,JULIO,2016-07-10,DOMINGO,14,40,AGUASCALIENTES,URBANA,COLONIA,PRIMAVERA,914,CALLE,J. TRINIDAD PEDROZA,NULO,117,NULO,0,NULO,SARGENTO LIBERATO SANTA CRUZ,GRAN AVENIDA,CORONEL JESUS R. MACIAS,NULO,DINERO,2000,NULO,NULO,CARTERA,NULO,NULO,NULO,NULO,NULO,NULO,399,,,Robo a persona,-102.29190023,21.89143111
158024,JULIO,2016-07-11,LUNES,1,30,AGUASCALIENTES,URBANA,BARRIO,EL ENCINO,1096,AVENIDA,PASEO DE LA CRUZ,NULO,0,NULO,0,NULO,JOSEFA ORTIZ DE DOMINGUEZ,SEMERIA,SANTANA,NULO,NULO,0,NULO,NULO,NULO,NULO,CELULAR,NULO,NULO,NULO,NULO,400,,,Robo a persona,-102.28880127,21.87312062
158297,JULIO,2016-07-11,LUNES,11,22,AGUASCALIENTES,URBANA,FRACCIONAMIENTO,JOSE LOPEZ PORTILLO,955,AVENIDA,DE LOS MAESTROS,NULO,0,NULO,0,NULO,JOSE MARIA GONZALEZ BOCANEGRA,RICARDO GARCIA MENDOZA,GERARDO MURILLO,NULO,DINERO,0,NULO,NULO,NULO,NULO,NULO,NULO,NULO,NULO,NULO,401,,,Robo a persona,-102.31808718,21.85220556
158296,JULIO,2016-07-11,LUNES,11,22,AGUASCALIENTES,URBANA,FRACCIONAMIENTO,JARDINES DE AGUASCALIENTES (DELEGACION MORELOS),973,AVENIDA,CONVENCION DE 1914 SUR,NULO,403,A,0,NULO,JARDIN DE GUADALUPE,DIEGO DE IBARRA,PASEO JUAN DE TOLOSA,NULO,DINERO,300,NULO,NULO,NULO,NULO,NULO,NULO,NULO,NULO,NULO,402,,,Robo a persona,-102.28961205,21.86571134
158377,JULIO,2016-07-11,LUNES,13,29,AGUASCALIENTES,URBANA,COLONIA,SAN MARCOS (DELEGACION POCITOS),650,CALLE,PUEBLITO,NULO,0,NULO,0,NULO,CAMPECHE,LONDRES,PROLONGACION AQUILES ELORDUY,NULO,NULO,0,NULO,NULO,CARTERA,NULO,NULO,NULO,NULO,NULO,NULO,403,,,Robo a persona,-102.31652088,21.87853865
158290,JULIO,2016-07-11,LUNES,11,14,JESUS MARIA,URBANA,FRACCIONAMIENTO,LOMAS DE JESUS MARIA,164,CALLE,UXMAL,NULO,300,NULO,0,NULO,TULA,UXMAL,XOCHICALCO,NULO,NULO,0,NULO,NULO,NULO,NULO,NULO,NULO,NULO,BICICLETA,NULO,404,,,Robo a persona,-102.34304582,21.95182508
158518,JULIO,2016-07-11,JUEVES,17,4,AGUASCALIENTES,URBANA,COLONIA,LAS FLORES,1072,AVENIDA,DE LAS ORQUIDEAS,NULO,0,NULO,0,NULO,MARAVILLAS,JAZMINES,IGNACIO T. CHAVEZ,NULO,NULO,0,NULO,BOLSO,NULO,NULO,NULO,NULO,NULO,NULO,NULO,405,,,Robo a persona,-102.30160533,21.87467588
159226,JULIO,2016-07-12,MARTES,16,2,AGUASCALIENTES,URBANA,FRACCIONAMIENTO,HACIENDAS DE AGUASCALIENTES,410,AVENIDA,SIGLO XXI,NULO,0,NULO,0,NULO,HACIENDA DE OJOCALIENTE,HACIENDA EL TORIL,HACIENDA JALTOMATE,NULO,NULO,0,NULO,NULO,NULO,NULO,CELULAR,NULO,NULO,NULO,NULO,406,,,Robo a persona,-102.25131860,21.88767835
159800,JULIO,2016-07-13,MIERCOLES,11,50,AGUASCALIENTES,URBANA,FRACCIONAMIENTO,LOS SAUCES,401,CIRCUITO,MAGISTERIAL III,NULO,448,NULO,0,NULO,BAHIA DE ACAPULCO,DE LOS SAUCES,MAGISTERIAL I,NULO,DINERO,300,TIENDA,NULO,NULO,NULO,NULO,NULO,NULO,NULO,NULO,407,,,Robo a persona,-102.32013830,21.90113488
159899,JULIO,2016-07-13,MIERCOLES,14,24,AGUASCALIENTES,URBANA,FRACCIONAMIENTO,VILLAS DEL OESTE,1011,CALLE,ANDRES SOLER,NULO,113,NULO,0,NULO,PASEO DE LA ASUNCION,CARLOS LOPEZ MOCTEZUMA,PEDRO ARMENDARIZ,NULO,NULO,0,NULO,BOLSO,NULO,NULO,CELULAR,NULO,NULO,NULO,NULO,408,,,Robo a persona,-102.30214119,21.84259398
162502,JULIO,2016-07-16,SABADO,20,47,AGUASCALIENTES,URBANA,FRACCIONAMIENTO,HACIENDAS DE AGUASCALIENTES,410,AVENIDA,SIGLO XXI,NULO,0,NULO,0,NULO,HACIENDA MESILLAS,HACIENDA EL TORIL,HACIENDA LA ESCONDIDA,NULO,NULO,0,NULO,NULO,NULO,NULO,CELULAR,NULO,NULO,NULO,NULO,409,,,Robo a persona,-102.25223667,21.88977206
163819,JULIO,2016-07-17,DOMINGO,22,55,SAN FRANCISCO DE LOS ROMO,URBANA,FRACCIONAMIENTO,SAN JOSE DEL BARRANCO,7,CALLE,SALUD,NULO,0,NULO,0,NULO,EMPLEO,N/A,ECOLOGIA,NULO,NULO,0,NULO,NULO,NULO,NULO,NULO,NULO,NULO,BICICLETA,NULO,410,,,Robo a persona,-102.26250285,22.06932797
162501,JULIO,2016-07-16,SABADO,20,45,AGUASCALIENTES,URBANA,COLONIA,MARTINEZ DOMINGUEZ,1099,AVENIDA,MAHATMA GANDHI,NULO,0,NULO,0,NULO,CAPITAN DIEGO FERNANDEZ VILLA,VALENTE QUINTANILLA,VICTOR ROSALES,NULO,NULO,0,NULO,NULO,NULO,NULO,CELULAR,NULO,NULO,NULO,NULO,411,,,Robo a persona,-102.29492665,21.85576237
164677,JULIO,2016-07-18,LUNES,22,23,JESUS MARIA,URBANA,FRACCIONAMIENTO,PASEOS DE LAS HACIENDAS,213-P,CALLE,PASEOS DE LA ACEITUNA,NULO,443,NULO,0,NULO,PASEOS DEL SAUCE,PROLONGACION NIAGARA,PASEOS DE LA CEIBA,NULO,NULO,0,NULO,NULO,NULO,NULO,CELULAR,NULO,NULO,NULO,NULO,412,,,Robo a persona,-102.34427032,21.99370038
15398,JULIO,2016-07-19,MARTES,20,57,PABELLON DE ARTEAGA,URBANA,FRACCIONAMIENTO,SANTA ISABEL,230-P,CALLE,REAL DE CANANEA,NULO,443,NULO,0,NULO,REAL DE ZACATECAS,REAL DEL SALTO,REAL DE ASIENTOS,NULO,NULO,0,NULO,NULO,NULO,NULO,CELULAR,NULO,NULO,NULO,BOCINA,413,,,Robo a persona,-102.26933405,22.08151064
165384,JULIO,2016-07-19,MARTES,20,45,AGUASCALIENTES,URBANA,COLONIA,MARTINEZ DOMINGUEZ,1099,CALLE,VALENTE QUINTANA,NULO,0,NULO,0,NULO,JOSE MARIA GONZALEZ HERMOSILLO,VICTOR ROSALES,JOSE MARIA GONZALEZ HERMOSILLO,NULO,NULO,0,NULO,NULO,NULO,NULO,CELULAR,NULO,NULO,NULO,NULO,414,,,Robo a persona,-102.29704608,21.85244411
165267,JULIO,2016-07-19,MARTES,18,36,AGUASCALIENTES,URBANA,COLONIA,EL RIEGO,741,AVENIDA,SIGLO XXI,NULO,0,NULO,0,NULO,TANQUE DE LOS JIMENEZ,HACIENDA EL MILAGRO,LAS CUMBRES,NULO,NULO,0,NULO,NULO,NULO,NULO,CELULAR,NULO,NULO,NULO,NULO,415,,,Robo a persona,-102.25251040,21.88941000
165949,JULIO,2016-07-20,MIERCOLES,16,29,AGUASCALIENTES,URBANA,FRACCIONAMIENTO,ESPAÑA,1052,AVENIDA,DE LOS MAESTROS,NULO,0,NULO,0,NULO,TOLEDO,AGUASCALIENTES,ESPAÑA,NULO,NULO,0,NULO,NULO,NULO,NULO,CELULAR,NULO,NULO,NULO,NULO,416,,,Robo a persona,-102.31443241,21.85930111
166224,JULIO,2016-07-20,MIERCOLES,22,12,PABELLON DE ARTEAGA,URBANA,COLONIA,ZONA CENTRO,94,AVENIDA,PINO SUAREZ,NULO,0,NULO,0,NULO,SEBASTIAN LERDO DE TEJADA,HEROCIO COLEGIO MILITAR,AQUILES SERDAN,NULO,NULO,0,NULO,NULO,NULO,NULO,CELULAR,NULO,NULO,NULO,NULO,417,,,Robo a persona,-102.27814017,22.14808352
165881,JULIO,2016-07-20,MIERCOLES,14,30,AGUASCALIENTES,URBANA,FRACCIONAMIENTO,LOS PERICOS,770,AVENIDA,SAN COSME,NULO,316,NULO,0,NULO,SAN MIGUEL,SAN ALEJO,ALFA Y OMEGA,NULO,NULO,0,NULO,NULO,NULO,NULO,CELULAR,NULO,NULO,NULO,NULO,418,,,Robo a persona,-102.24360547,21.90333602
166549,JULIO,2016-07-21,JUEVES,12,17,JESUS MARIA,URBANA,COLONIA,ZONA CENTRO,192,CALLE,GUZMAN,NULO,0,NULO,0,NULO,JULIO CADENA,NINGUNO,JULIO CADENA,NULO,DINERO,350,NULO,NULO,CARTERA,NULO,NULO,NULO,NULO,NULO,NULO,419,,,Robo a persona,-102.34202501,21.96017460
166311,JULIO,2016-07-20,MIERCOLES,23,42,AGUASCALIENTES,URBANA,BARRIO,DE GUADALUPE,910,CALLE,EMILIANO ZAPATA,NULO,0,NULO,0,NULO,NICOLAS BRAVO,ANTONIO ARIAS BERNAL,RAFAEL GARCIA MACIAS,NULO,NULO,0,NULO,NULO,NULO,NULO,NULO,NULO,NULO,BICICLETA,NULO,420,,,Robo a persona,-102.30357900,21.88241759
167101,JULIO,2016-07-22,VIERNES,2,5,JESUS MARIA,URBANA,COLONIA,ARBOLEDAS PASO BLANCO,114,CALLE,CHAMPAÑA,NULO,202,NULO,0,NULO,EMPERADOR,SAN EMILION,MOLUCA,NULO,DINERO,50000,NULO,NULO,CARTERA,NULO,CELULAR,NULO,NULO,NULO,NULO,421,,,Robo a persona,-102.30203995,21.96394595
166932,JULIO,2016-07-21,JUEVES,22,33,AGUASCALIENTES,URBANA,FRACCIONAMIENTO,EJIDO LAS CUMBRES,403,CALLE,MONTE DE LAS CRUCES,NULO,0,NULO,0,NULO,SIERRA DE TLAHUILOTEPEC,SIERRA DE SAN BERNARDINO,PICACHO ORIENTE,NULO,NULO,0,NULO,NULO,NULO,NULO,CELULAR,NULO,NULO,NULO,NULO,422,,,Robo a persona,-102.25586729,21.91050538
167020,JULIO,2016-07-22,VIERNES,0,4,AGUASCALIENTES,URBANA,FRACCIONAMIENTO,J. GUADALUPE PERALTA GAMEZ,411,CALLE,ISABEL JIMENEZ DIAZ,NULO,448,NULO,0,NULO,JOSE GUERRA PALOS,JOSE TRINIDAD VELA SALAS,RECINTO MAGUEY,NULO,NULO,0,NULO,NULO,NULO,NULO,CELULAR,NULO,NULO,NULO,NULO,423,,,Robo a persona,-102.23538746,21.87110354
167511,JULIO,2016-07-22,VIERNES,17,37,AGUASCALIENTES,URBANA,FRACCIONAMIENTO,PASEOS DE SAN ANTONIO,324-P,CALLE,MENORCA,NULO,411,NULO,0,NULO,GALIA,EGEO,PATRAS,NULO,NULO,0,NULO,NULO,NULO,NULO,CELULAR,NULO,NULO,NULO,NULO,424,,,Robo a persona,-102.26804302,21.80879819
167806,JULIO,2016-07-22,VIERNES,23,37,AGUASCALIENTES,URBANA,FRACCIONAMIENTO,JOSE LOPEZ PORTILLO,955,CALLE,JOSE MARIA GONZALEZ BOCANEGRA,NULO,0,NULO,0,NULO,PROFESOR JOSE RAMIREZ PALOS,GENERAL PASCUAL CORNEJO BRUN,RICARDO GARCIA MENDOZA,NULO,NULO,0,NULO,NULO,NULO,NULO,CELULAR,NULO,NULO,NULO,NULO,425,,,Robo a persona,-102.32336176,21.85360575
167522,JULIO,2016-07-22,VIERNES,17,54,JESUS MARIA,URBANA,FRACCIONAMIENTO,PASO BLANCO,195-P,CALLE,SAN EMILION,NULO,111,C,0,NULO,MOSCATEL,MALAGA,PASO BLANCO,NULO,NULO,0,NULO,NULO,NULO,NULO,CELULAR,NULO,NULO,NULO,NULO,426,,,Robo a persona,-102.29820493,21.95992582
198959,JULIO,2016-07-24,DOMINGO,2,3,AGUASCALIENTES,URBANA,SIN TIPO,TEATRO AGUASCALIENTES,945,BOULEVARD,JOSE MARIA CHAVEZ,NULO,0,NULO,0,NULO,AGUASCALIENTES,SIGLO XXI,DEL PARQUE,NULO,NULO,0,NULO,NULO,NULO,NULO,CELULAR,NULO,NULO,NULO,NULO,427,,,Robo a persona,-102.29270964,21.85745895
169690,JULIO,2016-07-24,DOMINGO,20,25,JESUS MARIA,URBANA,COLONIA,CHICAHUALES,155,CALLE,ROMAN LOERA,NULO,410,NULO,0,NULO,GENOVEVO RIVERA,ROGELIO DELGADO,MERCED GOMEZ,NULO,NULO,0,NULO,NULO,NULO,NULO,CELULAR,NULO,NULO,NULO,NULO,428,MOTO,,Robo a persona,-102.35190825,21.94940972
169600,JULIO,2016-07-24,DOMINGO,19,2,AGUASCALIENTES,URBANA,COLONIA,SAN MARCOS (DELEGACION CENTRO),736,CALLE,DAVIOD REYNOSO FLORES,NULO,0,NULO,0,NULO,PRIMAVERA,25 DE ABRIL,ASUNCION,NULO,NULO,0,NULO,NULO,NULO,NULO,NULO,NULO,NULO,BICICLETA,NULO,429,,,Robo a persona,-102.31157691,21.88169477
169492,JULIO,2016-07-24,DOMINGO,16,28,AGUASCALIENTES,URBANA,FRACCIONAMIENTO,CONSTITUCION,794,AVENIDA,CONSTITUCION,NULO,0,NULO,0,NULO,ARTICULO 52,AGUASCALIENTES,ARTICULO 31,NULO,DINERO,1200,NULO,NULO,NULO,NULO,NULO,NULO,NULO,NULO,NULO,430,,,Robo a persona,-102.28099851,21.93792987
170259,JULIO,2016-07-25,LUNES,12,22,JESUS MARIA,URBANA,FRACCIONAMIENTO,PASEOS DE GOMEZ PORTUGAL,130,CALLE,PASEO DE GOMEZ PORTUGAL,NULO,203,NULO,0,NULO,PASEOS DE SAN ANTONIO,PASEO MIRAVALLE,NUEVA,NULO,NULO,0,NULO,NULO,NULO,NULO,NULO,NULO,NULO,BICICLETA,NULO,431,,,Robo a persona,-102.28991236,22.00246799
171147,JULIO,2016-07-26,MARTES,15,11,AGUASCALIENTES,URBANA,OTRO,AGROPECUARIO,763,CALLE,DURAZNO,NULO,18,NULO,0,NULO,CHABACANO,MANZANO,DURAZNO,NULO,NULO,0,NULO,NULO,NULO,NULO,CELULAR,NULO,NULO,NULO,NULO,432,,,Robo a persona,-102.29331763,21.91352094
171190,JULIO,2016-07-26,MARTES,16,24,AGUASCALIENTES,URBANA,FRACCIONAMIENTO,VILLA DE LAS FUENTES,495,CALLE,VILLAS DE CANCUN 203,NULO,0,NULO,0,NULO,VILLAS DE CANCUN,VILLAS DE VALLARTA,VILLAS DE CANCUN 205,NULO,NULO,0,NULO,NULO,NULO,NULO,CELULAR,NULO,NULO,NULO,NULO,433,,,Robo a persona,-102.23969763,21.91221340
171202,JULIO,2016-07-26,MARTES,16,48,AGUASCALIENTES,URBANA,FRACCIONAMIENTO,INSURGENTES,1046,CALLE,GENERAL FEDERICO MONTES,NULO,105,NULO,0,NULO,DOCTOR MARINAO AZUELA,DOROTEO ARANGO,PEDRO ANTONIO SANTOS,NULO,NULO,0,NULO,NULO,NULO,NULO,CELULAR,NULO,NULO,NULO,NULO,434,,MOTOCICLETA NEGRA,Robo a persona,-102.31083720,21.85385793
171404,JULIO,2016-07-26,MARTES,21,21,AGUASCALIENTES,URBANA,FRACCIONAMIENTO,VERSALLES II,1071,CALLE,GENERAL FRANCISCO CARRERA TORRES,NULO,0,NULO,0,NULO,AGUASCALEINTES SUR,LICENCIADO JESUS REYES HEROLES,GENERAL FORTUNATO MAYCOTE,NULO,NULO,0,NULO,NULO,NULO,NULO,CELULAR,NULO,NULO,NULO,NULO,435,,BICICLETA,Robo a persona,-102.30874392,21.85840268
171978,JULIO,2016-07-27,MIERCOLES,18,7,AGUASCALIENTES,URBANA,COLONIA,FERRONALES,520,CALLE,CATARINO DE ARREOLA,NULO,56,NULO,0,NULO,CATARINO DE ARREOLA,INGENIERO L. RAMIREZ,SERVANDO CANALES,NULO,NULO,0,NULO,NULO,NULO,NULO,CELULAR,NULO,NULO,NULO,CAMARA FOTOGRAFICA,436,,NULO,Robo a persona,-102.27739491,21.88772849
172490,JULIO,2016-07-28,JUEVES,10,20,AGUASCALIENTES,RURAL,COMUNIDAD,PEÑUELAS (EL CIENEGAL),27-P,CARRETERA,45,NULO,0,NULO,0,NULO,BOULEVARD AEROPUERTO,L,NINGUNO,NULO,DINERO,300,NULO,NULO,CARTERA,NULO,CELULAR,NULO,NULO,NULO,NULO,437,,NULO,Robo a persona,-102.27620674,21.73085178
172673,JULIO,2016-07-28,JUEVES,16,10,JESUS MARIA,URBANA,COLONIA,MARTINEZ ANDRADE,176,AVENIDA,SAN LORENZO,NULO,3,NULO,0,NULO,MIGUEL HIDALGO,ALDAMA,SAUCEDO,NULO,DINERO,500,NULO,NULO,NULO,NULO,NULO,NULO,NULO,NULO,NULO,438,,NULO,Robo a persona,-102.34400447,21.95907420
173028,JULIO,2016-07-28,JUEVES,23,30,PABELLON DE ARTEAGA,URBANA,FRACCIONAMIENTO,VERGEL DEL VALLE,98,CIRCUITO,PARRAS,NULO,194,NULO,0,NULO,PARRAS,PARRAS,PARRAS,NULO,NULO,0,NULO,NULO,NULO,NULO,CELULAR,NULO,NULO,NULO,NULO,439,,,Robo a persona,-102.28633541,22.14954804
174316,JULIO,2016-07-30,SABADO,15,32,AGUASCALIENTES,URBANA,FRACCIONAMIENTO,VILLA LOMA DORADA,500,CALLE,ELIAS DE LARA,NULO,0,NULO,0,NULO,VILLA ADELINA,VILLA CLARA,CELIA MARIA MARTINEZ,NULO,NULO,0,NULO,NULO,NULO,NULO,NULO,NULO,NULO,BICICLETA,NULO,440,,NULO,Robo a persona,-102.25121262,21.92757252
174372,JULIO,2016-07-30,SABADO,16,56,AGUASCALIENTES,URBANA,FRACCIONAMIENTO,VILLAS DE LA LOMA,454,CALLE,LOMA DEL CAMALEON,NULO,0,NULO,0,NULO,LOMA DEL AGUILA,LOMA DEL PUMA,LOMA DEL JABALI,NULO,DINERO,2000,NULO,NULO,MONEDER,NULO,NULO,NULO,NULO,NULO,NULO,441,,NULO,Robo a persona,-102.24669990,21.91162962
175539,JULIO,2016-07-31,DOMINGO,17,47,AGUASCALIENTES,URBANA,FRACCIONAMIENTO,EJIDO LAS CUMBRES,403,CALLE,MARTIRES DEL RIO BLANCO,NULO,0,NULO,0,NULO,SIERRA MADRE DEL SUR,CUMBRES DE TENANGO,SIERRA DE APATZINGAN,NULO,DINERO,0,NULO,NULO,NULO,NULO,NULO,NULO,NULO,NULO,NULO,442,,NULO,Robo a persona,-102.25107102,21.90856446
177064,AGOSTO,2016-08-02,MARTES,8,11,AGUASCALIENTES,URBANA,COLONIA,ZONA CENTRO,906,CALLE,JOSE MARIA MORELOS Y PAVON,NULO,0,NULO,0,NULO,UNION,PEDRO PARGA,RAMON LOPEZ VELARDE,NULO,NULO,0,NULO,NULO,NULO,NULO,CELULAR,NULO,NULO,NULO,NULO,443,,NULO,Robo a persona,-102.29541048,21.88426843
177589,AGOSTO,2016-08-02,MARTES,22,44,AGUASCALIENTES,URBANA,FRACCIONAMIENTO,JARDINES DE LA CRUZ (DELEGACION CENTRO),610,CALLE,ROBLE,NULO,0,NULO,0,NULO,PASEO DE LA CRUZ,ALMENDRO,SAUCE,NULO,NULO,0,NULO,NULO,NULO,NULO,NULO,NULO,NULO,BICICLETA,NULO,444,,NULO,Robo a persona,-102.27600499,21.87364038
177410,AGOSTO,2016-08-02,MARTES,19,26,AGUASCALIENTES,URBANA,FRACCIONAMIENTO,MUNICIPIO LIBRE,768,CALLE,LIBERALISMO,NULO,129,NULO,0,NULO,SEGURIDAD SOCIAL,NACIONAL,MIGUEL ANGEL BARBERENA VEGA,NULO,NULO,0,NULO,BOLSO,NULO,NULO,CELULAR,NULO,NULO,NULO,NULO,445,,MOTO ITALICA,Robo a persona,-102.26678976,21.89586097
177629,AGOSTO,2016-08-02,MARTES,23,17,AGUASCALIENTES,URBANA,FRACCIONAMIENTO,VILLAS DE NUESTRA SEÑORA DE LA ASUNCION (SECTOR GUADALUPE),402,CALLE,FELIPE DE UREÑA,NULO,0,NULO,0,NULO,FEDERICO MENDEZ,CELIA MARIA MARTINEZ,PORFIRIO PADILLA ENRIQUE,NULO,NULO,0,NULO,NULO,NULO,NULO,CELULAR,NULO,NULO,NULO,NULO,446,,NULO,Robo a persona,-102.25319061,21.93234600
177967,AGOSTO,2016-08-03,MIERCOLES,13,21,AGUASCALIENTES,URBANA,FRACCIONAMIENTO,JOSE LOPEZ PORTILLO,955,CALLE,JOSE MARIA GONZALEZ BOCANEGRA,NULO,0,NULO,0,NULO,CORONEL JOSE RINCON GALLARDO,SOBERANA CONVENCION MILITAR REVOLUCIONARIA PONIENTE,RICARDO GARCIA MENDOZA,NULO,NULO,0,NULO,NULO,NULO,NULO,CELULAR,NULO,NULO,NULO,NULO,447,,NULO,Robo a persona,-102.32639133,21.85466329
178290,AGOSTO,2016-08-03,MIERCOLES,21,31,AGUASCALIENTES,URBANA,FRACCIONAMIENTO,PILAR BLANCO,981,PROLONGACION,PASEO DE LA ASUNCION,NULO,0,NULO,0,NULO,AGUILA,BUITRE,CODORNIZ,NULO,NULO,0,NULO,NULO,NULO,NULO,CELULAR,NULO,NULO,NULO,NULO,448,,NULO,Robo a persona,-102.30101870,21.84983453
178844,AGOSTO,2016-08-04,JUEVES,15,30,AGUASCALIENTES,URBANA,SIN TIPO,DESARROLLO ESPECIAL INEGI,999,AVENIDA,HEROES DE NACOZARI,NULO,0,NULO,0,NULO,INEGI,DEL LAGO,PASEO DE LAS GARZAS,NULO,NULO,0,NULO,NULO,NULO,NULO,CELULAR,NULO,NULO,NULO,NULO,449,,NULO,Robo a persona,-102.28289982,21.85797543
180207,AGOSTO,2016-08-06,VIERNES,1,26,AGUASCALIENTES,URBANA,FRACCIONAMIENTO,LOMAS DEL MIRADOR II,617,CALLE,LOMA AMARILLA,NULO,114,NULO,0,NULO,30 DE SEPTIEMBRE,JUANA DE ARCO,LOMA BLANCA,NULO,NULO,0,NULO,NULO,NULO,NULO,CELULAR,NULO,NULO,NULO,NULO,450,,NULO,Robo a persona,-102.25826667,21.84979294
182483,AGOSTO,2016-08-08,LUNES,9,34,PABELLON DE ARTEAGA,URBANA,COLONIA,PROGRESO SUR,96,CALLE,TEODORO OLIVARES SUR,NULO,0,NULO,0,NULO,DIONISIO MARTINEZ TREJO,GREGORIO DELGADO DE LIRA,FRANCISCO SERNA DE LARA SUR,NULO,NULO,0,NULO,NULO,NULO,NULO,CELULAR,NULO,NULO,NULO,NULO,451,,NULO,Robo a persona,-102.28268586,22.14361613
182566,AGOSTO,2016-08-08,LUNES,12,49,AGUASCALIENTES,URBANA,FRACCIONAMIENTO,BULEVAR,733,CALLE,LUIS ADOLFO,NULO,0,,0,,JOSE ARMANDO,HERNAN GONZALEZ,JOSE MARIA CHAVEZ,NULO,DINERO,600,NULO,NULO,NULO,NULO,NULO,NULO,NULO,NULO,NULO,452,,NULO,Robo a persona,-102.29369363,21.86875399
182868,AGOSTO,2016-08-08,LUNES,20,10,AGUASCALIENTES,URBANA,FRACCIONAMIENTO,PRADOS DE VILLASUNCION,946,CALLE,PARQUE DE LOS NARANJOS,NULO,221,NULO,0,NULO,MAHATMA GANDHI,PARQUE DE LOS EUCALIPTOS,AGUILA,NULO,NULO,0,NULO,NULO,CARTERA,NULO,CELULAR,NULO,NULO,NULO,NULO,453,,NULO,Robo a persona,-102.29565339,21.84906153
179674,AGOSTO,2016-08-05,VIERNES,15,53,JESUS MARIA,URBANA,COLONIA,UNIDAD DEPORTIVA CIELO CLARO,222,AVENIDA,MIGUEL HIDALGO,NULO,0,NULO,0,NULO,NINGUNO,NINGUNO,NINGUNO,NULO,NULO,0,NULO,NULO,NULO,NULO,CELULAR,NULO,NULO,NULO,NULO,454,,NULO,Robo a persona,-102.34158151,21.95798601
181052,AGOSTO,2016-08-07,DOMINGO,0,13,AGUASCALIENTES,URBANA,FRACCIONAMIENTO,LOMAS DE ORIENTE I,453,CALLE,LOMA SECA,NULO,203,NULO,0,NULO,LOMA DEL NORTE,JUAN JOSE ARREOLA,LOMA DEL MIRADOR,NULO,NULO,0,NULO,NULO,NULO,NULO,CELULAR,NULO,CHAMARRA,NULO,NULO,455,,NULO,Robo a persona,-102.25474967,21.91534585
181331,AGOSTO,2016-08-07,DOMINGO,2,39,AGUASCALIENTES,URBANA,FRACCIONAMIENTO,LOMAS DEL AJEDREZ,1121,CALLE,DEL FISHER,NULO,102,NULO,2,B,DEL REY,DE FISHER 104,AJEDRCISTAS,NULO,NULO,0,NULO,NULO,NULO,NULO,CELULAR,NULO,NULO,NULO,NULO,456,,NULO,Robo a persona,-102.25206745,21.84540046
181582,AGOSTO,2016-08-07,DOMINGO,6,40,AGUASCALIENTES,URBANA,FRACCIONAMIENTO,INSURGENTES,1046,CALLE,INGENIERO CAMILO ARRIAGA,NULO,304,NULO,0,NULO,ABRAHAM GONZALEZ,GENERAL LUIS MOYA,DOCTOR FRANCISCO VAZQUEZ,NULO,DINERO,1500,NULO,NULO,NULO,NULO,NULO,NULO,NULO,NULO,NULO,457,,NULO,Robo a persona,-102.31550531,21.85143844
181832,AGOSTO,2016-08-07,DOMINGO,15,28,AGUASCALIENTES,URBANA,FRACCIONAMIENTO,MUNICIPIO LIBRE,768,CALLE,AMISTAD,NULO,0,NULO,0,NULO,ESFUERZO NACIONAL,ESCUDO,PRADERA,NULO,NULO,0,NULO,NULO,NULO,NULO,CELULAR,NULO,NULO,NULO,NULO,458,,NULO,Robo a persona,-102.25076807,21.89472475
182767,AGOSTO,2016-08-08,LUNES,17,53,AGUASCALIENTES,URBANA,FRACCIONAMIENTO,LOMAS DE ORIENTE I,453,CALLE,LOMA DEL MEZQUITE,NULO,107,NULO,0,NULO,LOMA DEL NORTE,JUAN JOSE ARREOLA,LOMA DLE PANAL,NULO,NULO,0,NULO,NULO,NULO,NULO,CELULAR,NULO,NULO,NULO,NULO,459,,NULO,Robo a persona,-102.25407256,21.91395172
182796,AGOSTO,2016-08-08,LUNES,18,31,AGUASCALIENTES,URBANA,FRACCIONAMIENTO,JARDINES DE SANTA ELENA 2A. SECCION,1106,CALLE,REPUBLICA DE NICARAGUA,NULO,0,NULO,0,NULO,CONVENCION DE 1914 SUR,REPUBLICA DE GUATEMALA,LAS AMERICAS,NULO,NULO,0,NULO,BOLSO,NULO,NULO,NULO,NULO,NULO,NULO,NULO,460,,NULO,Robo a persona,-102.30410164,21.86691477
183350,AGOSTO,2016-08-09,MARTES,14,28,AGUASCALIENTES,URBANA,CONDOMINIO,PASEOS DE SANTA MONICA,1034,AVENIDA,PALMAS DE GUINEA,NULO,0,NULO,0,NULO,SIGLO XXI,PASEOS DE AFRICA,PASEOS DE SAIDA,NULO,DINERO,1000,NULO,NULO,NULO,NULO,NULO,NULO,NULO,NULO,NULO,461,,NULO,Robo a persona,-102.31528432,21.84282811
183352,AGOSTO,2016-08-09,MARTES,14,30,AGUASCALIENTES,URBANA,COLONIA,ZONA CENTRO,906,CALLE,DOCTOR JESUS DIAZ DE LEON,NULO,117,NULO,0,NULO,ANTONIO ACEVEDO E.,FRANCISCO G. HORNEDO,CRISTOBAL COLON,NULO,DINERO,1200,NULO,NULO,NULO,NULO,NULO,NULO,NULO,NULO,NULO,462,,NULO,Robo a persona,-102.29405882,21.87966652
183470,AGOSTO,2016-08-09,MARTES,18,11,AGUASCALIENTES,URBANA,FRACCIONAMIENTO,VILLA LAS PALMAS III,564,AVENIDA,MARIANO HIDALGO,NULO,4210,NULO,0,NULO,PALMA AUGUSTA,PALMA RIZADA,PALMA CRISTI,NULO,NULO,0,NULO,NULO,NULO,NULO,NULO,NULO,NULO,NULO,CACHUCHA,463,,NULO,Robo a persona,-102.23526541,21.85358556
183602,AGOSTO,2016-08-09,MARTES,21,28,AGUASCALIENTES,URBANA,COLONIA,DEL CARMEN,911,CALLE,DEL CARMEN,NULO,317,NULO,0,NULO,SAN CARLOS,SAN ALBERTO,LA LUZ,NULO,NULO,0,NULO,NULO,NULO,NULO,CELULAR,NULO,NULO,NULO,NULO,464,,NULO,Robo a persona,-102.30217180,21.88872531
182640,AGOSTO,2016-08-08,LUNES,14,50,AGUASCALIENTES,URBANA,FRACCIONAMIENTO,ESPAÑA,1052,AVENIDA,DE LOS MAESTROS,NULO,0,NULO,0,NULO,AGUASCALIENTES,ESPAÑA,TOLEDO,NULO,NULO,0,NULO,NULO,NULO,NULO,CELULAR,NULO,NULO,NULO,NULO,465,,NULO,Robo a persona,-102.31417442,21.85928752
183931,AGOSTO,2016-08-10,MIERCOLES,10,58,AGUASCALIENTES,URBANA,COLONIA,ZONA CENTRO,906,CALLE,5 DE MAYO,NULO,0,NULO,0,NULO,LARREATEGUI,JARDIN DE ZARAGOZA,JOSE MARIA MORELOS Y PAVON,TIMO,DINERO,11000,BANORTE DEL CENTRO,NULO,NULO,NULO,NULO,NULO,NULO,NULO,NULO,466,,,Robo a persona,-102.29691540,21.88669300
191473,AGOSTO,2016-08-19,VIERNES,11,16,AGUASCALIENTES,URBANA,FRACCIONAMIENTO,PROGRESO,450,CALLE,BLAS E. ROMO,NULO,0,NULO,0,NULO,JUAN DOUGLAS,GENERAL LAZARO CARDENAS,SEGUNDA PROGRESO,NULO,NULO,0,NULO,NULO,NULO,MP3,NULO,NULO,NULO,NULO,NULO,467,,NULO,Robo a persona,-102.26099653,21.90734330
191923,AGOSTO,2016-08-19,VIERNES,22,4,AGUASCALIENTES,URBANA,FRACCIONAMIENTO,CIRCUNVALACION NORTE (DELEGACION CENTRO),399,AVENIDA,CONVENCION DE 1914 NORTE,NULO,0,NULO,0,NULO,PRIMAVERA,PALMA,ALFREDO LEWIS,NULO,NULO,0,NULO,NULO,NULO,NULO,NULO,NULO,NULO,BICICLETA,NULO,468,,NULO,Robo a persona,-102.29915856,21.89866910
192627,AGOSTO,2016-08-20,SABADO,17,18,AGUASCALIENTES,URBANA,FRACCIONAMIENTO,PROGRESO,450,CALLE,GUADALUPE RIVERA,NULO,0,NULO,0,NULO,GENERAL LAZARO CARDENAS,JUAN DOUGLAS,JUAN DOMINGUEZ,NULO,NULO,0,NULO,NULO,CARTERA,NULO,NULO,NULO,NULO,NULO,NULO,469,,NULO,Robo a persona,-102.26510569,21.90584060
194308,AGOSTO,2016-08-22,LUNES,5,34,AGUASCALIENTES,URBANA,FRACCIONAMIENTO,VILLA DE LAS FUENTES,495,CALLE,VILLAS DE IXTAPA,NULO,115,A,0,NULO,VILLAS DE ACAPULCO,VILLAS DE VALLARTA,VILLAS DE MANZANILLO,NULO,NULO,0,NULO,NULO,NULO,NULO,CELULAR,NULO,NULO,NULO,NULO,470,,NULO,Robo a persona,-102.23971311,21.91415155
184849,AGOSTO,2016-08-11,JUEVES,16,38,AGUASCALIENTES,URBANA,FRACCIONAMIENTO,INSURGENTES,1046,CALLE,GENERAL MATEO ALMANZA,NULO,0,NULO,0,NULO,DOCTOR MARIANO AZUELA,CONVENCION,BELISARIO DOMINGUEZ,NULO,NULO,0,NULO,NULO,NULO,NULO,CELULAR,NULO,NULO,NULO,NULO,471,,NULO,Robo a persona,-102.30933580,21.85155293
184991,AGOSTO,2016-08-11,JUEVES,20,21,AGUASCALIENTES,URBANA,COLONIA,MORELOS,918,AVENIDA,HEROE DE NACOZARI NORTE,NULO,0,NULO,0,NULO,CONVENCION DE 1914 NORTE,CELSO BERNAL,20 DE NOVIEMBRE,NULO,NULO,0,NULO,NULO,NULO,NULO,CELULAR,NULO,NULO,NULO,NULO,472,,MOTO NEGRA,Robo a persona,-102.28868328,21.90198474
185503,AGOSTO,2016-08-12,VIERNES,13,48,AGUASCALIENTES,URBANA,SIN TIPO,DESARROLLO SIN DELIMITACION OFICIAL NO. 57,697,CALLE,HUMBERTO GONZALEZ ABAD,NULO,0,NULO,0,NULO,GUADALUPANO,JUVENTINO DE LA TORRE,GUADALUPANO,NULO,NULO,0,NULO,NULO,NULO,NULO,CELULAR,NULO,NULO,NULO,NULO,473,,NULO,Robo a persona,-102.24552603,21.91797363
186636,AGOSTO,2016-08-13,SABADO,18,36,AGUASCALIENTES,URBANA,CONDOMINIO,EXPO-PLAZA,1054,AVENIDA,LICENCIADO ADOLFO LOPEZ MATEOS PONIENTE,NULO,0,NULO,0,NULO,ARTURO J. PANI,RINCON,RAYON,NULO,NULO,0,NULO,NULO,NULO,NULO,CELULAR,NULO,NULO,NULO,NULO,474,,NULO,Robo a persona,-102.30563605,21.87603596
157475,AGOSTO,2016-08-14,DOMINGO,5,44,AGUASCALIENTES,URBANA,UNIDAD HABITACIONAL,IV CENTENARIO,1065,CALLE,DELICIAS,NULO,0,NULO,0,NULO,LA SALUD,HEROE DE NACOZARI,LA SALUD,NULO,NULO,0,NULO,NULO,NULO,NULO,NULO,NULO,NULO,BICICLETA,CIGARROS,475,,NULO,Robo a persona,-102.28108949,21.86952157
188785,AGOSTO,2016-08-15,LUNES,18,35,AGUASCALIENTES,URBANA,FRACCIONAMIENTO,OJOCALIENTE III,525,CALLE,CAÑADA GRANDE,NULO,0,NULO,0,NULO,EL CHIQUIHUITE,BETULIA,SAN FRANCISCO DE LOS VIVEROS,NULO,NULO,0,NULO,NULO,NULO,NULO,CELULAR,NULO,NULO,NULO,CACHUCHA,476,,NULO,Robo a persona,-102.24354635,21.88244295
188967,AGOSTO,2016-08-15,LUNES,22,7,AGUASCALIENTES,URBANA,COLONIA,CURTIDORES,748,PROLONGACION,DOCTOR SALVADOR QUEZADA LIMON,NULO,0,NULO,0,NULO,GUADALUPE,GUSTAVO A. QUINTERO,PASEO DEL RIO,NULO,DINERO,500,NULO,NULO,CARTERA,NULO,NULO,NULO,NULO,NULO,NULO,477,,NULO,Robo a persona,-102.31898821,21.88659227
189421,AGOSTO,2016-08-16,MARTES,13,53,AGUASCALIENTES,URBANA,FRACCIONAMIENTO,BONA GENS,527,AVENIDA,PASEO DE LA CRUZ,NULO,0,NULO,0,NULO,LORENA,MAYRA,AURORA,NULO,NULO,0,NULO,BOLSO,NULO,NULO,NULO,NULO,NULO,NULO,NULO,478,,NULO,Robo a persona,-102.26679875,21.87461665
189695,AGOSTO,2016-08-16,MARTES,20,37,AGUASCALIENTES,URBANA,FRACCIONAMIENTO,LAS ARBOLEDAS,758,CALLE,MARGIL DE JESUS,NULO,0,NULO,0,NULO,ACACIA,LAUREL,CONVENCION DE 1914 NORTE,NULO,NULO,0,NULO,BOLSO,NULO,NULO,NULO,NULO,NULO,NULO,NULO,479,,NULO,Robo a persona,-102.30209918,21.89993229
190224,AGOSTO,2016-08-17,MIERCOLES,16,8,AGUASCALIENTES,URBANA,BARRIO,EL ENCINO,1096,PEATONAL,PIMENTEL,NULO,0,NULO,0,NULO,DOCTOR JESUS DIAZ DE LEON,PIMENTEL,PROFESORA VICENTA TRUJILLO,NULO,NULO,0,NULO,NULO,NULO,NULO,CELULAR,NULO,NULO,NULO,NULO,480,,NULO,Robo a persona,-102.29330810,21.87519480
191258,AGOSTO,2016-08-19,VIERNES,0,45,AGUASCALIENTES,URBANA,COLONIA,SAN PABLO,921,CALLE,PETROLEOS MEXICANOS,NULO,0,NULO,0,NULO,MARINA NACIONAL,LIBERTAD,RIO SANTIAGO,NULO,NULO,0,NULO,NULO,NULO,NULO,NULO,NULO,NULO,NULO,SIN DATOS,481,,NULO,Robo a persona,-102.29877377,21.89029243
191926,AGOSTO,2016-08-19,VIERNES,22,7,AGUASCALIENTES,URBANA,FRACCIONAMIENTO,CASA BLANCA,553,AVENIDA,AGUASCALIENTES SUR,NULO,0,NULO,0,NULO,MARIANO ESCOBEDO,IGNACIO VALTIERRA,CAUDILLOS,NULO,DINERO,100,NULO,NULO,NULO,NULO,NULO,NULO,NULO,NULO,NULO,482,,NULO,Robo a persona,-102.27313466,21.85978580
191961,AGOSTO,2016-08-19,VIERNES,22,42,AGUASCALIENTES,URBANA,COLONIA,OJO DE AGUA (II),535,AVENIDA,CONVENCION DE 1914 SUR,NULO,0,NULO,0,NULO,MARIANO ESCOBEDO,AVENIDA FERROCARRIL,CEDAZO,NULO,NULO,0,NULO,NULO,NULO,NULO,CELULAR,NULO,NULO,NULO,NULO,483,,NULO,Robo a persona,-102.27708772,21.86786453
192504,AGOSTO,2016-08-20,SABADO,13,38,AGUASCALIENTES,URBANA,FRACCIONAMIENTO,VILLAS DE NUESTRA SEÑORA DE LA ASUNCION (SECTOR ESTACION),502,CALLE,DOMINGO VELASCO,NULO,0,NULO,0,NULO,JESUS GARCIA CORONA,JUAN CONTRERAS PALACIOS,VALLE DE LOS ROMEROS,NULO,NULO,0,NULO,NULO,NULO,NULO,CELULAR,NULO,NULO,NULO,NULO,484,,NULO,Robo a persona,-102.25829124,21.93893188
192855,AGOSTO,2016-08-20,SABADO,21,40,AGUASCALIENTES,URBANA,COLONIA,SAN MAROCS (DELEGACION CENTRO),736,CALLE,SAN MARCOS,NULO,208,NULO,0,NULO,PROLONGACION AQUILES ELORDUY,TALAMANTES,ASUNCION,NULO,NULO,0,NULO,NULO,NULO,NULO,CELULAR,NULO,NULO,NULO,NULO,485,,NULO,Robo a persona,-102.31017387,21.87983781
193430,AGOSTO,2016-08-21,DOMINGO,5,17,AGUASCALIENTES,URBANA,FRACCIONAMIENTO,PILAR BLANCO,981,PROLONGACION,PASEO DE LA ASUNCION,NULO,0,NULO,0,NULO,SIGLO XXI,PASEO AVE DEL PARAISO,CANARIO,NULO,NULO,0,NULO,NULO,NULO,NULO,CELULAR,NULO,NULO,NULO,NULO,486,,NULO,Robo a persona,-102.30137796,21.84567345
194245,AGOSTO,2016-08-22,LUNES,2,34,AGUASCALIENTES,URBANA,FRACCIONAMIENTO,J. GUADALUPE PERALTA GAMEZ,411,CALLE,URBANISMO,NULO,38,NULO,0,NULO,TEODULO CASTAÑEDA CAMACHO,URBANISMO,CALIXTO SERNA VALDIVIA,NULO,DINERO,0,NULO,NULO,NULO,NULO,CELULAR,NULO,NULO,NULO,NULO,487,,NULO,Robo a persona,-102.23981825,21.87323820
184378,AGOSTO,2016-08-22,LUNES,9,23,AGUASCALIENTES,URBANA,UNIDAD HABITACIONAL,POTRERO DEL OESTE,1098,PROLONGACION,PASEO DE LA ASUNCION,NULO,0,NULO,0,NULO,MAYOR PABLO GARCIA,AMANECER,NINGUNO,NULO,NULO,0,NULO,NULO,NULO,NULO,CELULAR,NULO,NULO,NULO,NULO,488,,NULO,Robo a persona,-102.30133116,21.84197343
194466,AGOSTO,2016-08-22,LUNES,12,47,AGUASCALIENTES,URBANA,COLONIA,ZONA CENTRO,906,CALLE,5 DE MAYO,NULO,0,NULO,0,NULO,GENERAL IGNACIO ALLENDE ORIENTE,FRANCISCO I. MADERO,VICTORIA,PACAZO,DINERO,9500,BANCOMER CENTRO,NULO,NULO,NULO,NULO,NULO,NULO,NULO,NULO,489,,NULO,Robo a persona,-102.29703669,21.88198622
194531,AGOSTO,2016-08-22,LUNES,14,39,AGUASCALIENTES,URBANA,COLONIA,GREMIAL,917,CALLE,DOCTOR ISIDRO CALERA,NULO,0,NULO,0,NULO,DOCTOR CARLOS M. LOPEZ,INGANIERO TOMAS MEDINA UGARTE,GENERAL FRANCISCO VILLA,NULO,NULO,0,NULO,NULO,NULO,NULO,CELULAR,NULO,NULO,NULO,NULO,490,,NULO,Robo a persona,-102.29092207,21.89873420
194559,AGOSTO,2016-08-22,LUNES,15,32,AGUASCALIENTES,URBANA,FRACCIONAMIENTO,COLINAS DEL RIO,398,CALLE,RIO SENA,NULO,211,NULO,0,NULO,RIO BRAVO,RIO COLORADO,RIO AMAZONAS,NULO,NULO,0,NULO,NULO,NULO,NULO,CELULAR,NULO,NULO,NULO,NULO,491,,NULO,Robo a persona,-102.31972517,21.89397273
196682,AGOSTO,2016-08-25,JUEVES,11,54,AGUASCALIENTES,URBANA,BARRIO,LA SALUD,1122,CALLE,ACUEDUCTO,NULO,0,NULO,0,NULO,COSIO,JOSEFA ORTIZ DE DOMINGUEZ,PASEO DE LA CRUZ,NULO,NULO,0,NULO,NULO,NULO,NULO,NULO,NULO,NULO,BICICLETA,NULO,492,,NULO,Robo a persona,-102.28751053,21.87223016
195419,AGOSTO,2016-08-23,MARTES,18,35,AGUASCALIENTES,URBANA,COLONIA,OJO DE AGUA,986,AVENIDA,FERROCARRIL,NULO,0,NULO,0,NULO,CONVENCION DE 1914 SUR,LOS DIAZ,CRUCITAS,NULO,NULO,0,NULO,NULO,NULO,LAPTOP,NULO,NULO,NULO,NULO,NULO,493,,NULO,Robo a persona,-102.27843287,21.86718055
195989,AGOSTO,2016-08-24,MIERCOLES,14,28,AGUASCALIENTES,URBANA,FRACCIONAMIENTO,OJOCALIENTE I,741,AVENIDA,OJOCALIENTE,NULO,0,NULO,0,NULO,JALTOMATE,EL SALTO DE LOS SALADOS,JALTOMATE,NULO,NULO,0,NULO,NULO,NULO,NULO,CELULAR,NULO,NULO,NULO,NULO,494,,NULO,Robo a persona,-102.25635287,21.88496345
196320,AGOSTO,2016-08-24,MIERCOLES,22,5,AGUASCALIENTES,URBANA,FRACCIONAMIENTO,INSURGENTES,1046,AVENIDA,DOCTOR ARINAO AZUELA,NULO,102,NULO,0,NULO,DOCTOR FRANCISCO VAZQUEZ GOMEZ,INGENIERO CAMILO ARRIAGA,DOROTEO ARANGO,NULO,NULO,0,NULO,NULO,NULO,NULO,CELULAR,NULO,NULO,NULO,NULO,495,,NULO,Robo a persona,-102.31372197,21.85453860
196914,AGOSTO,2016-08-25,JUEVES,18,40,AGUASCALIENTES,URBANA,FRACCIONAMIENTO,BOSQUES DEL PRADO SUR,777,AVENIDA,AGUASCALIENTES,NULO,203,NULO,0,NULO,SAN JUAN DE LOS LAGOS,SIERRA DE TEPOZAN,SIERRA DE LA ESCONDIDA,NULO,NULO,0,NULO,BOLSO,NULO,NULO,NULO,NULO,NULO,NULO,NULO,496,,MOTO,Robo a persona,-102.31063542,21.91611215
197056,AGOSTO,2016-08-25,JUEVES,22,9,AGUASCALIENTES,URBANA,BARRIO,LA PURISIMA,915,AVENIDA,ALAMEDA,NULO,0,NULO,0,NULO,HEROE DE NACOZARI,EZEQUIEL A. CHAVEZ,EZEQUIEL A. CHAVEZ,NULO,NULO,0,NULO,NULO,NULO,NULO,CELULAR,NULO,NULO,NULO,NULO,497,,NULO,Robo a persona,-102.28246283,21.88243797
197505,AGOSTO,2016-08-26,VIERNES,14,3,AGUASCALIENTES,URBANA,FRACCIONAMIENTO,ESPAÑA,1052,CALLE,MADRID,NULO,236,NULO,0,NULO,ESPAÑA,ZAMORA,CORDOBA,NULO,NULO,0,NULO,NULO,NULO,NULO,CELULAR,NULO,NULO,BICICLETA,MOCHILA,498,,NULO,Robo a persona,-102.31552878,21.86628914
197796,AGOSTO,2016-08-26,VIERNES,21,33,AGUASCALIENTES,URBANA,FRACCIONAMIENTO,LOMA DEL COBANO,474,CALLE,LIRA,NULO,0,NULO,0,NULO,PISCIS,CANCER,LIBRA,NULO,DINERO,100,NULO,NULO,CARTERA,NULO,NULO,NULO,NULO,NULO,NULO,499,,NULO,Robo a persona,-102.27618880,21.90493809
198221,AGOSTO,2016-08-27,SABADO,9,53,AGUASCALIENTES,URBANA,COLONIA,ZONA CENTRO,906,ARCE,GENERAL VICENTE GUERRERO,NULO,217,A,0,NULO,ARCE,GENERAL VICENTE GUERRERO SUR,INSURGENTES,NULO,NULO,0,NULO,NULO,NULO,NULO,CELULAR,NULO,NULO,NULO,NULO,500,,NULO,Robo a persona,-102.29813992,21.87840616
198321,AGOSTO,2016-08-27,SABADO,12,41,AGUASCALIENTES,URBANA,FRACCIONAMIENTO,ARROYO EL MOLINO,902,CALLE,MOLINO DEL REY,NULO,128,NULO,0,NULO,ARROYO MOLINO DEL SUR,JEREZ,ARTICULO PRIMERO,NULO,NULO,0,NULO,NULO,NULO,NULO,CELULAR,NULO,NULO,NULO,NULO,501,,BICICLETA,Robo a persona,-102.28531201,21.93517571
199242,AGOSTO,2016-08-28,DOMINGO,4,6,AGUASCALIENTES,URBANA,FRACCIONAMIENTO,DEL VALLE 1A. SECCION,734,AVENIDA,AGUASCALIENTES PONIENTE,NULO,0,NULO,0,NULO,ROMA,LICENCIADO ADOLFO LOPEZ MATEOS PONIENTE,LONDRES,NULO,NULO,0,NULO,NULO,NULO,NULO,CELULAR,NULO,NULO,NULO,NULO,502,,NULO,Robo a persona,-102.31849862,21.87211265
199436,AGOSTO,2016-08-28,DOMINGO,10,50,AGUASCALIENTES,URBANA,FRACCIONAMIENTO,OJOCALIENTE FOVISSTE II,395,CALLE,CERRO DEL COBRE,NULO,208,NULO,0,NULO,CERRO DEL FRAILE,CERRO DE LA JOYA,CERRO DE LA JOYA,NULO,NULO,0,NULO,NULO,NULO,NULO,CELULAR,NULO,NULO,NULO,NULO,503,,NULO,Robo a persona,-102.26090180,21.87377222
199608,AGOSTO,2016-08-28,DOMINGO,15,51,SAN FRANCISCO DE LOS ROMO,URBANA,FRACCIONAMIENTO,URBIVILLAS DEL VERGEL,348-P,AMPLIACION,SAN JERONIMO,NULO,0,NULO,0,NULO,SAN ANDRES PONIENTE,CALZADA SANTA FE,SAN BLAS,NULO,NULO,0,NULO,NULO,NULO,NULO,CELULAR,NULO,NULO,NULO,NULO,504,,NULO,Robo a persona,-102.27743368,22.03243686
201212,AGOSTO,2016-08-30,MARTES,13,12,AGUASCALIENTES,URBANA,FRACCIONAMIENTO,BONA GENS,527,CALLE,TANYVETH,NULO,124,NULO,0,NULO,SARA,TAYDE,IZTACCIHUATL,NULO,NULO,0,NULO,NULO,NULO,NULO,CELULAR,NULO,NULO,NULO,NULO,505,,NULO,Robo a persona,-102.26740132,21.87700998
201214,AGOSTO,2016-08-30,MARTES,13,19,AGUASCALIENTES,URBANA,FRACCIONAMIENTO,J. GUADALUPE PERALTA GAMEZ,411,AVENIDA,PROCERES DE LA ENSEÑANZA,NULO,1202,NULO,0,NULO,ANASTACIO DIAZ,CARLOS CORRAL CHAVERO,ISABEL JIMENEZ DIAZ,NULO,NULO,0,NULO,NULO,NULO,NULO,CELULAR,NULO,NULO,NULO,NULO,506,,NULO,Robo a persona,-102.23668835,21.86973815
201788,AGOSTO,2016-08-31,MIERCOLES,7,14,AGUASCALIENTES,URBANA,COLONIA,ZONA CENTRO,906,PEATONAL,VENUSTIANO CARRANZA,NULO,0,NULO,0,NULO,GALEANA NORTE,GENERAL VICENTE GUERRERO NORTE,GENERAL IGNACIO ALLENDE NORTE,NULO,NULO,0,NULO,NULO,NULO,NULO,NULO,NULO,NULO,NULO,SIN DATOS,507,,NULO,Robo a persona,-102.29782981,21.88046329
202026,AGOSTO,2016-08-31,MIERCOLES,14,36,AGUASCALIENTES,URBANA,COLONIA,HEROES (DELEGACION CENTRO),522,CALLE,TENIENTE JUAN DE LA BARRERA,NULO,103,NULO,0,NULO,FERNANDO MONTES DE OCA,AGUSTIN MELGAR,VICENTE SUAREZ,NULO,NULO,0,NULO,NULO,NULO,NULO,CELULAR,NULO,NULO,NULO,NULO,508,,MOTO,Robo a persona,-102.27693641,21.88298307
202389,AGOSTO,2016-08-31,MIERCOLES,23,37,AGUASCALIENTES,URBANA,FRACCIONAMIENTO,BOULEVARES 1A. SECCION,1047,CALLE,EUGENIO ALCALA,NULO,0,NULO,0,NULO,PROFESOR ENRIQUE OLIVARES SANTANA,DOROTEO ARANGO,PROFESOR ENRIQUE OLIVARES SANTANA,NULO,NULO,0,NULO,NULO,NULO,TABLET,NULO,NULO,NULO,NULO,NULO,509,,MOTO,Robo a persona,-102.30299791,21.85362072
202544,SEPTIEMBRE,2016-09-01,JUEVES,6,40,AGUASCALIENTES,URBANA,FRACCIONAMIENTO,VILLAS DE SAN ANTONIO,1045,CALLE,PADUA,NULO,0,NULO,0,NULO,FORLI,RIMINI,13 DE JUNIO,NULO,NULO,0,NULO,BOLSO,NULO,NULO,CELULAR,NULO,NULO,NULO,,510,,BICICLETA,Robo a persona,-102.31253765,21.84427766
201323,AGOSTO,2016-08-30,MARTES,16,42,AGUASCALIENTES,URBANA,FRACCIONAMIENTO,VILLAS DEL PILAR I,975,AVENIDA,SIGLO XXI,NULO,0,NULO,0,NULO,PASEO DE LA ASUNCION,CARLOS LOPEZ MOCTEZUMA,SARA GARCIA,NULO,NULO,0,NULO,NULO,NULO,NULO,CELULAR,NULO,NULO,NULO,NULO,511,,BICICLETA,Robo a persona,-102.30202707,21.84518632
201515,AGOSTO,2016-08-30,MARTES,21,57,AGUASCALIENTES,URBANA,FRACCIONAMIENTO,INSURGENTES,1046,CALLE,ABRAHAM GONZALEZ,NULO,0,NULO,0,NULO,JUAN SARABIA,GENERAL ROQUE GONZALEZ GARZA,GENERAL LUIS MOYA,NULO,NULO,0,NULO,NULO,NULO,NULO,CELULAR,NULO,NULO,NULO,NULO,512,,NULO,Robo a persona,-102.30280941,21.84840350
201735,AGOSTO,2016-08-31,MIERCOLES,3,9,AGUASCALIENTES,URBANA,COLONIA,MIRAVALLE,750,CALLE,CARLOS BARRON,NULO,0,NULO,0,NULO,FUNDICION,ARQUITECTO ANTONIO AVILA CASTAÑEDA,FRANCISCO SARABIA,NULO,NULO,0,NULO,NULO,NULO,NULO,CELULAR,NULO,NULO,NULO,NULO,513,,NULO,Robo a persona,-102.30868708,21.89189440
200461,AGOSTO,2016-08-29,LUNES,13,38,AGUASCALIENTES,URBANA,DESARROLLO ESPECIAL,TRES CENTURIAS ESPECIAL (II),916,AVENIDA,ALAMEDA,NULO,0,NULO,0,NULO,28 DE AGOSTO,FERROCARRIL,FRANCISCO I. MADERO,NULO,NULO,0,NULO,NULO,NULO,NULO,CELULAR,NULO,NULO,NULO,NULO,514,,NULO,Robo a persona,-102.28025323,21.88359629
200471,AGOSTO,2016-08-29,LUNES,13,55,AGUASCALIENTES,URBANA,DESARROLLO ESPECIAL,TRES CENTURIAS ESPECIAL,753,AVENIDA,MANUEL GOMEZ MORIN,NULO,0,NULO,0,NULO,FELIPE PESCADOR,ING. L. RAMIREZ,SERVANDO CANALES,NULO,NULO,0,NULO,NULO,NULO,NULO,CELULAR,GUITARRA,NULO,NULO,NULO,515,,NULO,Robo a persona,-102.27915423,21.88679665
193812,AGOSTO,2016-08-21,DOMINGO,18,31,AGUASCALIENTES,URBANA,FRACCIONAMIENTO,VILLAS DEL COBANO,439,CALLE,CIRCUITO LACUSTRE,NULO,311,NULO,0,NULO,LAGO CUITZEO,CIRCUITO LACUSTRE,ANTONIO OROZCO,NULO,NULO,0,NULO,NULO,NULO,NULO,NULO,NULO,NULO,NULO,AUDIFONOS,516,,NULO,Robo a persona,-102.28121446,21.90927043
202758,AGOSTO,2016-09-01,LUNES,13,58,AGUASCALIENTES,URBANA,FRACCIONAMIENTO,OJOCALIENTE III,525,CALLE,SAN FRANCISCO DE LOS VIVEROS,NULO,0,NULO,0,NULO,EL TURICATE,SAN PEDRO,LAS CUEVAS,NULO,NULO,0,NULO,NULO,NULO,NULO,CELULAR,NULO,NULO,NULO,NULO,517,,MOTO NEGRO CON ROJO,Robo a persona,-102.24515363,21.88058155
202788,SEPTIEMBRE,2016-09-01,JUEVES,14,35,AGUASCALIENTES,URBANA,CONDOMINIO,OJOCALIENTE INEGI,740,CALLE,EL NOVILLO,NULO,0,NULO,0,NULO,LAS NORIAS,LA GUAYANA,DEL MALACATE,NULO,NULO,0,NULO,NULO,NULO,CELULAR,NULO,NULO,NULO,NULO,MOCHILA,518,,NULO,Robo a persona,-102.25167976,21.87645443
203633,SEPTIEMBRE,2016-09-02,VIERNES,15,47,AGUASCALIENTES,URBANA,FRACCIONAMIENTO,VISTAS DEL SOL II,614,AVENIDA,ARQUEROS,NULO,0,NULO,0,NULO,CENIT,NADIR,AMANECER,NULO,NULO,0,NULO,NULO,NULO,NULO,NULO,NULO,NULO,BICICLETA,NULO,519,,,Robo a persona,-102.26930992,21.86312806
205468,SEPTIEMBRE,2016-09-04,DOMINGO,8,24,AGUASCALIENTES,URBANA,FRACCIONAMIENTO,CIRCUNVALACION NORTE (DELEGACION POCITOS),808,AVENIDA,INDEPENDENCIA,NULO,0,NULO,0,NULO,MARGIL DE JESUS,CONVENCION DE 1914 NORTE,ENCINO,NULO,NULO,0,NULO,NULO,NULO,NULO,NULO,NULO,NULO,NULO,MOCHILA,520,,,Robo a persona,-102.29614661,21.90077118
205196,SEPTIEMBRE,2016-09-04,DOMINGO,2,14,AGUASCALIENTES,URBANA,FRACCIONAMIENTO,PILAR BLANCO,981,ANDADOR,DEL GAVILAN,5MG,10,NULO,0,NULO,VICTOR ROSALES,CANARIO,AVEZTRUZ,NULO,DINERO,750,NULO,NULO,CARTERA,NULO,CELULAR,NULO,NULO,NULO,CASCO,521,,,Robo a persona,-102.29812514,21.85324040
205408,SEPTIEMBRE,2016-09-04,DOMINGO,5,25,AGUASCALIENTES,URBANA,FRACCIONAMIENTO,LAS CUMBRES,441,AVENIDA,SIGLO XXI,NULO,0,NULO,0,NULO,EL PICACHO,MARIA GUADALUPE RUIZ DE CHAVEZ PINALES,LA UNION,NULO,NULO,0,NULO,NULO,NULO,NULO,CELULAR,NULO,NULO,NULO,NULO,522,,,Robo a persona,-102.25980013,21.90993484
205845,SEPTIEMBRE,2016-09-04,DOMINGO,19,22,AGUASCALIENTES,URBANA,CONDOMINIO,PASEOS DE SANTA MONICA,1034,PRIVADA,PASEOS DE ANDAR,NULO,0,NULO,0,NULO,PASEOS DE ARGEL,PASEOS DE CARTAGO,PASEOS DE ANDAR,NULO,DINERO,0,NULO,BOLSO,NULO,NULO,CELULAR,NULO,NULO,NULO,NULO,523,,,Robo a persona,-102.31628976,21.84049460
206216,SEPTIEMBRE,2016-09-05,LUNES,4,24,AGUASCALIENTES,URBANA,COLONIA,ZONA CENTRO,906,CALLE,LARREATEGUI,NULO,0,NULO,0,NULO,5 DE MAYO,GENERAL GUADALUPE VICTORIA,VALENTIN GOMEZ FARIAS,NULO,NULO,0,NULO,NULO,NULO,NULO,CELULAR,NULO,NULO,NULO,NULO,524,,,Robo a persona,-102.29758618,21.88573776
206475,SEPTIEMBRE,2016-09-05,LUNES,14,25,AGUASCALIENTES,URBANA,UNIDAD HABITACIONAL,LOS VOLCANES,592,CALLE,POPOCATEPETL,NULO,0,NULO,0,NULO,PASEO DE LA CRUZ,CITLALTEPEC,CONVENCION DE 1914 ORIENTE,NULO,NULO,0,NULO,NULO,NULO,NULO,CELULAR,NULO,NULO,NULO,NULO,525,,BICICLETA,Robo a persona,-102.27000721,21.87427633
204642,SEPTIEMBRE,2016-09-03,SABADO,16,47,AGUASCALIENTES,URBANA,SIN TIPO,PLAZA COMERCIAL EL PATIO (DESARROLLO SIN DELIMITACION OFICIAL NO. 24,727,AVENIDA,MAHATMA GANDHI,NULO,0,NULO,0,NULO,AGUASCALIENTES,FRAY JUNIPERO SERRA,PASEO DE LA ASUNCION,NULO,NULO,0,NULO,NULO,NULO,NULO,NULO,NULO,NULO,NULO,NULO,526,,NULO,Robo a persona,-102.29625906,21.85981869
207096,SEPTIEMBRE,2016-09-06,MARTES,8,26,AGUASCALIENTES,URBANA,COLONIA,LAS FLORES,1072,CALLE,JAZMINES,NULO,0,NULO,0,NULO,DE LAS ORQUIDEAS,LOS LAURELES,JOSE F. ELIZONDO,NULO,NULO,0,NULO,NULO,CARTERA,NULO,CELULAR,NULO,NULO,NULO,NULO,527,,NULO,Robo a persona,-102.30114479,21.87509478
207429,SEPTIEMBRE,2016-09-06,MARTES,18,44,AGUASCALIENTES,URBANA,FRACCIONAMIENTO,SANTA ELENA,1105,CALLE,BRASILIA,NULO,701,NULO,0,NULO,REPUBLICA DE BELICE,IGNACIO T. CHAVEZ,IGNACIO T. CHAVEZ,NULO,NULO,0,NULO,NULO,NULO,NULO,CELULAR,NULO,NULO,NULO,NULO,528,,NULO,Robo a persona,-102.30583799,21.87164802
207739,SEPTIEMBRE,2016-09-07,MIERCOLES,3,6,AGUASCALIENTES,URBANA,FRACCIONAMIENTO,INSURGENTES,1046,CALLE,GENERAL CESAREO CASTRO,NULO,131,NULO,0,NULO,DE LA PAZ,CONVENCION,DOCTOR FRANCISCO VAZQUEZ GOMEZ,NULO,NULO,0,NULO,NULO,NULO,NULO,CELULAR,NULO,NULO,NULO,NULO,529,,NULO,Robo a persona,-102.31363551,21.85301075
207959,SEPTIEMBRE,2016-09-07,MIERCOLES,13,45,AGUASCALIENTES,URBANA,UNIDAD HABITACIONAL,IV CENTENARIO,1065,AVENIDA,PASEO DE LA CRUZ,NULO,0,NULO,0,NULO,FERROCARRIL,HEROE DE NACOZARI,PASEO JOSE MARIA CHAVEZ,NULO,NULO,0,NULO,NULO,NULO,NULO,CELULAR,NULO,NULO,NULO,NULO,530,,CHEVY,Robo a persona,-102.27903224,21.87352062
208067,SEPTIEMBRE,2016-09-07,MIERCOLES,16,52,AGUASCALIENTES,URBANA,BARRIO,LA ESTACION,745,AVENIDA,ALAMEDA,NULO,0,NULO,0,NULO,MANUEL GOMEZ MORIN,GENERAL MARIANO ARISTA,ARQUITECTO J. REFUGIO REYES,NULO,NULO,0,NULO,NULO,NULO,NULO,CELULAR,NULO,NULO,NULO,NULO,531,,NULO,Robo a persona,-102.28096485,21.88302673
108187,SEPTIEMBRE,2016-09-07,MIERCOLES,20,35,AGUASCALIENTES,URBANA,FRACCIOANMIENTO,INSURGENTES,1046,CALLE,SERAPIO RENDON,NULO,304,NULO,0,NULO,CONVENCION,ABRAHAM GONZALEZ,ANTONIO DIAZ SOTO Y GAMA,NULO,NULO,0,NULO,NULO,NULO,NULO,CELULAR,NULO,NULO,NULO,NULO,532,,NULO,Robo a persona,-102.30647223,21.85051199
108483,SEPTIEMBRE,2016-09-08,JUEVES,6,27,AGUASCALIENTES,URBANA,FRACCIONAMIENTO,VILLAS DE NUESTRA SEÑORA DE LA ASUNCION (SECTOR ALAMEDA),516,CALLE,RODRIGO RINCON GALLARDO,NULO,0,NULO,0,NULO,VALLE DE LOS ROMERO,RODOLFO RODARTE,LUIS CHAVEZ,NULO,NULO,0,NULO,NULO,NULO,NULO,CELULAR,NULO,NULO,NULO,NULO,533,,NULO,Robo a persona,-102.26436865,21.93385591
208741,SEPTIEMBRE,2016-09-08,JUEVES,15,22,AGUASCALIENTES,URBANA,OTRO,AGROPECUARIO,763,BOULEVARD,A ZACATECAS,NULO,0,NULO,0,NULO,DURAZNO,COMERCIO,MANZANO,PACAZO,DINERO,27000,BANORTE AGROPECUARIO,NULO,NULO,NULO,NULO,NULO,NULO,NULO,NULO,534,,NULO,Robo a persona,-102.29230263,21.91303318
209535,SEPTIEMBRE,2016-09-09,VIERNES,15,21,AGUASCALIENTES,URBANA,FRACCIONAMIENTO,INSURGENTES,1046,AVENIDA,CONVENCION,NULO,0,NULO,0,NULO,GENERAL JOSE ISABEL ROBLES,LICENCIADO LUIS CABRERA,ABRAHAM GONZALEZ,NULO,NULO,0,NULO,NULO,NULO,NULO,CELULAR,NULO,NULO,NULO,NULO,535,,NULO,Robo a persona,-102.30479063,21.85039006
210573,SEPTIEMBRE,2016-09-10,SABADO,15,53,AGUASCALIENTES,URBANA,COLONIA,NUEVA ESPAÑA,976,AVENIDA,DE LOS MAESTROS,NULO,0,NULO,0,NULO,FRAY TORIBIO BENAVENTE,NINGUNO,FRAY JUAN DE SUMARAGA,NULO,NULO,0,NULO,BOLSO,NULO,NULO,NULO,NULO,NULO,NULO,NULO,536,,NULO,Robo a persona,-102.31526238,21.85720823
210714,SEPTIEMBRE,2016-09-10,SABADO,19,2,AGUASCALIENTES,URBANA,FRACCIONAMIENTO,INSURGENTES,1046,CALLE,GENERAL JOSE ISABEL ROBLES,NULO,217,NULO,0,NULO,DOCTOR MARIANO AZUELA,CONVENCION,LICENCIADO LUIS CABRERA,NULO,NULO,0,NULO,NULO,NULO,NULO,CELULAR,NULO,NULO,NULO,NULO,537,,NULO,Robo a persona,-102.30441640,21.85118937
209571,SEPTIEMBRE,2016-09-09,VIERNES,16,14,AGUASCALIENTES,URBANA,COLONIA,DEL TRABAJO (DELEGACION CENTRO),521,AVENIDA,ALAMEDA,NULO,0,NULO,0,NULO,FRATERNIDAD,HEROICO COLEGIO MILITAR,BELLAS ARTES,NULO,NULO,0,NULO,NULO,NULO,NULO,CELULAR,NULO,NULO,NULO,NULO,538,,NULO,Robo a persona,-102.27398566,21.88400408
209918,SEPTIEMBRE,2016-09-09,VIERNES,22,32,AGUASCALIENTES,URBANA,UNIDAD HABITACIONAL,LAZARO CARDENAS,1079,AVENIDA,PASEO DE LA CRUZ,NULO,0,NULO,0,NULO,FERROCARRIL,SAHOP,SARH,NULO,NULO,0,NULO,NULO,NULO,NULO,CELULAR,NULO,NULO,NULO,NULO,539,,MOTO,Robo a persona,-102.27852798,21.87372049
210155,SEPTIEMBRE,2016-09-10,SABADO,2,6,AGUASCALIENTES,URBANA,FRACCIONAMIENTO,FUNDADORES,623,CALLE,JULIA NAVARRETE,NULO,128,NULO,0,NULO,LUISA FERNANDEZ VILLA,MARGARITA MAZA DE JUARES,VOCEADORES,NULO,NULO,0,NULO,NULO,NULO,NULO,CELULAR,NULO,NULO,NULO,NULO,540,,TSURU NEGRO,Robo a persona,-102.24349132,21.85135710
211682,SEPTIEMBRE,2016-09-11,DOMINGO,11,16,AGUASCALIENTES,URBANA,FRACCIONAMIENTO,BULEVAR,733,AVENIDA,JOSE MARIA CHAVEZ,NULO,0,NULO,0,NULO,HERNAN GONZALEZ,JOSE ARMANDO,LUIS ADOLFO,NULO,NULO,0,0,NULO,NULO,NULO,CELULAR,NULO,NULO,NULO,NULO,541,,BICICLETA,Robo a persona,-102.29458397,21.86844062
211975,SEPTIEMBRE,2016-09-11,DOMINGO,19,11,AGUASCALIENTES,URBANA,COLONIA,DEL CARMEN,911,CALLE,LA LUZ,NULO,0,NULO,0,NULO,SANTO TOMAS,ALAMAN,DEL CARMEN,NULO,DINERO,0,NULO,BOLSO,NULO,NULO,CELULAR,NULO,NULO,NULO,NULO,542,,NULO,Robo a persona,-102.30425733,21.88965699
212108,SEPTIEMBRE,2016-09-11,DOMINGO,21,32,AGUASCALIENTES,URBANA,FRACCIONAMIENTO,JARDINES DE SANTA ELENA 2A. SECCION.,1106,AVENIDA,CONVENCION DE 1914 SUR,NULO,0,NULO,0,NULO,REPUBLICA DE BELICE,SANTANDER,REPUBLICA DE PERU,NULO,NULO,0,NULO,NULO,NULO,NULO,CELULAR,NULO,NULO,NULO,NULO,543,,NULO,Robo a persona,-102.30695200,21.86750362
212306,SEPTIEMBRE,2016-09-12,LUNES,0,53,AGUASCALIENTES,URBANA,FRACCIONAMIENTO,MORELOS II,622,CALLE,MEXICO LIBRE,NULO,0,NULO,0,NULO,MARIANO JIMENES,SIGLO XXI,HERMANOS GALEANA,NULO,NULO,0,NULO,NULO,NULO,NULO,CELULAR,NULO,NULO,NULO,CACHUCHA,544,,NULO,Robo a persona,-102.26512178,21.85272542
212527,SEPTIEMBRE,2016-09-12,LUNES,9,37,AGUASCALIENTES,URBANA,COLONIA,MACIAS ARELLANO,505,CALLE,CAMINO AL COBANO,NULO,0,NULO,0,NULO,P,PASEO DE LA SOLIDARIDAD,G,NULO,NULO,0,NULO,NULO,NULO,NULO,CELULAR,NULO,NULO,NULO,NULO,545,,NULO,Robo a persona,-102.28421275,21.90499586
213350,SEPTIEMBRE,2016-09-13,MARTES,9,34,AGUASCALIENTES,URBANA,FRACCIONAMIENTO,RODOLFO LANDEROS GALLEGOS,459,CALLE,PAZ ROMO DE VIVAR,NULO,1417,NULO,0,NULO,POLIDUCTO,GENERAL LAZARO CARDENAS,EXPROPIACION PETROLERA,NULO,NULO,0,NULO,NULO,NULO,NULO,CELULAR,NULO,NULO,NULO,NULO,546,,NULO,Robo a persona,-102.25026357,21.90433497
213577,SEPTIEMBRE,2016-09-13,MARTES,16,3,AGUASCALIENTES,URBANA,FRACCIONAMIENTO,MIRADOR DE LAS CULTURAS,442,AVENIDA,CULTURA MAYA,NULO,0,NULO,0,NULO,CULTURA MAYA 104,RODOLFO LANDEROS GALLEGOS,CULTURA AZTECA,NULO,NULO,0,NULO,NULO,NULO,NULO,CELULAR,NULO,NULO,NULO,NULO,547,,ITALIKA ROJA,Robo a persona,-102.24304577,21.90574663
213684,SEPTIEMBRE,2016-09-13,MARTES,18,38,AGUASCALIENTES,URBANA,SIN TIPO,AREA DE RESTRICCION NO 41 (TERMINAL DE CAMIONES URBANOS SANTA MONICA),964,TERRACERIA,SIN DATOS,NULO,0,NULO,0,NULO,MAHATMA GANDHI,JOSE MARIA CHAVEZ,JOSE MARIA CHAVEZ,NULO,NULO,0,NULO,NULO,NULO,NULO,NULO,NULO,NULO,NULO,GUITARRA,548,,NULO,Robo a persona,-102.28912646,21.82425521
217851,SEPTIEMBRE,2016-09-18,DOMINGO,12,58,AGUASCALIENTES,URBANA,FRACCIONAMIENTO,LOS PERICOS,770,CALLE,SANTA GABRIELA,NULO,208,NULO,0,NULO,SAN FEDERICO,SANTA CECILIA,SANTA ANITA,NULO,DINERO,100,NULO,NULO,NULO,NULO,NULO,NULO,NULO,NULO,NULO,549,,NULO,Robo a persona,-102.24747446,21.90568229
212880,SEPTIEMBRE,2016-09-12,LUNES,19,0,AGUASCALIENTES,URBANA,FRACCIONAMIENTO,VILLAS DE NUESTRA SEÑORA DE LA ASUNCION (SECTOR SAN MARCOS),435,CALLE,GASPAR DE LA FUENTE,NULO,0,NULO,0,NULO,JUAN BAUTISTA DE CONDE,FUERTE DE CIENEGA GRANDE,PEDRO HERNANDEZ DE SANTA FE,NULO,DINERO,200,NULO,NULO,NULO,NULO,NULO,NULO,NULO,NULO,NULO,550,,NULO,Robo a persona,-102.26211615,21.92705124
212887,SEPTIEMBRE,2016-09-12,LUNES,19,0,AGUASCALIENTES,URBANA,FRACCIONAMIENTO,JARDINES DEL SOL,566,AVENIDA,MARIANO ESCOBEDO,NULO,0,NULO,0,NULO,AGUASCALIENTES SUR,AURORA BOREAL,30 DE SEPTIEMBRE,NULO,NULO,0,NULO,NULO,NULO,NULO,CELULAR,NULO,NULO,NULO,NULO,551,,BICICLETA,Robo a persona,-102.27280805,21.86048777
212974,SEPTIEMBRE,2016-09-12,LUNES,20,56,AGUASCALIENTES,URBANA,FRACCIONAMIENTO,JESUS GOMEZ PORTUGAL,528,AVENIDA,PERSEO,NULO,0,NULO,0,NULO,COCHERO,ESCORPION,ACUARIO,NULO,NULO,0,NULO,NULO,NULO,NULO,CELULAR,NULO,NULO,NULO,NULO,552,,NULO,Robo a persona,-102.26854388,21.86977764
213861,SEPTIEMBRE,2016-09-13,MARTES,22,12,AGUASCALIENTES,URBANA,FRACCIONAMIENTO,MUNICIPIO LIBRE,768,CALLE,ESFUERZO NACIONAL,NULO,0,NULO,0,NULO,POLIDUCTO,PIMIENTA EL CALDERO,REINAS DE LA FERIA,NULO,NULO,0,NULO,NULO,NULO,NULO,CELULAR,NULO,NULO,NULO,NULO,553,,NULO,Robo a persona,-102.24685521,21.89723919
214061,SEPTIEMBRE,2016-09-14,MIERCOLES,4,53,AGUASCALIENTES,URBANA,COLONIA,EL LLANITO,988,CALLE,2 DE ENERO,NULO,101,NULO,0,NULO,EULALIO GUTIERREZ,5 DE FEBRERO,2 DE ABRIL,NULO,NULO,0,NULO,NULO,NULO,NULO,CELULAR,NULO,NULO,NULO,NULO,554,,NULO,Robo a persona,-102.28690869,21.87787400
214296,SEPTIEMBRE,2016-09-14,MIERCOLES,13,55,AGUASCALIENTES,URBANA,DESARROLLO ESPECIAL,ZONA FERIAL,1063,AVENIDA,LICENCIADO ADOFLO LOPEZ MATEOS PONIENTE,NULO,0,NULO,0,NULO,JOSE F. ELIZONDO,RAFAEL RODRIGUEZ DOMINGUEZ,LOS LAURELES,NULO,NULO,0,NULO,NULO,NULO,NULO,CELULAR,NULO,NULO,NULO,NULO,555,,NULO,Robo a persona,-102.30234392,21.87627462
214388,SEPTIEMBRE,2016-09-14,MIERCOLES,16,25,AGUASCALIENTES,URBANA,FRACCIONAMIENTO,JESUS TERAN PEREDO,587,CALLE,FELIPE ANGELES,NULO,408,NULO,0,NULO,GENERAL PLUTARCO ELIAS CALLES,DE LAS PALMAS,ANTONIO FEMAT ESPARZA,NULO,NULO,0,NULO,NULO,NULO,NULO,CELULAR,NULO,NULO,NULO,NULO,556,,ITALIKA,Robo a persona,-102.27381651,21.87071061
214623,SEPTIEMBRE,2016-09-14,MIERCOLES,21,51,AGUASCALIENTES,URBANA,COLONIA,SAN MARCOS (DELEGACION CENTRO),736,AVENIDA,CONVENCION DE 1914 PONIENTE,NULO,0,NULO,0,NULO,NAVARRETE,PARIS,NICOLAS RAMIREZ,NULO,NULO,0,NULO,BOLSO,NULO,NULO,NULO,NULO,NULO,NULO,NULO,557,,NULO,Robo a persona,-102.31213963,21.87744005
215246,SEPTIEMBRE,2016-09-15,JUEVES,19,51,AGUASCALIENTES,URBANA,BARRIO,SAN MARCOS,735,PROLONGACION,RAYON,NULO,0,NULO,0,NULO,ARTURO J. PANI,RINCON,NIETO,NULO,DINERO,100,NULO,NULO,NULO,NULO,CELULAR,NULO,NULO,NULO,NULO,558,,BICICLETA,Robo a persona,-102.30409660,21.87691484
216226,SEPTIEMBRE,2016-09-16,VIERNES,21,10,AGUASCALIENTES,URBANA,BARRIO,LA PURISIMA,915,CALLE,PODER LEGISLATIVO,NULO,0,NULO,0,NULO,ALAMEDA,REFORMA,REFORMA,NULO,NULO,0,NULO,NULO,NULO,NULO,CELULAR,NULO,NULO,NULO,NULO,559,,MOTO,Robo a persona,-102.28416610,21.88205182
217992,SEPTIEMBRE,2016-09-18,DOMINGO,17,10,AGUASCALIENTES,URBANA,FRACCIIONAMIENTO,INSURGENTES,1046,CALLE,GENERAL FORTUNATO MAYCOTE,NULO,0,NULO,0,NULO,CONVENCION,ABRAHAM GONZALEZ,GENERAL MARTIN ESPINOZA SANCHEZ,NULO,NULO,0,NULO,NULO,CARTERA,NULO,CELULAR,NULO,NULO,NULO,NULO,560,,NULO,Robo a persona,-102.31386842,21.85136817
214020,SEPTIEMBRE,2016-09-14,MIERCOLES,2,9,AGUASCALIENTES,URBANA,FRACIONAMIENTO,EJIDO LAS CUMBRES,403,CALLE,PEDRO QUINTANAR,NULO,0,NULO,0,NULO,SIERRA DE HUAUTLA,CUMBRE DE JUQUILA,MARTIRES DEL RIO BLANCO,NULO,NULO,0,NULO,NULO,CARTERA,NULO,NULO,NULO,NULO,NULO,NULO,561,,NULO,Robo a persona,-102.25214453,21.90873254
217438,SEPTIEMBRE,2016-09-18,DOMINGO,1,10,AGUASCALIENTES,URBANA,FRACCIONAMIENTO,MIRADOR DE LAS CULTURAS,442,AVENIDA,CULTURA MAYA308,NULO,0,NULO,0,NULO,LOMA DEL CARDENAL,CULTURA TARAHUMARA,CULTURA OTOMI,NULO,NULO,0,NULO,NULO,NULO,NULO,CELULAR,RELOJ,NULO,NULO,NULO,562,,NULO,Robo a persona,-102.24306822,21.91057268
218997,SEPTIEMBRE,2016-09-19,LUNES,21,29,AGUASCALIENTES,URBANA,COLONIA,ZONA CENTRO,906,AVENIDA,LICENCIADO ADOLFO LOPEZ MATEOS PONIENTE,NULO,0,NULO,0,NULO,POCITOS,JOSE F. ELIZONDO,RAYON,NULO,NULO,0,NULO,NULO,NULO,NULO,CELULAR,NULO,NULO,NULO,MOCHILA,563,,NULO,Robo a persona,-102.30081193,21.87735161
219500,SEPTIEMBRE,2016-09-20,MARTES,16,29,AGUASCALIENTES,URBANA,FRACCIONAMIENTO,GOMEZ (DELEGACION CENTRO),907,AVENIDA,GUADALUPE,NULO,0,NULO,0,NULO,TURQUESA,CONVENCION DE 1914 PONIENTE,TLAXCALA,NULO,NULO,0,NULO,NULO,NULO,NULO,CELULAR,NULO,NULO,NULO,MOCHILA CARGADOR,564,,NULO,Robo a persona,-102.31199664,21.88536223
219460,SEPTIEMBRE,2016-09-20,MARTES,15,19,AGUASCALIENTES,URBANA,FRACCIONAMIENTO,VILLAS DE NUESTRA SEÑORA DE LA ASUNCION (SECTOR GUADALUPE),402,CALLE,MARIA DE JESUS GONZALEZ,NULO,120,NULO,0,NULO,FRANCISCO TISCAREÑO,GERONIMO DE LA CUEVA,FEDERICO MENDEZ,NULO,NULO,0,NULO,NULO,NULO,LAPTOP,NULO,NULO,NULO,NULO,NULO,565,,MOTO ROJA,Robo a persona,-102.25663370,21.93393324
220226,SEPTIEMBRE,2016-09-21,MIERCOLES,17,21,AGUASCALIENTES,URBANA,BARRIO,SAN MARCOS,735,CALLE,VENUSTIANO CARRANZA,NULO,0,NULO,0,NULO,EDUARDO J. CORREA,ENRIQUE FERNANDEZ LEDEZMA,EDUARDO J. CORREA,NULO,NULO,0,NULO,NULO,NULO,NULO,CELULAR,NULO,NULO,NULO,NULO,566,,NULO,Robo a persona,-102.30219565,21.87997782
222120,SEPTIEMBRE,2016-09-24,SABADO,7,19,AGUASCALIENTES,URBANA,COLONIA,ZONA CENTRO,906,AVENIDA,FRANCISCO I. MADERO,NULO,0,NULO,0,NULO,MIGUEL HIDALGO Y COSTILLA,JOSE MARIA MORELOS Y PAVON,LICENCIADO PRIMO VERDAD,NULO,NULO,0,NULO,NULO,NULO,NULO,NULO,CADENA,NULO,NULO,NULO,567,,NULO,Robo a persona,-102.29437582,21.88165163
223059,SEPTIEMBRE,2016-09-25,DOMINGO,4,38,AGUASCALIENTES,URBANA,COLONIA,ALTAVISTA,922,CALLE,RAFAEL ARELLANO,NULO,0,NULO,0,NULO,CARLOS BARRON,DOCTOR ALBEERTO DEL VALLE,CARLOS SAGREDO,NULO,NULO,0,NULO,NULO,NULO,NULO,CELULAR,NULO,NULO,NULO,NULO,568,,NULO,Robo a persona,-102.30745647,21.89317628
220810,SEPTIEMBRE,2016-09-22,JUEVES,14,20,AGUASCALIENTES,URBANA,FRACCIONAMIENTO,VILLA LAS PALMAS III,564,CALLE,PALMA NEGRA,NULO,0,NULO,0,NULO,MARIANO HIDALGO,PALMA CRISTI,PALMA INDIANA,NULO,NULO,0,NULO,NULO,NULO,NULO,CELULAR,NULO,NULO,NULO,NULO,569,,MOTO,Robo a persona,-102.23641633,21.85188574
220942,SEPTIEMBRE,2016-09-22,JUEVES,18,46,AGUASCALIENTES,URBANA,BARRIO,EL ENCINO,1096,PEATONAL,JARDIN DEL ENCINO,NULO,0,NULO,0,NULO,PIMENTEL,ABASOLO,CRISTOBAL COLON,NULO,DINERO,150,NULO,NULO,NULO,NULO,CELULAR,NULO,NULO,NULO,NULO,570,,BICICLETA,Robo a persona,-102.29323607,21.87489652
221795,SEPTIEMBRE,2016-09-23,VIERNES,21,50,AGUASCALIENTES,URBANA,COLONIA,ZONA CENTRO,906,CALLE,EDUARDO J. CORREA,NULO,0,NULO,0,NULO,NIETO,LICENCIADO ADOLFO LOPEZ MATEOS PONIENTE,POCITOS,NULO,DINERO,3000,NULO,NULO,CARTERA,NULO,NULO,NULO,NULO,NULO,TARJETAS,571,,NULO,Robo a persona,-102.30129591,21.87847131
222117,SEPTIEMBRE,2016-09-24,SABADO,7,15,AGUASCALIENTES,URBANA,FRACCIONAMIENTO,NATURA,699,AVENIDA,FEDERICO MENDEZ,NULO,0,NULO,0,NULO,GERONIMO DE LA CUEVA,GACELA,GACELA,NULO,NULO,0,NULO,BOLSO,NULO,NULO,NULO,NULO,NULO,NULO,NULO,572,,NULO,Robo a persona,-102.25648012,21.93451311
222546,SEPTIEMBRE,2016-09-24,SABADO,20,1,AGUASCALIENTES,URBANA,FRACCIONAMIENTO,INSURGENTES,1046,CALLE,DOCTOR FRANCISCO VAZQUEZ GOMEZ,NULO,115,NULO,0,NULO,DOROTEO ARANGO,DOCTOR MARIANO AZUELA,GENERAL CESAREO CASTRO,NULO,NULO,0,NULO,NULO,NULO,NULO,CELULAR,NULO,NULO,NULO,NULO,573,,NULO,Robo a persona,-102.31309618,21.85496408
222750,SEPTIEMBRE,2016-09-24,SABADO,23,25,AGUASCALIENTES,URBANA,FRACCIONAMIENTO,LAS VIÑAS,487,CIRCUITO,DE LA VID,NULO,0,NULO,0,NULO,DE LA VID,DE LA VENDIMIA,DE LA VID,NULO,NULO,0,NULO,NULO,NULO,NULO,CELULAR,NULO,NULO,NULO,NULO,574,,NULO,Robo a persona,-102.28324638,21.90011421
222915,SEPTIEMBRE,2016-09-25,DOMINGO,1,58,AGUASCALIENTES,URBANA,FRACCIONAMIENTO,POZO BRAVO,421,CALLE,GENERAL PANFILO NATERA,NULO,0,NULO,0,NULO,POZO HONDO,POZO ALTO,PAULINO N. MARTI,NULO,NULO,0,NULO,NULO,NULO,NULO,CELULAR,NULO,NULO,NULO,NULO,575,,NULO,Robo a persona,-102.28079876,21.92775338
223065,SEPTIEMBRE,2016-09-25,DOMINGO,5,52,AGUASCALIENTES,URBANA,COLONIA,MIRAVALLE,750,CALLE,FRANCISCO SARABIA,NULO,0,NULO,0,NULO,FUNDICION,RAFAEL ARELLANO,CARLOS BARRON,NULO,NULO,0,NULO,NULO,NULO,NULO,CELULAR,NULO,NULO,NULO,NULO,576,,NULO,Robo a persona,-102.30776760,21.89200481
223119,SEPTIEMBRE,2016-09-25,DOMINGO,6,49,AGUASCALIENTES,URBANA,FRACCIONAMIENTO,MUNICIPIO LIBRE,768,CALLE,ESFUERZO NACIONAL,NULO,0,NULO,0,NULO,CIELO CLARO,GENTE BUENA,SIGLO XXI,NULO,NULO,0,NULO,NULO,NULO,NULO,CELULAR,NULO,NULO,NULO,NULO,577,,NULO,Robo a persona,-102.25169720,21.89442543
223498,SEPTIEMBRE,2016-09-25,DOMINGO,19,9,AGUASCALIENTES,URBANA,FRACCIONAMIENTO,LOS BOSQUES,780,AVENIDA,UNIVERSIDAD,NULO,0,NULO,0,NULO,SIERRA MADRE ORIENTAL,PASEO SIERRA HERMOSA,MONTE EVEREST,NULO,NULO,0,NULO,NULO,CARTERA,NULO,NULO,NULO,NULO,NULO,NULO,578,,NULO,Robo a persona,-102.31510431,21.92010527
223800,SEPTIEMBRE,2016-09-25,DOMINGO,23,42,AGUASCALIENTES,URBANA,FRACCIONAMIENTO,TROJES DEL COBANO,517,CALLE,LAGO DE CUITZEO,NULO,124,NULO,0,NULO,LACUSTRE,TAMARINDO,F,NULO,DINERO,500,NULO,BOLSO,NULO,NULO,CELULAR,NULO,NULO,NULO,NULO,579,,NULO,Robo a persona,-102.28036474,21.90907053
221784,SEPTIEMBRE,2016-09-23,VIERNES,21,36,AGUASCALIENTES,URBANA,FRACCIONAMIENTO,PILAR BLANCO,981,CALLE,VAQUEROS,101,0,NULO,0,NULO,ESTANISLAO MEDINA,FAISAN,SIGLO XXI,NULO,DINERO,500,NULO,NULO,CARTERA,NULO,CELULAR,NULO,NULO,NULO,NULO,580,,NULO,Robo a persona,-102.29667767,21.84572141
221799,SEPTIEMBRE,2016-09-23,VIERNES,21,57,AGUASCALIENTES,URBANA,FRACCIONAMIENTO,EL DORADO 1A SECCION,1048,CALLE,REPUBLICA DEL SALVADOR,NULO,1625,NULO,0,NULO,GRANADA,REPUBLICA DEL SALVADOR,REPUBLICA DE HAITI,NULO,NULO,0,NULO,BOLSO,NULO,NULO,CELULAR,NULO,NULO,NULO,TARJETAS,581,,MOTO,Robo a persona,-102.30579989,21.86313984
225000,SEPTIEMBRE,2016-09-27,MARTES,18,0,AGUASCALIENTES,URBANA,FRACCIONAMIENTO,VISTA DEL SOL II,614,CALLE,AMANECER,NULO,0,NULO,0,NULO,RESOLANA,AGUASCALIENTES SUR,ARQUEROS,NULO,NULO,0,NULO,NULO,NULO,NULO,NULO,NULO,NULO,BICICLETA,NULO,582,,NULO,Robo a persona,-102.26765630,21.86048671
224078,SEPTIEMBRE,2009-09-26,LUNES,11,11,AGUASCALIENTES,URBANA,FRACCIONAMIENTO,BULEVAR,733,BOULEVARD,JOSE MARIA CHAVEZ,NULO,0,NULO,0,NULO,JARDIN DEL ESTUDIANTE,CONVENCION DE 1914 SUR,MIGUEL CALDERA,NULO,DINERO,5000,NULO,NULO,CARTERA,NULO,CELULAR,NULO,NULO,NULO,NULO,583,,NULO,Robo a persona,-102.29382589,21.86653417
224160,SEPTIEMBRE,2016-09-26,LUNES,13,48,AGUASCALIENTES,URBANA,FRACCIONAMIENTO,BONA GENS,527,CALLE,ROSA,NULO,0,NULO,0,NULO,ESTRELLA POLAR,PASEO DE LA CRUZ,PLEYADES,NULO,NULO,0,NULO,NULO,NULO,NULO,CELULAR,NULO,NULO,NULO,NULO,584,,NULO,Robo a persona,-102.26664874,21.87430785
224425,SEPTIEMBRE,2016-09-26,LUNES,20,35,AGUASCALIENTES,URBANA,COLONIA,GREMIAL,917,AVENIDA,MANUEL GOMEZ MORIN,NULO,0,NULO,0,NULO,PROFESOR JOSE REYES MARTINEZ,INGENIERO TOMAS MEDINA,II PRIVADA JOSE REYES MARTINEZ,NULO,NULO,0,NULO,NULO,NULO,NULO,NULO,NULO,NULO,BICICLETA,NULO,585,,NULO,Robo a persona,-102.28546665,21.89839440
224806,SEPTIEMBRE,2016-09-27,MARTES,12,10,AGUASCALIENTES,URBANA,BARRIO,LA ESTACION,745,AVENIDA,MANUEL GOMEZ MORIN,NULO,0,NULO,0,NULO,DECRETO 27 SEPTIEMBRE,ALAMEDA,28 DE AGOSTO,NULO,NULO,0,NULO,NULO,NULO,NULO,CELULAR,NULO,NULO,NULO,NULO,586,,NULO,Robo a persona,-102.27981701,21.88367072
225022,SEPTIEMBRE,2016-09-27,MARTES,18,27,AGUASCALIENTES,URBANA,DESARROLLO ESPECIAL,TRES CENTURIAS ESPECIAL,753,PRIVADA,ALBENIZ,NULO,0,NULO,0,NULO,CATARINO ARREOLA,GABRIELA MISTRAL,HEROICO COLEGIO MILITAR,NULO,NULO,0,NULO,NULO,NULO,NULO,NULO,NULO,NULO,NULO,SIN DATOS,587,,NULO,Robo a persona,-102.27796704,21.88979308
225584,SEPTIEMBRE,2016-09-28,MIERCOLES,15,2,AGUASCALIENTES,URBANA,FRACCIONAMIENTO,DEL VALLE 1A. SECCION,734,AVENIDA,AGUASCALIENTES PONIENTE,NULO,0,NULO,0,NULO,ROMA,LICENCIADO ADOLFO LOPEZ MATEOS PONIENTE,FATIMA,NULO,NULO,0,NULO,NULO,NULO,NULO,CELULAR,NULO,NULO,NULO,NULO,588,,NULO,Robo a persona,-102.31848573,21.87199433
225455,SEPTIEMBRE,2016-09-28,MIERCOLES,11,41,AGUASCALIENTES,URBANA,FRACCIONAMIENTO,EJIDO LAS CUMBRES,403,BOULEVARD,GUADALUPANO,NULO,0,NULO,0,NULO,SIERRA DE SAN BERNARDINO,PRIVADA PONCE,PICACHO ORIENTE,NULO,NULO,0,NULO,NULO,NULO,NULO,CELULAR,NULO,NULO,NULO,NULO,589,,MOTO,Robo a persona,-102.25527861,21.90894565
225594,SEPTIEMBRE,2016-09-28,MIERCOLES,15,19,AGUASCALIENTES,URBANA,FRACCIONAMIENTO,SANTA ELENA,1105,CALLE,MEDELLIN,NULO,0,NULO,0,NULO,IGNACIO T. CHAVEZ,REPUBLICA DE BELICE,CONVENCION DE 1914 SUR,NULO,NULO,0,NULO,NULO,NULO,NULO,NULO,NULO,NULO,NULO,MOCHILA AUDIFONOS,590,,NULO,Robo a persona,-102.30747069,21.86991532
226007,SEPTIEMBRE,2016-09-29,JUEVES,1,46,AGUASCALIENTES,URBANA,BARRIO,EL ENCINO,1096,CALLE,5 DE FEBRERO,NULO,0,NULO,0,NULO,JOSEFA ORTIZ DE DOMINGUEZ,16 DE SEPTIEMBRE,LICENCIADO ADOLFO LOPEZ MATEOS PONIENTE,NULO,DINERO,400,NULO,NULO,CARTERA,NULO,CELULAR,NULO,NULO,NULO,NULO,591,,NULO,Robo a persona,-102.29159939,21.87835559
227338,OCTUBRE,2016-10-01,SABADO,0,4,AGUASCALIENTES,URBANA,FRACCIONAMIENTO,VILLAS DEL OESTE,1011,PROLONGACION,PASEO DE LA ASUNCION,NULO,0,NULO,0,NULO,JORGE NEGRETE,PEDRO INFANTE,CARLOS LOPEZ MOCTEZUMA,NULO,NULO,0,NULO,BOLSO,NULO,NULO,NULO,NULO,NULO,NULO,NULO,592,,NULO,Robo a persona,-102.30167358,21.84430895
227546,OCTUBRE,2016-10-01,SABADO,6,41,AGUASCALIENTES,URBANA,FRACCIONAMIENTO,LOMAS DE VISTA BELLA,604,AVENIDA,AJEDRECISTAS,NULO,0,NULO,0,NULO,VISTA DE LA LUNA,VISTA DE LA MONTAÑA,VISTA DEL AMANECER,NULO,NULO,0,NULO,BOLSO,NULO,NULO,NULO,NULO,NULO,NULO,NULO,593,,NULO,Robo a persona,-102.25904758,21.84505068
228602,OCTUBRE,2016-10-02,DOMINGO,6,6,AGUASCALIENTES,URBANA,FRACCIONAMIENTO,GOMEZ (DELEGACION POCITOS),663,CALLE,TLAXCALA,NULO,0,NULO,0,NULO,CONVENCION,26 DE MARZO,COLIMA,NULO,NULO,0,NULO,NULO,CARTERA,NULO,CELULAR,NULO,NULO,NULO,LLAVES,594,,NULO,Robo a persona,-102.31281448,21.88458735
228848,OCTUBRE,2016-10-02,DOMINGO,15,15,AGUASCALIENTES,URBANA,FRACCIONAMIENTO,MORELOS,616,CALLE,PRIMERA PLAZA CONSTITUCION,NULO,105,NULO,0,NULO,KABAH,PRIMERA CONSTITUCION,COBA,NULO,DINERO,1500,NULO,BOLSO,NULO,NULO,NULO,NULO,NULO,NULO,NULO,595,,NULO,Robo a persona,-102.25661919,21.85842209
228869,OCTUBRE,2016-10-02,DOMINGO,15,40,AGUASCALIENTES,URBANA,COLONIA,ZONA CENTRO,906,AVENIDA,FRANCISCO I. MADERO,NULO,326,NULO,0,NULO,GENERAL IGNACIO ZARAGOZA,MIGUEL HIDALGO Y COSTILLA,GONZALEZ SARACHO,NULO,NULO,0,NULO,NULO,NULO,NULO,CELULAR,NULO,NULO,NULO,NULO,596,,NULO,Robo a persona,-102.29170605,21.88234253
228875,OCTUBRE,2016-10-02,DOMINGO,15,53,AGUASCALIENTES,URBANA,FRACCIONAMIENTO,OJOCALIENTE I,741,CALLE,JALTOMATE,NULO,625,NULO,0,NULO,PLAZUELA R,CHICALOTE,CALVILLITO,NULO,NULO,0,NULO,NULO,NULO,NULO,CELULAR,NULO,NULO,NULO,NULO,597,,NULO,Robo a persona,-102.25144571,21.88159409
230057,OCTUBRE,2016-10-03,LUNES,22,9,AGUASCALIENTES,URBANA,FRACCIONAMIENTO,EDUCACION ALAMOS,1074,CALLE,SOBERANA CONVENCION MILITAR REVOLUCIONARIA,NULO,119,NULO,0,NULO,DE LOS MAESTROS,GERARDO MURILLO,AGOSTADERITO,NULO,NULO,0,NULO,NULO,NULO,NULO,CELULAR,NULO,NULO,NULO,NULO,598,,NULO,Robo a persona,-102.31729058,21.85544845
230068,OCTUBRE,2016-10-03,LUNES,22,18,AGUASCALIENTES,URBANA,FRACCIONAMIENTO,LOMAS DEL MIRADOR II,617,CALLE,LOMA BLANCA,NULO,0,NULO,0,NULO,30 DE SEPTIEMBRE,JUANA DE ARCO,LOMA AZUL,NULO,NULO,0,NULO,NULO,NULO,NULO,CELULAR,NULO,NULO,NULO,NULO,599,,NULO,Robo a persona,-102.25793681,21.85006321
230720,OCTUBRE,2016-10-04,MARTES,21,56,PABELLON DE ARTEAGA,URBANA,BARRIO,CARBONERAS,93,CALLE,NIÑOS HEROES SUR,NULO,42,NULO,0,NULO,LICENCIADO BENITO JUAREZ,JOSE MARIA MORELOS Y PAVON,ALVARO OBREGON,NULO,NULO,0,NULO,NULO,NULO,NULO,CELULAR,NULO,NULO,NULO,NULO,600,,NULO,Robo a persona,-102.27097880,22.14571709
230340,OCTUBRE,2016-10-04,MARTES,11,2,AGUASCALIENTES,URBANA,FRACCIONAMIENTO,BALCONES DE ORIENTE,723,CALLE,SAN FRANCISCO DE LOS VIVEROS,NULO,0,NULO,0,NULO,VALLARTA,SAN FRANCISCO DE LOS VIVEROS,NINGUNO,NULO,NULO,0,NULO,NULO,NULO,NULO,CELULAR,NULO,NULO,NULO,NULO,601,,NULO,Robo a persona,-102.23721316,21.88361767
230715,OCTUBRE,2016-10-04,MARTES,21,48,AGUASCALIENTES,URBANA,FRACCIONAMIENTO,JOSE LOPEZ PORTILLO,955,CALLE,SOBERANA CONVENCION MILITAR REVOLUCIONARIA,NULO,606,NULO,0,NULO,PROFESOR GUADALUPE PERALTA,DOCTOR SALVADOR GALLARDO,ROSALIA MONROY,NULO,DINERO,500,NULO,BOLSO,NULO,NULO,NULO,NULO,NULO,NULO,NULO,602,,NULO,Robo a persona,-102.32387953,21.84886729
231276,OCTUBRE,2016-10-05,MIERCOLES,19,15,AGUASCALIENTES,URBANA,FRACCIONAMIENTO,SAN CAYETANO,384,AVENIDA,FUNDICION,NULO,0,NULO,0,NULO,SAN JORGE,SEGUNDA PRIVADA FUNDICION,SANTO TOMAS,NULO,NULO,0,NULO,BOLSO,NULO,NULO,NULO,NULO,NULO,NULO,NULO,603,,BICICLETA,Robo a persona,-102.31376792,21.89935846
231847,OCTUBRE,2016-10-06,JUEVES,16,22,AGUASCALIENTES,URBANA,FRACCIONAMIENTO,EJIDO LAS CUMBRES,403,CALLE,SIERRA DEL TIGRE,NULO,138,NULO,0,NULO,POLIDUCTO,DIERRA DE HUATLA,SIERRA DEL PARNAZO,NULO,NULO,0,NULO,NULO,NULO,NULO,CELULAR,NULO,NULO,NULO,NULO,604,,NULO,Robo a persona,-102.25193372,21.91022118
232406,OCTUBRE,2016-10-07,VIERNES,11,57,AGUASCALIENTES,URBANA,COLONIA,ZONA CENTRO,906,CALLE,GENERAL GUADALUPE VICTORIA,NULO,501,C,0,NULO,BENJAMIN DE LA MORA,LARREATEGUI,5 DE MAYO,NULO,DINERO,200,NULO,NULO,NULO,NULO,CELULAR,NULO,NULO,NULO,NULO,605,,NULO,Robo a persona,-102.29844799,21.88614541
234622,OCTUBRE,2016-10-09,DOMINGO,19,14,JESUS MARIA,URBANA,COLONIA,LAS PALMAS,174,CALLE,ADOLFO LOPEZ MATEOS,NULO,513,B,0,NULO,DEL ARBOL,JULIO CADENA,PINAR DEL LAGO,NULO,NULO,0,NULO,NULO,NULO,NULO,NULO,NULO,NULO,BICICLETA,NULO,606,,NULO,Robo a persona,-102.34813469,21.95698839
234901,OCTUBRE,2016-10-10,LUNES,0,54,AGUASCLAIENTES,URBANA,FRACCIONAMIENTO,LOS PERICOS,770,AVENIDA,ROSOLFO LANDEROS GALLEGOS,NULO,0,NULO,0,NULO,SAN RAFAEL,CULTURA OTOMI,SAN ISIDRO,NULO,NULO,0,NULO,BOLSO,NULO,NULO,NULO,NULO,NULO,NULO,NULO,607,,NULO,Robo a persona,-102.24603780,21.90432381
232517,OCTUBRE,2016-10-07,VIERNES,15,3,AGUASCALIENTES,URBANA,COLONIA,ZONA CENTRO,906,CALLE,5 DE MAYO,NULO,0,NULO,0,NULO,ARTEAGA,UNION,LICENCIADO BENITO JUAREZ,NULO,DINERO,200,NULO,BOLSO,NULO,NULO,NULO,NULO,NULO,NULO,NULO,608,,NULO,Robo a persona,-102.29777342,21.88440298
232765,OCTUBRE,2016-10-07,VIERNES,21,17,AGUASCALIENTES,URBANA,FRACCIONAMIENTO,VILLAS DE NUESTRA SEÑORA DE LA ASUNCION SECTOR DSN MSRCOS,435,AVENIDA,SIGLO XXI,NULO,0,NULO,0,NULO,GERONIMO DE LA CUEVA,PUEBLO DE SAN MARCOS,FRANCISCO TENAMAZTLE,NULO,NULO,0,NULO,NULO,NULO,NULO,CELULAR,NULO,NULO,NULO,NULO,609,,NULO,Robo a persona,-102.26543693,21.92694553
232900,OCTUBRE,2016-10-07,VIERNES,23,34,AGUASCALIENTES,URBANA,COLONIA,SAN JOSE DEL ARENAL,818,AVENIDA,CANAL INTERCEPTOR NORTE,NULO,0,NULO,0,NULO,PABELLON DE ARTEAGA,RINCON DE ROMOS,BENJAMIN MENDEZ,NULO,NULO,0,NULO,NULO,NULO,NULO,CELULAR,NULO,NULO,NULO,NULO,610,,NULO,Robo a persona,-102.30287504,21.90317781
233164,OCTUBRE,2016-10-08,SABADO,8,2,AGUASCALIENTES,URBANA,FRACCIONAMIENTO,MORELOS I,1120,AVENIDA,HEROE INMORTAL,NULO,0,NULO,0,NULO,HERMANOS BRAVO,ARTILLERO MIER,30 DE JULIO,NULO,NULO,0,NULO,BOLSO,NULO,NULO,CELULAR,NULO,NULO,NULO,NULO,611,,ULO,Robo a persona,-102.26925615,21.85431319
233730,OCTUBRE,2016-10-08,SABADO,23,8,AGUASCALIENTES,URBANA,COLONIA,SAN MARCOS (DELEGACION POCITOS),650,CALLE,CAMPECHE,NULO,0,NULO,0,NULO,TALAMANTES,PROLONGACIO AQUILES ELORDOY,GUANAJUATO,NULO,NULO,0,NULO,NULO,NULO,NULO,CELULAR,NULO,NULO,NULO,NULO,612,,NULO,Robo a persona,-102.31539481,21.87975790
234420,OCTUBRE,2016-10-09,SABADO,14,5,AGUASCALIENTES,URBANA,COLONIA,SAN PABLO,921,PRIVADA,MARINA NACIONAL,NULO,412,NULO,0,NULO,RIO SAN PEDRO,RIO PAPALOAPAN,LIBERTAD,NULO,NULO,0,NULO,NULO,NULO,NULO,CELULAR,NULO,NULO,NULO,NULO,613,,NULO,Robo a persona,-102.29852927,21.89306747
234488,OCTUBRE,2016-10-09,DOMINGO,15,46,AGUASCALIENTES,URBANA,BARRIO,LA PURISIMA,915,CALLE,ARQUITECTO J. REFUGIO ESPARZA REYES,NULO,115,NULO,0,NULO,HEROES DE NACOZARI NORTE,GLORIETA DE LA PURISIMA,ALAMEDA,NULO,NULO,0,NULO,NULO,MONEDER,NULO,NULO,NULO,NULO,NULO,NULO,614,,NULO,Robo a persona,-102.28271358,21.88306671
235930,OCTUBRE,2016-10-10,MARTES,14,38,PABELLON DE ARTEAGA,URBANA,COLONIA,5 DE MAYO,91,AVENIDA,LAZARO CARDENAS,NULO,0,NULO,0,NULO,FELIPE CARRILLO PUERTO,MARIANO ESCOBEDO,REVOLUCION,NULO,NULO,0,NULO,NULO,NULO,NULO,CELULAR,NULO,NULO,NULO,NULO,615,,NULO,Robo a persona,-102.27727514,22.14329013
235930,OCTUBRE,2016-10-11,MARTES,14,38,AGUASCALIENTES,URBANA,FRACCIONAMIENTO,JESUS GOMEZ PORTUGAL,528,AVENIDA,PERSEO,NULO,99,NULO,0,NULO,ARQUEROS,MAGALLANES,ARQUEROS,NULO,NULO,0,NULO,NULO,NULO,NULO,CELULAR,NULO,NULO,NULO,NULO,616,,NULO,Robo a persona,-102.26995273,21.86983078
235929,OCTUBRE,2016-10-11,MARTES,14,38,AGUASCALIENTES,URBANA,FRACCIONAMIENTO,LOS PIRULES,1053,AVENIDA,AGUASCALIENTES,NULO,0,NULO,0,NULO,MAGNOLIA,DE LAS AZUCENAS,PIRULERO,NULO,NULO,0,NULO,NULO,NULO,NULO,CELULAR,NULO,NULO,NULO,NULO,617,,NULO,Robo a persona,-102.31859985,21.87018974
235985,OCTUBRE,2016-10-11,MARTES,16,10,AGUASCALIENTES,URBANA,FRACCIONAMIENTO,EL SOL NACIENTE,725,CALLE,SOTOL,NULO,0,NULO,0,NULO,JOSE GUERRA PALOS,NINGUNO,NINGUNO,NULO,NULO,0,NULO,NULO,NULO,NULO,CELULAR,NULO,NULO,NULO,NULO,618,,NULO,Robo a persona,-102.23145257,21.87220417
237516,OCTUBRE,2016-10-13,JUEVES,19,40,RINCON DE ROMOS,RURAL,SIN TIPO,ESCALERAS,54,CARRETERA,70,NULO,0,NULO,0,NULO,NIGUNO,NINGUNO,DEL ROSAL,NULO,NULO,0,NULO,NULO,NULO,NULO,CELULAR,NULO,NULO,NULO,NULO,619,,NULO,Robo a persona,-102.33250423,22.24618461
236460,OCTUBRE,2016-10-12,MIERCOLES,10,14,AGUASCALIENTES,URBANA,FRACCIONAMIENTO,LA ESTANCIA,1090,CALLE,AMANECER,NULO,0,NULO,0,NULO,COLIBRI,PALOMA,CANARIO,NULO,NULO,0,NULO,NULO,MONEDER,NULO,NULO,NULO,NULO,NULO,NULO,620,,NULO,Robo a persona,-102.29817861,21.84103162
236589,OCTUBRE,2016-10-12,MIERCOLES,14,21,AGUASCALIENTES,URBANA,UNIDAD HABITACIONAL,IV CENTENARIO,1065,AVENIDA,HEROE DE NACOZARI,NULO,0,NULO,0,NULO,PASEO DE LA CRUZ,DE LOS FUNDADORES,PASAJE PEDRO PARGA,NULO,NULO,0,NULO,NULO,NULO,NULO,CELULAR,NULO,NULO,NULO,NULO,621,,NULO,Robo a persona,-102.28150855,21.87209789
237082,OCTUBRE,2016-10-13,JUEVES,5,20,AGUASCALIENTES,URBANA,COLONIA,ZONA CENTRO,906,CALLE,TRIUNFO,NULO,0,NULO,0,NULO,RIO RHIN,COSIO SUR,LICENCIADO ADOLFO LOPEZ MATEOS PONIENTE,NULO,NULO,0,NULO,NULO,NULO,NULO,NULO,NULO,ROPA,NULO,NULO,622,,NULO,Robo a persona,-102.28720972,21.88021690
237317,OCTUBRE,2016-10-13,JUEVES,14,19,AGUASCALIENTES,URBANA,FRACCIONAMIENTP,CASA BLANCA,553,CALLE,CAUDILLOS,NULO,305,A,0,NULO,VIVERO DEL PRADO,MARIANO ESCOBEDO,VIVERO DE LA LOMA,NULO,NULO,0,NULO,NULO,NULO,NULO,CELULAR,CADENA,NULO,NULO,NULO,623,,NULO,Robo a persona,-102.27261057,21.85912847
238151,OCTUBRE,2016-10-14,VIERNES,16,15,AGUASCALIENTES,URBANA,COLONIA,ZONA CENTRO,906,CALLE,5 DE MAYO,NULO,0,NULO,0,NULO,LARREATEGUI,BENJAMIN DE LA MORA,GENERAL GUADALUPE VICTORIA,NULO,DINERO,1800,NULO,NULO,NULO,NULO,NULO,NULO,NULO,NULO,NULO,624,,NULO,Robo a persona,-102.29737709,21.88583692
238872,OCTUBRE,2016-10-15,SABADO,12,8,AGUASCALIENTES,URBANA,FRACCIONAMIENTO,EJIDO LAS CUMBRES,403,AVENIDA,SIGLO XXI,NULO,0,NULO,0,NULO,GENERAL JOSE REFUGIO VELZCO,MANUEL GARCIA MARTINEZ,CUMBRES,NULO,NULO,0,NULO,NULO,NULO,NULO,CELULAR,NULO,NULO,NULO,NULO,625,,NULO,Robo a persona,-102.25600522,21.90540104
240066,OCTUBRE,2016-10-16,DOMINGO,15,11,AGUASCALIENTES,URBANA,COLONIA,MIRAVALLE,750,CALLE,FELIPE RUIZ DE CHAVEZ,NULO,720,NULO,0,NULO,JOSE MARIA ELIZALDE,MIGUEL RUELAS,DOCTOR ALBERTO DEL VALLE,NULO,NULO,0,NULO,NULO,NULO,NULO,CELULAR,NULO,NULO,NULO,NULO,626,,NULO,Robo a persona,-102.31208109,21.89065051
241052,OCTUBRE,2016-10-17,LUNES,17,17,AGUASCALIENTES,URBANA,COLONIA,SAN LUIS (II),743,CALLE,28 DE AGOSTO,NULO,0,NULO,0,NULO,HORTELANOS,FERROCARRIL,LICENCIADO ADOFLO LOPEZ MATEOS ORIENTE,NULO,DINERO,0,NULO,NULO,NULO,NULO,CELULAR,NULO,NULO,NULO,NULO,627,,NULO,Robo a persona,-102.27842569,21.87975234
241082,OCTUBRE,2016-10-17,LUNES,18,6,AGUASCALIENTES,URBANA,SIN TIPO,PARQUE SANTA ANITA,472,AVENIDA,PARQUE VIA,NULO,0,NULO,0,NULO,J,GABRIELA MISTRAL,VALLE HONDO PONIENTE,NULO,NULO,0,NULO,NULO,NULO,NULO,CELULAR,NULO,NULO,NULO,NULO,628,,NULO,Robo a persona,-102.27594423,21.90039877
240976,OCTUBRE,2016-10-17,LUNES,15,17,AGUASCALIENTES,URBANA,FRACCIONAMIENTO,PINTORES MEXICANOS,443,CALLE,ANGEL ZARRAGA,NULO,123,NULO,0,NULO,RENATO LEDUC,CARLOS FUENTES MARES,MARIA IZQUIERDO,NULO,DINERO,500,NULO,NULO,NULO,NULO,NULO,NULO,NULO,NULO,NULO,629,,NULO,Robo a persona,-102.26443857,21.91615344
241640,OCTUBRE,2016-10-18,MARTES,15,12,AGUASCALIENTES,URBANA,FRACCIONAMIENTO,INSURGENTES,1046,AVENIDA,CONVENCION,NULO,1805,NULO,0,NULO,GENERAL JOSE ISABEL ROBLES,LICENCIADO LUIS CABRERA,ABRAHAM GONZALEZ,NULO,NULO,0,NULO,NULO,NULO,NULO,CELULAR,NULO,NULO,NULO,NULO,630,,MOTO,Robo a persona,-102.30480125,21.85035607
241685,OCTUBRE,2016-10-18,MARTES,16,28,AGUASCALIENTES,URBANA,FRACCIONAMIENTO,LA HUERTA,1113,AVENIDA,LICENCIADO ADOLFO LOPEZ MATEOS ORIENTE,NULO,0,NULO,0,NULO,NINGUNO,HEROE DE NACOZARI,CHICHIMECO,NULO,NULO,0,NULO,NULO,NULO,NULO,CELULAR,NULO,NULO,NULO,NULO,631,,NULO,Robo a persona,-102.28079553,21.87850836
242791,OCTUBRE,2016-10-20,JUEVES,1,30,AGUASCALIENTES,URBANA,COLONIA,DEL CARMEN,911,CALLE,RIO PAPALOAPAN,NULO,0,NULO,0,NULO,SAN JUAN,SANTO TOMAS,LA LUZ,NULO,NULO,0,NULO,NULO,NULO,NULO,NULO,NULO,NULO,BICICLETA,NULO,632,,NULO,Robo a persona,-102.30333061,21.89044915
242282,OCTUBRE,2016-10-19,MIERCOLES,13,8,AGUASCALIENTES,URBANA,COLONIA,ZONA CENTRO,906,CALLE,5 DE MAYO,NULO,0,NULO,0,NULO,GENERAL IGNACIO ZARAGOZA,JESUS BERNAL,VALLADOLID,NULO,NULO,0,NULO,NULO,NULO,NULO,CELULAR,NULO,NULO,NULO,NULO,633,,NULO,Robo a persona,-102.29518945,21.88987701
242613,OCTUBRE,2016-10-19,MIERCOLES,14,18,AGUASCALIENTES,URBANA,FRACCIONAMIENTO,JESUS GOMEZ PORTUGAL,528,CALLE,VIA LACTEA,NULO,0,NULO,0,NULO,PASEO DE LA CRUZ,BOYERO,PEGASO,NULO,DINERO,0,NULO,NULO,NULO,NULO,NULO,NULO,NULO,NULO,CANGURERA,634,,NULO,Robo a persona,-102.26803248,21.87331446
242664,OCTUBRE,2016-10-19,MIERCOLES,22,26,AGUASCALIENTES,URBANA,FRACCIONAMIENTO,INSURGENTES,1046,CALLE,GENERAL CESAREO CASTRO,NULO,332,A,0,NULO,ABRAHAM GONZALEZ,GENERAL LUIS MOYA,GENERAL FORTUNATO MAYCOTE,NULO,DINERO,400,NULO,NULO,NULO,NULO,NULO,NULO,NULO,NULO,NULO,635,,NULO,Robo a persona,-102.31504922,21.85012567
243060,OCTUBRE,2016-10-20,JUEVES,15,22,AGUASCALIENTES,URBANA,COLONIA,SAN LUIS (II),743,AVENIDA,MANUEL GOMEZ MORIN,NULO,0,NULO,0,NULO,ALAMEDA,NUEVA DE LA PAZ,GRANADITAS,NULO,NULO,0,NULO,NULO,NULO,NULO,NULO,NULO,NULO,NULO,CHOCOLATES,636,,NULO,Robo a persona,-102.27915431,21.88266869
243795,OCTUBRE,2016-10-21,VIERNES,16,18,AGUASCALIENTES,URBANA,FRACCIONAMIENTO,VILLAS DEL PILAR I,975,AVENIDA,SIGLO XXI,NULO,0,NULO,0,NULO,MARIO MORENO,NINGUNO,JORGE NEGRETE,NULO,NULO,1,NULO,BOLSO,NULO,NULO,NULO,NULO,NULO,NULO,NULO,637,,NULO,Robo a persona,-102.30751139,21.84518931
243253,OCTUBRE,2016-10-20,JUEVES,20,58,AGUASCALIENTES,URBANA,COLONIA,SAN PEDRO,397,AVENIDA,MAHATMA GANDHI,NULO,0,NULO,0,NULO,EMILIO RABASA,MAYOR PABLO GARCIA,ROSAURA ESPINOZA,NULO,NULO,0,NULO,NULO,NULO,NULO,CELULAR,NULO,NULO,NULO,CREDENCIAL,638,,NULO,Robo a persona,-102.29373293,21.84170896
243301,OCTUBRE,2016-10-20,JUEVES,22,0,AGUASCALIENTES,URBANA,SIN TIPO,CENTRO COMERCIAL CHEDRAUI,1033,BOULEVARD,JOSE MARIA CHAVEZ,NULO,0,NULO,0,NULO,ANGEL GONZALEZ,VALENTE QUINTANA,MAHATMA GANDHI,NULO,NULO,0,NULO,NULO,NULO,NULO,CELULAR,NULO,NULO,BICICLETA,NULO,639,,NULO,Robo a persona,-102.29233606,21.85358882
243820,OCTUBRE,2016-10-21,VIERNES,16,56,AGUASCALIENTES,URBANA,FRACCIONAMIENTO,PILAR BLANCO,981,CALLE,CANARIO,NULO,0,NULO,0,NULO,DE LAS GAVIOTAS,DEL POTRO,PASEO DE LA ASUNCION,NULO,NULO,0,NULO,NULO,NULO,LAPTOP,NULO,NULO,NULO,NULO,MOCHILA,640,,NULO,Robo a persona,-102.29985189,21.84757143
243887,OCTUBRE,2016-10-21,VIERNES,19,7,AGUASCALIENTES,URBANA,COLONIA,OLIVARES SANTANA,372,CALLE,MIGUEL RUELAS,NULO,0,NULO,0,NULO,BENJAMIN DE LA MORA,BENITO DIAZ,JOSE MARIA ELIZALDE,NULO,NULO,0,NULO,NULO,NULO,NULO,CELULAR,CADENA,NULO,NULO,NULO,641,,NULO,Robo a persona,-102.31457902,21.89261201
244237,OCTUBRE,2016-10-22,SABADO,7,35,AGUASCALIENTES,URBANA,FRACCIONAMIENTO,VILLAS DE SAN FRANCISCO,809,CALLE,18 DE MARZO,NULO,0,NULO,0,NULO,MARGIL DE JESUS,MELQUIADES MORENO,NORIA,NULO,NULO,0,NULO,BOLSO,NULO,NULO,NULO,NULO,NULO,NULO,NULO,642,,NULO,Robo a persona,-102.29596716,21.90171492
244252,OCTUBRE,2016-10-22,SABADO,8,7,AGUASCALIENTES,URBANA,SIN TIPO,ISLA SAN MARCOS,943,BOULEVARD,SAN MARCOS,NULO,0,NULO,0,NULO,MALAGA,JUAN PABLO II,NINGUNO,NULO,NULO,0,NULO,NULO,NULO,NULO,CELULAR,NULO,NULO,NULO,NULO,643,,NULO,Robo a persona,-102.32090804,21.86439847
244667,OCTUBRE,2016-10-22,SABADO,20,25,AGUASCALIENTES,URBANA,COLONIA,EL LLANITO,366,AVENIDA,LICENCIADO ADOLFO LOPEZ MATEOS PONIENTE,NULO,0,NULO,0,NULO,COSIO SUR,2 DE ABRIL,18 DE JULIO,NULO,NULO,0,NULO,NULO,NULO,NULO,CELULAR,NULO,NULO,NULO,NULO,644,,NULO,Robo a persona,-102.28628000,21.87897776
245403,OCTUBRE,2016-10-23,DOMINGO,10,18,AGUASCALIENTES,URBANA,FRACCIONAMIENTO,MIRADOR DE LAS CULTURAS,442,PRIVADA,CULTURA CHICHIMECA 310,NULO,21,NULO,0,NULO,NINGUNO,CULTIRA CHICHIMECA,CULTURA COHIMIES,NULO,NULO,0,NULO,NULO,NULO,NULO,CELULAR,NULO,NULO,NULO,NULO,645,,NULO,Robo a persona,-102.24480939,21.90603919
246202,OCTUBRE,2016-10-24,LUNES,3,58,AGUASCALIENTES,URBANA,FRACCIONAMIENTO,EL COBANO,481,CALLE,TAMARINDO,NULO,0,NULO,0,NULO,CAMINO AL COBANO,COLORIN,LEUCAENA,NULO,DINERO,1000,NULO,NULO,NULO,NULO,CELULAR,NULO,NULO,NULO,NULO,646,,NULO,Robo a persona,-102.27870320,21.90711751
247723,OCTUBRE,2016-10-26,MIERCOLES,14,25,AGUASCALIENTES,URBANA,FRACCIONAMIENTO,EL DORADO 1A SECCION,1048,CALLE,MADRID,NULO,0,NULO,0,NULO,AGUASCALIENTES,ALASKA,CORDOBA,NULO,NULO,0,NULO,NULO,NULO,NULO,NULO,NULO,NULO,NULO,SIN DATOS,647,,NULO,Robo a persona,-102.30405414,21.85963859
247839,OCTUBRE,2016-10-26,MIERCOLES,17,59,AGUASCALIENTES,URBANA,FRACCIONAMIENTO,VISTA DEL SOL,568,CALLE,ECLIPSE,NULO,0,NULO,0,NULO,SOL,BATALLON DE SAN BLAS,NINGUNO,NULO,NULO,0,NULO,NULO,NULO,NULO,NULO,NULO,NULO,NULO,MOCHILA,648,,NULO,Robo a persona,-102.27338038,21.86427688
246485,OCTUBRE,2016-10-24,LUNES,16,36,JESUS MARIA,URBANA,FRACCIONAMIENTO,RUISEÑORES,338-P,AVENIDA,ALEJANDRO DE LA CRUZ,NULO,0,NULO,0,NULO,HALCON,RUISEÑOR,HALCON,NULO,NULO,0,NULO,BOLSO,NULO,NULO,CELULAR,NULO,NULO,NULO,NULO,649,,NULO,Robo a persona,-102.32845339,21.96629979
248744,OCTUBRE,2016-10-27,JUEVES,23,50,AGUASCALIENTES,URBANA,FRACCIOANMIENTO,J. GUADALUPE PERALTA GAMEZ,411,CALLE,ADELINA FERNANDEZ REYNOSO,NULO,141,NULO,0,NULO,LUIS NAVARRO SOTOMAYOR,CATEDRATICOS,ANTONIA LOPEZ DE CHAVEZ,NULO,NULO,0,NULO,NULO,NULO,NULO,NULO,NULO,NULO,BICICLETA,NULO,650,,NULO,Robo a persona,-102.23772174,21.86653423
248799,OCTUBRE,2016-10-28,VIERNES,1,22,AGUASCALIENTES,URBANA,FRACCIONAMIENTO,LA ESTRELLA,483,CALLE,VIRGO,NULO,0,NULO,0,NULO,CAN MAYOR,CRUZ DEL SUR,LEO,NULO,NULO,0,NULO,NULO,NULO,NULO,NULO,NULO,NULO,BICICLETA,NULO,651,,NULO,Robo a persona,-102.27787399,21.90208174
248415,OCTUBRE,2016-11-27,JUEVES,16,21,AGUASCALIENTES,URBANA,FRACCIONAMIENTO,LAS TORRES,1064,AVENIDA,CONVENCION DE 1914 PONIENTE,NULO,0,NULO,0,NULO,IGNACIO T. CHAVEZ,LIENZO CHARRO,TORRE LATINOAMERICANA,NULO,NULO,0,NULO,NULO,NULO,NULO,CELULAR,NULO,NULO,NULO,NULO,652,,NULO,Robo a persona,-102.30916135,21.86800675
252174,NOVIEMBRE,2016-11-01,MARTES,19,49,AGUASCALIENTES,URBANA,FRACCIONAMIENTO,SAN CAYETANO,1118,CALLE,SAN COSME,NULO,0,NULO,0,NULO,SAN CLEMENTE,CARLOS SAGREDO,SAN JORGE,NULO,DINERO,0,NULO,NULO,NULO,NULO,CELULAR,NULO,NULO,NULO,NULO,653,,NULO,Robo a persona,-102.30976012,21.90027615
253750,NOVIEMBRE,2016-11-03,JUEVES,22,26,JESUS MARIA,URBANA,FRACCIONAMIENTO,PASO BLANCO,195-P,PROLONGACION,INDEPENDENCIA,NULO,0,NULO,0,NULO,SALVADOR,PASO BLANCO,PASO BLANCO,NULO,NULO,0,NULO,NULO,NULO,NULO,CELULAR,NULO,NULO,NULO,NULO,654,,NULO,Robo a persona,-102.29569044,21.95401709
251713,NOVIEMBRE,2016-11-01,MARTES,0,26,AGUASCALIENTES,URBANA,FRACCIONAMIENTO,LOMAS DE ORIENTE 1,453,CALLE,LOMA DEL NORTE,NULO,710,NULO,0,NULO,LOMA SECA,PENSADORES MEXICANOS ORIENTE,PENSADORES MEXICANOS ORIENTE,NULO,NULO,0,NULO,NULO,NULO,NULO,NULO,NULO,NULO,BICICLETA,NULO,655,,NULO,Robo a persona,-102.25433329,21.91557841
252228,NOVIEMBRE,2016-11-01,MARTES,20,59,AGUASCALIENTES,URBANA,FRACCIONAMIENTO,BAJIO DE LAS PALMAS,533,CALLE,PALMA MEXICANA,NULO,0,NULO,0,NULO,ICTLAHUATL,PALMA DATILERA,POLIDUCTO,NULO,NULO,0,NULO,NULO,NULO,NULO,NULO,CADENA,NULO,NULO,CACHUCHA,656,,NULO,Robo a persona,-102.24056264,21.86330997
253001,NOVIEMBRE,2016-11-02,MIERCOLES,21,30,AGUASCALIENTES,URBANA,FRACCIONAMIENTO,OJO DE AAGUA,1080,CALLE,JESU YUREM,NULO,0,NULO,0,NULO,PLAZA MARTIRES DEL RIO BLANCO,SINALOA,FRANCISCO PEREZ RIOS,NULO,NULO,0,NULO,BOLSO,NULO,TABLET,CELULAR,NULO,NULO,NULO,NULO,657,,NULO,Robo a persona,-102.28120885,21.86454780
253057,NOVIEMBRE,2016-11-02,MIERCOLES,23,12,AGUASCALIENTES,URBANA,COLONIA,FRANCISCO GUEL JIMENEZ,526,AVENIDA,MANUEL GOMEZ MORIN,NULO,0,NULO,0,NULO,CONVENCIO DE 1914 NORTE,FLORENCIA,CONVENCION DE 1914 NORTE,NULO,NULO,0,NULO,NULO,CARTERA,NULO,CELULAR,NULO,NULO,NULO,RELOJ,658,,NULO,Robo a persona,-102.28543186,21.90212830
253094,NOVIEMBRE,2016-11-03,JUEVES,0,9,JESUS MARIA,URBANA,FRACCIONAMIENTO,LOMAS DE JESUS MARIA,164,CALLE,TEOTIHUACAN,NULO,111,NULO,0,NULO,XOCHICALCO,QUIRIGUA,CHICHEN ITZA,NULO,NULO,0,NULO,NULO,NULO,NULO,CELULAR,NULO,NULO,NULO,NULO,659,,NULO,Robo a persona,-102.34236724,21.94589854
256018,NOVIEMBRE,2016-11-06,DOMINGO,16,31,RINCON DE ROMOS,RURAL,COMUNIDAD,CERRO DEL GATO,248-P,CALLE,JACARANDAS,NULO,303,NULO,0,NULO,NINGUNO,MAGUEY,NINGUNO,NULO,NULO,0,NULO,NULO,NULO,NULO,CELULAR,NULO,NULO,NULO,NULO,660,,NULO,Robo a persona,-102.33086869,22.23672285
254341,NOVIEMBRE,2016-11-04,VIERNES,19,48,AGUASCALIENTES,URBANA,BARRIO,LA PURISIMA,915,CALLE,PODER LEGISLATIVO,NULO,0,NULO,0,NULO,AZEQUIEL A. CHAVEZ,FRANCISCO G. HORNEDO,DIANA,NULO,NULO,0,NULO,NULO,NULO,NULO,CELULAR,NULO,NULO,NULO,NULO,661,,NULO,Robo a persona,-102.28431977,21.88221885
254362,NOVIEMBRE,2016-11-04,VIERNES,20,11,AGUASCALIENTES,URBANA,FRACCIONAMIENTO,VERSALLES II,1071,AVENIDA,AGUASCALIENTES SUR,NULO,0,NULO,0,NULO,BELISARIO DOMINGUEZ,GENERAL FRANCISCO CARRERA TORRES,LICENCIADO JESUS REYES HEROLES,NULO,NULO,0,NULO,NULO,NULO,NULO,CELULAR,NULO,NULO,NULO,NULO,662,,MOTO,Robo a persona,-102.30687270,21.85843460
254546,NOVIEMBRE,2016-11-04,VIERNES,23,17,JESUS MARIA,RURAL,COMUNIDAD,MARAVILLAS,183-P,AVENIDA,GUADALUPE,NULO,515,NULO,0,NULO,LOS ROMO,GUADALUPE DE ABAJO,LAZARO CARDENAS,NULO,NULO,0,NULO,NULO,NULO,NULO,CELULAR,NULO,NULO,NULO,NULO,663,,NULO,Robo a persona,-102.33206533,21.95208343
255549,NOVIEMBRE,2016-11-06,DOMINGO,2,27,AGUASCALIENTES,URBANA,AGUASCALIENTES,MORELOS,616,CALLE,PALENQUE,NULO,0,NULO,0,NULO,BONAMPACK,AGUASCALIENTES,BONAMPACK,NULO,NULO,0,NULO,NULO,NULO,NULO,NULO,NULO,NULO,NULO,MOCHILA,664,,NULO,Robo a persona,-102.25493675,21.86108212
256705,NOVIEMBRE,2016-11-07,LUNES,13,24,AGUASCALIENTES,URBANA,CONDOMINIO,CENTRO COMERCIAL PLAZA AGUASCALIENTES,1076,AVENIDA,HEROE DE NACOZARI SUR,NULO,0,NULO,0,NULO,LICENCIADO ADOLFO LOPEZ MATEOS ORIENTE,CHICHIMECO,NINGUNO,NULO,NULO,0,NULO,NULO,NULO,NULO,CELULAR,NULO,NULO,NULO,NULO,665,,NULO,Robo a persona,-102.28128387,21.87817426
254069,NOVIEMBRE,2016-11-04,VIERNES,12,35,AGUASCALIENTES,URBANA,COLONIA,ZONA CENTRO,906,CALLE,JOSEFA ORTIZ DE DOMINGUEZ,NULO,240,NULO,0,NULO,BERLIN,LICENCIADO ADOLFO LOPEZ MATEOS PONIENTE,RIO RHIN,NULO,NULO,0,NULO,NULO,NULO,NULO,NULO,NULO,SUDADERA,NULO,NULO,666,,NULO,Robo a persona,-102.28899659,21.87965660
258904,NOVIEMBRE,2016-11-10,JUEVES,22,27,AGUASCALIENTES,URBANA,BARRIO,LA SALUD,364,PROLONGACION,SAN MIGUEL,NULO,128,NULO,0,NULO,SOLEDAD,PASEO DE LA CRUZ,PASEO DE LA CRUZ,NULO,DINERO,100,NULO,NULO,NULO,NULO,NULO,NULO,NULO,NULO,NULO,667,,NULO,Robo a persona,-102.28527547,21.87433849
260782,NOVIEMBRE,2016-11-13,DOMINGO,17,45,AGUASCALIENTES,URBANA,FRACCIONAMIENTO,JOSE LOPEZ PORTILLO,955,AVENIDA,DE LOS MAESTROS,NULO,0,NULO,0,NULO,SOBERANA CONVENCION MILITAR REVOLUCIONARIA,RICARDO GARCIA MENDOZA,GERARDO MURILLO,NULO,DINERO,3800,NULO,BOLSO,NULO,NULO,NULO,NULO,NULO,NULO,NULO,668,,NULO,Robo a persona,-102.31680875,21.85505081
261732,NOVIEMBRE,2016-11-14,LUNES,23,36,AGUASCALIENTES,URBANA,FRACCIONAMIENTO,OJO DE AGUA,1080,CALLE,JESUS YUREM,NULO,315,NULO,0,NULO,NUEVO LEON,PLAZA NAYARIT,PLAZA SALVADOR CARRILLO,NULO,NULO,0,NULO,NULO,CARTERA,NULO,CELULAR,MEDALLA,NULO,NULO,NULO,669,,NULO,Robo a persona,-102.27960077,21.86373723
262189,NOVIEMBRE,2016-11-15,MARTES,20,40,AGUASCALIENTES,URBANA,FRACCIONAMIENTO,COLINAS DEL RIO,398,AVENIDA,AGUASCALIENTES PONIENTE,NULO,0,NULO,0,NULO,MAR CARIBE,RIO TAMESIS,RIO BRAVO,NULO,NULO,0,NULO,NULO,NULO,NULO,NULO,NULO,NULO,NULO,SIN DATOS,670,,NULO,Robo a persona,-102.31721535,21.89667482
262323,NOVIEMBRE,2016-11-15,MARTES,23,57,AGUASCALIENTES,URBANA,SIN TIPO,CINEPOLIS,813,AVENIDA,AGUASCALIENTES PONIENTE,NULO,0,NULO,0,NULO,MARIA DEL CARMEN MARTIN DEL CAMPO,FUNDICION,CANAL INTERCEPTOR,NULO,NULO,0,NULO,NULO,NULO,NULO,CELULAR,NULO,NULO,NULO,NULO,671,,NULO,Robo a persona,-102.31611207,21.90303517
262773,NOVIEMBRE,2016-11-16,MIERCOLES,20,38,AGUASCALIENES,URBANA,BARRIO,LA PURISIMA,915,AVENIDA,FRANCISCO I. MADERO,NULO,0,NULO,0,NULO,EZEQUIEL A. CHAVEZ,GENERAL MIGUEL BARRAGAN,LICENCIADO FRANCISCO PRIMO VERDAD,NULO,NULO,0,NULO,NULO,NULO,NULO,CELULAR,NULO,NULO,NULO,NULO,672,,NULO,Robo a persona,-102.28577787,21.88397232
262792,NOVIEMBRE,2016-11-16,MIERCOLES,21,2,AGUASCALIENTES,URBANA,FRACCIONAMIENTO,MUNICIPIO LIBRE,768,AVENIDA,OJOCALIENTE,NULO,0,NULO,0,NULO,LOS CAMPOS,MIGUEL ANGEL BARBERENA VEGA,LOS CAMPOS,NULO,NULO,0,NULO,BOLSO,NULO,NULO,NULO,NULO,NULO,NULO,PINZAS TIJERAS,673,,NULO,Robo a persona,-102.25884605,21.89697647
262845,NOVIEMBRE,2016-11-16,MIERCOLES,21,54,AGUASCALIENTES,URBANA,FRACCIONAMIENTO,JARDINES DE LA CRUZ (DELEGACION CENTRO),610,CALLE,JACARANDAS,NULO,0,NULO,0,NULO,OLIVOS,LICENCIADO ADOLFO LOPEZ MATEOS ORIENTE,OLIVOS,NULO,DINERO,10000,NULO,NULO,NULO,NULO,NULO,NULO,NULO,NULO,NULO,674,,NULO,Robo a persona,-102.27632524,21.87811801
263009,NOVIEMBRE,2016-11-17,JUEVES,7,41,SAN FRANCISCO DE LOS ROMO,URBANA,FRACCIONAMIENTO,HIDALGO,8,AVENIDA,LICENCIADO OTTO GRANADOS ROLDAN,NULO,0,NULO,0,NULO,FRANCISCO JAVIER MINA,NARANJO,LICENCIADO CARLOS SALINAS DE GORTARI,NULO,NULO,0,NULO,NULO,NULO,NULO,CELULAR,NULO,NULO,NULO,NULO,675,,NULO,Robo a persona,-102.27035966,22.06927780
265039,NOVIEMBRE,2016-11-19,SABADO,23,12,AGUASCALIENTES,URBANA,FRACCIONAMIENTO,SOLIDARIDAD I,431,AVENIDA,TECNOLOGICO,NULO,0,NULO,0,NULO,SIGLO XXI,SOLIDARIDAD,UNIDAD,NULO,NULO,0,NULO,NULO,NULO,NULO,NULO,NULO,NULO,NULO,CACHUCHA,676,,NULO,Robo a persona,-102.24514692,21.86830687
266264,NOVIEMBRE,2016-11-21,LUNES,12,9,AGUASCALIENTES,URBANA,FRACCIONAMIENTO,VILLAS DE NUESTRA SEÑORA DE LA ASUNCION (SECTOR ALAMEDA),516,CALLE,FRANCISCO ARMENGOL,NULO,0,NULO,0,NULO,LUIS CHAVEZ,LIBRADO GALLEGOS,DOMINGO VELASCO,NULO,NULO,0,NULO,NULO,NULO,NULO,CELULAR,NULO,NULO,NULO,NULO,677,,NULO,Robo a persona,-102.26160767,21.93337800
266498,NOVIEMBRE,2016-11-21,LUNES,18,9,AGUASCALIENTES,URBANA,CONDOMINIO,CENTRO COMERCIAL VILLASUNCION,1097,BOULEVARD,JOSE MARIA CHAVEZ,NULO,0,NULO,0,NULO,NINGUNO,ABRAHAM GONZALEZ,MAHATMA GANDHI,NULO,DINERO,1890,NULO,NULO,CARTERA,NULO,NULO,NULO,NULO,NULO,NULO,678,,NULO,Robo a persona,-102.29190286,21.85122844
265031,NOVIEMBRE,2016-11-19,SABADO,23,1,JESUS MARIA,URBANA,COLONIA,BENIGNO CHAVEZ,148,CALLE,TEODORO OLIVARES SANTANA,NULO,0,NULO,0,NULO,ELEUTERIO LOPEZ,TOMAS LUNA,CARMEN BRISEÑO,NULO,NULO,0,NULO,BOLSO,NULO,NULO,NULO,NULO,CHAMARRA,NULO,NULO,679,,NULO,Robo a persona,-102.34233601,21.95435836
265179,NOVIEMBRE,2016-11-20,DOMINGO,1,21,AGUASCALIENTES,URBANA,COLONIA,SAN MARCOS (DELEGACION CENTRO),736,CALLE,NAVARRETE,NULO,0,NULO,0,NULO,DAVID REYNOSO FLORES,CONVENCION DE 1914 PONIENTE,PUEBLITO,NULO,DINERO,1500,NULO,NULO,CARTERA,NULO,NULO,NULO,CHAMARRA,NULO,NULO,680,,NULO,Robo a persona,-102.31194706,21.87769529
265337,NOVIEMBRE,2016-11-20,DOMINGO,5,8,AGUASCALIENTES,URBANA,COLONIA,MIRAVALLE,750,AVENIDA,FUNDICION,NULO,0,NULO,0,NULO,JOSE MARIA AVILA,MANUEL CARPIO,PEDRO GARCIA ROJAS,NULO,DINERO,0,NULO,BOLSO,NULO,NULO,NULO,NULO,NULO,NULO,TARJETAS,681,,NULO,Robo a persona,-102.30975593,21.89357849
266400,NOVIEMBRE,2016-11-21,LUNES,15,22,AGUASCALIENTES,URBANA,BARRIO,EL ENCINO,1096,CALLE,DOCTOR JESUS DIAZ DE LEON,NULO,0,NULO,0,NULO,ABASOLO,JARDIN DEL ENCINO,JARDIN DEL ENCINO,NULO,DINERO,700,NULO,NULO,CARTERA,NULO,NULO,NULO,NULO,NULO,NULO,682,,NULO,Robo a persona,-102.29239031,21.87477775
267342,NOVIEMBRE,2016-11-22,MARTES,20,33,AGUASCALIENTES,URBANA,BARRIO,LA PURISIMA,915,AVENIDA,HEROE DE NACOZARI NORTE,NULO,0,NULO,0,NULO,ALAMEDA,J. REFUGIO VELAZCO,EZEQUIEL A. CHAVEZ,NULO,NULO,0,NULO,NULO,NULO,NULO,CELULAR,NULO,NULO,NULO,NULO,683,,MOTO,Robo a persona,-102.28237968,21.88222485
267943,NOVIEMBRE,2016-11-23,MIERCOLES,19,15,JESUS MARIA,URBANA,COLONIA,LA ESCALERA,219,CALLE,LETICIA RAMIREZ ALBA,NULO,231,A,1,NULO,DIEGO FLORES,FELIPE GAYTAN REYNA,CONSTITUCION,NULO,NULO,0,NULO,NULO,NULO,NULO,CELULAR,NULO,NULO,NULO,NULO,684,,NULO,Robo a persona,-102.34993146,21.97110498
268331,NOVIEMBRE,2016-11-24,JUEVES,11,54,AGUASCALIENTES,URBANA,FRACCIONAMIENTO,VISTAS DE ORIENTE,489,AVENIDA,SAN GABRIEL,NULO,0,NULO,0,NULO,VISTAS DE ORIENTE,POLIDUCTO,VISTAS DE ORIENTE,NULO,NULO,0,NULO,NULO,NULO,NULO,CELULAR,NULO,NULO,NULO,NULO,685,,NULO,Robo a persona,-102.24118551,21.87561733
268414,NOVIEMBRE,2016-11-24,JUEVES,14,7,AGUASCALIENTES,URBANA,FRACCIONAMIENTO,JARDINES DE SANTA ELENA,1106,CALLE,REPUBLICA MEXICANA,NULO,0,NULO,0,NULO,LAS AMERICAS,REPUBLICA DE NICARAGUA,REPUBLICA DE PERU,TIMO,DINERO,4000,BANAMEX SANTA ELENA,NULO,NULO,NULO,NULO,NULO,NULO,NULO,NULO,686,,NULO,Robo a persona,-102.30400977,21.86437291
268571,NOVIEMBRE,2016-11-24,JUEVES,18,47,AGUASCALIENTES,URBANA,COLONIA,GREMIAL,917,AVENIDA,HEROE DE NACOZARI,NULO,1712,NULO,0,NULO,DOCTOR CARLOS M. LOPEZ,INGENIERO TOMAS MEDINA,20 DE NOVIEMBRE,NULO,NULO,0,NULO,NULO,NULO,NULO,NULO,NULO,CHAMARRA,NULO,MOCHILA,687,,NULO,Robo a persona,-102.28754510,21.89901470
268637,NOVIEMBRE,2016-11-24,JUEVES,20,46,JESUS MARIA,URBANA,FRACCIONAMIENTO,BUENAVISTA,198,CALLE,NARDO,NULO,0,NULO,0,NULO,PROLONGACION PLAN DE ALLENDE,REES FISCHER,MEZQUITAL,NULO,NULO,0,NULO,NULO,NULO,NULO,CELULAR,NULO,NULO,NULO,NULO,688,,NULO,Robo a persona,-102.35726799,21.96814972
269052,NOVIEMBRE,2016-11-25,VIERNES,14,28,AGUASCALIENTES,URBANA,FRACCIONAMIENTO,MORELOS I,1120,AVENIDA,AGUASCALIENTES SUR,NULO,0,NULO,0,NULO,CORREGIDORA,HERMANOS GALEANA,CAUDILLOS,NULO,DINERO,200,NULO,NULO,CARTERA,NULO,CELULAR,NULO,NULO,NULO,NULO,689,,NULO,Robo a persona,-102.26361828,21.85976031
269191,NOVIEMBRE,2016-11-25,VIERNES,18,46,AGUASCALIENTES,URBANA,CONDOMINIO,CENTRO COMERCIAL GALERIAS,357,AVENIDA,INDEPENDENCIA,NULO,0,NULO,0,NULO,JORGE REYNOSO,NINGUNO,NINGUNO,NULO,DINERO,200,NULO,NULO,NULO,NULO,CELULAR,NULO,NULO,NULO,NULO,690,,NULO,Robo a persona,-102.29758694,21.91886704
270724,NOVIEMBRE,2016-11-27,DOMINGO,17,37,AGUASCALIENTES,URBANA,FRACCIONAMIENTO,EJIDO LAS CUMBRES,403,CALLE,POLIDUCTO,NULO,0,NULO,0,NULO,PAULA DE J. JIMENEZ DE YAÑEZ,MARTIRES DEL RIO BLANCO,SIERRA MADRE DEL SUR,NULO,NULO,0,NULO,NULO,NULO,NULO,CELULAR,NULO,NULO,NULO,NULO,691,,NULO,Robo a persona,-102.24931150,21.90624992
271381,NOVIEMBRE,2016-11-28,LUNES,13,27,AGUASCALIENTES,URBANA,BARRIO,LA SALUD,1122,AVENIDA,CONVENCION DE 1914 SUR,NULO,0,NULO,0,NULO,ACUEDUCTO,LA SALUD,ACUEDUCTO,NULO,NULO,0,NULO,NULO,NULO,NULO,NULO,NULO,NULO,NULO,MOCHILA,692,,NULO,Robo a persona,-102.28198577,21.86709998
271725,NOVIEMBRE,2016-11-28,LUNES,21,45,AGUASCALIENTES,URBANA,FRACCIONAMIENTO,FUNDICION,681,AVENIDA,CANAL INTERCEPTOR,NULO,0,NULO,0,NULO,HIERRO,FUNDICION,CANAL INTERCEPTOR,NULO,NULO,0,NULO,NULO,CARTERA,NULO,NULO,NULO,NULO,NULO,NULO,693,,NULO,Robo a persona,-102.31572832,21.90236310
273102,NOVIEMBRE,2016-11-30,MIERCOLES,22,16,AGUASCALIENTES,URBANA,FRACCIONAMIENTO,CONSTITUCION,794,AVENIDA,CONSTITUCION,NULO,613,NULO,0,NULO,POZO DE LA HACIENDA,POZO PLATINO,POZO ESMERALDA,NULO,NULO,0,NULO,NULO,NULO,NULO,CELULAR,NULO,NULO,NULO,NULO,694,,NULO,Robo a persona,-102.28422430,21.92594552
272765,NOVIEMBRE,2016-11-30,MIERCOLES,13,41,AGUASCALIENTES,URBANA,FRACCIONAMIENTO,MODELO,905,CALLE,NIETO,NULO,0,NULO,0,NULO,ANGEL GARCIA,RICARDO GARCIA,NICOLAS RAMIREZ,NULO,NULO,0,NULO,BOLSO,NULO,NULO,NULO,NULO,NULO,NULO,NULO,695,,NULO,Robo a persona,-102.30964690,21.87514862
272784,NOVIEMBRE,2016-11-30,MIERCOLES,14,10,AGUASCALIENTES,URBANA,FRACCIONAMIENTO,MIRADOR DE LAS CULTURAS 11,494,CALLE,LOMA DE LAS CALANDRIAS,NULO,202,NULO,2,NULO,CULTURA NAZCA,CULTURA CHARACHOL,PORTALES DEL BARRIO,NULO,NULO,0,NULO,NULO,NULO,NULO,CELULAR,NULO,NULO,NULO,NULO,696,,ITALIKA NEGRA,Robo a persona,-102.24318083,21.91411834
272643,NOVIEMBRE,2016-11-30,MIERCOLES,9,27,AGUASCALIENTES,URBANA,FRACCIONAMIENTO,EJIDO OJOCALIENTE,356,PROLONGACION,ALAMEDA,NULO,0,NULO,0,NULO,PRINCIPAL,RODOLFO LANDEROS,LAZARO MALDONADO DEL RIO,NULO,NULO,0,NULO,NULO,NULO,NULO,CELULAR,NULO,NULO,NULO,NULO,697,,NULO,Robo a persona,-102.26304636,21.88695121
273920,DICIEMBRE,2016-12-01,JUEVES,23,58,AGUASCALIENTES,URBANA,FRACCIONAMIENTO,FIDEL VELAZQUEZ,766,CALLE,PLAZA FUENTE DE HERCULES,NULO,0,NULO,0,NULO,PLAZA DE LA MINERVA,GOBERNANTES,GOBERNANTES,NULO,NULO,0,NULO,NULO,NULO,NULO,CELULAR,NULO,NULO,NULO,NULO,698,,MOTO,Robo a persona,-102.25825651,21.89233566
275188,DICIEMBRE,2016-12-03,SABADO,17,9,AGUASCALIENTES,URBANA,COLONIA,ZONA CENTRO,906,CALLE,RIVERO Y GUTIERREZ,NULO,0,NULO,0,NULO,GENERAL GUADALUPE VICTORIA,ALARCON,GENERAL IGNACIO ALLENDE,NULO,NULO,0,NULO,BOLSO,NULO,NULO,NULO,NULO,NULO,NULO,NULO,699,,NULO,Robo a persona,-102.29819704,21.88250558
276003,DICIEMBRE,2016-12-04,DOMINGO,11,38,AGUASCALIENTES,URBANA,FRACCIONAMIENTO,CERRO ALTO,456,CALLE,CERRO DE LA ARDILLA,NULO,0,NULO,0,NULO,CERRO DE ALTAMIRA,SIGLO XXI,PENSADORES MEXICANOS ORIENTE,NULO,DINERO,8500,NULO,NULO,CARTERA,NULO,CELULAR,NULO,NULO,NULO,NULO,700,,NULO,Robo a persona,-102.26131130,21.91607909
276049,DICIEMBRE,2016-12-04,DOMINGO,12,48,PABELLON DE ARTEAGA,URBANA,COLONIA,FRANCISCO VILLA,108,CALLE,EDMUNDO GAMEZ OROZCO,NULO,40,NULO,0,NULO,MIGUEL HIDALGO,GENERAL FRANCISCO VILLA,INDEPENDENCIA NORTE,NULO,DINERO,1000,NULO,NULO,NULO,NULO,NULO,NULO,NULO,NULO,NULO,701,,NULO,Robo a persona,-102.27226048,22.14993926
276063,DICIEMBRE,2016-12-04,DOMINGO,13,3,AGUASCALIENTES,URBANA,COLONIA,SAN JOSE DEL ARENAL,818,CALLE,TEPEZALA,NULO,0,NULO,0,NULO,SAN JULIAN,SAN JUAN DE LOS LAGOS,ASIENTOS,NULO,NULO,0,NULO,NULO,NULO,NULO,CELULAR,NULO,NULO,NULO,NULO,702,,NULO,Robo a persona,-102.30837122,21.90732611
276504,DICIEMBRE,2016-12-04,DOMINGO,23,44,AGUASCALIENTES,URBANA,FRACCIONAMIENTO,ESPAÑA,1052,AVENIDA,CONVENCION DE 1914 SUR,NULO,0,NULO,0,NULO,DE LOS MAESTROS,SEVILLA,CATALUÑA,NULO,NULO,0,NULO,NULO,NULO,NULO,NULO,NULO,NULO,NULO,SIN DATOS,703,,NULO,Robo a persona,-102.30928003,21.86795309
276644,DICIEMBRE,2016-12-05,LUNES,5,12,JESUS MARIA,RURAL,COMUNIDAD,PASO BLANCO,185-P,CALLE,GARDENIAS,NULO,0,NULO,0,NULO,NIÑOS HEROES,NINGUNO,SAN ANTONIO,NULO,NULO,0,NULO,NULO,NULO,NULO,CELULAR,NULO,NULO,NULO,NULO,704,,NULO,Robo a persona,-102.31781311,21.97526654
278965,DICIEMBRE,2016-12-08,JUEVES,13,38,RINCON DE ROMOS,URBANA,FRACCIONAMIENTO,MIGUEL HIDALGO,76,CALLE,BAJA CALIFORNIA SUR,NULO,0,NULO,0,NULO,CHIHUAHUA,DURANGO,CAMPECHE,NULO,NULO,0,NULO,NULO,NULO,NULO,NULO,NULO,NULO,BICICLETA,NULO,705,,NULO,Robo a persona,-102.33044313,22.22716044
279351,DICIEMBRE,2016-12-08,JUEVES,23,15,AGUASCALIENTES,URBANA,FRACCIONAMIENTO,MORELOS I,1120,CALLE,PEDRO ASCENCIO,NULO,0,NULO,0,NULO,22 DE DICIEMBRE,MAYO DE 1812,SIGLO XXI,NULO,NULO,0,NULO,NULO,NULO,NULO,NULO,NULO,NULO,BICICLETA,NULO,706,,NULO,Robo a persona,-102.25974071,21.85544371
276941,DICIEMBRE,2016-12-05,LUNES,15,53,AGUASCALIENTES,URBANA,FRACCIONAMIENTO,CASA BLANCA,553,AVENIDA,AGUASCALIENTES SUR,NULO,0,NULO,0,NULO,CASA BLANCA,MARIANO ESCOBEDO,CAUDILLOS,NULO,NULO,0,NULO,NULO,NULO,NULO,NULO,NULO,NULO,NULO,SIN DATOS,707,,NULO,Robo a persona,-102.27427199,21.85992648
277861,DICIEMBRE,2016-12-06,MARTES,20,4,AGUASCALIENTES,URBANA,FRACCIONAMIENTO,VILLAS DE NUESTRA SEÑORA DE LA ASUNCION (SECTOR ENCINO),506,CALLE,JESUS REYES,NULO,105,NULO,0,NULO,ARROYO SECO,ANDRES LOPEZ,ADORATRICES,NULO,NULO,0,NULO,BOLSO,NULO,NULO,NULO,NULO,NULO,NULO,NULO,708,,NULO,Robo a persona,-102.26594348,21.92452750
277999,DICIEMBRE,2016-12-06,MARTES,22,43,AGUASCALIENTES,URBANA,FRACCIONAMIENTO,SOLIDARIDAD I,431,CALLE,ELECTRICIDAD,NULO,0,NULO,0,NULO,SALUD,FRATERNIDAD,TRANSPORTES,NULO,NULO,0,NULO,NULO,NULO,NULO,CELULAR,NULO,NULO,NULO,NULO,709,,NULO,Robo a persona,-102.24313356,21.86997967
278533,DICIEMBRE,2016-12-07,MIERCOLES,20,33,PABELLON DE ARTEAGA,URBANA,COLONIA,PROGRESO SUR,96,AVENIDA,CONSTELACION,NULO,0,NULO,0,NULO,FELIPE ANGELES,CENTAURO,ANTARES,NULO,NULO,0,NULO,NULO,NULO,NULO,CELULAR,NULO,NULO,NULO,NULO,710,,NULO,Robo a persona,-102.28141033,22.14139321
279042,DICIEMBRE,2016-12-08,JUEVES,15,3,AGUASCALIENTES,URBANA,COLONIA,ZONA CENTRO,906,CALLE,GENERAL IGNACIO ZARAGOZA,NULO,0,NULO,0,NULO,FRNCISCO I. MADERO,GONZALEZ SARACHO,MIGUEL HIDALGO Y COSTILLA,TIMO,DINERO,4000,NULO,NULO,NULO,NULO,NULO,ALHAJAS,NULO,NULO,NULO,711,,NULO,Robo a persona,-102.29074820,21.88350594
279699,DICIEMBRE,2016-12-09,VIERNES,12,55,JESUS MARIA,URBANA,FRACCIONAMIENTO,PASEOS DE GOMEZ PORTUGAL,130,CALLE,PASEO GOMEZ PORTUGAL,NULO,508,NULO,0,NULO,PASEO MARAVILLAS,VENUSTIANO CARRANZA,PANAMERICANA,NULO,NULO,0,NULO,NULO,NULO,NULO,NULO,NULO,NULO,BICICLETA,NULO,712,,NULO,Robo a persona,-102.28974660,22.00109819
283858,DICIEMBRE,2016-12-14,MIERCOLES,0,7,AGUASCALIENTES,URBANA,FRACCIONAMIENTO,INSURGENTES,1046,CALLE,GENERAL LUIS MOYA,NULO,0,NULO,0,NULO,INGENIERO CAMILO ARRIAGA,DOCTOR FRANCISCO VAZQUEZ,ABRAHAM GONZALEZ,NULO,NULO,0,NULO,BOLSO,NULO,NULO,NULO,NULO,NULO,NULO,NULO,713,,NULO,Robo a persona,-102.31597682,21.85010981
279866,DICIEMBRE,2016-12-09,VIERNES,17,53,AGUASCALIENTES,URBANA,COMUNIDAD,ARELLANO,1-P,CALLE,BENITO JUAREZ,NULO,0,NULO,0,NULO,TREN BALA,FRANCISCO GOMEZ ESPARZA,DOMINGO GARCIA,NULO,NULO,0,NULO,NULO,NULO,NULO,CELULAR,NULO,NULO,BICICLETA,MOCHILA HERRAMIENTA,714,,NULO,Robo a persona,-102.27435310,21.79986648
280017,DICIEMBRE,2016-12-09,VIERNES,21,29,AGAUSCALIENTES,URBANA,COLONIA,ZONA CENTRO,906,AVENIDA,FRANCISCO I MADERO,NULO,0,NULO,0,NULO,COSIO NORTE,GENERAL MIGUEL BARRAGAN,LICENCIADO FRANCISCO PRIMO VERDAD,NULO,NULO,0,NULO,NULO,NULO,NULO,CELULAR,NULO,NULO,NULO,NULO,715,,NULO,Robo a persona,-102.28732874,21.88352348
280218,DICIEMBRE,2016-12-10,SABADO,1,0,AGUASCALIENTES,URBANA,FRACCIONAMIENTO,RESIDENCIAL LOS PIRULES,1073,CALLE,MAGNOLIA,NULO,203,NULO,0,NULO,PAPIRO,PIRULERO,PIRULERO,NULO,DINERO,1400,NULO,NULO,CARTERA,NULO,NULO,NULO,NULO,NULO,AUTO ESTEREO,716,,NULO,Robo a persona,-102.31948708,21.87022057
283070,DICIEMBRE,2016-12-13,MARTES,0,37,AGUASCALIENTES,URBANA,FRACCIONAMIENTO,CANTERAS DE SAN JOSE,400,CALLE,PLAZA JUANACATLAN 3,NULO,232,NULO,0,NULO,NINGUNO,PLAZA JUANACATLAN,PLAZA JUANACATLAN 4,NULO,DINERO,4000,NULO,NULO,NULO,TABLET,CELULAR,NULO,NULO,NULO,CANGURERA,717,,NULO,Robo a persona,-102.33522470,21.85719646
283290,DICIEMBRE,2016-12-13,MARTES,10,59,PABELLON DE ARTEAGA,URBANA,COLONIA,5 D EMAYO,91,CALLE,GUILLERMO PRIETO,NULO,0,NULO,0,NULO,IGNACIO RAMIREZ,MANUEL ALTAMIRANO,MARIANO ESCOBEDO,NULO,DINERO,6500,NULO,NULO,MONEDER,NULO,NULO,NULO,NULO,NULO,NULO,718,,NULO,Robo a persona,-102.27580955,22.14474233
235354,DICIEMBRE,2016-12-13,MARTES,17,47,AGUASCALIENTES,URBANA,BARRIO,SAN MARCOS,735,CALLE,ALFONSO ESPARZA OTEO,NULO,0,NULO,0,NULO,JOSE GUADALUPE POSADA,RINCON,IGNACIO LOMAS,NULO,NULO,0,NULO,NULO,NULO,NULO,CELULAR,NULO,NULO,NULO,NULO,719,,BICICLETA,Robo a persona,-102.30656140,21.87992578
283696,DICIEMBRE,2016-12-13,MARTES,20,53,TEPEZALA,RURAL,COMUNIDAD,CARBONERAS,262-P,CALLE,MIGUEL HIDALGO,NULO,0,NULO,0,NULO,EMILIANO ZAPATA,16 DE SEPTIEMBRE,ALVARO OBREGON,NULO,NULO,0,NULO,NULO,NULO,NULO,NULO,NULO,NULO,BICICLETA,NULO,720,,NULO,Robo a persona,-102.24592947,22.17960165
283796,DICIEMBRE,2016-12-13,MARTES,22,43,JESUS MARIA,URBANA,COLONIA,EJIDAL,196,CALLE,SOLIDARIDAD,NULO,0,NULO,0,NULO,PRIMERO DE MARZO,FELIPE ANGELES,FELIPE ANGELES,NULO,NULO,0,NULO,NULO,NULO,NULO,CELULAR,NULO,NULO,NULO,NULO,721,,BICICLETA,Robo a persona,-102.35423758,21.96527237
280054,DICIEMBRE,2016-12-09,VIERNES,22,4,RINCON DE ROMOS,URBANA,FRACCIONAMIENTO,LA ESTANCIA DE CHORA,60,CALLE,COPALLI,NULO,0,NULO,0,NULO,TUITLAN,MOTOLINEA ORIENTE,OCTLI,NULO,NULO,0,NULO,NULO,NULO,NULO,NULO,NULO,NULO,BICICLETA,NULO,722,,NULO,Robo a persona,-102.31116885,22.23163573
284347,DICIEMBRE,2016-12-14,MIERCOLES,18,52,AGUASCALIENTES,URBANA,FRACCIONAMIENTO,NATURA,699,CALLE,PARRAL,NULO,202,NULO,0,NULO,AGUSTIN LARA,JOSE CONTRERAS ESPARZA,FEDERICO MENDEZ,NULO,DINERO,2000,NULO,BOLSO,NULO,NULO,NULO,NULO,NULO,NULO,IDENTIFICACIONES,723,,NULO,Robo a persona,-102.24871612,21.93065819
284379,DICIEMBRE,2016-12-14,MIERCOLES,19,26,AGUASCALIENTES,URBANA,FRACCIONAMIENTO,VILLA TERESA,790,CALLE,ADORATRICES,NULO,0,NULO,0,NULO,LASALLISTAS,JOSEFINOS,CAPUCHINAS,NULO,NULO,0,NULO,BOLSO,NULO,NULO,NULO,NULO,NULO,NULO,NULO,724,,NULO,Robo a persona,-102.27890361,21.92212741
284396,DICIEMBRE,2016-12-14,MIERCOLES,19,50,AGUASCALIENTES,URBANA,COLONIA,ZONA CENTRO,906,CALLE,DURANGO,NULO,111,NULO,0,NULO,TORREON,LICENCIADO FRANCISCO PRIMO VERDAD,TORREON,NULO,NULO,0,NULO,BOLSO,NULO,NULO,NULO,NULO,NULO,NULO,NULO,725,,NULO,Robo a persona,-102.28891370,21.88547468
284903,DICIEMBRE,2016-12-15,JUEVES,12,55,AGUASCALIENTES,URBANA,FRACCIONAMIENTO,FIDEL VELAZQUEZ,766,ANDADOR,DEL PUENTE VIEJO,NULO,0,NULO,0,NULO,FUENTES DEL TROCADERO,JARDINES DE VERSALLES,JARDINES DE VERSALLES,NULO,NULO,0,NULO,NULO,NULO,NULO,CELULAR,NULO,NULO,NULO,NULO,726,,MOTO,Robo a persona,-102.25749015,21.89264410
285294,DICIEMBRE,2016-12-15,JUEVES,21,53,AGUASCALIENTES,URBANA,FRACCIONAMIENTO,LOMAS DE VISTABELLA,604,AVENIDA,EJEDRECISTAS,NULO,0,NULO,0,NULO,VISTA DE LA LUNA,VISTA DE LA MONTAÑA,VISTA DEL AMANECER,NULO,NULO,0,NULO,NULO,NULO,NULO,CELULAR,NULO,NULO,NULO,NULO,727,,NULO,Robo a persona,-102.25677697,21.84580362
288192,DICIEMBRE,2016-12-18,DOMINGO,22,58,AGUASCALIENTES,URBANA,DESARROLLO ESPECIAL,TRES CENTURIAS ESPECIAL,753,AVENIDA,HERIOCO COLEGIO MILITAR,NULO,0,NULO,0,NULO,NINGUNO,ENRIQUE ESTRADA,CORONEL JESUS R. MACIAS,NULO,NULO,0,NULO,NULO,NULO,NULO,NULO,NULO,NULO,NULO,MOCHILA,728,,NULO,Robo a persona,-102.28413295,21.89474632
285706,DICIEMBRE,2016-12-16,VIERNES,11,50,AGUASCALIENTES,URBANA,COLONIA,ZONA CENTRO,906,AVENIDA,FRANCISCO I MADERO,NULO,0,NULO,0,NULO,AGUSTIN R. GONZALEZ,COSIO NORTE,GONZALEZ SARACHO,NULO,NULO,0,NULO,NULO,NULO,NULO,CELULAR,NULO,NULO,NULO,NULO,729,,MOTO,Robo a persona,-102.28840876,21.88322621
286631,DICIEMBRE,2016-12-17,SABADO,14,24,AGUASCALIENTES,URBANA,COLONIA,SAN MARCOS (DELEGACION POCITOS),650,CALLE,PROLONGACION AQUILES ELORDUY,NULO,0,NULO,0,NULO,GUANAJUATO,VERACRUZ,TALAMANTES,NULO,NULO,0,NULO,BOLSO,NULO,NULO,NULO,NULO,NULO,NULO,NULO,730,,NULO,Robo a persona,-102.31434291,21.88062478
288631,DICIEMBRE,2016-12-19,LUNES,14,44,AGUASCALIENTES,URBANA,COLONIA,ZONA CENTRO,906,CALLE,GENERAL VICENTE GUERRERO,NULO,113,A,0,NULO,INSURGENTES,RAYON,ARCE,NULO,NULO,0,NULO,NULO,NULO,NULO,CELULAR,NULO,NULO,NULO,NULO,731,,NULO,Robo a persona,-102.29925847,21.87856749
289383,DICIEMBRE,2016-12-20,MARTES,14,47,AGUASCALIENTES,URBANA,FRACCIONAMIENTO,VILLAS DE NUESTRA SEÑORA DE LA ASUNCION (SECTOR GUADALUPE),402,AVENIDA,JOSE DE JESUS GONZALEZ GARCIA,NULO,601,A,0,NULO,ANTONIO RUIZ ESPARZA ALONSO,RAMON FERNANDEZ MORENO,ROGELIO GALINDO DE LA TORRE,NULO,NULO,0,NULO,NULO,NULO,NULO,CELULAR,NULO,NULO,NULO,NULO,732,,NULO,Robo a persona,-102.25714987,21.92983079
289402,DICIEMBRE,2016-12-20,MARTES,15,1,AGUASCALIENTES,URBANA,FRACCIONAMIENTO,C.T.M.,790,CALLE,OBRERO MUNDIAL,NULO,0,NULO,0,NULO,CASTOR,SAGITARIO,LIRA,NULO,NULO,0,NULO,NULO,NULO,NULO,CELULAR,NULO,NULO,NULO,NULO,733,,NULO,Robo a persona,-102.28131183,21.90211405
290112,DICIEMBRE,2016-12-21,MIERCOLES,15,27,AGUASCALIENTES,URBANA,FRACCIONAMIENTO,LA ESTRELLA,483,CALLE,GEMINIS,NULO,0,NULO,0,NULO,LIRA,LIBRA,CAPRICORNIO,NULO,NULO,0,NULO,NULO,NULO,NULO,CELULAR,NULO,NULO,NULO,NULO,734,,NULO,Robo a persona,-102.27997927,21.90377996
290899,DICIEMBRE,2016-12-22,JUEVES,16,16,AGUASCALIENTES,URBANA,FRACCIONAMIENTO,PINTORES MEXICANOS,443,CALLE,ANGEL ZARRAGA,NULO,162,NULO,0,NULO,RENATO LEDUC,CARLOS FUENTES MARES,SALVADOR NOVO,NULO,NULO,0,NULO,NULO,NULO,NULO,CELULAR,NULO,NULO,NULO,NULO,735,,NULO,Robo a persona,-102.26554062,21.91619223
290936,DICIEMBRE,2016-12-22,JUEVES,17,15,AGUASCALIENTES,URBANA,FRACCIONAMIENTO,J. GUADALUPE PERALTA,411,CALLE,JOSE GUADALUPE NAJERA JIMENEZ,NULO,134,NULO,0,NULO,CATEDRATICOS,PROCERES DE LA ENSEÑANZA,MARIA DEL CARMEN RUIZ,NULO,DINERO,1500,NULO,NULO,NULO,NULO,NULO,NULO,NULO,NULO,BOLSA,736,,NULO,Robo a persona,-102.23879378,21.87250982
290923,DICIEMBRE,2016-12-22,JUEVES,15,58,AGUASCALIENTES,URBANA,COLONIA,LAS FLORES,1072,CALLE,ROSAS,NULO,0,NULO,0,NULO,LOS LAURELES,DE LAS ORQUIDEAS,MARAVILLAS,NULO,NULO,0,NULO,NULO,NULO,NULO,CELULAR,NULO,NULO,NULO,NULO,737,,NULO,Robo a persona,-102.30225931,21.87489401
291223,DICIEMBRE,2016-12-22,JUEVES,22,13,AGUASCALIENTES,URBANA,FRACCIONAMIENTO,OJOCALIENTE III,525,CALLE,LA BOQUILLA,NULO,132,NULO,0,NULO,AGUAGORDA,LA TACUACHA,EL CHIQUIHUITE,NULO,NULO,0,NULO,NULO,NULO,NULO,CELULAR,NULO,NULO,NULO,NULO,738,,NULO,Robo a persona,-102.24529659,21.88239955
293479,DICIEMBRE,2016-12-25,DOMINGO,14,28,AGUASCALIENTES,URBANA,FRACCIONAMIENTO,BAJIO DE LAS PALMAS,533,CALLE,PALMA DATILERA,NULO,221,NULO,0,NULO,PALMA ABANICO,PALMA MEXICANA,PALMA PLATEADA,NULO,NULO,0,NULO,NULO,NULO,NULO,NULO,NULO,NULO,NULO,NULO,739,,NULO,Robo a persona,-102.24061193,21.86262707
292221,DICIEMBRE,2016-12-24,SABADO,3,35,AGUASCALIENTES,URBANA,FRACCIONAMIENTO,MUNICIPIO LIBRE,768,CALLE,PRADERA,NULO,234,NULO,0,NULO,VISTA HERMOSA,ESFUERZO NACIONAL,MIGUEL ANGEL BARBERENA VEGA,NULO,NULO,0,NULO,NULO,NULO,NULO,CELULAR,NULO,NULO,NULO,NULO,740,,MOTO,Robo a persona,-102.24998719,21.89565156
262303,DICIEMBRE,2016-12-24,SABADO,7,4,AGUASCALIENTES,URBANA,FRACCIONAMIENTO,MORELOS,616,AVENIDA,AGUASCALIENTES SUR,NULO,0,NULO,0,NULO,CHACMULTUM,UXMAL,HUNUCMA,NULO,NULO,0,NULO,BOLSO,NULO,NULO,CELULAR,NULO,NULO,NULO,NULO,741,,NULO,Robo a persona,-102.25714987,21.86004994
274135,DICIEMBRE,2016-12-26,LUNES,2,7,JESUS MARIA,URBANA,FRACCIONAMIENTO,SANTA PAULINA,174,CARRETERA,28,NULO,0,NULO,0,NULO,28,NINGUNO,NINGUNO,NULO,DINERO,250,NULO,NULO,CARTERA,NULO,CELULAR,NULO,NULO,BICICLETA,NULO,742,,NULO,Robo a persona,-102.31964889,21.98591384
294289,DICIEMBRE,2016-12-26,LUNES,10,55,AGUASCALIENTES,URBANA,COLONIA,ZONA CENTRO,906,CALLE,RAYON,NULO,103,NULO,0,NULO,GALEANA SUR,JOSE MARIA CHAVEZ,NIETO,NULO,DINERO,1200,NULO,NULO,NULO,NULO,NULO,NULO,NULO,NULO,NULO,743,,NULO,Robo a persona,-102.29635446,21.87871840
294291,DICIEMBRE,2016-12-26,LUNES,11,3,AGUASCALIENTES,URBANA,FRACCIONAMIENTO,MORELOS II,622,CALLE,MARINAO JIMENEZ,NULO,720,NULO,0,NULO,MAYO DE 1812,22 DE DICIEMBRE,SIGLO XXI,NULO,NULO,0,NULO,NULO,NULO,NULO,CELULAR,NULO,NULO,NULO,NULO,744,,NULO,Robo a persona,-102.25951241,21.85394868
294752,DICIEMBRE,2016-12-26,LUNES,21,59,AGUASCALIENTES,URBANA,FRACCIONAMIENTO,BENITO JUAREZ,473,AVENIDA,NAZARIO ORTIZ GARZA,NULO,0,NULO,0,NULO,PARQUE VIA,VALLE DE LOS REYES,GABRIELA MISTRAL,NULO,NULO,0,NULO,NULO,NULO,NULO,CELULAR,NULO,NULO,NULO,NULO,745,,NULO,Robo a persona,-102.27377285,21.89969792
274787,DICIEMBRE,2016-12-26,LUNES,22,25,AGUASCALIENTES,URBANA,FRACCIONAMIENTO,CONSTITUCION,794,AVENIDA,CONSTITUCION,NULO,0,NULO,0,NULO,ARTICULO CUARTO,ARTICULO QUINTO,ARTICULO 123,NULO,NULO,0,NULO,NULO,NULO,NULO,CELULAR,NULO,NULO,NULO,NULO,746,,NULO,Robo a persona,-102.28538523,21.92156844
294453,DICIEMBRE,2016-12-26,LUNES,15,57,AGUASCALIENTES,URBANA,FRACCIONAMIENTO,INSURGENTES,1046,AVENIDA,CONVENCION,NULO,0,NULO,0,NULO,GENERAL FORTUNATO MAYCOTE,GENERAL MARTIN ESPINOZA SANCHEZ,DOCTOR MARIANO AZUELA,NULO,NULO,0,NULO,NULO,CARTERA,NULO,CELULAR,NULO,NULO,BICICLETA,NULO,747,,NULO,Robo a persona,-102.31311562,21.85260005
295716,DICIEMBRE,2016-12-28,MIERCOLES,11,38,AGUASCALIENTES,URBANA,BARRIO,EL ENCINO,1096,CALLE,CRISTOBAL COLON,NULO,0,NULO,0,NULO,HEROES DE CHAPULTEPEC,DEL SOL,DOCTOR JESUS DIAZ DE LEON,NULO,NULO,0,NULO,BOLSO,NULO,NULO,NULO,NULO,NULO,NULO,NULO,748,,BICICLETA,Robo a persona,-102.29457950,21.87755896
297412,DICIMBRE,2016-12-30,VIERNES,19,42,AGUASCALIENTES,URBANA,FRACCIONAMIENTO,LOMAS DE VISTA BELLA,604,CALLE,VISTA DE LA PLAYA,NULO,116,NULO,0,NULO,VISTA DE LA LUNA,VISTA DE LA MONTAÑA,DIAGONAL ALFIL,NULO,NULO,0,NULO,NULO,NULO,NULO,CELULAR,NULO,NULO,NULO,NULO,749,,TSURU TINTO,Robo a persona,-102.25858003,21.84350767
295958,DICIEMBRE,2016-12-28,MIERCOLES,19,6,AGUASCALIENTES,URBANA,FRACCIONAMIENTO,MORELOS I,1120,AVENIDA,SIGLO XXI,NULO,0,NULO,0,NULO,30 DE JULIO,MEXICO LIBRE,JEFES INSURGENTES,NULO,NULO,0,NULO,NULO,NULO,NULO,CELULAR,NULO,NULO,NULO,LLAVES,750,,NULO,Robo a persona,-102.26668147,21.85296460
295856,DICIEMBRE,2016-12-28,MIERCOLES,15,42,AGUASCALIENTES,URBANA,COLONIA,MIRAVALLE,750,AVENIDA,CONVENCION DE 1914 PONIENTE,NULO,205,NULO,0,NULO,PEDRO GARCIA ROJAS,FUNDICION,JOSE MARIA LOPEZ DE NAVA,NULO,NULO,0,NULO,NULO,NULO,NULO,CELULAR,NULO,NULO,NULO,NULO,751,,MOTONETA,Robo a persona,-102.31159912,21.89429736
296776,DICIEMBRE,2016-12-29,JUEVES,21,26,AGUASCALIENTES,URBANA,FRACCIONAMIENTO,SANTA ELENA,1105,AVENIDA,LAS AMERICAS,NULO,0,NULO,0,NULO,CONVENCION DE 1914 SUR,MANAGUA,REPUBLICA DE NICARAGUA,NULO,NULO,0,NULO,BOLSO,NULO,NULO,CELULAR,NULO,NULO,NULO,NULO,752,,NULO,Robo a persona,-102.30297958,21.86717944
297822,DICIEMBRE,2016-12-31,SABADO,3,21,AGUASCALIENTES,URBANA,COLONIA,ZONA CENTRO,906,AVENIDA,LICENCIADO ADOLFO LOPEZ MATEOS PONIENTE,NULO,0,NULO,0,NULO,CRSITOBAL COLON,DOCTOR JESUS DIAZ DE LEON,FRANCISCO G HORNEDO,NULO,NULO,0,NULO,NULO,NULO,NULO,CELULAR,NULO,NULO,NULO,NULO,753,,NULO,Robo a persona,-102.29395663,21.87896827
