FOLIO,FOLIO_REL,ID_INC,INCIDENTE,SUB_TIPO,MES,FECHA,NUM_SEM,DIA_SEM,MUNICIPIO,TIPO_ASEN,NOM_ASEN,ID_ASEN,ID_COL,TIPO_VIAL,NOM_VIAL,KM,EDIFICIO,NUMERO,TIPO_VIAL1,NOM_VIAL1,DESTACAMEN,HORA,MINUTOS,RANGO,HORARIO,PROCESO,VIOLENCIA,ARMA_US,ARMA,PER_SOSP,ALIAS,SEXO_AGRE,SEXO_AFEC,CAT_SOSP,DETENIDO,DET_SPM,MOT_DET,LESION_AFE,LESION_PR,TRASL_HOSP,FALLECIDOS,T_VEH_SOSP,DESCRIP,OBJ_ROBADO,HECHOS,CANTIDAD,MONTO,RECUP_ART,CORP_ACUD,CIERRE_COR,DEN_CASIO,CUENTA_HAB,NOM_SUCUR,SUC_CAJER,UBIC_SUCUR,ESPACIO,A_TRANS_PA,CARR_S_N,ROL_AFE,OID,LONG,LAT
250017258,0,30446,ROBO PERSONA,ND,1,2025-01-02,1,4,1,COLONIA,ZONA CENTRO,501,201,CALLE,FRANCISCO I MADERO,NA,NA,",,,",CALLE,JOSE MARIA MORELOS,1,23,30,24,23:30 p. m.,false,false,9,ninguna,ND,ND,H,H,8,0,N,N,0,0,false,0,N,N,"28,40","dinero,tarjeta",700,700,false,1,1,0,NA,NA,0,NA,1,PARADO,NO,MUJER,1,-102.29573702,21.88114351
250017570,0,30446,ROBO PERSONA,ND,1,2025-01-03,1,5,1,CONDOMINIO,FUENTES DEL LAGO,408,408,AVENIDA,FUENTES DEL LAGO,NA,NA,",,,",AVENIDA,1857,2,4,26,26,04:26 a. m.,false,false,9,ninguna,1 HOMBRE,ND,H,H,8,0,N,N,0,0,false,0,TAXI,TAXI COLOR BLANCO,3,celular,0,0,false,1,1,0,NA,NA,0,NA,2,PARADO,NO,HOMBRE,2,-102.34600936,21.85233038
250018886,0,30446,ROBO PERSONA,MARIPOSA,1,2025-01-03,1,5,1,COLONIA,LAS FLORES,266,266,CALLE,MARAVILLAS,NA,NA,",,,",CALLE,LOS LAURELES,2,13,23,21,13:23 p. m.,false,false,9,ninguna,ND,ND,ND,H,8,0,N,N,0,0,false,0,N,N,14,bicicleta,0,5000,false,1,1,0,NA,NA,0,NA,1,PARADO,NO,MENOR,3,-102.30207765,21.87558390
250020160,0,30446,ROBO PERSONA,MARIPOSA,1,2025-01-03,1,1,5,LOCALIDAD,TEPETATES,992,992,CALLE,FLORIDA,NA,NA,"319,,,",CALLE,MEDELLIN,7,17,7,22,17:07 p. m.,false,false,9,ninguna,1 HOMBRE VISTE DE NEGRO CON PANTALON MEZCLILLA,EL RAMIRILLO,H,M,8,0,N,N,0,0,false,0,N,N,14,bicicleta,0,0,false,1,1,0,NA,NA,0,NA,1,PARADO,NO,MUJER,4,-102.32054397,21.95517297
250028827,0,30446,ROBO PERSONA,MARIPOSA,1,2025-01-05,1,7,5,LOCALIDAD,LOS ARENALES,990,990,PRIVADA,ARROYO ARENAL,NA,NA,"106,,,",CALLE,VICENTE GUERRERO,7,0,16,25,00:16 a. m.,false,false,9,ninguna,1 HOMBRE,ND,H,H,3,0,N,N,0,0,false,0,N,N,14,bicicleta,0,0,false,1,2,0,NA,NA,0,NA,1,PARADO,NO,HOMBRE,5,-102.32216119,21.96328488
250039219,0,30446,ROBO PERSONA,ND,1,2025-01-06,2,1,1,COLONIA,ZONA CENTRO,501,501,CALLE,IGNACIO ALLENDE,NA,NA,",,,",CALLE,5 DE MAYO,1,15,24,21,15:24 p. m.,false,false,9,ninguna,2 MUJERES ESTATURA BAJA VISTEN DE NEGRO,ND,M,M,8,0,N,N,0,0,false,0,N,N,"26,28","bolso,dinero",80000,80000,false,1,1,0,NA,NA,0,NA,2,PARADO,NO,MUJER,6,-102.29720181,21.88209092
250043910,0,30446,ROBO PERSONA,ND,1,2025-01-07,2,2,1,FRACCIONAMIENTO,VISTA DEL SOL I,570,570,AVENIDA,ARQUERO,NA,NA,",,,",CALLE,RESOLANA,5,12,3,21,12:03 p. m.,false,false,9,ninguna,1 HOMBRE VISTE CAMISA BLANCA LENTES OSCUROS UN TATUAJE EN LA CARA,ND,H,M,8,0,N,N,0,0,false,0,N,N,3,celular,0,0,false,1,1,0,NA,NA,0,NA,1,PARADO,NO,MUJER,7,-102.26951068,21.86059927
250049679,0,30446,ROBO PERSONA,MARIPOSA,1,2025-01-08,2,3,1,FRACCIONAMIENTO,JARDINES DE SANTA ELENA 2A SECCION,143,143,CALLE,REPUBLICA DE NICARAGUA,NA,NA,",,,",CALLE,MONTEVIDEO,2,15,14,21,15:14 p. m.,false,false,9,ninguna,ND,ND,ND,H,0,0,N,N,0,0,false,0,N,N,14,bicicleta,0,0,false,1,1,0,NA,NA,0,NA,1,PARADO,NO,HOMBRE,8,-102.30447667,21.86547034
250050052,0,30446,ROBO PERSONA,MARIPOSA,1,2025-01-08,2,3,1,FRACCIONAMIENTO,OJOCALIENTE I,190,190,CALLE,PLAZUELA I,NA,NA,",,,",CALLE,PEÑUELAS,4,16,30,22,16:30 p. m.,false,false,9,ninguna,ND,ND,ND,H,8,0,N,N,0,0,false,0,N,N,14,bicicleta,0,0,false,1,2,0,NA,NA,0,NA,1,PARADO,NO,HOMBRE,9,-102.25680202,21.88602727
250002161,0,30421,ROBO PERSONA,ND,1,2025-01-01,1,3,1,FRACCIONAMIENTO,JOSE LOPEZ PORTILLO,175,175,CALLE,SOBERANA CONVENCION MILITAR REVOLUCIONARIA,NA,NA,",,,",CALLE,PROFESOR J GUADALUPEPERALTA,2,3,1,26,03:01 a. m.,false,true,3,contusa,ND,ND,ND,H,6,0,N,N,0,0,false,0,N,N,"12,28,29","ropa,dinero, artera",1000,1400,false,1,57,0,NA,NA,0,NA,1,ND,NO,HOMBRE,10,-102.32388812,21.84908186
250007570,0,30421,ROBO PERSONA,ND,1,2025-01-01,1,3,1,FRACCIONAMIENTO,RODOLFO LANDEROS GALLEGOS,226,226,AVENIDA,POLIDUCTO,NA,NA,",,,",CALLE,TERCERA CECILIA LEAL AGUIRRE,4,18,2,22,18:02 p. m.,false,true,1,cortante,4 HOMBRES UNO VISTE PLAYERA AZUL CIELO PANTALON MEZCLILLA OTRO SUDADERA ROJA LOS OTROS CON ROPA HOLGADA,ND,H,H,8,0,N,N,0,0,false,0,N,N,12,ropa,0,1400,false,1,1,0,NA,NA,0,NA,1,TRANSITANDO,NO,HOMBRE,11,-102.24735102,21.89891054
250010619,0,30421,ROBO PERSONA,MARIPOSA,1,2025-01-01,1,3,5,LOCALIDAD,VISTA HERMOSA,1016,1016,CALLE,SINALOA,NA,NA,",,,",CARRETERA,A PASO BLANCO,7,23,34,24,23.34,false,true,10,sin datos,2 HOMBRES ENTRE 27 Y 30 AÑOS DE EDAD,ND,H,H,8,0,N,N,0,0,false,0,N,N,14,bicicleta,0,0,false,1,2,0,NA,NA,0,NA,1,TRANSITANDO,NO,HOMBRE,12,-102.31543940,21.97100325
250011883,0,30421,ROBO PERSONA,ND,1,2025-01-02,1,4,1,FRACCIONAMIENTO,RODOLFO LANDEROS GALLEGOS,226,226,AVENIDA,RODOLFO LANDEROS GALLEGOS,NA,NA,",,,",AVENIDA,SIGLO XXI,3,7,13,19,07:13 a. m.,false,true,1,cortante,1 HOMBRE VISTE SUDADERA ROJA,ND,H,H,8,0,N,N,0,0,false,0,N,N,"1,26,28","celular,bolso,dinero",6000,6000,false,1,1,0,NA,NA,0,NA,1,TRANSITANDO,NO,HOMBRE,13,-102.25428766,21.90199074
250014205,0,30421,ROBO PERSONA,ND,1,2025-01-02,1,4,5,COLONIA,DEPORTIVA,895,895,BOULEVARD,MANUEL J CLOUTIER,NA,NA,",,,",CALLE,AGUA AZUFRADA,7,17,10,22,17:10 p. m.,false,true,4,fuego,2 HOMBRES UNO VISTE CHAMARRA COLOR TINTO,ND,H,H,8,0,N,N,0,0,false,0,N,N,"3,28,31","celular,dinero,mochila",0,0,false,1,1,0,NA,NA,0,NA,1,TRANSITANDO,NO,HOMBRE,14,-102.34065382,21.95831351
250015463,0,30421,ROBO PERSONA,ND,1,2025-01-02,1,4,1,FRACCIONAMIENTO,ANEXO BENITO PALOMINO DENA (CUMBRES II),482,482,CALLE,ROBERTO JEFKINS RANGEL,NA,NA,",,,",CALLE,ALONSO SANCHEZ,3,20,26,23,20:26 p. m.,false,true,13,"cortante,contusa",6 HOMBRES,CONOCIDOS EN EL BARRIO COMO LOS 90S,H,H,8,0,N,N,0,0,false,0,N,N,"3,12","celular,gorra",0,0,false,1,1,0,NA,NA,0,NA,1,TRANSITANDO,NO,HOMBRE,15,-102.24798421,21.91849016
250021907,0,30421,ROBO PERSONA,ND,1,2025-01-03,1,5,1,FRACCIONAMIENTO,MORELOS I,598,598,CALLE,ARTILLERO MIER,NA,NA,",,,",CALLE,TULUM,5,22,21,24,22:21 p. m.,false,true,1,cortante,12 HOMBRES,ND,H,H,8,0,N,N,0,0,false,0,N,N,12,ropa,0,0,false,1,2,0,NA,NA,0,NA,1,TRANSITANDO,NO,HOMBRE,16,-102.25457855,21.85767807
250022084,0,30421,ROBO PERSONA,MARIPOSA,1,2025-01-03,1,5,1,COLONIA,FRANCISCO VILLA,154,154,BOULEVARD,ADOLFO RUIZ CORTINES,NA,NA,",,,",CALLE,FELIPE ANGELES,2,22,54,24,22:54 p. m.,false,true,1,cortante,2 HOMBRES UNO VISTE DE COLOR GRIS CON GORRA NEGRA,ND,H,H,8,0,N,N,0,0,false,0,N,N,14,bicicleta,0,0,false,1,1,0,NA,NA,0,NA,1,TRANSITANDO,NO,HOMBRE,17,-102.32499615,21.87162460
250023211,0,30421,ROBO PERSONA,ND,1,2025-01-04,1,6,1,FRACCIONAMIENTO,PASEOS DE SAN ANTONIO,634R,634,CALLE,MISION DE SAN MARGARITO FLORES GARCIA,NA,NA,",,,",AVENIDA,RANCHO SAN ANTONIO,5,3,6,26,03:06 a. m.,false,true,1,cortante,3 HOMBRES,ND,H,H,8,0,N,N,0,0,false,0,N,N,"3,28,29","celular,dinero,cartera",300,300,false,1,2,0,NA,NA,0,NA,1,ND,NO,HOMBRE,18,-102.27105068,21.81086693
250023371,0,30421,ROBO PERSONA,ND,1,2025-01-04,1,6,1,FRACIONAMIENTO,VIÑEDOS DEL SUR,633,633,CALLE,MANUEL JACINTO GUERRA,NA,NA,",,,",CALLE,FELIPE COSIO GUTIERREZ DE VELASCO,5,5,4,26,05:04 a. m.,false,true,1,cortante,3 HOMBRES VISTEN DE NEGRO,ND,H,H,8,0,N,N,0,0,false,0,N,N,3,celular,0,0,false,1,2,0,NA,NA,0,NA,1,TRANSITANDO,NO,HOMBRE,19,-102.27402823,21.80828200
250029275,0,30421,ROBO PERSONA,MARIPOSA,1,2025-01-05,1,7,5,FRACCIONAMIENTO,CHICAHUALES I,1056,1056,AVENIDA,ROMAN LOERA,NA,NA,",,,",CLLE,LAS PALMAS,7,1,18,25,01:18 a. m.,false,true,1,cortante,HOMBRES,ND,H,H,8,0,N,N,0,0,false,0,MOTOCICLETA,MOTOCICLETA,14,bicicleta,0,4000,false,1,1,0,NA,NA,0,NA,1,TRANSITANDO,NO,HOMBRE,20,-102.35179115,21.95126844
250029407,0,30421,ROBO PERSONA,ND,1,2025-01-05,1,7,1,FRACCIONAMIENTO,VIÑEDOS DEL SUR,633,633,CALLE,EDMUNDO BAEZ,NA,NA,",,,",CALLE,ESTANISLAO DIAZ SORIA,5,1,30,25,01:30 a. m.,false,true,4,fuego,1 HOMBRE VISTE PANTALON GRIS CHAMARRA NEGRA Y CHALECO ROJO,ND,H,H,8,0,N,N,0,0,false,0,N,N,3,celular,0,10000,false,1,1,0,NA,NA,0,NA,1,TRANSITANDO,NO,HOMBRE,21,-102.27520861,21.80647777
250032789,0,30421,ROBO PERSONA,ND,1,2025-01-05,1,7,1,COLONIA,CHE GUEVARA,24,24,CALLE,ND,NA,NA,",,,",CALLE,ND,4,16,3,22,16:03 p. m.,false,true,3,contusa,1 HOMBRE 1 MUJER QUE VISTE BLUSA NEGRA PANTALON MEZCLILLA CABELLO CORTO COLOR ZANAHORIA LENTES DE AUMENTO,ND,A,M,8,0,N,N,0,0,false,0,N,N,3,celular,0,0,false,1,2,0,NA,NA,0,NA,1,PARADO,NO,MUJER,22,-102.20838992,21.88800305
250033818,0,30422,ROBO PERSONA,ND,1,2025-01-05,1,7,1,FRACCIONAMIENTO,PENSADORES MEXICANOS,208,208,AVENIDA,SIGLO XXI,NA,NA,",,,",AVENIDA,PENSADORES MEXICANOS,3,19,3,23,19:03 p. m.,false,false,9,ninguna,1 HOMBRE VISTE PLAYERA ROJA PANTALON AZUL,ND,H,M,8,0,N,N,0,0,false,0,N,N,"28,29","dinero,cartera",0,8500,false,1,1,0,NA,NA,0,NA,1,TRANSITANDO,NO,MUJER,23,-102.26096515,21.91463936
250035593,0,30421,ROBO PERSONA,ND,1,2025-01-05,1,7,1,FRACCIONAMIENTO,DEL VALLE 2A SECCION,150,150,AVENIDA,AGUASCALIENTES PONIENTE,NA,NA,",,,",AVENIDA,LICENCIADO ADOLFO RUIZ CORTINES,6,22,29,24,22:29 p. m.,false,true,1,cortante,2 HOMBRES UNO VISTE SUETER CAFE Y PANTALON OSCURO,ND,H,H,8,0,N,N,0,0,false,0,N,N,"3,12,29,31,40","celular,ropa,cartera,mochila,tarjeta",0,4000,false,1,1,0,NA,NA,0,NA,1,TRANSITANDO,NO,HOMBRE,24,-102.31876544,21.87186202
250040916,0,30422,ROBO PERSONA,ND,1,2025-01-06,2,1,5,NINGUNO,PROLONGACION ZARAGOZA Y SIGLO XXI,996R,0,PROLONGACION,ZARAGOZA,NA,NA,",,,",AVENIDA,SIGLO XXI,7,21,0,23,21:00 p. m.,false,true,3,contusa,1 HOMBRE VISTE SUDADERA COLOR AZUL,ND,H,M,8,0,N,N,0,0,false,0,BICICLETA,BICICLETA,"3,26,28,29","celular,bolso,dinero,cartera",0,0,false,1,1,0,NA,NA,0,NA,1,ND,NO,MUJER,25,-102.30853366,21.94964564
250045491,0,30421,ROBO PERSONA,MARIPOSA,1,2025-01-07,2,2,1,FRACCIONAMIENTO,JARDINES DE LA CRUZ,256,256,AVENIDA,PASEO DE LA CRUZ,NA,NA,",,,",CALLE,ROBLE,5,17,27,22,17:27 p. m.,false,true,10,otras,1 HOMBRE VISTE SUDADERA CAMUFLAJEADA,ND,H,H,8,0,N,N,0,0,false,0,N,N,14,bicicleta,0,0,true,1,10,0,NA,NA,0,NA,1,TRANSITANDO,NO,HOMBRE,26,-102.27605468,21.87348956
250046904,0,30421,ROBO PERSONA,ND,1,2025-01-07,2,2,1,COMUNIDAD,CHE GUEVARA,14,14,CALLE,1 DE ENERO,NA,NA,",,,",CALLE,MARFIL,4,21,55,24,21:55 p. m.,false,true,1,cortante,1 HOMBRE VISTE SUDADERA NEGRO CHALECO ROJO TENIS ADIDAS COLOR BLANCO,ND,H,H,8,0,N,N,0,0,false,0,N,N,3,celular,0,0,false,1,1,0,NA,NA,0,NA,1,TRANSITANDO,NO,HOMBRE,27,-102.21095243,21.89385642
250047095,0,30421,ROBO PERSONA,ND,1,2025-01-07,2,2,1,FRACCIONAMIENTO,VILLAS DEL PILAR I,491,491,CALLE,GENERAL ROQUE GONZALEZ GARZA,NA,NA,",,,",CALLE,JUAN SSARABIA,2,23,1,24,23:01 p. m.,false,true,4,fuego,1 HOMBRE EDAD APROX 20 AÑOS COMPLEXION DELGADA VISTE DE NEFRO TRAE UNA GORRA COLOR ROJO,ND,H,H,8,0,N,N,0,0,false,0,N,N,"3,29,30","celular,cartera,llaves",0,0,false,1,1,0,NA,NA,0,NA,1,PARADO,NO,HOMBRE,28,-102.30316700,21.84609281
250048674,0,30421,ROBO PERSONA,ND,1,2025-01-08,2,3,1,ESPECIAL,PARQUE RODOLFO LANDEROS GALLEGOS,492,492,BOULEVARD,JOSE MARIA CHAVEZ,NA,NA,",,,",AVENIDA,AGUASCALIENTES SUR,5,11,45,20,11:45 a. m.,false,true,2,punzante,1 HOMBRE VISTE SUDADERA GRIS PANTALON MEZCLILLA ZAPATOS CAFES TRAE UN AMOCHILA CON LA LEYENDA ADIDAS,ND,H,H,8,0,N,N,0,0,false,0,N,N,"3,28,29","celular,dinero,cartera",350,350,false,1,1,0,NA,NA,0,NA,1,PARADO,NO,HOMBRE,29,-102.29202047,21.85776673
250050413,0,30422,ROBO PERSONA,ND,1,2025-01-08,2,3,1,COLONIA,ZONA CENTRO,501,501,CALLE,DOCTOR DIAZ DE LEON,NA,NA,",,,",CALLE,JUAN DE MONTORO,1,17,33,22,17:33 p. m.,false,false,9,ninguna,2 HOMBRES UNO VISTE CHAMARRA COLOR MARFIL PANTALON GRSI Y ZAPATOS NEGROS,ND,H,H,8,0,N,N,0,0,false,0,N,N,28,"dinero,cartera",400,400,false,1,2,0,NA,NA,0,NA,1,PARADO,NO,HOMBRE,30,-102.29438660,21.88079126
250055261,0,30422,ROBO PERSONA,ND,1,2025-01-09,2,4,6,FRACCIONAMIENTO,VERGEL DEL VALLE,1123,1123,CALLE,CRISANTEMO,NA,NA,"417,,,",CALLE,MOSTO,7,14,26,21,14:26 p. m.,false,false,9,ninguna,3 HOMBRES,ND,H,H,8,0,N,N,0,0,false,0,BICICLETA,BICICLETA,3,celular,0,0,false,1,1,0,NA,NA,0,NA,1,TRANSITANDO,NO,HOMBRE,31,-102.28852071,22.14981861
250056088,0,30422,ROBO PERSONA,ND,1,2025-01-09,2,4,1,COLONIA,MARTINEZ DOMINGUEZ,514,514,AVENIDA,MAHATMA GANDHI,NA,NA,",,,",CALLE,VALENTE QUINTANA,2,17,3,22,17:03 p. m.,false,false,9,ninguna,1 PERSONA,ND,ND,H,8,0,N,N,0,0,false,0,N,N,"31,38","mochila,otros",0,0,false,1,2,0,NA,NA,0,NA,1,TRANSITANDO,NO,HOMBRE,32,-102.29431368,21.85239919
250058165,0,30421,ROBO PERSONA,ND,1,2025-01-09,2,4,1,FRACCIONAMIENTO,SOLIDARIDAD IV,195,195,AVENIDA,MARIANO HIDALGO,NA,NA,",,,",CALLE,ISAAC DIAZ DE LEON,5,22,23,24,22:23 p. m.,false,true,1,cortante,ND,ND,ND,H,8,0,N,N,0,0,false,0,MOTOCICLETA,MOTOCICLETA COLOR NEGRO,"6,15","tecnologia,joyeria",0,0,false,1,1,0,NA,NA,0,NA,1,ND,NO,HOMBRE,33,-102.25466702,21.85076952
250062493,0,30422,ROBO PERSONA,MARIPOSA,1,2025-01-10,2,5,1,FRACCIONAMIENTO,LOS PERICOS,287,287,CALLE,SAN BERNARDO,NA,NA,"130,,,",CALLE,SAN RAFAEL,4,19,43,23,19:43 p. m.,false,false,9,ninguna,2 HOMBRES,ND,H,H,8,0,N,N,0,0,false,0,N,N,14,bicicleta,0,0,false,1,1,0,NA,NA,0,NA,1,PARADO,NO,HOMBRE,34,-102.24421128,21.90053966
250062975,0,30421,ROBO PERSONA,ND,1,2025-01-10,2,5,1,FRACCIONAMIENTO,VISTA DE LAS CUMBRES,308,308,CALLE,SAXOFON,NA,NA,",,,",CALLE,PIANO,4,21,4,23,21:04 p. m.,false,true,1,cortante,2 HOMBRES UNO VISTE SUDADERA AZUL Y EL OTRO PANTALON BLANCO,ND,H,H,8,2,N,N,0,0,false,0,N,N,28,dinero,40,10,false,1,4,0,NA,NA,0,NA,1,ND,NO,HOMBRE,35,-102.24158487,21.89903688
250063156,0,30422,ROBO PERSONA,ND,1,2025-01-10,2,5,1,COLONIA,DEL TRABAJO,246,246,AVENIDA,HEROICO COLEGIO MILITAR,NA,NA,",,,",CALLE,CONQUISTA,4,20,30,23,20:30 p. m.,false,false,9,ninguna,1 HOMBRE,ND,H,H,8,0,N,N,0,0,false,0,MOTOCICLETA,MOTOCICLETA,3,celular,0,3500,false,1,2,0,NA,NA,0,NA,1,PARADO,NO,HOMBRE,36,-102.27623809,21.88921082
250063374,0,30422,ROBO PERSONA,ND,1,2025-01-10,2,5,1,FRACCIONAMIENTO,CASASOLIDA,168,168,CALLE,FAISAN,NA,NA,"1001,,,",CALLE,SIERRA TERIUTLAN,2,22,15,24,22:15 p. m.,false,true,1,cortante,2 HOMBRES AMBOS VISTEN SUETER NEGRO Y TRAEN CUBREBOCAS,ND,H,H,8,0,N,N,0,0,false,0,N,N,"3,28,29","celular,dinero,cartera",1500,6500,false,1,1,0,NA,NA,0,NA,1,ND,NO,HOMBRE,37,-102.29755112,21.83425339
250064226,0,30421,ROBO PERSONA,ND,1,2025-01-11,2,6,5,FRACCIONAMIENTO,MANANTIALES DEL PIÑAR,927,927,CALLE,SEGUNDA DEL PIÑAR DEL VALLE,NA,NA,",,,",CALLE,DE LOS SAUCES,7,1,44,25,01:44 a. m.,false,true,3,contusa,HOMBRES,LOS MATONES,H,H,8,0,N,N,0,0,false,0,N,N,28,dinero,3000,3000,false,1,2,0,NA,NA,0,NA,1,TRANSITANDO,NO,HOMBRE,38,-102.34842711,21.95616321
250066913,0,30422,ROBO PERSONA,ND,1,2025-01-11,2,6,5,LOCALIDAD,MARAVILLAS,991,991,AVENIDA,SIGLO XXI,NA,NA,",,,",PROLONGACION,ZARAGOZA,7,15,45,22,15:45 p. m.,false,true,3,ninguna,2 HOMBRES ESTATURA BAJA COMPLEXION DELGADA TEZ MORENO UNO VISTE SUDADERA AMARILLA,ND,H,H,8,0,N,N,0,0,false,0,BICICLETA,BICICLETA COLOR AMARILLO,28,dinero,250,250,false,1,1,0,NA,NA,0,NA,1,TRANSITANDO,NO,HOMBRE,39,-102.32619325,21.95106555
250069864,0,30421,ROBO PERSONA,ND,1,2025-01-12,2,7,7,FRACCIONAMIENTO,LAZARO CARDENAS,1188,1188,CALLE,GENERAL LAZARO CARDENAS,NA,NA,",,,",CARRETERA,A ESCALERAS,7,0,49,25,00:49 a. m.,false,true,13,"cortante,contusa",3 HOMBRES CON PASAMONTAÑAS Y LENTES,ND,H,H,8,0,N,N,0,0,false,0,MOTOCICLETA,MOTOCICLETA ITALIKA COLOR ROJO CON NEGRO,"3,12,15","celular,ropa,joyeria",0,0,false,1,1,0,NA,NA,0,NA,1,TRANSITANDO,NO,MENOR,40,-102.32702533,22.23856060
250070416,0,30421,ROBO PERSONA,ND,1,2025-01-12,2,7,5,LOCALIDAD,LA FLORIDA,1026,1026,ND,ND,NA,NA,",,,",CALLE,ND,7,1,59,25,01:59 a. m.,false,false,9,ninguna,ND,ND,ND,H,8,0,N,N,0,0,false,0,N,N,3,celular,0,3000,false,1,1,0,NA,NA,0,NA,1,TRANSITANDO,NO,HOMBRE,41,-102.30617562,21.98133414
250070699,0,30421,ROBO PERSONA,ND,1,2025-01-12,2,7,1,FRACCIONAMIENTO,SANTA ANITA,102,102,AVENIDA,DE LA CONVENCION DE 1914 ORIENTE,NA,NA,",,,",CALLE,NICOLO PAGANINI,4,3,8,26,03:08 a. m.,false,true,3,contusa,ND,ND,ND,H,8,0,N,N,0,0,false,0,N,N,29,cartera,0,0,false,1,2,0,NA,NA,0,NA,1,ND,NO,HOMBRE,42,-102.27845450,21.89578298
250074629,0,30422,ROBO PERSONA,MARIPOSA,1,2025-01-12,2,7,1,BARRIO,BARRIO SAN MARCOS,85,85,CALLE,JOSE GUADALUPE POSADA MUÑOZ,NA,NA,"562,,,",CALLE,TALAMANTES,1,19,32,23,19:32 p. m.,false,false,9,ninguna,1 HOMBRE,EL FURCIO O EL CHARLY,H,M,3,0,N,N,0,0,false,0,N,N,14,bicicleta,0,1800,false,1,1,0,NA,NA,0,NA,1,TRANSITANDO,NO,MUJER,43,-102.30650659,21.88058915
250075010,0,30422,ROBO PERSONA,ND,1,2025-01-12,2,7,1,FRACCIONAMIENTO,SOLIDARIDAD II,193,193,CALLE,CERRO DEL MIXTON,NA,NA,",,,",AVENIDA,SIGLO XXI,5,20,32,23,20:32 p. m.,false,false,9,ninguna,1 HOMBREVISTE PANTALON AZUL CAMISA A RAYAS DE CADENAS,ND,H,H,3,0,N,N,0,0,false,0,N,N,3,celular,0,4500,false,1,1,0,NA,NA,0,NA,1,TRANSITANDO,NO,HOMBRE,44,-102.24703656,21.86411141
250065401,0,30446,ROBO PERSONA,MARIPOSA,1,2025-01-11,2,6,6,FRACCIONAMIENTO,VERGEL DEL VALLE,1123,1123,CALLE,JAZMIN,NA,NA,"114,,,",CALLE,ORQUIDEA,7,10,50,20,10:50 a. m.,false,false,9,ninguna,ND,ND,ND,H,8,0,N,N,0,0,false,0,N,N,14,bicicleta,0,0,false,1,2,0,NA,NA,0,NA,1,PARADO,NO,HOMBRE,45,-102.28910275,22.15226563
250068367,0,30446,ROBO PERSONA,ND,1,2025-01-11,2,6,1,COLONIA,MORELOS,611,611,AVENIDA,DE LA CONVENCION DE 1914 NORTE,NA,NA,",,,",AVENIDA,HEROE DE NACOZARI NORTE,3,20,46,23,20:46 p. m.,false,false,9,ninguna,ND,ND,ND,M,8,0,N,N,0,0,false,0,N,N,3,celular,0,0,false,1,1,0,NA,NA,0,NA,2,PARADO,NO,MUJER,46,-102.28869834,21.90218185
250069747,0,30446,ROBO PERSONA,ND,1,2025-01-12,2,7,1,FRACCIONAMIENTO,JOSE LOPEZ PORTILLO,175,175,CALLE,CASIMIRA ARTEAGA,NA,NA,"126,,,",CALLE,SOBERANA CONVENCION MILITAR REVOLUCIONARIA,2,0,32,25,00:32 a. m.,false,false,9,ninguna,1 HOMBRE CONDUCTOR DE PLATAFORMA DIDI,ND,H,H,8,0,N,N,0,0,false,0,COCHE,COCHE RENAULT KIWI COLOR BLANCO PLACAS ACD618F,3,celular,0,0,false,1,2,0,NA,NA,0,NA,1,PARADO,NO,HOMBRE,47,-102.31855959,21.85515239
250079482,0,30421,ROBO PERSONA,ND,1,2025-01-13,3,1,1,FRACCIONAMIENTO,JOSE LOPEZ PORTILLO,175,175,CALLE,GENERAL PASCUAL CORNEJO,NA,NA,"352,,,",CALLE,JOSE CALVILLO,2,14,20,21,14:20 p. m.,false,true,3,contusa,2 HOMBRES,ND,H,H,8,0,N,N,0,0,false,0,N,N,3,celular,0,0,false,1,1,0,NA,NA,0,NA,1,PARADO,NO,HOMBRE,48,-102.32407434,21.85215401
250079619,0,30422,ROBO PERSONA,ND,1,2025-01-13,3,1,1,FRACCIONAMIENTO,SOLIDARIDAD I,459,459,AVENIDA,SIGLO XXI,NA,NA,",,,",AVENIDA,TECNOLOGICO,4,14,38,21,14:38 p. m.,false,false,9,ninguna,1 HOMBRE VISTE CAMISA MANGA LARGA COLOR AZUL PANTALON MEZCLILLA AZUL,ND,H,H,8,0,N,N,0,0,false,0,N,N,"3,31","celular,mochila",0,0,false,1,1,0,NA,NA,0,NA,1,TRNASITANDO,NO,HOMBRE,49,-102.24456383,21.86797365
250080764,0,30422,ROBO PERSONA,MARIPOSA,1,2025-01-13,3,1,1,FRACCIONAMIENTO,VILLA TERESA,283,283,CALLE,ADORATRICES,NA,NA,",,,",CALLE,OBLATAS,3,17,36,22,17:36 p. m.,false,false,9,ninguna,ND,ND,ND,H,8,0,N,N,0,0,false,0,N,N,"3,14","celular,bicicleta",0,0,false,1,1,0,NA,NA,0,NA,1,TRANSITANDO,NO,HOMBRE,50,-102.27505157,21.92221638
250082064,0,30422,ROBO PERSONA,ND,1,2025-01-13,3,1,1,ESPECIAL,PARQUE RODOLFO LANDEROS GALLEGOS,492,492,BOULEVARD,JOSE MARIA CHAVEZ,NA,NA,",,,",AVENIDA,AGUASCALIENTES SUR,5,21,11,23,21:11 p. m.,false,false,9,ninguna,1 HOMBRE VISTE CHAMARRA NEGRA PANTALON MEZCLILLA,ND,H,A,8,0,N,N,0,0,false,0,N,N,3,celular,0,0,false,1,1,0,NA,NA,0,NA,1,ND,NO,AMBOS,51,-102.29100569,21.85770879
250082237,0,30422,ROBO PERSONA,ND,1,2025-01-13,3,1,1,COLONIA,ZONA CENTRO,501,501,CALLE,GENERAL IGNACIO ZARAGOZA,NA,NA,"504,,,",CALLE,PEDRO PARGA,1,21,35,24,21:35 p. m.,true,false,9,ninguna,1 HOMBRE VISTE CHAMARRA Y PANTALON MEZCLILLA TENIS CONVERSE,ND,H,M,8,0,N,N,0,0,false,0,MOTOCICLETA,MOTOCICLETA,3,celular,0,0,false,1,1,0,NA,NA,0,NA,1,PARADO,NO,MUJER,52,-102.29194111,21.88616402
250082687,0,30421,ROBO PERSONA,MARIPOSA,1,2025-01-13,3,1,5,COLONIA,SAN MIGUELITO,1069,1069,CALLE,ARCANGELES,NA,NA,",,,",CALLE,SAN MIGUEL,7,22,57,24,22:57 p. m.,false,true,1,cortante,2 HOMBRES,ND,H,H,8,0,N,N,0,0,false,0,N,N,14,bicicleta,0,7000,false,1,1,0,NA,NA,0,NA,1,TRANSITANDO,NO,HOMBRE,53,-102.33233287,21.95962426
250079538,0,30446,ROBO PERSONA,MARIPOSA,1,2025-01-13,3,1,1,FRACCIONAMIENTO,LA FLORIDA II,444,444,CALLE,PASEO DE LAS MANZANILLAS,NA,NA,"105,,,",CALLE,PASEO DE LOS PENSAMIENTOS,3,14,28,21,14:28 p. m.,false,false,9,ninguna,1 HOMBRE,ND,H,M,8,0,N,N,0,0,false,0,N,N,14,bicicleta,0,1000,false,1,1,0,NA,NA,0,NA,1,PARADO,NO,MUJER,54,-102.23818948,21.93110838
250079914,0,30446,ROBO PERSONA,MARIPOSA,1,2025-01-13,3,1,1,FRACCIONAMIENTO,VERSALLES II,164,164,AVENIDA,DE LOS MAESTROS,NA,NA,",,,",CALLE,DOCTOR MARIANO AZUELA,2,15,19,21,15:19 p. m.,false,false,9,ninguna,1 HOMBRE VISTE DE NEGRO,ND,H,H,8,0,N,N,0,0,false,0,N,N,14,bicicleta,0,0,false,1,1,0,NA,NA,0,NA,1,PARADO,NO,HOMBRE,55,-102.31603131,21.85577663
250080045,0,30446,ROBO PERSONA,MARIPOSA,1,2025-01-13,3,1,1,FRACCIONAMIENTO,LOMAS DE LAS FUENTES,452,452,CALLE,LOMAS DE ISLAZA,NA,NA,"192,,,",CALLE,LOMAS DE ATEMAJAC,3,15,45,22,15:45 p. m.,false,false,9,ninguna,2 HOMBRES,ND,H,H,8,0,N,N,0,0,false,0,N,N,14,bicicleta,0,0,true,1,10,0,NA,NA,0,NA,1,PARADO,NO,HOMBRE,56,-102.23176819,21.91408881
250082989,0,30446,ROBO PERSONA,MARIPOSA,1,2025-01-13,3,1,1,COLONIA,BUENOS AIRES,235,235,AVENIDA,UNIVERSIDAD,NA,NA,"122,,,",CALLE,SAN ANTONIO,6,23,50,24,23:50 p. m.,false,false,9,ninguna,ND,ND,ND,H,8,0,N,N,0,0,false,0,N,N,14,bicicleta,0,3000,false,1,1,0,NA,NA,0,NA,1,PARADO,NO,HOMBRE,57,-102.30542917,21.89849179
250084005,0,30446,ROBO PERSONA,MARIPOSA,1,2025-01-13,3,1,1,FRACCIONAMIENTO,VILLA DE LAS FUENTES,385,385,CALLE,CULTURA CHINANTECA,NA,NA,"206,B,,",CALLE,LOMA DEL CARDENAL,3,23,59,24,23:59 p. m.,false,false,9,ninguna,ND,ND,ND,H,8,0,N,N,0,0,false,0,N,N,14,bicicleta,0,0,false,1,1,0,NA,NA,0,NA,1,PARADO,NO,HOMBRE,58,-102.23659323,21.91219102
250051672,0,30904,ROBO PERSONA,ND,1,2025-01-08,2,1,1,UNIDAD HABITACIONAL,IV CENTENARIO,618,618,AVENIDA,FERROCARRIL,NA,NA,",,,",AVENIDA,DE LA CONVENCION DE 1914 SUR,5,8,0,19,08:00 a. m.,false,false,9,ninguna,ND,N,DND,H,8,0,N,N,0,0,false,0,N,N,3,celular,0,0,false,1,1,0,NA,NA,0,NA,1,ND,NO,HOMBRE,59,-102.27807707,21.86850545
250054899,0,30904,ROBO PERSONA,ND,1,2025-01-09,2,4,11,RURAL,VIÑEDOS RIVIER,1321,1321,CALLE,REBECA RODRIGUEZ RECIO,NA,NA,",,,",CARRETERA,PANAMERICANA NORTE,7,13,57,21,13:57 p. m.,false,true,10,Sin datos,3 PERSONAS,ND,ND,ND,8,0,N,N,0,0,false,0,N,N,39,sin datos,0,0,false,1,6,0,NA,NA,0,NA,1,ND,NO,ND,60,-102.28899118,21.97562254
250062698,0,30904,ROBO PERSONA,ND,1,2025-01-10,2,5,1,BARRIO,LA SALUD,499,499,CALLE,SAN MIGUEL,NA,NA,",,,",CALLE,SANTA ELENA,1,19,27,23,19:27 p. m.,false,false,9,ninguna,1 HOMBRE CHAMARRA Y OANTALON NEGROS CAMISA ROJA,ND,H,H,8,0,N,N,0,0,false,0,N,N,"3,28,29,40","celular,dinero,cartera,tarjeta",320,18320,false,1,1,0,NA,NA,0,NA,2,PARADO,NO,HOMBRE,61,-102.28377488,21.87614718
250056126,0,30909,ROBO PERSONA,ND,1,2025-01-09,2,4,11,FRACCIONAMIENTO,URBIVILLA DEL VERGEL,1329,1329,CALLE,SAN BENJAMIN,NA,NA,"128,,,",CALLE,SAN CARLOS ORIENTE,7,17,7,22,17:07 p. m.,false,false,9,ninguna,2 HOMBRES,ND,H,H,8,0,N,N,0,0,false,0,N,N,39,sin datos,0,0,false,1,6,0,NA,NA,0,NA,1,TRANSITANDO,NO,HOMBRE,62,-102.27331656,22.03008488
14220001,0,30422,ROBO PERSONA,ND,1,2025-01-13,3,1,11,FRACCIONAMIENTO,LA RIBERA,1340,1340,CALLE,CULHUACAN,NA,NA,",,,",AVENIDA,LA RIBERA,7,9,15,20,09:15 a. m.,false,false,9,ninguna,1 HOMBRE,MARCO ANTONIO BELTRAN NAVARRO 16 AÑOS,H,M,8,1,N,N,0,0,false,0,N,N,3,celular,0,0,false,1,4,0,NA,NA,0,NA,1,ND,NO,MUJER,63,-102.25181992,21.95815184
114220002,0,30422,ROBO PERSONA,ND,1,2025-01-07,2,2,11,FRACCIONAMIENTO,SAN JOSE DE BUENAVISTA,1311,1311,CALLE,DECRETO 30 DE ENERO DE 1992,NA,NA,",,,",CALLE,PROFESOR FRANCISCO JAVIER MARTINEZ HERNAND,7,20,28,23,20:28 p. m.,false,false,9,ninguna,2 PERSONAS,ND,ND,ND,8,0,N,N,0,0,false,0,MOTOCICLETA,MOTOCICLETA,39,sin datos,0,0,false,1,1,0,NA,NA,0,NA,1,ND,NO,ND,64,-102.27207780,22.07310026
114220003,0,30422,ROBO PERSONA,MARIPOSA,1,2025-01-10,2,5,11,FRACCIONAMIENTO,REVOLUCION,1310,1310,CALLE,MIGUEL HIDALGO SUR,NA,NA,",,,",CALLE,FRANCISCO I MADERO ORIENTE,7,16,49,22,16:49 p. m.,false,false,9,ninguna,ND,ND,ND,ND,8,0,N,N,0,0,false,0,N,N,14,bicicleta,0,0,false,1,1,0,NA,NA,0,NA,1,PARADO,NO,ND,65,-102.27180550,22.07856056
250085273,0,30422,ROBO PERSONA,ND,1,2025-01-14,3,2,6,RANCHO,EL MILAGRO,1182,1182,CARRETERA,19 PABELLON SAN JOSE DE GRACIA,NA,NA,",,,",N,N,7,14,14,21,14:14 p. m.,false,false,9,ninguna,2 MENORES,ND,H,H,8,2,N,N,0,0,false,0,MOTOCICLETA,MOTOCICLETA MARCA VENTO PLACA XEG3J,39,sin datos,0,0,false,1,4,0,NA,NA,0,NA,1,TRANSITANDO,SI,HOMBRE,66,-102.33014651,22.14281046
250086424,0,30422,ROBO PERSONA,ND,1,2025-01-14,3,2,1,FRACCIONAMIENTO,LUIS ORTEGA DOUGLAS,221,221,CALLE,GIGANTE,NA,NA,",,,",CALLE,EL TILDIO,3,18,18,22,18:18 p. m.,false,false,9,ninguna,2 HOMBRES UNO VISTE SUDADERA GRIS PANTALON MEZCLILLA ESTAURA BAJA TEZ MORENO CABELLO LARGO EL OTRO VISTE PLAYERA NEGRA P,ND,H,H,8,0,N,N,0,0,false,0,N,N,3,celular,0,0,false,1,1,0,NA,NA,0,NA,1,TRANSITANDO,NO,HOMBRE,67,-102.26050257,21.90887825
250087672,0,30421,ROBO PERSONA,ND,1,2025-01-14,3,2,5,COLONIA,LUIS DONALDO COLOSIO,1045,1045,CALLE,15 DE SEPTIEMBRE,NA,NA,",,,",AVENIDA,CONSTITUCION,7,22,35,24,22:35 p. m.,false,true,12,"cortante,punzante",2 HOMBRES UNO DE ELLOS TRAE UN PASAMONTAÑAS,ND,H,H,8,0,N,N,0,0,false,0,N,N,3,celular,0,2500,false,1,1,0,NA,NA,0,NA,1,TRANSITANDO,NO,HOMBRE,68,-102.35095407,21.96985049
250088442,0,30421,ROBO PERSONA,ND,1,2025-01-15,3,3,1,FRACCIONAMIENTO,MIRADOR DE LAS CULTURAS II,340,340,CALLE,LOMA DEL CARDENAL,NA,NA,",,,",CALLE,CULTURA MAYA,3,3,40,26,03:40 a. m.,false,true,3,contusa,2 HOMBRES UNO VISTE CAPUCHA BLNACA CON AZUL EL OTRO VISTE CHAMARRA ROJA,ND,H,H,8,0,N,N,1,0,false,0,N,N,28,dinero,500,500,false,1,1,0,NA,NA,0,NA,1,PARADO,NO,HOMBRE,69,-102.24303186,21.91176887
250097857,0,30422,ROBO PERSONA,MARIPOSA,1,2025-01-16,3,4,5,NINGUNO,AMPLIACION CAÑADA,907,907,CAMINO,A LOS ARQUITOS,NA,NA,",,,",CALLE,AGUA AZUL,7,19,56,23,19:56 p. m.,false,false,9,ninguna,2 HOMBRES,ND,H,H,8,0,N,N,0,0,false,0,MOTOCICLETA,MOTOCICLETA,14,bicicleta,0,0,false,1,1,0,NA,NA,0,NA,1,PARADO,NO,HOMBRE,70,-102.34944733,21.95861276
250100646,0,30422,ROBO PERSONA,ND,1,2025-01-17,3,1,1,CONDOMINIO,RESIDENCIAL LAS PLAZAS,605,605,AVENIDA,SIGLO XXI,NA,NA,",,,",AVENIDA,FERROCARRIL,3,9,16,20,09:16 a. m.,false,true,3,contusa,2 HOMBRES COMPLEXION DELGADA VISTEN DE NEGRO CON CAPUCHA,ND,H,M,8,0,N,N,0,0,false,0,N,N,"3,26","celular,bolso",0,0,false,1,2,0,NA,NA,0,NA,1,ND,NO,MUJER,71,-102.28379197,21.94312331
250101408,0,30422,ROBO PERSONA,ND,1,2025-01-17,3,5,5,LOCALIDAD,LA LOMITA DE PASO BLANCO,1017,1017,CARRETERA,53 PASO BLANCO,NA,NA,",,,",CALLE,SINALOA,7,12,14,21,12:14 p. m.,false,false,9,ninguna,2 HOMBRES,ND,H,H,8,0,N,N,0,0,false,0,MOTOCICLETA,MOTOCICLETA COLOR VERDE,"3,12,31","celular,ropa,mochila",0,15000,false,1,6,0,NA,NA,0,NA,1,TRANSITANDO,SI,HOMBRE,72,-102.31645483,21.96869249
250090820,0,30446,ROBO PERSONA,MARIPOSA,1,2025-01-15,3,3,5,LOCALIDAD,LOS VAZQUEZ,1021R,0,CALLE,JULIO CADENA,NA,NA,",,,",CALLE,NINGUNO,7,15,33,22,15:33 p. m.,false,false,9,ninguna,ND,ND,ND,H,8,0,N,N,0,0,false,0,N,N,14,bicicleta,0,3000,false,1,13,0,NA,NA,0,NA,2,PARADO,NO,HOMBRE,73,-102.33265711,21.97795646
250092719,0,30446,ROBO PERSONA,MARIPOSA,1,2025-01-15,3,3,4,RURAL,LA ESPERANZA (EL SALERITO),891,891,CALLE,GUADALUPE VICTORIA,NA,NA,",,,",CALLE,OLIVARES SANTANA,7,20,53,23,20:53 p. m.,false,false,9,ninguna,ND,ND,ND,H,8,0,N,N,0,0,false,0,N,N,14,bicicleta,0,0,true,1,10,0,NA,NA,0,NA,1,PARADO,NO,HOMBRE,74,-102.29035389,22.33212400
250090221,0,30422,ROBO PERSONA,DESPENSA,1,2025-01-15,3,3,1,FRACCIONAMIENTO,JESUS TERAN PEREDO,249,249,CALLE,GENERAL PLUTARCO ELIAS CALLES,NA,NA,"608,,,",CALLE,SILVANO BARBA GONZALEZ,5,13,57,21,13:57 p. m.,false,false,9,ninguna,1 HOMBRE VISTE SUDADERA GRIS PANTALON MEZCLILLA,ND,H,M,8,0,N,N,0,0,false,0,MOTOCICLETA,MOTOCICLETA COLOR VERDE,3,celular,0,1000,false,1,1,0,NA,NA,0,NA,1,PARADO,NO,MUJER,75,-102.27449904,21.87157000
250090630,0,30421,ROBO PERSONA,ND,1,2025-01-15,3,3,1,FRACCIONAMIENTO,"VILLA DE NUESTRA SEÑORA DE LA ASUNCION, SECTOR ALAMEDA",330,330,CALLE,ATANACIO RODRIGUEZ,NA,NA,"307,,,",CALLE,DOMINGO VELASCO,3,15,6,21,15:06 p. m.,false,true,1,cortante,1 HOMBRE VISTE PLAYERA AZUL PANTALON MEZCLILLA,ND,H,H,8,0,N,N,0,0,false,0,N,N,3,celular,0,0,false,1,6,0,NA,NA,0,NA,1,PARADO,NO,HOMBRE,76,-102.26192249,21.93456445
250092580,0,30421,ROBO PERSONA,ND,1,2025-01-15,3,3,1,FRACCIONAMIENTO,PARRAS,224,224,AVENIDA,AGUASCALIENTES NORTE,NA,NA,",,,",CALLE,MOSCATEL,3,20,20,23,20:20 p. m.,false,true,4,fuego,1 HOMBRE VISTE CHAMARRA NEGRA PANTALON MEZCLILLA,ND,H,M,8,0,N,N,0,0,false,0,MOTOCICLETA,MOTOCICLETA TIPO CROSS,3,celular,0,0,false,1,1,0,NA,NA,0,NA,1,TRANSITANDO,NO,MUJER,77,-102.28098361,21.91477854
250093559,0,30421,ROBO PERSONA,ND,1,2025-01-15,3,3,1,FRACCIONAMIENTO,PRADOS DEL SUR,537,537,AVENIDA,AGUASCALIENTES SUR,NA,NA,",,,",AVENIDA,MAHATMA GANDHI,2,22,0,24,22:00 p. m.,false,true,13,"cortante,contusa",1 HOMBRE,ND,H,M,8,0,N,N,0,0,false,0,N,N,3,celular,0,0,false,1,1,0,NA,NA,0,NA,1,TRANSITANDO,NO,MUJER,78,-102.29528180,21.85779251
250096009,0,30421,ROBO PERSONA,ND,1,2025-01-16,3,4,1,FRACCIONAMIENTO,"VILLA DE NUESTRA SEÑORA DE LA ASUNCION, SECTOR ESTACION",354,354,CALLE,DOMIGO VELASCO,NA,NA,",,,",CALLE,ALBERTO ACOSTA,3,21,14,23,21:14 p. m.,false,true,1,cortante,2 HOMBRES UNO VISTE PLAYERA ROJA PANTALON NEGRO COMPLEXION DELGADA EL OTRO TRAE UNA GORRA NEGRA SUDADERA Y PANTOLON NEGR,SANTIAGO MONTAÑEZ MURILLO 18 AÑOS EMMANUEL DE JESUS FUENTES AZPEITIA 21 AÑOS,H,H,8,2,N,N,0,0,false,0,N,N,3,celular,0,0,true,1,4,0,NA,NA,0,NA,1,TRANSITANDO,NO,HOMBRE,79,-102.26188283,21.93510575
250086240,0,30452,ROBO PERSONA,ND,1,2025-01-14,3,2,1,COLONIA,FATIMA,503,503,AVENIDA,AGUASCALIENTES NORTE,NA,NA,",,,",AVENIDA,GENERAL IGNACIO ZARAGOZA,6,17,40,22,17:40 p. m.,true,true,4,fuego,1 HOMBRE,BERNARDO GUILLEN RIVERA ARTURO YEPEZ RIVERA MARAI ISABEL MORENO HERNANDEZ 40 AÑOS,H,H,8,2,N,N,0,0,false,0,COCHE,COCHE COLOR NEGRO PLACAS DE TLAXCALA,15,joyeria,0,350000,false,1,4,0,NA,NA,0,NA,1,TRANSITANDO,NO,HOMBRE,80,-102.30397763,21.91590773
250106197,0,30421,ROBO PERSONA,ND,1,2025-01-18,3,6,1,FRACCIONAMIENTO,JOSE GUADALUPE PERALTA GAMEZ,334,334,AVENIDA,PROCERES DE LA ENSEÑANZA,NA,NA,",,,",AVENIDA,TECNOLOGICO,4,1,9,25,01:09 a. m.,false,true,1,cortante,2 HOMBRES DE ASPECTO CHOLO DE 25 AÑOS DE EDAD,ND,H,H,8,0,N,N,0,0,false,0,N,N,"3,29","celular,cartera",0,0,false,1,1,0,NA,NA,0,NA,1,TRANSITANDO,NO,HOMBRE,81,-102.23581085,21.86508625
250107131,0,30421,ROBO PERSONA,ND,1,2025-01-18,3,6,5,LOCALIDAD,LOS VAZQUEZ,1021,1021,CALLE,SANTA ANITA,NA,NA,",,,",CALLE,GUADALUPE,7,6,39,19,06:39 a. m.,false,true,4,fuego,2 HOMBRES,ND,H,H,8,0,N,N,0,0,false,0,MOTOCICLETA,MOTOCICLETA,3,celular,0,3000,false,1,1,0,NA,NA,0,NA,1,TRANSITANDO,NO,HOMBRE,82,-102.33131656,21.97327673
250107929,0,30421,ROBO PERSONA,ND,1,2025-01-18,3,6,1,FRACCIONAMIENTO,NATURA,371,371,ND,POR EL ARROYO,NA,NA,",,,",CALLE,ND,3,11,30,20,11:30 a. m.,false,true,1,cortante,2 HOMBRES AMBOS VISTEN DE NEGRO UNO CON UNA GORRA NEGRA EL OTRO TIENE TATUAJES EN EL BRAZO DERECHO,ND,H,M,8,0,N,N,0,0,false,0,N,N,38,otros,0,0,false,24,1,0,NA,NA,0,NA,1,TRANSITANDO,NO,MUJER,83,-102.24759975,21.93545186
250111352,0,30422,ROBO PERSONA,ND,1,2025-01-18,3,6,1,FRACCIONAMIENTO,LOS PERICOS,287,287,AVENIDA,POLIDUCTO,NA,NA,",,,",AVENIDA,RODOFLO LANDEROS GALLEGOS,4,20,24,23,20:24 p. m.,false,false,9,ninguna,ND,ND,H,H,8,0,N,N,0,0,false,0,N,N,3,celular,0,0,false,1,2,0,NA,NA,0,NA,1,TRANSITANDO,NO,HOMBRE,84,-102.24807202,21.90355169
250112360,0,30421,ROBO PERSONA,ND,1,2025-01-18,3,6,1,ESPECIAL,PARQUE RODOLFO LANDEROS GALLEGOS,492,492,BOULEVARD,JOSE MARIA CHAVEZ,NA,NA,",,,",AVENIDA,AGUASCALIENTES SUR,5,22,20,24,22:20 p. m.,false,true,1,cortante,1 HOMBRE VISTE SUDADERA NEGRA PANTALON MEZCLILLA,ND,H,H,8,0,N,N,0,0,false,0,BICICLETA,BICICLETA,3,celular,0,6000,false,1,1,0,NA,NA,0,NA,1,PARADO,NO,HOMBRE,85,-102.29156957,21.85767660
250112810,0,30422,ROBO PERSONA,ND,1,2025-01-18,3,6,1,FRACCIONAMIENTO,SOLIDARIDAD II,193,193,CALLE,CASCAN,NA,NA,",,,",AVENIDA,SIGLO XXI,5,23,6,24,23:06 p. m.,false,false,9,ninguna,2 HOMBRES,ND,H,H,8,0,N,N,0,0,false,0,N,N,3,celular,0,0,false,1,2,0,NA,NA,0,NA,1,TRANSITANDO,NO,HOMBRE,86,-102.24653883,21.86497325
250113836,0,30422,ROBO PERSONA,ND,1,2025-01-19,3,7,1,FRACCIONAMIENTO,PRADOS DEL SUR,537,537,AVENIDA,MAHATMA GANDHI,NA,NA,",,,",AVENIDA,AGUASCALIENTES SUR,2,1,32,25,01:32 a. m.,false,false,9,ninguna,2 HOMBRES UNO VISTE SUDADERA COLOR ROJO Y EL OTRO SUDADERA BLANCA,ND,H,H,8,0,N,N,0,0,false,0,BICICLETA,BICICLETA,"3,27,29","celular,documentos,cartera",3000,3000,false,1,1,0,NA,NA,0,NA,1,TRANSITANDO,NO,HOMBRE,87,-102.29499202,21.85756680
250114254,0,30422,ROBO PERSONA,ND,1,2025-01-19,3,7,1,FRACCIONAMIENTO,VERSALLES II,158,158,AVENIDA,AGUASCALIENTES SUR,NA,NA,",,,",CALLE,BELISARIO DOMINGUEZ,2,2,20,25,02:20 a. m.,false,false,9,ninguna,5 HOMBRES UNO VISTE DE SHORT Y ESTA PELON OTRO VISTE CHAMARRA NEGRA DE ADIDAS,ND,H,H,8,0,N,N,0,0,false,0,N,N,"3,30","celular,llaves",0,0,false,1,2,0,NA,NA,0,NA,1,PARADO,NO,HOMBRE,88,-102.30660357,21.85844535
250115881,0,30422,ROBO PERSONA,MARIPOSA,1,2025-01-18,3,6,1,FRACCIONAMIENTO,CANTERAS DE SAN JOSE,547,547,CALLE,TALPA,NA,NA,"221,,,",CALLE,TEPATITLAN,2,12,0,14,12:00 23:29,false,false,9,ninguna,HOMBRE,ND,H,A,8,0,N,N,0,0,false,0,N,N,"3,14","celular,bicicleta",0,0,false,1,2,0,NA,NA,0,NA,1,TRANSITANDO,NO,AMBOS,89,-102.33070291,21.86052946
250118895,0,30421,ROBO PERSONA,MARIPOSA,1,2025-01-19,3,7,1,ESTACION,CAÑADA HONDA,55,55,AVENIDA,20 DE NOVIEMBRE,NA,NA,",,,",CALLE,SAN LUIS BATIS SAINZ,3,18,28,22,18:28 p. m.,false,true,3,contusa,2 HOMBRES UNO TRAE UN TATUAJE DE LAGRIMA EN EL OJO,ND,H,H,8,0,N,N,0,0,false,0,MOTOCICLETA,MOTOCICLETA,14,bicicleta,0,0,false,1,1,0,NA,NA,0,NA,1,TRANSITANDO,NO,HOMBRE,90,-102.19775437,22.00788731
250120101,0,30421,ROBO PERSONA,ND,1,2025-01-19,3,7,6,COLONIA,ZONA CENTRO,1130,1130,CALLE,20 DE NOVIEMBRE,NA,NA,",,,",CALLE,16 DE SEPTIEMBRE NORTE,7,21,32,25,21:32 p. m.,false,true,1,cortante,2 HOMBRES UNO DE 19 AÑOS DE EDAD APROX ESTATURA BAJA EL OTRO DE 25 AÑOS,ND,H,A,8,0,N,N,0,0,false,0,N,N,3,celular,0,0,false,1,1,0,NA,NA,0,NA,1,PARADO,NO,AMBOS,91,-102.27504127,22.14799356
250102331,0,30446,ROBO PERSONA,MARIPOSA,1,2025-01-17,3,5,1,FRACCIONAMIENTO,VILLA DE LAS TROJES,141,141,PROLONGACION,GENERAL IGNACIO ZARAGOZA,NA,NA,",,,",CALLE,POTREROS,6,14,50,21,14:50 p. m.,false,false,9,ninguna,ND,ND,ND,H,8,0,N,N,0,0,false,0,N,N,14,bicicleta,0,0,false,1,1,0,NA,NA,0,NA,1,PARADO,NO,HOMBRE,92,-102.30494011,21.92676093
250115216,0,30446,ROBO PERSONA,MARIPOSA,1,2025-01-19,3,7,1,ESPECIAL,TRES CENTURIAS ESPECIAL,614,614,AVENIDA,MANUEL GOMIZ MORIN,NA,NA,",,,",CALLE,GENERAL ENRIQUE ESTRADA,4,5,52,26,05:52 a. m.,false,false,9,ninguna,ND,ND,ND,M,8,0,N,N,0,0,false,0,N,N,14,bicicleta,0,0,false,1,1,0,NA,NA,0,NA,1,PARADO,NO,MUJER,93,-102.28371591,21.89502892
250118465,0,30446,ROBO PERSONA,ND,1,2025-01-19,3,7,1,CONDOMINIO,ALBERIA,451,451,AVENIDA,DEL VALLE,NA,NA,",,,",CALLE,ND,6,17,17,22,17:17 p. m.,false,false,9,ninguna,ND,ND,ND,H,8,0,N,N,0,0,false,0,N,N,11,herramienta,0,0,false,1,1,0,NA,NA,0,NA,1,PARADO,NO,HOMBRE,94,-102.32709984,21.87252483
250120656,0,30446,ROBO PERSONA,MARIPOSA,1,2025-01-19,3,7,5,FRACCIONAMIENTO,EL MEZQUITAL,902,902,CALLE,BAYA HONDA,NA,NA,"236,,,",CALLE,PLAN DE SAN LUIS,7,22,41,24,22:41 p. m.,false,false,9,ninguna,ND,ND,ND,H,8,0,N,N,0,0,false,0,N,N,14,bicicleta,0,0,false,1,1,0,NA,NA,0,NA,1,PARADO,NO,HOMBRE,95,-102.35659528,21.96644664
250122205,0,30446,ROBO PERSONA,ND,1,2025-01-20,4,1,1,COLONIA,ZONA CENTRO,501,501,CALLE,NIETO,NA,NA,",,,",CALLE,POCITOS DE JOSE FLORES,1,3,14,26,03:14 a. m.,false,true,10,Sin datos,2 HOMBRES,ND,H,H,8,0,N,N,0,0,false,0,N,N,3,celular,0,3000,false,1,2,0,NA,NA,0,NA,2,PARADO,NO,HOMBRE,96,-102.30065330,21.87877591
14220004,0,30422,ROBO PERSONA,ND,1,2025-01-15,3,3,1,FRACCIONAMIENTO,PRADOS DEL SUR,537,537,AVENIDA,AGUASCALIENTES SUR,NA,NA,",,,",AVENIDA,MAHATMA GNADHI,2,12,29,21,12:29 p. m.,false,false,9,ninguna,1 HOMBRE,JOSE MANUEL RAMIREZ GUERRA 28 AÑOS,H,H,8,1,N,N,0,0,false,0,N,N,3,celular,0,0,false,1,4,0,NA,NA,0,NA,1,ND,NO,HOMBRE,97,-102.29521218,21.85764014
14220005,0,30421,ROBO PERSONA,ND,1,2025-01-19,3,7,2,COMUNIDAD,LA GLORIA,717,717,CALLE,EL ENCINO,NA,NA,",,,",CALLE,ND,7,21,40,24,21:40 p. m.,false,true,1,cortante,1 HOMBRE,BRYAN ALEXIS MACIAS 17 AÑOS,H,ND,8,1,N,N,0,0,false,0,N,N,3,celular,0,0,false,2,4,0,NA,NA,0,NA,1,ND,NO,HOMBRE,98,-102.02580677,22.14738493
250097573,0,30904,ROBO PERSONA,ND,1,2025-01-16,3,4,1,FRACCIONAMIENTO,PASEOS DE SAN ANTONIO,634,634,AVENIDA,RANCHO SAN ANTONIO,NA,NA,",,,",CALLE,KOZANI,5,19,8,23,19:08 p. m.,false,true,13,"cortante,contusa",1 HOMBRE VISTE GORRA ROJA CAMISA MANGA LARGA RAYAS AZULES,ND,H,H,8,0,N,N,0,0,false,0,BICICLETA,BICICLETA,3,celular,0,0,false,1,2,0,NA,NA,0,NA,1,ND,NO,HOMBRE,99,-102.27022474,21.81063743
250098426,0,60204,ROBO PERSONA,MARIPOSA,1,2025-01-16,3,4,6,FRACCIONAMIENTO,VERGEL DEL VALLE,1123,1123,CALLE,ANDRES DELGADO DEL LIRA,NA,NA,",,,",CALLE,NARCISO PERALES AVILA,7,21,16,23,21:16 p. m.,false,true,3,contusa,1 HOMBRE,ND,H,H,8,0,N,N,0,0,false,0,N,N,14,bicicleta,0,0,false,1,6,0,NA,NA,0,NA,1,PARADO,NO,HOMBRE,100,-102.28732177,22.14752001
250084431,0,50305,ROBO PERSONA,ND,1,2025-01-14,3,2,1,COMUNIDAD,EL MALACATE,25,25,CALLE,LOS DIAZ,NA,NA,"123,,,",CALLE,ND,5,6,0,19,06:00 09:00,false,false,9,ninguna,ND,ND,ND,ND,8,0,N,N,0,0,false,0,N,N,39,sin datos,0,0,false,1,13,0,NA,NA,0,NA,1,ND,NO,ND,101,-102.23337918,21.83994497
250112590,0,30904,ROBO PERSONA,ND,1,2025-01-18,3,6,1,BARRIO,BARRIO SAN MARCOS,85,85,CALLE,MANUEL M PONCE,NA,NA,",,,",CALLE,ARTURO J PANI,1,22,30,24,22:30 p. m.,false,true,3,contusa,3 HOMBRES,ND,H,H,8,0,N,N,0,0,false,0,N,N,3,celular,0,0,false,1,6,0,NA,NA,0,NA,1,PARADO,NO,HOMBRE,102,-102.30425157,21.87949210
250116872,0,30907,ROBO PERSONA,ND,1,2025-01-19,3,7,1,FRACCIONAMIENTO,MIRADOR DE LAS CULTURAS,323,323,CALLE,CULTURA OTOMI 432,NA,NA,",,,",CALLE,CULTURA CHICHIMECA,3,12,35,21,12:35 p. m.,false,true,3,contusa,2 HOMBRES,LOS HOPS JOSE GUADALUPE Y LEONARDO EMMANUEL MONTOYA MUÑOZ,H,H,3,0,N,N,0,0,false,0,N,N,12,ropa,0,0,false,1,2,0,NA,NA,0,NA,1,ND,NO,HOMBRE,103,-102.24727135,21.91034270
64220006,0,30422,ROBO PERSONA,MARIPOSA,1,2025-01-04,1,6,6,COLONIA,5 DE MAYO,1115,1115,CALLE,FELIPE CARILLO PUERTO,NA,NA,"31,,,",CALLE,GENERAL LAZARO CARDENAS,7,20,18,23,20:18 p. m.,false,false,9,ninguna,ND,ND,ND,M,8,0,N,N,0,0,false,0,N,N,14,bicicleta,0,0,false,1,1,0,NA,NA,0,NA,1,PARADO,NO,MUJER,104,-102.27687805,22.14309209
64220007,0,30422,ROBO PERSONA,MARIPOSA,1,2025-01-13,3,1,11,FRACCIONAMIENTO,URBIVILLA DEL VERGEL,1329,1329,CALLE,SAN DONATO PONIENTE,NA,NA,"201,,,",CALLE,SAN JERONIMO,7,8,59,19,08:19 a. m.,false,false,9,ninguna,ND,ND,ND,ND,8,0,N,N,0,0,false,0,N,N,14,bicicleta,0,0,false,1,1,0,NA,NA,0,NA,1,PARADO,NO,ND,105,-102.27722117,22.02952632
114220007,0,30422,ROBO PERSONA,MARIPOSA,1,2025-01-16,3,4,11,FRACCIONAMIENTO,URBIVILLA DEL VERGEL,1329,1329,CALLE,SAN BERNARDINO,NA,NA,"201,,,",CALZADA,SANTA FE,7,21,8,23,21:08 p. m.,false,false,9,ninguna,ND,ND,ND,ND,8,0,N,N,0,0,false,0,N,N,14,bicicleta,0,0,false,1,1,0,NA,NA,0,NA,1,PARADO,NO,ND,106,-102.27610848,22.03197726
114220008,0,30422,ROBO PERSONA,MARIPOSA,1,2025-01-18,3,6,11,NINGUNO,DESARROLLO ESPECIAL ESCOLAR,1316,1316,AVENIDA,JUAREZ NORTE,NA,NA,",,,",CAMINO,VENUSTIANO CARRANZA,7,16,40,22,16:40 p. m.,false,false,9,ninguna,ND,ND,ND,ND,8,0,N,N,0,0,false,0,N,N,14,bicicleta,0,0,false,1,1,0,NA,NA,0,NA,1,PARADO,NO,ND,107,-102.27183797,22.08351794
250123710,0,30421,ROBO PERSONA,MARIPOSA,1,2025-01-20,4,1,1,FRACCIONAMIENTO,VALLE DE LOS CACTUS,360,360,CALLE,PASEO DE LA BIZNAGA,NA,NA,",,,",CALLE,ND,4,11,45,21,11:45 a. m.,false,true,1,cortante,1 HOMBRE VISTE DE NEGRO,ND,H,H,8,0,N,N,0,0,false,0,N,N,14,bicicleta,0,10000,false,1,1,0,NA,NA,0,NA,1,TRANSITANDO,NO,MENOR,108,-102.22852360,21.86544550
250125314,0,30421,ROBO PERSONA,ND,1,2025-01-20,4,1,5,LOCALIDAD,MARAVILLAS,991,991,CALLE,INDEPENDENCIA,NA,NA,",,,",CALLE,12 DE DICIEMBRE,7,16,24,22,16:24 p. m.,false,true,1,cortante,1 HOMBRE EDAD APROX 22 AÑOS,ND,H,H,8,0,N,N,0,0,false,0,N,N,3,celular,0,0,false,1,1,0,NA,NA,0,NA,1,TRANSITANDO,NO,MENOR,109,-102.32518553,21.95466690
250126413,0,30422,ROBO PERSONA,ND,1,2025-01-20,4,1,1,UNIDAD HABITACIONAL,POTREROS DEL OESTE,167,167,ANDADOR,LA ARBOLEDA,NA,NA,",,,",CALLE,ESTANISLAO MEDINA,2,18,51,22,18:51 p. m.,false,false,9,ninguna,2 HOMBRES VISTEN CHAMARRA NEGRA Y EL OTRO CHAMARRA ROJA,ND,H,H,8,0,N,N,0,0,false,0,N,N,3,celular,0,0,false,1,2,0,NA,NA,0,NA,0,1,NO,HOMBRE,110,-102.29661259,21.84359513
250126414,0,30421,ROBO PERSONA,MARIPOSA,1,2025-01-20,4,1,1,UNIDAD HABITACIONAL,IV CENTENARIO,618,618,CALLE,PEDRO PARGA,NA,NA,"104,,,",RETORNO,DE LOS FUNDADORES,5,19,12,23,19:12 p. m.,false,true,1,cortante,VARIOS HOMBRES,ND,H,H,8,0,N,N,0,0,false,0,N,N,"3,14","celular, bicicleta",0,0,false,1,1,0,NA,NA,0,NA,1,TRANSITANDO,NO,HOMBRE,111,-102.27982624,21.87151882
250128292,0,30421,ROBO PERSONA,ND,1,2025-01-21,4,2,7,RURAL,EL SALITRILLO,1184,1184,CARRETERA,45 AGUASCALIENTES ZACATECAS,35,NA,",,,",N,N,7,6,26,19,06:26 a. m.,false,true,1,cortante,2 HOMBRES COMPLEXION DELGADA VISTEN DE OSCURO,ND,H,H,8,0,N,N,0,0,false,0,N,N,"3,28,29,31","celular,dinero,cartera,mochila",600,19000,false,1,1,0,NA,NA,0,NA,1,PARADO,SI,HOMBRE,112,-102.29542142,22.17894688
250136367,0,30421,ROBO PERSONA,ND,1,2025-01-22,4,3,5,FRACCIONAMIENTO,LOMAS DE JESUS MARIA,1096,1096,CALLE,PALENQUE,NA,NA,",,,",CALLE,XOCHICALCO,7,15,25,21,15:25 p. m.,false,true,3,contusa,3 HOMBRES,ND,H,H,8,0,N,N,0,0,false,0,N,N,15,joyeria,0,10000,false,1,54,0,NA,NA,0,NA,1,TRANSITANDO,NO,HOMBRE,113,-102.34127293,21.94723260
250138563,0,30421,ROBO PERSONA,MARIPOSA,1,2025-01-22,4,3,1,FRACCIONAMIENTO,PRADOS DEL SUR,537,537,CALLE,GERTRUDIS BOCANEGRA,NA,NA,",,,",CALLE,PICO DE ORIZABA,2,21,34,24,21:34 p. m.,false,true,1,cortante,1 HOMBRE COMPLEXION DELGADA EDAD 20 AÑOS APROX,ND,H,H,8,0,N,N,0,0,false,0,N,N,14,bicicleta,0,0,false,1,1,0,NA,NA,0,NA,1,TRANSITANDO,NO,HOMBRE,114,-102.29832312,21.85729078
250139940,0,30421,ROBO PERSONA,ND,1,2025-01-23,4,4,1,FRACCIONAMIENTO,EJIDO CUMBRES,210,210,CALLE,PAULA DE JESUS JIMENEZ YAÑEZ,NA,NA,",,,",AVENIDA,POLIDUCTO,3,7,10,19,07:10 a. m.,false,true,2,punzante,2 HOMBRES UNO VISTE CHAMARRA AZUL Y EL OTRO CHAMARRA NEGRA,ND,H,H,8,0,N,N,0,0,false,0,BICICLETA,BICICLETA,"28,29,40","dinero,cartera,tarjeta",1500,1500,false,1,1,0,NA,NA,0,NA,1,TRANSITANDO,NO,HOMBRE,115,-102.24929243,21.90585949
250130828,0,30446,ROBO PERSONA,MARIPOSA,1,2025-01-21,4,2,1,FRACCIONAMIENTO,LAS VIÑAS,230,230,CIRCUITO,DE LA MOLIENDA,NA,NA,",,,",AVENIDA,DE LA CONVENCION DE 1914 ORIENTE,3,16,0,22,16:00 p. m.,false,false,9,ninguna,ND,ND,ND,H,8,0,N,N,0,0,false,0,N,N,14,bicicleta,0,0,false,1,1,0,NA,NA,0,NA,1,PARADO,NO,HOMBRE,116,-102.28271856,21.90115855
250135466,0,30446,ROBO PERSONA,ND,1,2025-01-22,4,3,1,FRACCIONAMIENTO,SAN CAYETANO,591,591,AVENIDA,FUNDICION,NA,NA,",,,",CALLE,SAN AGUSTIN,6,12,30,21,12:30 p. m.,false,false,9,ninguna,2 MUJERES UNA VISTE SUDADERA ROJA Y EL OTRO SUDADERA OSCURA,ND,M,M,8,0,N,N,0,0,false,0,N,N,"26,28,40,38","bolso,dinero,tarjeta,otros",3400,3400,false,1,1,0,NA,NA,0,NA,2,PARADO,NO,MUJER,117,-102.31230621,21.89716766
250135585,0,30446,ROBO PERSONA,MARIPOSA,1,2025-01-22,4,3,1,FRACCIONAMIENTO,VERSALLES II,164,164,CALLE,ENRIQUE B REBSAMEN,NA,NA,"340,,,",CALLE,GENERAL FORTUNATO MAYCOTE,2,12,51,21,12:51 p. m.,false,false,9,ninguna,1 HOMBRE VISTE CAMISA COLOR TINTO PANTALON COLOR CAMEL Y CHALECO NEGRO,ND,H,H,8,0,N,N,0,0,false,0,N,N,14,bicicleta,0,0,false,1,1,0,NA,NA,0,NA,1,PARADO,NO,HOMBRE,118,-102.31296393,21.85715089
250138714,0,30446,ROBO PERSONA,MARIPOSA,1,2025-01-22,4,3,6,FRACCIONAMIENTO,COSMOS III,1133R,0,CALLE,SIGMA,NA,NA,"116,,,",CALLE,ORION,7,21,51,24,21:51 p. m.,false,false,9,ninguna,ND,ND,ND,M,8,0,N,N,0,0,false,0,N,N,14,bicicleta,0,0,false,1,1,0,NA,NA,0,NA,1,PARADO,NO,MUJER,119,-102.28235791,22.13696109
250140463,0,50102,ROBO PERSONA,ND,1,2025-01-23,4,4,1,NO APLICA,DESARROLLO ESPECIAL VILLASUNCION,560,560,AVENIDA,AGUASCALIENTES SUR,NA,NA,",,,",BOULEVARD,JOSE MARIA CHAVEZ,2,9,47,20,09:47 a. m.,false,false,9,ninguna,1 HOMBRE,nd,h,h,8,1,N,N,0,0,false,0,N,N,28,dinero,0,0,false,1,2,0,NA,NA,0,NA,2,PARADO,NO,HOMBRE,120,-102.29332635,21.85827976
250142190,0,30421,ROBO PERSONA,ND,1,2025-01-23,4,4,11,FRACCIONAMIENTO,PASEOS DE LA PROVIDENCIA,1320,1320,AVENIDA,PASEOS DE LA PROVIDENCIA,NA,NA,",,,",CALLE,PASEOS DE SANTA ELSA,7,15,57,22,15:57 p. m.,false,true,3,contusa,ND,ND,ND,H,8,0,N,N,0,0,false,0,N,N,39,sin datos,0,0,false,1,1,0,NA,NA,0,NA,1,ND,NO,HOMBRE,121,-102.27369365,22.02380569
250145035,0,30422,ROBO PERSONA,ND,1,2025-01-24,4,5,1,FRACCIONAMIENTO,JOSE GUADALUPE PERALTA GAMEZ,334,334,CALLE,JOSE M RUIZ DE TEJADA Y OTAL,NA,NA,",,,",CALLE,GERARDO MARIN MARTINEZ,4,0,39,25,00:39 a. m.,false,false,9,ninguna,1 HOMBRE,ND,H,M,8,0,N,N,0,0,false,0,N,N,3,celular,0,0,false,1,1,0,NA,NA,0,NA,1,TRANSITANDO,NO,MUJER,122,-102.24222686,21.87130363
250145183,0,30422,ROBO PERSONA,ND,1,2025-01-24,4,5,5,FRACCIONAMIENTO,EL MEZQUITAL,902,902,CALLE,EL MEZQUITAL,NA,NA,"318,,,",CALLE,HUIZACHE,7,1,30,25,01:30 a. m.,false,false,9,ninguna,2 HOMBRES VISTEN DE NEGRO Y GRIS CUBREN EL ROSTRO CON SUDADERAS,SON DE LA COLONIA EL TORITO,H,H,3,0,N,N,0,0,false,0,N,N,"28,29","dinero,cartera",5000,5000,false,1,1,0,NA,NA,0,NA,1,TRANSITANDO,NO,HOMBRE,123,-102.35687994,21.96750139
250142409,0,30446,ROBO PERSONA,ND,1,2025-01-23,4,4,1,FRACCIONAMIENTO,VILLAS DE SAN NICOLAS,511,511,AVENIDA,LUIS DONALDO COLOSIO,NA,NA,",,,",AVENIDA,INDEPEDENCIA,6,14,31,21,14:31 p. m.,false,false,9,ninguna,ND,ND,ND,M,8,0,N,N,0,0,false,0,N,N,3,celular,0,0,false,1,1,0,NA,NA,0,NA,2,PARADO,NO,MUJER,124,-102.29839946,21.92549624
250142851,0,30421,ROBO PERSONA,ND,1,2025-01-23,4,4,5,RANCHERIA,EL ZAPATO,913,913,CAMINO,ANTIGUO CAMINO A ZACATECAS,NA,NA,",,,",CALLE,N,7,11,0,20,11:00 a. m.,false,false,9,ninguna,1 HOMBRE,ND,H,H,8,0,N,N,0,0,false,0,N,N,3,celular,0,0,true,1,10,0,NA,NA,0,NA,1,PARADO,NO,HOMBRE,125,-102.29304063,21.98650840
250129397,0,50305,ROBO PERSONA,ND,1,2025-01-21,4,2,5,COLONIA,LUIS DONALDO COLOSIO,1045,1045,AVENIDA,ALEJANDRO DE LA CRUZ SAUCEDO,NA,NA,",,,",CALLE,LUIS DONALDO COLOSIO,7,11,47,20,11:47 a. m.,false,true,1,cortante,2 HOMBRES  UNO DE ELLOS VISTE CAMISA BLANCA PANTALON NEGRO,EL GARRAS,H,H,8,0,N,N,0,0,false,0,N,N,39,sin datos,0,0,false,1,1,0,NA,NA,0,NA,1,PARADO,NO,HOMBRE,126,-102.35398100,21.97142050
250146154,0,30421,ROBO PERSONA,ND,1,2025-01-24,4,5,1,FRACCIONAMIENTO,SIGLO XXI Y AV DE LOS MAESTROS,417R,0,AVENIDA,SIGLO XXI,NA,NA,",,,",AVENIDA,DE LOS MAESTROS,2,8,35,19,08:35 a. m.,false,true,1,cortante,2 HOMBRES UNO VISTE SUDADERA ROJA Y SHORT AZUL MARINO EL OTRO SUDADERA NEGRA CON LA CAPUCHA PUESTA,EDGAR EDUARDO SOLIS MAGADAN 27 AÑOS,H,H,8,1,N,N,0,0,false,0,N,N,31,mochila,0,0,false,1,4,0,NA,NA,0,NA,1,ND,NO,HOMBRE,127,-102.32366595,21.84296248
250152740,0,30421,ROBO PERSONA,ND,1,2025-01-25,4,6,1,FRACCIONAMIENTO,HACIENDA SAN MARCOS,635,635,CALLE,ND,NA,NA,",,,",CALLE,ND,5,8,23,19,08:23 a. m.,false,true,1,cortante,1 HOMBRE TEZ MORENO COMPLEXION DELGADO ESTATURA BAJA VISTE PANTALON MEZCLILLA SUDADERA NEGRA BOTAS DE TRABAJO,EL CHAPAS,H,H,8,0,N,N,0,0,false,0,N,N,3,celular,0,0,false,1,1,0,NA,NA,0,NA,1,TRANSITANDO,NO,HOMBRE,128,-102.27392931,21.80349857
250153303,0,30458,ROBO PERSONA,ND,1,2025-01-25,4,6,1,FRACCIONAMIENTO,GOMEZ,237,237,AVENIDA,CONVENCION DE 1914 PONIENTE,NA,NA,",,,",CALLE,25 DE ABRIL,6,11,10,20,11:20 a. m.,false,false,9,ninguna,1 HOMBRE VISTE SUDADERA PANTALON MEZCLILLA TEZ MORENO CABELLO CORTO ESTATURA BAJA COMPLEXION DELGADA,ND,H,M,8,0,N,N,0,0,false,0,N,N,40,tarjeta,0,0,false,1,1,0,NA,NA,0,NA,1,PARADO,NO,MUJER,129,-102.31251413,21.88235246
250156159,0,30421,ROBO PERSONA,ND,1,2025-01-25,4,6,1,FRACCIONAMIENTO,SANTA ELENA,261,261,CALLE,REPUBLICA DE NICARAGUA,NA,NA,",,,",CALLE,REPUBLICA DE NICARAGUA,2,19,12,23,19:12 p. m.,false,true,4,fuego,1 HOMBRE VISTA CHAMARRA Y PANTALON AZUL BOTAS CON ESTAMPADO DE CALAVERAS,ND,H,H,8,0,N,N,0,0,false,0,N,N,3,celular,0,8000,false,23,1,3797,NA,NA,0,NA,1,TRANSITANDO,NO,HOMBRE,130,-102.30355495,21.87000812
250156338,0,30421,ROBO PERSONA,ND,1,2025-01-25,4,6,5,CONDOMINIO,TROJES SAN CRISTOBAL,1089,1089,PROLONGACION,ZARAGOZA,NA,NA,",,,",AVENIDA,LICENCIADO ADOLFO LOPEZ MATEOS,7,19,37,23,19:37 p. m.,false,true,1,cortante,1 HOMBRE TAPADO DE LA CARA,ND,H,M,8,0,N,N,0,0,false,0,BICICLETA,BICICLETA COLOR OSCURO,"3,29","celular,cartera",0,0,false,1,1,0,NA,NA,0,NA,1,TRANSITANDO,NO,MUJER,131,-102.30835125,21.94261905
250158376,0,30421,ROBO PERSONA,MARIPOSA,1,2025-01-26,4,7,1,FRACCIONAMIENTO,TERRACERIA DE VILLA MONTAÑA A LA RIBERA,601R,0,TERRACERIA,DE VILLA MONTAÑA A LA RIBERA,NA,NA,",,,",TERRACERIA,DE VILLA MONTAÑA A LA RIBERA,3,0,28,25,00:28 a. m.,false,true,3,contusa,5 HOMBRES,ND,H,H,8,0,N,N,1,0,true,0,N,N,"3,14,28,29","celular,bicicleta,dinero,cartera",500,500,false,1,42,0,NA,NA,0,NA,1,TRANSITANDO,NO,HOMBRE,132,-102.25561833,21.94823841
250160106,0,30421,ROBO PERSONA,ND,1,2025-01-26,4,7,1,FRACCIONAMIENTO,LOMAS DE VISTABELLA,339,339,CALLE,VISTA DE LA MONTAÑA,NA,NA,",,,",CALLE,VISTA DEL AMANECER,5,7,0,19,07:00 a. m.,false,true,1,cortante,ND,ND,ND,M,8,0,N,N,0,0,false,0,N,N,3,celular,0,0,false,1,1,0,NA,NA,0,NA,1,ND,NO,MUJER,133,-102.26051970,21.84403471
250162550,0,30421,ROBO PERSONA,ND,1,2025-01-26,4,7,1,UNIDAD HABITACIONAL,VIVIENDA POPULAR,268,268,AVENIDA,LICENCIADO ADOLFO LOPEZ MATEOS PONIENTE,NA,NA,",,,",CALLE,G,2,16,30,22,16:30 p. m.,false,true,10,otras,6 HOMBRES,ND,H,H,8,0,N,N,0,0,false,0,N,N,28,dinero,50,50,false,1,1,0,NA,NA,0,NA,1,ND,NO,HOMBRE,134,-102.30925302,21.87479805
250165750,0,30421,ROBO PERSONA,ND,1,2025-01-26,4,7,5,COLONIA,EL CALVARIO,1044,1044,PROLONGACION,NIAGARA,NA,NA,",,,",CALLE,GERNIKA,7,22,57,24,22:57 p. m.,false,true,4,fuego,HOMBRES,LOS TITINOS,H,H,8,0,N,N,0,0,false,0,N,N,3,celular,0,25000,false,2,1,0,NA,NA,0,NA,1,TRANSITANDO,NO,MENOR,135,-102.34531875,21.96803679
250165894,0,30421,ROBO PERSONA,ND,1,2025-01-26,4,7,1,FRACCIONAMIENTO,"VILLA DE NUESTRA SEÑORA DE LA ASUNCION, SECTOR GUADALUPE",342,342,AVENIDA,JOSE DE JESUS GONZALEZ GARCIA,NA,NA,",,,",CALLE,ELIAS DE LARA,3,23,25,0,23:25 p. m.,false,true,1,cortante,1 HOMBRE CAMISA A CUADROS BLANCO Y NEGRO BERMUDA DE MEZCLILLA,ND,H,H,8,0,N,N,0,0,false,0,N,N,"3,29,40","celular,cartera,tarjeta",0,0,false,1,1,0,NA,NA,0,NA,1,TRANSITANDO,NO,HOMBRE,136,-102.25201352,21.92895029
250166851,0,30421,ROBO PERSONA,ND,1,2025-01-27,5,1,1,FRACCIONAMIENTO,PASEOS DEL SUR,634R,0,CALLE,MAZZARINO,NA,NA,",,,",CALLE,TIRANO,5,2,19,25,02:19 a. m.,false,true,3,contusa,1 HOMBRE,ND,H,M,8,0,N,N,1,0,true,0,N,N,"3,28","celular,dinero",0,0,false,1,1,0,NA,NA,0,NA,1,TRANSITANDO,NO,MUJER,137,-102.27171595,21.81354278
250167306,0,30422,ROBO PERSONA,ND,1,2025-01-27,5,1,1,FRACCIONAMIENTO,"VILLA DE NUESTRA SEÑORA DE LA ASUNCION, SECTOR GUADALUPE",342,342,CALLE,FEDERICO MENDEZ,NA,NA,",,,",CALLE,ADALBERTO SANTACRUZ DE SANTIAGO,3,7,4,19,07:04 a. m.,false,false,9,ninguna,1 HOMBRE VISTE SUDADERA NEGRA GORRO NEGRO,ND,H,M,8,0,N,N,0,0,false,0,N,N,26,bolso,0,0,false,1,2,0,NA,NA,0,NA,1,TRANSITANDO,NO,MUJER,138,-102.25214778,21.93189679
250167420,0,30421,ROBO PERSONA,ND,1,2025-01-27,5,1,1,FRACCIONAMIENTO,MORELOS II,188,188,AVENIDA,MARIANO HIDALGO,NA,NA,",,,",CALLE,JOSE GONZALEZ CARRILLO,5,7,38,19,07:38 a. m.,false,true,10,otras,1 HOMBRE EDAD APROX 25 AÑOS TEZ MORENO VISTE CHAMARRA OSCURA PANS GRIS,ND,H,M,8,0,N,N,0,0,false,0,N,N,3,celular,0,0,false,1,1,0,NA,NA,0,NA,1,TRANSITABA,NO,HOMBRE,139,-102.25603202,21.85147642
250146449,0,30446,ROBO PERSONA,MARIPOSA,1,2025-01-24,4,5,1,CONDOMINIO,PASEOS DE SANTA MONICA,488,488,AVENIDA,SIGLO XXI,NA,NA,",,,",AVENIDA,SANTA MONICA,2,9,54,20,09:54 a. m.,false,false,9,ninguna,ND,ND,ND,H,8,0,N,N,0,0,false,0,N,N,14,bicicleta,0,0,false,1,1,0,NA,NA,0,NA,1,PARADO,NO,HOMBRE,140,-102.31810485,21.84239228
250146949,0,30446,ROBO PERSONA,ND,1,2025-01-24,4,5,1,FRACCIONAMIENTO,LA ESTRELLA,207,207,CALLE,LIRA,NA,NA,"1009,,,",CALLE,TAURO,3,11,44,20,11:44 a. m.,false,false,9,ninguna,1 HOMBRE VISTE CHAMARRA GRIS TRAE UNA GORRA,ND,H,M,8,0,N,N,0,0,false,0,N,N,3,celular,0,2000,false,1,1,0,NA,NA,0,NA,2,PARADO,NO,MUJER,141,-102.27811528,21.90444676
250148007,0,30446,ROBO PERSONA,ND,1,2025-01-24,4,5,1,FRACCIONAMIENTO,RODOLFO LANDEROS GALLEGOS,226,226,CALLE,REINAS DE LA FERIA,NA,NA,",,,",CALLE,ALPINO,4,14,42,21,14:42 p. m.,false,false,9,ninguna,1 HOMBRE CONOCIDO,ND,H,H,3,0,N,N,0,0,false,0,N,N,3,celular,0,0,false,1,1,0,NA,NA,0,NA,2,PARADO,NO,HOMBRE,142,-102.25616100,21.89928092
250150607,0,30446,ROBO PERSONA,MARIPOSA,1,2025-01-24,4,5,5,LOCALIDAD,LA LOMA DE VALLADOLID,1038,1038,AVENIDA,PINOS,NA,NA,",,,",CALLE,MOSCATEL,7,21,46,24,21:46 p. m.,false,false,9,ninguna,1 HOMBRE,ND,H,H,8,0,N,N,0,0,false,0,N,N,14,bicicleta,0,0,true,1,10,0,NA,NA,0,NA,1,PARADO,NO,HOMBRE,143,-102.30803306,22.01374936
250152600,0,30446,ROBO PERSONA,MARIPOSA,1,2025-01-25,4,6,5,FRACCIONAMIENTO,LOS PORTALES,935,935,CALLE,JOSE LOPEZ PORTILLO,NA,NA,",,,",CERRADA,DEL PORTAL,7,7,39,19,07:39 a. m.,false,false,9,ninguna,ND,ND,ND,H,8,0,N,N,0,0,false,0,N,N,14,bicicleta,0,7000,false,1,1,0,NA,NA,0,NA,1,PARADO,NO,HOMBRE,144,-102.31660427,21.94624446
250155316,0,30446,ROBO PERSONA,MARIPOSA,1,2025-01-25,4,6,1,BARRIO,GUADALUPE,502,502,CALLE,LARREATEGUI,NA,NA,",,,",CALLE,PLAN DE AYUTLA,1,16,11,22,16:11 p. m.,false,false,9,ninguna,ND,ND,ND,H,0,0,N,N,0,0,false,0,N,N,14,bicicleta,0,0,false,1,1,0,NA,NA,0,NA,1,PARADO,NO,HOMBRE,145,-102.30122275,21.88638506
250157462,250157513,30446,ROBO PERSONA,MARIPOSA,1,2025-01-25,4,6,1,FRACCIONAMIENTO,LAS BRISAS,112,112,CALLE,MAR DE CORTES,NA,NA,"203,,,",CALLE,MAR MEDITERRANEO,6,20,30,23,20:30 p. m.,false,false,9,ninguna,1 HOMBRE,ND,H,M,8,0,N,N,0,0,false,0,N,N,14,bicicleta,0,0,false,1,1,0,NA,NA,0,NA,1,PARADO,NO,MUJER,146,-102.31620780,21.89716329
250160572,0,30446,ROBO PERSONA,MARIPOSA,1,2025-01-26,4,7,1,NINGUNO,NINGUNO,673,673,AVENIDA,SIGLO XXI,NA,NA,",,,",CALLE,SIERRA DE SAN BERNARDINO,3,10,18,20,10:18 a. m.,false,false,9,ninguna,ND,ND,ND,H,8,0,N,N,0,0,false,0,N,N,14,bicicleta,0,0,false,1,1,0,NA,NA,0,NA,1,PARADO,NO,HOMBRE,147,-102.26147723,21.91931253
250160651,0,30446,ROBO PERSONA,ND,1,2025-01-26,4,7,1,FRACCIONAMIENTO,INSURGENTES,161,161,AVENIDA,DE LA CONVENCION,NA,NA,",,,",CALLE,BELISARIO DOMINGUEZ,2,11,7,20,11:07 a. m.,false,false,9,ninguna,ND,ND,ND,M,8,0,N,N,0,0,false,0,N,N,"3,28,29","celular,dinero,cartera",500,500,false,1,1,0,NA,NA,0,NA,1,TRANSITANDO,NO,MUJER,148,-102.30721052,21.85102227
250163452,0,30446,ROBO PERSONA,MARIPOSA,1,2025-01-26,4,7,1,NO APLICA,DESARROLLO ESPECIAL GUADALUPE,645,645,PROLONGACION,DOCTOR SALVADOR QUEZADA LIMON,NA,NA,",,,",CALLE,GUANAJUATO,6,18,38,22,18:38 p. m.,false,false,9,ninguna,ND,ND,ND,H,8,0,N,N,0,0,false,0,N,N,14,bicicleta,0,0,false,1,1,0,NA,NA,0,NA,1,PARADO,NO,HOMBRE,149,-102.31482550,21.88579794
250166131,0,30446,ROBO PERSONA,ND,1,2025-01-26,4,7,1,FRACCIONAMIENTO,VILLA LAS PALMAS II,365,365,CALLE,IXTLAHUATL,NA,NA,"1005,,,",AVENIDA,PROCERES DE LA ENSEÑANZA,5,23,58,24,23:58 p. m.,false,false,9,ninguna,1 HOMBRE,ND,H,M,8,0,N,N,0,0,false,0,N,N,"3,28","celular,dinero",400,400,false,1,1,0,NA,NA,0,NA,1,TRANSITANDO,NO,MUJER,150,-102.23452511,21.86271790
250145795,0,50305,ROBO PERSONA,ND,1,2025-01-24,4,5,1,FRACCIONAMIENTO,BENITO PALOMINO DENA,220,220,CALLE,LICENCIADO FRANCISCO RAMIREZ MARTINEZ,NA,NA,",,,",CALLE,ROBERTO JEFKINS RANGEL,3,0,0,5,00:00 05:59,false,false,9,ninguna,1 HOMBRE VISTE CAZADORA AZUL MARINO PANTALON NEGRO TENIS BLANCO CON ROJO,ND,H,H,8,0,N,N,0,0,false,0,N,N,39,sin datos,0,0,false,1,2,0,NA,NA,0,NA,1,ND,NO,HOMBRE,151,-102.24938056,21.91594274
250170036,0,30421,ROBO PERSONA,ND,1,2025-01-27,5,1,1,FRACCIONAMIENTO,PROGRESO,209,209,CALLE,JUAN DOUGLAS,N,ANA,"104,,,",CALLE,GUADALUPE RIVERA,3,17,14,22,17:14 p. m.,false,false,9,ninguna,ND,ND,ND,H,8,0,N,N,0,0,false,0,N,N,3,celular,0,0,false,1,2,0,NA,NA,0,NA,1,ND,NO,HOMBRE,152,-102.26476054,21.90619169
250171687,0,30422,ROBO PERSONA,ND,1,2025-01-27,5,1,1,FRACCIONAMIENTO,VILLA MONTAÑA,601,601,PROLONGACION,CONSTITUCIONALISTA,NA,NA,",,,",CALLE,SALVADOR RANGEL LOPEZ,3,21,55,24,21:55 p. m.,false,false,9,ninguna,1 PERSONA,ND,ND,M,8,0,N,N,0,0,false,0,MOTOCICLETA,MOTOCICLETA,3,celular,0,0,false,1,1,0,NA,NA,0,NA,1,ND,NO,MUJER,153,-102.25796677,21.94309099
250172546,0,30421,ROBO PERSONA,ND,1,2025-01-28,5,3,1,FRACCIONAMIENTO,NAZARIO ORTIZ GARZA,222,222,AVENIDA,SIGLO XXI,NA,NA,",,,",BOULEVARD,GUADALUPANO,3,0,15,25,00:15 a. m.,false,true,1,cortante,2 HOMBRES,ND,H,H,8,0,N,N,0,0,false,0,N,N,3,celular,0,0,false,1,1,0,NA,NA,0,NA,1,TRANSITANDO,NO,HOMBRE,154,-102.25730243,21.90704984
250169505,0,30446,ROBO PERSONA,ND,1,2025-01-27,5,1,1,FRACCIONAMIENTO,LOMAS DE SANTA ANITA,227,227,CALLE,LUIS COLOMA,NA,NA,",,,",AVENIDA,SIGLO XXI,4,15,28,21,15:28 p. m.,false,false,9,ninguna,ND,ND,ND,M,8,0,N,N,0,0,false,0,N,N,3,celular,0,0,false,1,1,0,NA,NA,0,NA,2,PARADO,NO,MUJER,155,-102.27134330,21.89325851
250146539,0,30904,ROBO PERSONA,MARIPOSA,1,2025-01-23,4,4,1,COLONIA,MARTINEZ DOMINGUEZ,514,514,PROLONGACION,PASEO DE LA ASUNCION,NA,NA,",,,",CALLE,CAPITAN DIEGO FERNANDEZ VILLA,2,19,0,4,19:00 a 23:59,false,false,9,ninguna,1 HOMBRE,ND,H,H,8,0,N,N,0,0,false,0,N,N,14,bicicleta,0,2500,false,1,1,0,NA,NA,0,NA,1,PARADO,NO,HOMBRE,156,-102.30091687,21.85549234
250157140,250157207,30909,ROBO PERSONA,ND,1,2025-01-25,4,6,6,COLONIA,5 DE MAYO,1115,1115,CALLE,FELIPE ANGELES,NA,NA,",,,",AVENIDA,REVOLUCION,7,21,36,24,21:36 p. m.,false,true,3,contusa,HOMBRES,ND,H,H,8,0,N,N,0,0,false,0,CAMIONETA,CAMIONETA,3,celular,0,3000,false,1,1,0,NA,NA,0,NA,1,ND,NO,HOMBRE,157,-102.27822701,22.14184378
14220010,0,30422,ROBO PERSONA,ND,1,2025-01-05,1,7,1,FRACCIONAMIENTO,CERRO ALTO,696,696,CALLE,FRIDA KAHLO,NA,NA,",,,",AVENIDA,SIGLO XXI,3,19,0,23,19:00 p. m.,false,false,9,ninguna,1 HOMBRE TEZ MORENO CON EL ROSTRO CUBIERTO ESTATURA 180,ND,H,M,8,0,N,N,0,0,false,0,N,N,"26,28","bolso,dinero",8500,8500,false,23,1,3729,NA,NA,0,NA,1,TRANSITANDO,NO,MUJER,158,-102.26125932,21.91763422
14220011,0,30422,ROBO PERSONA,ND,1,2025-01-27,5,1,1,FRACCIONAMIENTO,MORELOS II,188,188,CALLE,22 DE DICIEMBRE,NA,NA,"1507,,,",CALLE,HERRERA,5,7,40,19,07:40 a. m.,false,true,10,otras,1 HOMBRE TEZ MORENO COMPLEXION DELGADA VISTE PANTALON NEGRO,ND,H,M,8,0,N,N,0,0,false,0,N,N,3,celular,0,18000,false,23,1,3802,NA,NA,0,NA,1,TRANSITANDO,NO,MUJER,159,-102.25790317,21.85200811
250175495,0,30421,ROBO PERSONA,ND,1,2025-01-28,5,2,1,UNIDAD HABITACIONAL,POTREROS DEL OESTE,167,167,ANDADOR,CACTUS,NA,NA,",,,",CALLE,FAISAN,2,15,47,22,15:47 p. m.,false,true,1,cortante,3 HOMBRES,IVAN ZAMARRIPA,H,H,0,1,N,N,0,0,false,0,N,N,6,tecnologia,0,0,false,1,1,0,NA,NA,0,NA,1,TRANSITANDO,NO,HOMBRE,160,-102.29707007,21.84418318
250177425,0,30421,ROBO PERSONA,ND,1,2025-01-28,5,2,5,LOCALIDAD,SAN ANTONIO DE LOS HORCONES,1032,1032,CALLE,EMILIANO ZAPATA,NA,NA,",,,",CALLE,IGNACIO ZARAGOZA,7,21,46,24,21:46 p. m.,false,true,10,otras,1 HOMBRE 1 MUJER CON EL CABELLO RUBIO,ND,A,H,8,0,N,N,0,0,false,0,MOTOCICLETA,MOTOCICLETA COLOR AZUL,3,celular,0,0,false,1,1,0,NA,NA,0,NA,1,TRANSITANDO,NO,MUJER,161,-102.32760310,21.99595540
250176995,0,30446,ROBO PERSONA,MARIPOSA,1,2025-01-28,5,2,1,FRACCIONAMIENTO,OJOCALIENTE I,190,190,AVENIDA,OJOCALIENTE,NA,NA,",,,",CALLE,PEÑUELAS,4,19,55,23,19:55 p. m.,false,false,9,ninguna,ND,ND,ND,M,8,0,N,N,0,0,false,0,N,N,14,bicicleta,0,0,false,1,1,0,NA,NA,0,NA,1,PARADO,NO,MENOR,162,-102.25605797,21.88548285
250174185,0,30446,ROBO PERSONA,ND,1,2025-01-28,5,2,1,COLONIA,ZONA CENTRO,501,501,CALLE,VENUSTIANO CARRANZA,NA,NA,"206,,,",CALLE,VENUSTIANO CARRANZA,1,11,57,20,11:57 a. m.,false,false,9,ninguna,HOMBRES,ND,H,H,8,0,N,N,0,0,false,0,N,N,2,computo,0,20000,false,1,1,0,NA,NA,0,NA,1,PARADO,NO,HOMBRE,163,-102.30038293,21.88016760
250181357,0,30421,ROBO PERSONA,ND,1,2025-01-29,5,3,1,FRACCIONAMIENTO,PASEOS DEL SUR,634R,0,AVENIDA,FERROCARRIL,NA,NA,",,,",CALLE,PASEOS DEL ATARDECER,5,15,25,21,15:25 p. m.,false,true,1,cortante,2 HOMBRES,ND,H,H,8,0,N,N,0,0,false,0,MOTOCICLETA,MOTOCICLETA NEGRA CON RAYAS VERDES,"3,6,28","celular,tecnologia,dinero",500,500,false,1,2,0,NA,NA,0,NA,1,PARADO,NO,HOMBRE,164,-102.27497431,21.81628063
250182612,0,30421,ROBO PERSONA,ND,1,2025-01-29,5,3,1,FRACCIONAMIENTO,PASEOS DE SAN ANTONIO,634,634,AVENIDA,DE LAS PRESAS,NA,NA,",,,",AVENIDA,RANCHO SAN ANTONIO,5,18,55,22,18:55 p. m.,false,true,3,contusa,2 MENORES DE EDAD APROX 16 AÑOS Y EL OTRO DE 10 UNO VISTE PALYERA AZUL CHAMARRA ROJA,ND,H,M,8,0,N,N,0,0,false,0,N,N,29,cartera,0,0,false,1,2,0,NA,NA,0,NA,1,ND,NO,MUJER,165,-102.26677382,21.81004382
250182978,0,30422,ROBO PERSONA,ND,1,2025-01-29,5,3,1,BARRIO,LA SALUD,499,499,AVENIDA,AYUNTAMIENTO,NA,NA,",,,",PROLONGACION,COSIO,5,19,56,23,19:56 p. m.,false,false,9,ninguna,1 HOMBRE VISTE PLAYERA COLOR NARANJA Y PANTALON MEZCLILLA,ND,H,H,8,0,N,N,0,0,false,0,N,N,3,celular,0,10000,false,1,1,0,NA,NA,0,NA,1,PARADO,NO,HOMBRE,166,-102.28699516,21.86991782
250183450,0,30422,ROBO PERSONA,ND,1,2025-01-29,5,3,1,FRACCIONAMIENTO,PIRULES,690,690,AVENIDA,DE LOS MAESTROS,NA,NA,",,,",AVENIDA,AGUASCALIENTES PONIENTE,2,21,23,23,21:23 p. m.,false,false,9,ninguna,VARIOS HOMBRES VISTEN DE CAMISA NEGRA Y PANTALON BLANCO,ND,H,H,8,0,N,N,0,0,false,0,N,N,11,herramienta,0,0,false,1,2,0,NA,NA,0,NA,1,TRANSITANDO,NO,HOMBRE,167,-102.31457429,21.85852033
250184404,0,30421,ROBO PERSONA,ND,1,2025-01-29,5,3,4,COLONIA,CENTRO NORTE,881,881,CALLE,ALVARO OBREGON,NA,NA,"321,,,",CALLE,FRANCISCO I MADERO NORTE,7,22,55,24,22:55 p. m.,false,true,4,fuego,2 HOMBRES ENTRE 18 Y 20 AÑOS UNO VISTE CHAMARRA Y PANTALON NEGROS TRAEN CACHUCHA NEGRA COMPLEXION DELGADOS,ND,H,H,8,0,N,N,0,0,false,0,N,N,"15,28","joyeria,dinero",3500,3700,false,1,1,0,NA,NA,0,NA,1,PARADO,NO,HOMBRE,168,-102.29869649,22.36899158
250174624,0,50305,ROBO PERSONA,ND,1,2025-01-28,5,2,1,FRACCIONAMIENTO,FIDEL VELAZQUEZ,216,216,AVENIDA,ALAMEDA,NA,NA,",,,",AVENIDA,OJOCALIENTE,4,13,23,21,13:23 p. m.,false,true,3,contusa,1 HOMBRE,EL PISCA,H,H,8,0,N,N,0,0,false,0,N,N,39,sin datos,0,0,false,1,2,0,NA,NA,0,NA,1,ND,NO,HOMBRE,169,-102.25758634,21.89054847
250187299,0,30422,ROBO PERSONA,ND,1,2025-01-30,5,4,1,FRACCIONAMIENTO,NAZARIO ORTIZ GARZA,222,222,AVENIDA,SIGLO XXI,NA,NA,",,,",BOULEVARD,GUADALUPANO,3,14,47,21,14:47 p. m.,false,false,9,ninguna,3 HOMBRES,ND,H,H,8,0,N,N,0,0,false,0,N,N,3,celular,0,0,false,1,1,0,NA,NA,0,NA,1,PARADO,NO,HOMBRE,170,-102.25732826,21.90718826
250188085,0,30421,ROBO PERSONA,ND,1,2025-01-30,5,4,1,FRACCIONAMIENTO,VILLA MONTAÑA,601,601,CALLE,MONTE ELBRUS,NA,NA,"115,C,,",CALLE,MONTA K2,3,16,35,22,16:35 p. m.,false,true,36,"contusa,arma de aire",5 HOMBRES,ND,H,H,8,0,N,N,0,0,false,0,N,N,"3,39","celular,otros",0,10500,false,1,1,0,NA,NA,0,NA,1,ND,NO,HOMBRE,171,-102.25889968,21.94674080
250191440,0,30421,ROBO PERSONA,ND,1,2025-01-31,5,5,1,FRACCIONAMIENTO,JOSE GUADALUPE PERALTA GAMEZ,334,334,CALLE,SALUD,NA,NA,",,,",CALLE,DECIDERIO MACIAS SILVA,4,3,40,26,03:40 a. m.,false,true,1,cortante,1 HOMBRE,ND,H,H,8,0,N,N,0,0,false,0,N,N,39,sin datos,0,0,false,1,2,0,NA,NA,0,NA,1,ND,NO,HOMBRE,172,-102.24017226,21.86917690
250189305,0,30446,ROBO PERSONA,MARIPOSA,1,2025-01-30,5,4,1,COLONIA,COL SAN MARCOS,145,145,CALLE,PRIMAVERA,NA,NA,"404,,,",CALLE,AMADOR ROMAN,6,20,8,23,20:08 p. m.,false,false,9,ninguna,1 HOMBRE PEPENADOR VISTE CHAMARRA Y GORRA NEGRO COMPLEXION ROBUSTA,ND,H,H,8,0,N,N,0,0,false,0,N,N,14,bicicleta,0,2000,false,1,1,0,NA,NA,0,NA,1,PARADO,NO,MENOR,173,-102.31181143,21.88253426
250192364,0,30422,ROBO PERSONA,ND,1,2025-01-31,5,5,1,FRACCIONAMIENTO,LOMAS DEL AJEDREZ,462,462,AVENIDA,DE LA TORRE,NA,NA,"135,,,",CALLE,DIAGONAL ALFIL,5,10,23,20,10:23 a. m.,false,false,9,ninguna,ND,ND,ND,H,8,0,N,N,0,0,false,0,N,N,3,celular,0,0,false,1,2,0,NA,NA,0,NA,1,ND,NO,HOMBRE,174,-102.25408021,21.84351369
250195489,0,30421,ROBO PERSONA,ND,1,2025-01-31,5,5,5,FRACCIONAMIENTO,PASEOS DE J. GOMEZ PORTUGAL,915,915,CALLE,PASEO TEPETATES,NA,NA,"301,,,",CALLE,PASEO GOMEZ PORTUGAL,7,20,6,23,20:06 p. m.,false,true,3,contusa,1 PERSONA,ND,ND,H,8,0,N,N,0,0,false,0,N,N,"12,28,29","ropa,dinero,cartera",800,900,false,1,1,0,NA,NA,0,NA,1,TRANSITANDO,NO,HOMBRE,175,-102.28994569,22.00097967
250195938,0,30421,ROBO PERSONA,ND,1,2025-01-31,5,5,5,FRACCIONAMIENTO,EL MEZQUITAL,902,902,CALLE,PLAN DE SAN LUIS,NA,NA,",,,",CALLE,ND,7,21,19,23,21:19 p. m.,false,true,1,cortante,1 HOMBRE,BRYAN SANDOVAL 22 AÑOS,H,M,5,0,N,N,0,0,false,0,N,N,3,celular,0,0,false,1,1,0,NA,NA,0,NA,1,ND,NO,MUJER,176,-102.35646731,21.96686404
250196036,0,30422,ROBO PERSONA,ND,1,2025-01-31,5,5,1,FRACCIONAMIENTO,RODOLFO LANDEROS GALLEGOS,226,226,CALLE,ALTAGRACIA REYES AVILA,NA,NA,",,,",AVENIDA,RODOLFO LANDEROS GALLEGOS,4,21,33,24,21:33 p. m.,false,false,9,ninguna,1 HOMBRE VISTE DE NEGRO,ND,H,M,8,0,N,N,0,0,false,0,MOTOCICLETA,MOTOCICLETA COLOR NEGRA,3,celular,0,0,false,1,2,0,NA,NA,0,NA,1,ND,NO,MUJER,177,-102.25520015,21.90172670
250196071,0,30421,ROBO PERSONA,ND,1,2025-01-31,5,5,11,FRACIONAMIENTO,PASEOS DE LA PROVIDENCIA,1320,1320,CALLE,PASEOS DE SAN ALEJANDRO,NA,NA,"213,,,",CALLE,PASEOS DE SAN PABLO,7,21,31,24,21:31 p. m.,false,true,1,cortante,1 HOMBRE,ND,H,H,5,0,N,N,0,0,false,0,N,N,12,ropa,0,0,false,1,1,0,NA,NA,0,NA,1,ND,NO,MENOR,178,-102.27546585,22.02290382
250196826,0,30421,ROBO PERSONA,ND,1,2025-01-31,5,5,11,RURAL,PUERTECITO DE LA VIRGEN,1333,1333,AVENIDA,CONSTITUCION,NA,NA,",,,",PROLONGACION,NIÑOS HEROES,7,23,4,24,23:04 p. m.,false,true,1,cortante,2 HOMBRES UNO VISTE CHAMARRA BLANCA EL OTRO VISTE DE NEGRO,ND,H,H,8,0,N,N,1,0,false,0,N,N,31,mochila,0,0,false,1,1,0,NA,NA,0,NA,2,PARADO,NO,HOMBRE,179,-102.27151143,21.95879934
250198256,0,30422,ROBO PERSONA,ND,2,2025-02-01,5,6,1,FRACCIONAMIENTO,JOSE GUADALUPE PERALTA GAMEZ,334,334,CALLE,MARIA DOLORES GARCIA JACOBO,NA,NA,"233,,,",CALLE,PROCERES DE LA ENSEÑANZA,4,3,44,26,03:44 a. m.,false,false,9,ninguna,2 HOMBRES UNO VISTE DE NEGRO Y EL OTRO CHAMARRA AZUL CON COLOR PLATA,ND,H,H,8,0,N,N,0,0,false,0,N,N,3,celular,0,0,false,1,1,0,NA,NA,0,NA,1,TRANSITANDO,NO,MENOR,180,-102.23672823,21.86620081
250202155,0,30421,ROBO PERSONA,ND,2,2025-02-01,5,6,1,CONDOMINIO,SAN GERARDO,391,391,AVENIDA,PASEO SAN GERARDO,NA,NA,",,,",AVENIDA,MAHATMA GNADHI,2,18,44,22,18:44 p. m.,false,true,1,cortante,1 HOMBRE,ND,H,H,8,0,N,N,0,0,false,0,CAMIONETA,CAMIONETA NISSAN FRONTIER COLOR BLANCA VIDRIOS POLRIZADOS,3,celular,0,0,false,1,1,0,NA,NA,0,NA,1,ND,NO,HOMBRE,181,-102.29215751,21.80713378
250202500,0,30421,ROBO PERSONA,ND,2,2025-02-01,5,6,1,FRACCIONAMIENTO,JOSE GUADALUPE PERALTA GAMEZ,334,334,CALLE,IGNACIO MARIN,NA,NA,",,,",CALLE,OFELIA SORIANO ESQUIVEL,4,20,7,23,20:07 p. m.,false,true,1,cortante,1 HOMBRE VISTE SUDADERA COLOR ROJO,ND,H,H,8,0,N,N,0,0,false,0,N,N,39,otros,0,1000,false,1,1,0,NA,NA,0,NA,1,TRANSITANDO,NO,HOMBRE,182,-102.23279863,21.86605929
250207149,0,30421,ROBO PERSONA,ND,2,2025-02-02,5,7,1,FRACCIONAMIENTO,"VILLA DE NUESTRA SEÑORA DE LA ASUNCION, SECTOR ENCINO",331,331,CALLE,DE LOS GALLOS,NA,NA,",,,",CALLE,DE ATOTONILCO,3,11,19,20,11:19 a. m.,false,true,8,sin datos,ND,ND,ND,H,8,0,N,N,1,0,false,0,N,N,39,sin datos,0,0,false,1,53,0,NA,NA,0,NA,1,ND,NO,HOMBRE,183,-102.26769429,21.92250490
250207896,0,30421,ROBO PERSONA,ND,2,2025-02-02,5,7,1,FRACCIONAMIENTO,CONSTITUCION,607,607,CALLE,ARTICULO 1,NA,NA,",,,",CALLE,ARTICULO 18,3,13,27,21,13:27 p. m.,false,true,3,contusa,1 HOMBRE,ND,H,H,8,0,N,N,0,0,false,0,COCHE,COCHE CHEVY COLOR NEGRO,"28,29","dinero, cartera",4500,4500,false,1,2,0,NA,NA,0,NA,1,TRANSITANDO,NO,HOMBRE,184,-102.28499449,21.93256113
250208914,0,30422,ROBO PERSONA,ND,2,2025-02-02,5,7,1,FRACCIONAMIENTO,"VILLA DE NUESTRA SEÑORA DE LA ASUNCION, SECTOR GUADALUPE",342,342,CALLE,ELIAS DE LARA,NA,NA,",,,",CALLE,JESUS HERNANDEZ DIAZ,3,16,2,22,16:02 p. m.,false,false,9,ninguna,2 HOMBRES UNO VISTE PANTALON MEZCLILLA EL OTRO PLAYERA Y CHALECO AZUL,ND,H,H,8,0,N,N,0,0,false,0,N,N,3,celular,0,0,false,1,1,0,NA,NA,0,NA,1,TRANSITANDO,NO,HOMBRE,185,-102.25261453,21.92893149
250209808,0,30422,ROBO PERSONA,ND,2,2025-02-02,5,7,1,OLONIA,OJO DE AGUA,621,621,PROVADA,SEGUNDA DELICIAS,NA,NA,",,,",AVENIDA,MARIANO ESCOBEDO,5,18,32,22,18:32 p. m.,false,false,9,ninguna,1 HOMBRE VISTE CHALECO VERDE DESLAVADO PANTALON BLANCO,ND,H,H,8,0,N,N,0,0,false,0,N,N,3,celular,0,3500,false,1,1,0,NA,NA,0,NA,1,PARADO,NO,HOMBRE,186,-102.27657391,21.86529896
250210890,0,30422,ROBO PERSONA,MARIPOSA,2,2025-02-02,5,7,1,COLONIA,ZONA CENTRO,501,501,CALLE,NIETO,NA,NA,",,,",CALLE,GENERAL VICENTE GUERRERO SUR,1,21,0,23,21:00 p. m.,false,false,9,ninguna,1 HOMBRE,ND,H,H,8,0,N,N,0,0,false,0,N,N,14,bicicleta,0,0,false,1,1,0,NA,NA,0,NA,1,PARADO,NO,HOMBRE,187,-102.29941059,21.87913964
250211608,0,30422,ROBO PERSONA,ND,2,2025-02-02,5,7,1,COLONIA,FRANCISCO GUEL JIMENEZ,612,612,AVENIDA,PASEO DE LA SOLIDARIDAD,NA,NA,",,,",CALLE,LIBRA,3,22,19,24,22:19 p. m.,false,false,9,ninguna,1 MUJER D E29 AÑOS DE EDAD VISTE JERSEY ROJOCON BLANCO SHORT MEZCLILLA,ND,M,M,3,0,N,N,0,0,false,0,N,N,3,celular,0,3000,false,1,1,0,NA,NA,0,NA,1,TRANSITANDO,NO,MUJER,188,-102.28297117,21.90214901
250212118,0,30421,ROBO PERSONA,ND,2,2025-02-02,5,7,1,FRACCIONAMIENTO,"VILLA DE NUESTRA SEÑORA DE LA ASUNCION, SECTOR GUADALUPE",342,342,CALLE,ROGELIO GALINDO DE LA TORRE,NA,NA,",,,",CALLE,ERMITA SAN SEBASTIAN,3,23,15,24,23:15 p. m.,false,true,1,cortante,2 HOMBRES UNO VISTE PANTALON NEGRO SUDADERA BLANCA GORRA AZUL EL OTRO VISTE CHAMARRA NEGRA,ND,H,H,8,0,N,N,0,0,false,0,N,N,3,celular,0,5000,false,1,1,0,NA,NA,0,NA,1,TRANSITANDO,NO,MENOR,189,-102.26096768,21.93044759
250213006,0,30421,ROBO PERSONA,ND,2,2025-02-03,6,1,1,FRACCIONAMIENTO,VISTA MONTAÑA,601R,0,CALLE,RICARDO CORPUS ALONSO,NA,NA,",,,",CALLE,CONTITUCIONALISTA,3,0,41,25,00:45 a. m.,false,true,1,cortante,3 HOMBRES,ND,H,H,8,0,N,N,0,0,false,0,COMBI,COMBI COLOR BLANCA SIN PLACAS VICRIOS POLARIZADOS,"3,28,29","celular,dinero,cartera",500,500,false,1,1,0,NA,NA,0,NA,1,TRANSITANDO,NO,HOMBRE,190,-102.25378700,21.94589378
250214315,0,30421,ROBO PERSONA,ND,2,2025-02-03,6,1,1,FRACCIONAMIENTO,VILLAS DEL RIO,416,416,CALLE,RIO CUITZEO,NA,NA,",,,",CALLE,RIO YAQUI,3,7,30,19,07:30 a. m.,false,true,3,contusa,1 HOMBRE VISTE CAMISA AMARILLA,ND,H,H,8,0,N,N,0,0,false,0,N,N,3,celular,0,0,false,23,1,3831,NA,NA,0,NA,1,TRANSITANDO,NO,HOMBRE,191,-102.24283746,21.94089236
250214388,0,30422,ROBO PERSONA,ND,2,2025-02-03,6,1,1,FRACCIONAMIENTO,LOS PERICOS,287,287,AVENIDA,POLIDUCTO,NA,NA,",,,",CALLE,SAN JUAN BAUTISTA,4,9,0,20,09:00 a. m.,false,false,9,ninguna,1 PERSONA VISTE DE NEGRO MIDE 175 APROX DE ESTATURA,ND,ND,H,8,0,N,N,0,0,false,0,N,N,3,celular,0,0,false,1,2,0,NA,NA,0,NA,1,ND,NO,HOMBRE,192,-102.24780055,21.90258169
250218206,0,30422,ROBO PERSONA,ND,2,2025-02-03,6,1,1,FRACCIONAMIENTO,PARRAS,224,224,CALLE,EMPERADOR,NA,NA,"118,,,",CALLE,VIÑEDO,3,20,47,23,20:47 p. m.,false,false,9,ninguna,1 PERSONA QUE TRAE UN CASCO AZUL,ND,H,H,8,0,N,N,0,0,false,0,MOTOCICLETA,MOTOCICLETA,3,celular,0,4000,false,1,1,0,NA,NA,0,NA,1,ND,NO,HOMBRE,193,-102.27679269,21.91179753
250202449,0,30446,ROBO PERSONA,MARIPOSA,2,2025-02-01,5,6,3,COLONIA,LOS ANGELES,808,808,CALLE,GALEANA,NA,NA,"618,,,",CALLE,ABASOLO,7,19,59,23,19:59 p. m.,false,false,9,ninguna,1 PERSONA,ND,ND,M,0,0,N,N,0,0,false,0,N,N,14,bicicleta,0,0,false,1,2,0,NA,NA,0,NA,1,PARADO,NO,MENOR,194,-102.72315703,21.84640576
250206493,0,30446,ROBO PERSONA,MARIPOSA,2,2025-02-02,5,7,1,FRACCIONAMIENTO,C.T.M.,213,213,CALLE,LIBRA,NA,NA,",,,",CALLE,ARIES,3,20,31,23,20:31 p. m.,false,false,9,ninguna,1 PERSONA DE ASPECTO INDIGENTE,ND,H,H,8,0,N,N,0,0,false,0,N,N,14,bicicleta,0,0,false,1,1,0,NA,NA,0,NA,1,PARADO,NO,HOMBRE,195,-102.28073872,21.90245374
250207451,0,30446,ROBO PERSONA,ND,2,2025-02-02,5,7,1,FRACCIONAMIENTO,SOLIDARIDAD II,193,193,CALLE,XIUHNEL,NA,NA,",,,",CALLE,AZTLAN,5,12,9,21,12:09 p. m.,false,false,9,ninguna,2 HOMBRES,ND,H,H,8,0,N,N,0,0,false,0,N,N,"29,40","cartera,tarjetas",0,0,false,1,1,0,NA,NA,0,NA,1,TRANSITANDO,NO,HOMBRE,196,-102.24380929,21.86399526
250207805,0,30446,ROBO PERSONA,ND,2,2025-02-02,5,7,1,COLONIA,SAN PABLO,242,242,CALLE,RIO PAPALOAPAN,NA,NA,"243,,,",CALLE,EJERCITO NACIONAL,6,13,15,21,13:15 p. m.,false,false,9,ninguna,ND,ND,ND,H,8,0,N,N,0,0,false,0,N,N,"12,26,28","ropa,bolso,dinero",0,0,false,1,1,0,NA,NA,0,NA,1,PARADO,NO,HOMBRE,197,-102.30039033,21.89277122
250210299,0,30446,ROBO PERSONA,MARIPOSA,2,2025-02-02,5,7,1,FRACCIONAMIENTO,SOLIDARIDAD II,193,193,AVENIDA,POLIDUCTO,NA,NA,",,,",CALLE,IXTLAHUATL,5,19,37,23,19:37 p. m.,false,false,9,ninguna,ND,ND,ND,H,8,0,N,N,0,0,false,0,N,N,14,bicicleta,0,0,false,1,1,0,NA,NA,0,NA,1,PARADO,NO,HOMBRE,198,-102.24270637,21.86539485
250216461,0,30446,ROBO PERSONA,ND,2,2025-02-03,6,1,1,FRACCIONAMIENTO,LOMAS DEL COBANO,277,277,CALLE,LIBRA,NA,NA,",,,",CALLE,LOMA CHICA,3,15,10,21,15:10 p. m.,false,false,9,ninguna,1 HOMBRE EDAD APROX 35 AÑOS VISTE PANS COLOR NEGRO PELO CORTO USA ANTEOJOS,ND,H,M,8,0,N,N,0,0,false,0,N,N,28,dinero,3000,3000,false,1,1,0,NA,NA,0,NA,2,PARADO,NO,MUJER,199,-102.27495802,21.90417028
250181004,0,50107,ROBO PERSONA,ND,1,2025-01-29,5,3,1,BARRIO,GUADALUPE,502,502,CALLE,VALENTIN GOMEZ FARIAS,NA,NA,",,,",CALLE,MESONES,1,13,24,21,13:24 p. m.,false,false,9,ninguna,1 HOMBRE,ND,H,H,8,0,N,N,0,0,false,0,N,N,3,celular,0,0,false,23,1,3822,NA,NA,0,NA,1,PARADO,NO,HOMBRE,200,-102.30022054,21.88496113
250131209,0,50107,ROBO PERSONA,ND,1,2025-01-21,4,2,1,FRACCIONAMIENTO,"VILLA DE NUESTRA SEÑORA DE LA ASUNCION, SECTOR GUADALUPE",342,342,CALLE,FERNAN GONZALEZ DE ESLAVA,NA,NA,"322,,,",CALLE,J GUADALUPE GARICA LOPEZ,3,17,7,22,17:07 p. m.,false,true,1,cortante,1 HOMBRE VISTE CAMISA Y TENIS BLANCOS PANTALON NEGRO,ND,H,H,8,0,N,N,0,0,false,0,N,N,12,ropa,0,0,false,1,1,0,NA,NA,0,NA,1,PARADO,NO,HOMBRE,201,-102.26009960,21.92912267
250196983,0,50301,ROBO PERSONA,ND,1,2025-01-31,5,5,1,FRACCIONAMIENTO,VILLA MONTAÑA,601,601,CALLE,CERRO TAITA,NA,NA,"312,C,,",CALLE,MONTE GUERRERO,3,23,35,24,23:35 p. m.,false,true,1,cortante,1 HOMBRE CONDUCTOR DE TAXI TEZ MORENO,ND,H,M,8,0,N,N,0,0,false,0,TAXI,TAXI COLOR BLANCO,"26,28,40","bolso,dinero,tarjetas",8000,8000,false,1,25,0,NA,NA,0,NA,1,TRANSITANDO,NO,MUJER,202,-102.26263416,21.94263744
250222206,0,30421,ROBO PERSONA,MARIPOSA,2,2025-02-04,6,2,1,FRACCIONAMIENTO,DEL VALLE 1A SECCION,147,147,AVENIDA,LICIENCIADO ADOLFO LOPEZ MATEOS PONIENTE,NA,NA,",,,",AVENIDA,DE LA CONVENCION DE 1914 PONIENTE,6,14,4,21,14:04 p. m.,false,false,9,ninguna,ND,ND,ND,H,0,0,N,N,0,0,false,0,N,N,14,bicicleta,0,0,false,1,2,0,NA,NA,0,NA,1,ND,NO,HOMBRE,203,-102.31209581,21.87430796
250223668,0,30421,ROBO PERSONA,ND,2,2025-02-04,6,2,1,FRACCIONAMIENTO,PILAR BLANCO,142,142,AVENIDA,PASEO DE LA ASUNCION,NA,NA,"203,,,",CALLE,DOCTOR MARIANO AZUELA,2,18,33,22,18:33 p. m.,false,true,3,contusa,HOMBRES,EL CUATE,H,H,8,0,N,N,0,0,false,0,N,N,"3,38","celular,otros",0,0,false,1,1,0,NA,NA,0,NA,1,TRANSITANDO,NO,HOMBRE,204,-102.30114354,21.85111767
250224461,0,30422,ROBO PERSONA,ND,2,2025-02-04,6,2,1,FRACCIONAMIENTO,PIRAMIDES,626,626,CALLE,NUEVO LEON,NA,NA,"315,,,",CALLE,TENOCHTITLAN,5,20,49,23,20:49 p. m.,false,false,9,ninguna,1 HOMBRE,EL DANIEL,H,H,8,0,N,N,0,0,false,0,N,N,3,celular,0,6000,false,1,1,0,NA,NA,0,NA,1,PARADO,NO,HOMBRE,205,-102.27909946,21.85700834
250224745,0,30421,ROBO PERSONA,MARIPOSA,2,2025-02-04,6,2,5,FRACCIONAMIENTO,SOLAR DE JONACATIQUE,896,896,CALLE,20 DE NOVIEMBRE,NA,NA,"420,,,",CALLE,DIEGO FLORES,7,21,37,24,21:37 p. m.,false,true,10,otras,2 PERSONAS,ND,ND,H,8,0,N,N,0,0,false,0,N,N,14,bicicleta,0,1200,false,1,1,0,NA,NA,0,NA,1,TRANSITANDO,NO,MENOR,206,-102.35130828,21.97196536
250224937,0,30421,ROBO PERSONA,ND,2,2025-02-04,6,2,5,LOCALIDAD,CORRAL DE BARRANCOS,951,951,CALLE,PROFESOR JOSE FLORES,NA,NA,",,,",AVENIDA,GUADALUPE,7,22,3,24,22:03 p. m.,false,true,1,cortante,2 PERSONAS,ND,ND,H,8,0,N,N,0,0,false,0,N,N,3,celular,0,0,false,1,1,0,NA,NA,0,NA,1,ND,NO,MENOR,207,-102.32769837,21.95112824
250224951,0,30421,ROBO PERSONA,ND,2,2025-02-04,6,2,5,CONDOMINIO,PASO DE ARGENTA,916,916,CALLE,MERCURIO,NA,NA,",,,",CALLE,VIOLETA,7,22,5,24,22:05 p. m.,false,true,3,contusa,4 HOMBRES,ND,H,H,8,0,N,N,0,0,false,0,N,N,"28,29,30","dinero,cartera,llaves",0,0,false,1,1,0,NA,NA,0,NA,1,ND,NO,HOMBRE,208,-102.28933490,21.99090364
250226161,0,30422,ROBO PERSONA,ND,2,2025-02-05,6,3,1,COLONIA,MIRAVALLE,239,239,CALLE,PEDRO GARCIA ROJAS,NA,NA,",,,",CALLE,MANUEL CARPIO,6,5,50,26,05:50 a. m.,false,false,9,ninguna,3 HOMBRES,ND,H,H,8,0,N,N,0,0,false,0,N,N,36,"celular,tecnologia",0,5000,false,1,1,0,NA,NA,0,NA,1,TRANSITANDO,NO,HOMBRE,209,-102.31053766,21.89268244
250226355,0,30421,ROBO PERSONA,ND,2,2025-02-05,6,3,1,FRACCIONAMIENTO,MIRADOR DE LAS CULTURAS II,340,340,CALLE,LOMA DE LAS CALANDRIAS,NA,NA,",,,",CALLE,CULTURA CHALCA,3,6,45,19,06:45 a. m.,false,true,1,cortante,2 HOMBRES,ND,H,H,8,0,N,N,0,0,false,0,MOTOCICLETA,MOTOCICLETA COLOR NEGRO,"3,29,31","celular,cartera,mochila",0,0,false,1,1,0,NA,NA,0,NA,1,TRANSITANDO,NO,HOMBRE,210,-102.24472703,21.91423034
250226460,0,30421,ROBO PERSONA,ND,2,2025-02-05,6,3,1,FRACCIONAMIENTO,LOMAS DE VISTABELLA II,366,366,AVENIDA,AJEDRECISTAS,NA,NA,",,,",CALLE,MEXICO LIBRE,5,8,1,19,08:01 a. m.,false,false,9,ninguna,2 HOMBRES,ND,H,H,8,0,N,N,0,0,false,0,N,N,"3,12,15,28,29","celular,ropa,joyereia,dinero,cartera",200,200,false,1,1,0,NA,NA,0,NA,1,TRANSITANDO,NO,HOMBRE,211,-102.26357513,21.84374707
250223328,0,30446,ROBO PERSONA,ND,2,2025-02-04,6,2,1,FRACCIONAMIENTO,EMILIANO ZAPATA,185,185,AVENIDA,MARIANO HIDALGO,NA,NA,"214,,,",CALLE,ANTONIO DIAZ SOTO Y GAMA,5,17,33,22,17:33 p. m.,false,false,9,ninguna,4 HOMBRES DE ASPECTO CHOLO,ND,H,M,8,0,N,N,0,0,false,0,N,N,3,celular,0,20000,false,1,1,0,NA,NA,0,NA,1,PARADO,NO,MUJER,212,-102.25604534,21.85214089
250220461,0,30414,ROBO PERSONA,ND,2,2025-02-04,6,2,1,FRACCIONAMIENTO,VALLE DEL CAMPESTRE,694,694,CALLE,MONTENEGRO,NA,NA,"805,,,",CALLE,MONTE EVEREST,6,6,30,19,06:30 a. m.,false,false,9,ninguna,ND,ND,ND,H,8,0,N,N,0,0,false,0,N,N,31,mochila,0,0,false,1,1,0,NA,NA,0,NA,1,PARADO,NO,HOMBRE,213,-102.31275386,21.92861363
250184300,0,50305,ROBO PERSONA,ND,1,2025-01-29,5,3,4,COLONIA,SANTA CRUZ,870,870,CALLE,MATAMOROS,NA,NA,",,,",CALLE,EL PIPILA,7,22,38,24,22:38 p. m.,false,true,4,fuego,2 HOMBRES ENCAPUCHADOS,ND,H,M,8,0,N,N,0,0,false,0,N,N,3,celular,0,0,false,1,2,0,NA,NA,0,NA,1,PARADO,NO,MUJER,214,-102.30275516,22.36411377
250226580,0,30421,ROBO PERSONA,ND,2,2025-02-04,6,2,1,FRACCIONAMIENTO,"VILLA DE NUESTRA SEÑORA DE LA ASUNCION, SECTOR SAN MARCOS",580,580,CALLE,FUERTE DE CIENEGA GRANDE,NA,NA,",,,",CALLE,GASPAR DE LA FUENTE,3,21,45,24,21:45 p. m.,false,true,1,cortante,2 HOMBRES,ND,H,H,8,0,N,N,0,0,false,0,MOTOCICLETA,MOTOCICLETA,3,celular,0,0,false,23,1,3835,NA,NA,0,NA,1,TRANSITANDO,NO,HOMBRE,215,-102.26237090,21.92712859
250228573,0,30422,ROBO PERSONA,ND,2,2025-02-05,6,3,1,CONDOMINIO,HACIENDA SAN MARCOS,635,635,AVENIDA,MISION DE SAN MARGARITO FLORES GARCIA,NA,NA,",,,",AVENIDA,HACIENDA SANTORAL,5,15,45,22,15:45 p. m.,false,false,9,ninguna,PERSONAS TAPADAS DE LA CARA,ND,H,M,8,0,N,N,0,0,false,0,N,N,3,celular,0,0,false,1,1,0,NA,NA,0,NA,1,TRANSITANDO,NO,MENOR,216,-102.27015099,21.80576132
250231134,250231143,30421,ROBO PERSONA,ND,2,2025-02-05,6,3,1,FRACCIONAMIENTO,JESUS TERAN PEREDO,249,249,AVENIDA,MARIANO ESCOBEDO,NA,NA,",,,",AVENIDA,DE LA CONVENCION DE 1914 SUR,5,22,34,24,22:34 p. m.,false,true,10,sin datos,ND,ND,ND,H,8,0,N,N,1,0,true,0,N,N,39,sin datos,0,0,false,1,30,0,NA,NA,0,NA,1,ND,NO,HOMBRE,217,-102.27690773,21.86864127
250231902,0,30421,ROBO PERSONA,ND,2,2025-02-06,6,4,1,FRACCIONAMIENTO,MIRADOR DE LAS CULTURAS II,340,340,CALLE,CULTURA NAZCA 206,NA,NA,"15,,,",CALLE,CULTURA NAZCA,3,2,9,25,02:09 a. m.,false,true,14,"cortante,fuego",1 HOMBRE,EL ROJO,H,M,8,0,N,N,0,0,false,0,N,N,"3,28","celular,dinero",800,3600,false,1,2,0,NA,NA,0,NA,1,TRANSITANDO,NO,MUJER,218,-102.23906216,21.90996583
250227566,0,30446,ROBO PERSONA,MARIPOSA,2,2025-02-05,6,3,1,FRACCIONAMIENTO,MORELOS I,598,598,AVENIDA,AGUASCALIENTES SUR,NA,NA,",,,",CALLE,MEXICO LIBRE,5,12,29,21,12:29 p. m.,false,false,9,ninguna,ND,ND,ND,H,8,0,N,N,0,0,false,0,N,N,14,bicicleta,0,0,false,1,1,0,NA,NA,0,NA,1,PARADO,NO,HOMBRE,219,-102.26686184,21.85976682
250176643,0,30904,ROBO PERSONA,ND,1,2025-01-28,5,2,1,COLONIA,COL SAN MARCOS,145,145,AVENIDA,DE LA CONVENCION DE 1914 PONIENTE,NA,NA,",,,",CALLE,AQUILES ELOURDUY,6,19,46,23,19:46 p. m.,true,false,9,ninguna,1 HOMBRE COMPLEXION DELGADA PALON VISTE PANTALON MEZCLILLA Y PLAYERA ROSA,ND,H,M,8,0,N,N,0,0,false,0,BICICLETA,BICICLETA,3,celular,0,0,false,1,2,0,NA,NA,0,NA,1,TRANSITANDO,NO,MUJER,220,-102.31234889,21.88051453
250234773,0,30421,ROBO PERSONA,ND,2,2025-02-06,6,4,1,FRACCIONAMIENTO,"VILLA DE NUESTRA SEÑORA DE LA ASUNCION, SECTOR SAN MARCOS",580,580,CALLE,CHICHIMECATL,NA,NA,",,,",AVENIDA,POLIDUCTO,3,15,29,21,15:29 p. m.,false,true,4,fuego,2 HOMBRES,ND,H,A,8,0,N,N,0,0,false,0,N,N,3,celular,0,0,false,1,1,0,NA,NA,0,NA,2,PARADO,NO,AMBOS,221,-102.25843405,21.92618724
250238048,0,30422,ROBO PERSONA,MARIPOSA,2,2025-02-06,6,4,1,FRACCIONAMIENTO,MIRADOR DE LAS CULTURAS II,340,340,CALLE,CULTURA NAZCA 207,NA,NA,"27,,,",CALLE,CULTURA PAME,3,22,50,24,22:50 p. m.,false,false,9,ninguna,1 HOMBRE,EL ROJO,H,H,8,0,N,N,0,0,false,0,N,N,14,bicicleta,0,0,false,1,57,0,NA,NA,0,NA,1,TRANSITANDO,NO,HOMBRE,222,-102.23827332,21.91103944
250240475,0,30421,ROBO PERSONA,ND,2,2025-02-07,6,5,1,FRACCIONAMIENTO,"VILLA DE NUESTRA SEÑORA DE LA ASUNCION, SECTOR ALAMEDA",330,330,PRIVADA,PEDRO VITAL,NA,NA,",,,",CALLE,MANUEL CHAVEZ,3,12,27,21,12:25 p. m.,false,true,1,cortante,2 HOMBRES,ND,H,H,8,0,N,N,0,0,false,0,MOTOCICLETA,MOTOCICLETA COLOR NEGRO,"12,28","ropa,dinero",500,1300,false,1,1,0,NA,NA,0,NA,1,ND,NO,HOMBRE,223,-102.26392768,21.93315513
250240702,0,30421,ROBO PERSONA,ND,2,2025-02-07,6,5,1,FRACCIONAMIENTO,MIRADOR DE LAS CULTURAS II,340,340,CALLE,CULTURA NAZCA 207,NA,NA,",,,",AVENIDA,CULTURA PAME,3,13,12,21,13:12 p. m.,false,true,4,fuego,2 HOMBRES VISTEN DE NEGRO CON CACHUCHA ROJA Y TENIS BLANCOS,ND,H,M,8,0,N,N,0,0,false,0,N,N,"26,28","bolso,dinero",500,500,false,1,2,0,NA,NA,0,NA,1,ND,NO,MUJER,224,-102.23794539,21.91114113
250251008,250251482,30422,ROBO PERSONA,ND,2,2025-02-08,6,6,5,LOCALIDAD,CORRAL DE BARRANCOS,951,951,AVENIDA,ARROYO EL MOLINO,NA,NA,",,,",BOULEVARD,LICENCIADO MIGUEL DE LA MADRID HURTADO,7,21,44,24,21:44 p. m.,true,true,3,contusa,2 HOMBRES,ND,H,M,8,0,N,N,1,0,false,0,N,N,"3,29,31","celular,cartera,mochila",0,0,false,1,1,0,NA,NA,0,NA,1,TRANSITANDO,NO,MUJER,225,-102.32755724,21.93760900
250251881,0,30421,ROBO PERSONA,ND,2,2025-02-08,6,6,1,FRACCIONAMIENTO,VISTAS DE ORIENTE,353,353,AVENIDA,SERENGUETI,NA,NA,"342,,,",CALLE,VALLARTA,4,23,19,24,23:19 p. m.,false,true,3,contusa,2 HOMBRES VESTIMENTA TIPO CHOLO UNO DE ELLOS CON CACHUCHA ROJA,ND,H,H,8,0,N,N,0,0,false,0,N,N,"3,12","celular,ropa",0,5000,false,1,1,0,NA,NA,0,NA,1,ND,NO,HOMBRE,226,-102.23534200,21.88327355
250254448,0,30421,ROBO PERSONA,ND,2,2025-02-09,6,7,1,FRACCIONAMIENTO,RODOLFO LANDEROS GALLEGOS,226,226,AVENIDA,SIGLO XXI,NA,NA,",,,",AVENIDA,RODOLFO LANDEROS GALLEGOS,3,1,45,25,01:45 a. m.,false,true,1,cortante,ND,ND,ND,H,8,0,N,N,0,0,false,0,N,N,3,celular,0,0,false,1,1,0,NA,NA,0,NA,1,ND,NO,HOMBRE,227,-102.25334726,21.89937582
250257280,0,30422,ROBO PERSONA,ND,2,2025-02-09,6,7,1,FRACCIONAMIENTO,"VILLA DE NUESTRA SEÑORA DE LA ASUNCION, SECTOR GUADALUPE",342,342,CALLE,RUPERTO SILVA,NA,NA,",,,",CALLE,CELIA MARIA MARTINEZ,3,16,12,22,16:12 p. m.,false,false,9,ninguna,1 MUJER,ND,M,M,8,1,N,N,0,0,false,0,N,N,3,celular,0,0,true,1,4,0,NA,NA,0,NA,1,TRANSITANDO,NO,MUJER,228,-102.25306357,21.93111748
250257735,0,30421,ROBO PERSONA,ND,2,2025-02-09,6,7,1,FRACCIONAMIENTO,BONA GENS,584,584,CALLE,IZTACCIHUATL,NA,NA,",,,",CALLE,MONICA,5,17,15,22,17:15 p. m.,false,true,3,contusa,5 HOMBRES DE ASPECTO CHOLO,ND,H,H,8,0,N,N,0,0,false,0,N,N,12,ropa,0,0,false,1,6,0,NA,NA,0,NA,1,ND,NO,HOMBRE,229,-102.26826539,21.87510835
250259444,0,30421,ROBO PERSONA,ND,2,2025-02-09,6,7,1,FRACCIONAMIENTO,NATURA,371,371,CIRCUITO,HUELE DE NOCHE,NA,NA,"153,,,",CALLE,JOSE E FEMAT GUTIERREZ,3,21,11,23,21:11 p. m.,false,true,1,cortante,2 HOMBRES,ND,H,H,8,0,N,N,0,0,false,0,N,N,"3,6,15,29","celular,tecnologia,joyeria,cartera",0,6000,false,1,1,0,NA,NA,0,NA,1,ND,NO,HOMBRE,230,-102.25322766,21.93467623
250260031,0,30421,ROBO PERSONA,ND,2,2025-02-09,6,7,1,FRACCIONAMIENTO,"VILLA DE NUESTRA SEÑORA DE LA ASUNCION, SECTOR GUADALUPE",342,342,AVENIDA,GERONIMO DE LA CUEVA,NA,NA,",,,",AVENIDA,POLIDUCTO,3,22,19,24,22:19 p. m.,false,true,1,cortante,ND,ND,ND,A,8,0,N,N,0,0,false,0,N,N,"3,12","celular,ropa",0,0,false,1,1,0,NA,NA,0,NA,1,ND,NO,MENOR,231,-102.26312128,21.92955927
250262616,0,30421,ROBO PERSONA,ND,2,2025-02-10,7,1,5,FRACCIONAMIENTO,ARBOLEDAS PASO BLANCO,931,931,CALLE,CIPRES,NA,NA,",,,",CALLE,MOLUCA,7,9,10,20,09:10 a. m.,false,true,1,cortante,2 HOMBRES UNO DE ELLOS VISTE UNIFORME COLOR AZUL MARINO COMPLEXION DELGADO ESTATURA BAJA TEZ MORENO,ND,H,M,8,0,N,N,0,0,false,0,N,N,3,celular,0,0,false,1,1,0,NA,NA,0,NA,1,TRANSITANDO,NO,MUJER,232,-102.30287402,21.96286667
250235002,0,30446,ROBO PERSONA,MARIPOSA,2,2025-02-06,6,4,1,CONDOMINIO HORIZONTAL,MISION ALAMEDA,348,348,AVENIDA,TECNOLOGICO,NA,NA,",,,",CALLE,BALNEARIOS,4,10,0,20,10:00 a. m.,false,false,9,ninguna,ND,ND,ND,H,8,0,N,N,0,0,false,0,N,N,14,bicicleta,0,0,false,1,1,0,NA,NA,0,NA,1,PARADO,NO,HOMBRE,233,-102.26741720,21.88269681
250236536,0,30446,ROBO PERSONA,MARIPOSA,2,2025-02-06,6,4,1,NO APLICA,VIÑEDOS DEL SUR,633,633,CALLE,EDMUNDO BAEZ,NA,NA,"531,F,,",AVENIDA,FERROCARRIL,5,19,45,23,19:45 p. m.,false,false,9,ninguna,ND,ND,ND,M,8,0,N,N,0,0,false,0,N,N,14,bicicleta,0,2500,false,1,1,0,NA,NA,0,NA,1,PARADO,NO,MUJER,234,-102.27641809,21.80660818
250236750,0,30446,ROBO PERSONA,MARIPOSA,2,2025-02-06,6,4,1,BARRIO,EL ENCINO,517,517,AVENIDA,PASEO DE LA CRUZ,NA,NA,",,,",CALLE,JOSEFA ORTIZ DE DOMINGUEZ,1,20,21,23,20:21 p. m.,false,false,9,ninguna,ND,ND,ND,H,8,0,N,N,0,0,false,0,N,N,14,bicicleta,0,0,false,1,1,0,NA,NA,0,NA,1,PARADO,NO,HOMBRE,235,-102.28897595,21.87323301
250241333,0,30446,ROBO PERSONA,DESPENSA,2,2025-02-07,6,5,1,FRACCIONAMIENTO,EL COBANO,214,214,CALLE,MADROÑO,NA,NA,"112,,,",CALLE,GUANABANA,3,14,44,21,14:44 p. m.,false,false,9,ninguna,1 HOMBRE VISTE PLAYERA NEGRA PANTALON AZUL CLARO TRAE UN CASCO NEGRO,ND,H,M,8,0,N,N,0,0,false,0,MOTOCICLETA,MOTOCICLETA TIPO CARGO COLOR NEGRO CON VERDE,3,celular,0,0,false,1,1,0,NA,NA,0,NA,1,PARADO,NO,MUJER,236,-102.28027218,21.90832559
250248560,0,30446,ROBO PERSONA,ND,2,2025-02-08,6,6,1,FRACCIONAMIENTO,JESUS GOMEZ PORTUGAL,585,585,CALLE,ANTARES,NA,NA,",,,",CALLE,PASEO DE LA CRUZ,5,15,0,21,15:00 p. m.,false,false,9,ninguna,1 HOMBRE,ND,H,M,3,0,N,N,0,0,false,0,N,N,3,celular,0,0,false,1,1,0,NA,NA,0,NA,2,PARADO,NO,MUJER,237,-102.26595457,21.87155797
250251755,0,30446,ROBO PERSONA,MARIPOSA,2,2025-02-08,6,6,6,BARRIO,CARBONERAS,1118,1118,AVENIDA,20 DE NOVIEMBRE,NA,NA,",,,",CALLE,RIO SAN PEDRO,7,23,10,24,23:10 p. m.,false,true,1,cortante,3 HOMBRES ENCAPUCHADOS,ND,H,H,8,0,N,N,0,0,false,0,N,N,14,bicicleta,0,5500,false,1,1,0,NA,NA,0,NA,1,PARADO,NO,HOMBRE,238,-102.26886045,22.14839541
250258603,0,30446,ROBO PERSONA,MARIPOSA,2,2025-02-09,6,7,11,FRACCIONAMIENTO,SAN JOSE DEL BARRANCO,1301,1301,CALLE,JUSTICIA,NA,NA,"339,,,",CALLE,SEGURIDAD PUBLICA,7,19,34,23,19:34 p. m.,false,false,9,ninguna,1 HOMBRE,ND,H,H,8,0,N,N,0,0,false,0,N,N,14,bicicleta,0,1000,false,1,1,0,NA,NA,0,NA,1,PARADO,NO,HOMBRE,239,-102.26330793,22.07027216
250251165,0,50305,ROBO PERSONA,ND,2,2025-02-08,6,6,1,BARRIO,BARRIO SAN MARCOS,85,85,CALLE,JOSE GUADALUPE POSADA MUÑOZ,NA,NA,",,,",CALLE,EMILIANO ZAPATA,1,22,1,24,22:01 p. m.,false,true,3,contusa,2 HOMBRES,ND,H,H,8,0,N,N,0,0,false,0,N,N,30,llaves,0,0,false,1,25,0,NA,NA,0,NA,1,TRANSITANDO,NO,HOMBRE,240,-102.30686816,21.88251973
250264119,0,30421,ROBO PERSONA,ND,2,2025-02-10,7,1,1,FRACCIONAMIENTO,CERRO ALTO,696,696,AVENIDA,PENSADORES MEXICANOS,NA,NA,"316,,,",CALLE,CERRO DEL JAGUEY,3,13,33,21,13:33 p. m.,false,true,1,cortante,1 HOMBRE VISTE CAMISA A CUADROS CHALECO Y PANTALON AZUL,ND,H,M,8,0,N,N,0,0,false,0,N,N,3,celular,0,0,false,1,1,0,NA,NA,0,NA,1,TRANSITANDO,NO,MUJER,241,-102.25829338,21.91585731
250265495,0,30421,ROBO PERSONA,ND,2,2025-02-10,7,1,1,FRACCIONAMIENTO,RODOLFO LANDEROS GALLEGOS,226,226,CALLE,ESTHELA ALDANA,NA,NA,"628,,,",CALLE,PAZ ROMO DEL VIVAR,3,18,4,22,18:04 p. m.,false,true,3,contusa,ND,ND,ND,H,8,0,N,N,1,0,false,0,N,N,3,celular,0,0,false,1,57,0,NA,NA,0,NA,1,ND,NO,MENOR,242,-102.25274468,21.90336409
250266294,0,30422,ROBO PERSONA,ND,2,2025-02-10,7,1,1,COLONIA,J. REFUGIO ESPARZA REYES,206,206,AVENIDA,SIGLO XXI,NA,NA,",,,",CALLE,SIERRA DE TEPEHUANES,3,19,51,23,19:51 p. m.,false,false,9,ninguna,1 HOMBRE VISTE CAHAMARRA BLANCA Y PANTALON MEZCLILLA,ND,H,M,8,0,N,N,0,0,false,0,N,N,3,celular,0,9000,true,1,10,0,NA,NA,0,NA,1,TRANSITANDO,NO,MUJER,243,-102.25831514,21.90877913
250268411,0,30421,ROBO PERSONA,MARIPOSA,2,2025-02-11,7,2,1,FRACCIONAMIENTO,PERIODISTAS,204,204,AVENIDA,DEL REY,NA,NA,",,,",CALLE,AMALAI GOMEZ ZEPEDA,5,2,14,25,02:14 a. m.,false,true,10,otras,2 HOMBRES UNO VISTE PALYERA BLANCA TATUADO DE LA CARA EL OTRO VISTE CHAMARRA AZUL,ND,H,H,8,0,N,N,0,0,false,0,N,N,14,bicicleta,0,700,false,1,1,0,NA,NA,0,NA,1,TRANSITANDO,NO,HOMBRE,244,-102.24967534,21.85179588
250264101,0,503005,ROBO PERSONA,ND,2,2025-02-10,7,1,1,FRACCIONAMIENTO,LA ESTANCIA,162,162,CALLE,PABLO GARCIA,NA,NA,",,,",CALLE,CANARIO,2,27,0,27,sin datos,false,false,9,ninguna,1 HOMBRE,ND,H,M,8,0,N,N,0,0,false,0,N,N,"26,30","bolso,llaves",0,0,false,1,13,0,NA,NA,0,NA,1,ND,NO,MUJER,245,-102.29910254,21.84171587
250264656,0,30446,ROBO PERSONA,MARIPOSA,2,2025-02-10,7,1,11,COLONIA,MACARIO J. GOMEZ,1334,1334,CALLE,FRANCISCO PONCE,NA,NA,",,,",CALLE,LOS BOSQUES,7,14,57,21,14:57 p. m.,false,false,9,ninguna,ND,ND,ND,M,8,0,N,N,0,0,false,0,N,N,14,bicicleta,0,2500,false,1,13,0,NA,NA,0,NA,1,PARADO,NO,MUJER,246,-102.25256107,21.97781928
250266151,0,30446,ROBO PERSONA,MARIPOSA,2,2025-02-10,7,1,1,FRACCIONAMIENTO,OJOCALIENTE III,191,191,CALLE,CAÑADA GRNADE,NA,NA,",,,",CALLE,ESTACION CAÑADA,4,19,35,23,19:35 p. m.,false,true,1,cortante,1 HOMBRE VISTE CAMISA BLANCA CON CUADROS Y PANTALON AZUL,ND,H,H,8,0,N,N,0,0,false,0,N,N,14,bicicleta,0,0,false,1,2,0,NA,NA,0,NA,1,PARADO,NO,HOMBRE,247,-102.24707234,21.88126244
250267563,0,30446,ROBO PERSONA,MARIPOSA,2,2025-02-10,7,1,1,FRACCIONAMIENTO,BULEVARES 1A SECCION,157,157,CALLE,ARQUIMIDES CABALLERO,NA,NA,",,,",AVENIDA,AGUASCALIENTES SUR,2,22,51,24,22:51 p. m.,false,false,9,ninguna,ND,ND,ND,H,8,0,N,N,0,0,false,0,N,N,14,bicicleta,0,0,false,1,1,0,NA,NA,0,NA,1,PARADO,NO,HOMBRE,248,-102.30269493,21.85934372
250218696,0,30904,ROBO PERSONA,ND,2,2025-02-03,6,1,1,FRACCIONAMIENTO,PASEO DE LOS CACTUS,410,410,CALLE,ELOISA BARBOSA CHAVEZ,NA,NA,",,,",CALLE,FRAILEA,4,21,41,24,21:41 p. m.,false,false,9,ninguna,1 HOMBRE COMPLEXION DELGADA ESTATURA MEDIA VISTE SUDADERA NEGRA CON EL GORRO PUESTO PANTALON MEZCLILLA,ND,H,M,8,0,N,N,0,0,false,0,N,N,39,sin datos,0,0,false,1,2,0,NA,NA,0,NA,1,TRANSITANDO,NO,MUJER,249,-102.23417393,21.87554180
250255813,0,31102,ROBO PERSONA,ND,2,2025-02-09,6,7,1,FRACCIONAMIENTO,"VILLA DE NUESTRA SEÑORA DE LA ASUNCION, SECTOR GUADALUPE",342,342,CALLE,CELIA MARIA MARTINEZ,NA,NA,",,,",CALLE,TEOFILO ROMO LOPEZ,3,12,8,21,12:08 p. m.,false,false,9,ninguna,1 HOMBRE VISTE CAMISETA BLANCA Y OANTALON MEZCLILLA,EL GREÑAS,H,ND,8,1,N,N,0,0,false,0,N,N,39,sin datos,0,0,false,1,4,0,NA,NA,0,NA,1,ND,NO,SIN DATOS,250,-102.25418491,21.93168222
250240420,0,30904,ROBO PERSONA,ND,2,2025-02-07,6,5,1,FRACCIONAMIENTO,PILAR BLANCO,142,142,CALLE,CANARIO,NA,NA,",,,",ANDADOR,GAVIOTAS,2,11,22,20,11:22 a. m.,false,false,9,ninguna,ND,ND,ND,H,8,0,N,N,0,0,false,0,N,N,26,bolso,0,0,false,1,1,0,NA,NA,0,NA,1,PARADO,NO,HOMBRE,251,-102.29979243,21.84779655
250238185,0,30904,ROBO PERSONA,ND,2,2025-02-06,6,4,1,COLONIA,ZONA CENTRO,501,501,CALLE,GENERAL ALVARO OBREGON,NA,NA,",,,",CALLE,GRECIA,1,18,30,22,18:30 p. m.,false,false,9,ninguna,1 HOMBRE,ND,H,M,8,0,N,N,0,0,false,0,N,N,3,celular,0,0,false,1,1,0,NA,NA,0,NA,1,PARADO,NO,MUJER,252,-102.29084137,21.88837904
250272359,0,30421,ROBO PERSONA,ND,2,2025-02-11,7,2,5,FRACCIONAMIENTO,PASEOS DE LAS HACIENDAS,1030,1030,CALLE,PASEOS DE LA HIGUERA,NA,NA,",,,",CALLE,PASEOS DEL CHECHEN,7,19,20,23,19:20 p. m.,false,true,1,cortante,1 HOMBRE ESTATURA BAJA EDAD APROX 20 AÑOS VISTE SUDADERA AZUL,ND,H,H,8,0,N,N,0,0,false,0,N,N,3,celular,0,0,false,1,1,0,NA,NA,0,NA,1,ND,NO,MENOR,253,-102.34097120,21.99622594
250273946,0,30421,ROBO PERSONA,ND,2,2025-02-11,7,2,1,FRACCIONAMIENTO,JARDINES DE LA CONVENCION 1A SECCION,497,497,AVENIDA,MARIANO ESCOBEDO,NA,NA,",,,",AVENIDA,DE LA CONVENCION DE 1914 SUR,5,23,7,24,23:07 p. m.,false,true,1,cortante,2 HOMBRES UNO VISTE SUDADERA AMARILLA EL OTRO SUDADERA NEGRA CON GORRA AZUL,ND,H,H,8,0,N,N,0,0,false,0,N,N,28,dinero,600,600,false,1,2,0,NA,NA,0,NA,1,TRANSITANDO,NO,HOMBRE,254,-102.27681437,21.86802315
250279422,0,30421,ROBO PERSONA,ND,2,2025-02-12,7,3,1,FRACCIONAMIENTO,"VILLA DE NUESTRA SEÑORA DE LA ASUNCION, SECTOR GUADALUPE",342,342,CALLE,ERMITA SAN SEBASTIAN,NA,NA,",,,",AVENIDA,JOSE DE JESUS GONZALEZ GARCIA,3,21,48,24,21:48 p. m.,false,true,2,punzante,2 HOMBRES UNO VISTE CHAMARRA CAFE Y CACHUCHA ROJA,ND,H,H,8,0,N,N,0,0,false,0,N,N,3,celular,0,0,false,1,1,0,NA,NA,0,NA,1,ND,NO,HOMBRE,255,-102.26023390,21.93126241
250278398,0,30446,ROBO PERSONA,MARIPOSA,2,2025-02-12,7,3,1,COLONIA,CURTIDORES,668,668,CALLE,DELFINO ARAUJO,NA,NA,"110,,,",PROLONGACION,PASEO DEL RIO,6,18,51,22,18:51 p. m.,false,false,9,ninguna,1 HOMBRE VISTE SUDADERA,ND,H,H,8,0,N,N,0,0,false,0,N,N,14,bicicleta,0,3800,false,1,1,0,NA,NA,0,NA,1,PARADO,NO,MENOR,256,-102.32152640,21.88758056
250285477,0,30421,ROBO PERSONA,ND,2,2025-02-13,7,4,1,FRACCIONAMIENTO,INSURGENTES,161,161,CALLE,ND,NA,NA,",,,",AVENIDA,ND,2,20,56,23,20:56 p. m.,false,true,1,cortante,4 HOMBRES EDAD APROX 20 AÑOS,ND,H,H,8,0,N,N,0,0,false,0,N,N,3,celular,0,0,false,1,1,0,NA,NA,0,NA,1,TRANSITANDO,NO,HOMBRE,257,-102.31680204,21.84887344
250286072,0,30421,ROBO PERSONA,ND,2,2025-02-13,7,4,1,FRACCIONAMIENTO,BENITO PALOMINO DENA,220,220,CALLE,LICENCIADO FRANCISCO RAMIREZ MARTINEZ,NA,NA,",,,",BOULEVARD,GUADALUPANO,3,22,45,24,22:45 p. m.,false,true,1,cortante,1 HOMBRE,ND,H,H,8,0,N,N,0,0,false,0,N,N,3,celular,0,0,false,1,1,0,NA,NA,0,NA,1,TRANSITANDO,NO,MENOR,258,-102.24717165,21.91528400
250286497,0,30421,ROBO PERSONA,ND,2,2025-02-14,7,5,1,FRACCIONAMIENTO,MORELOS II,188,188,CALLE,MEXICO LIBRE,NA,NA,",,,",CALLE,CARLOS M BUSTAMANTE,5,0,8,25,00:08 a. m.,false,true,1,cortante,1 HOMBRE VISTE CHAMARRA AZUL MARINO,ND,H,H,8,0,N,N,1,0,false,0,N,N,39,sin datos,0,0,false,1,1,0,NA,NA,0,NA,1,TRANSITANDO,NO,HOMBRE,259,-102.26480283,21.85132400
250283009,0,30446,ROBO PERSONA,ND,2,2025-02-13,7,4,1,FRACCIONAMIENTO,"VILLA DE NUESTRA SEÑORA DE LA ASUNCION, SECTOR GUADALUPE",342,342,AVENIDA,JOSE DE JESUS GONZALEZ GARCIA,NA,NA,"1566,,,",CALLE,ADALBERTO SANTACRUZ DE SANTIAGO,3,14,51,21,14:51 p. m.,false,false,9,ninguna,ND,ND,ND,M,8,0,N,N,0,0,false,0,N,N,29,cartera,0,0,false,1,1,0,NA,NA,0,NA,1,PARADO,NO,MUJER,260,-102.25364053,21.92957121
250288436,0,30421,ROBO PERSONA,ND,2,2025-02-14,7,5,1,CONDOMINIO,SAN GERARDO,391,391,AVENIDA,PASEO BENEDICTO XVI,NA,NA,",,,",AVENIDA,PASEO DE LA ASUNCION,2,11,41,20,11:41 a. m.,false,false,9,ninguna,3 HOMBRES,ND,H,H,8,0,N,N,0,0,false,0,N,N,39,sin datos,0,0,false,1,2,0,NA,NA,0,NA,1,ND,NO,HOMBRE,261,-102.29902063,21.80917194
250292046,0,30421,ROBO PERSONA,ND,2,2025-02-14,7,5,1,FRACCIONAMIENTO,CASASOLIDA,168,168,CALLE,CERRO MONTE ALTO,NA,NA,"130,,,",CALLE,CERRO TLALOC,2,21,3,23,21:03 p. m.,false,true,1,cortante,2 HOMBRES UNO VISTE DE NEGRO Y EL OTRO CAMISA A CUADROS Y PANTELON DE MEZCLILLA,ND,H,H,8,0,N,N,0,0,false,0,MOTOCICLETA,MOTOCICLETA COLOR NEGRO,12,ropa,0,0,false,1,6,0,NA,NA,0,NA,1,ND,NO,HOMBRE,262,-102.29672233,21.83271147
250294450,0,30421,ROBO PERSONA,ND,2,2025-02-15,7,6,3,COLONIA,LIBERAL,785,785,CALLE,JUAN ALVAREZ,NA,NA,",,,",CALLE,JUAN ALVAREZ,7,5,52,26,05:52 a. m.,false,true,4,fuego,1 HOMBRE ESTATURA BAJA,ND,H,H,8,0,N,N,0,0,false,0,N,N,"28,29,40","dinero,cartera,tarjetas",2000,2000,false,1,1,0,NA,NA,0,NA,1,ND,NO,MUJER,263,-102.71910779,21.84326625
250295814,0,30421,ROBO PERSONA,ND,2,2025-02-15,7,6,1,FRACCIONAMIENTO,MUNICIPIO LIBRE,223,223,CALLE,PROSPERIDAD,NA,NA,",,,",CALLE,PILARES,4,12,41,21,12:41 p. m.,false,true,3,contusa,1 HOMBRE VISTE PANTALON NEGRO,ND,H,H,8,0,N,N,1,0,false,0,N,N,3,celular,0,0,false,1,57,0,NA,NA,0,NA,1,ND,NO,HOMBRE,264,-102.25273755,21.89629553
250297180,0,30421,ROBO PERSONA,ND,2,2025-02-15,7,5,1,FRACCIONAMIENTO,"VILLA DE NUESTRA SEÑORA DE LA ASUNCION, SECTOR ESTACION",354,354,CALLE,FEDERICO MENDEZ,NA,NA,"114,,,",CALLE,DOMINGO VELASCO,3,16,49,22,16:49 p. m.,false,true,13,"cortante,contusa",3 HOMBRES UNO VISTE CAMISETA BLANCA DE TIRANTES PANTALON AZUL,ND,H,H,8,0,N,N,0,0,false,0,N,N,"3,27,31","celular,documentos,mochila",0,10500,true,1,10,0,NA,NA,0,NA,1,ND,NO,HOMBRE,265,-102.25991979,21.93741201
250299748,0,30421,ROBO PERSONA,ND,2,2025-02-15,7,6,1,COLONIA,OJO DE AGUA,621,621,PRIVADA,DELICIAS,NA,NA,"615,,,",AVENIDA,MARIANO HIDALGO,5,22,30,24,22:30 p. m.,false,true,1,cortante,1 HOMBRE VISTE CHALECO COLOR GRIS COMPLEXION DELGADA,ND,H,H,8,0,N,N,0,0,false,0,N,N,"3,6,28","celular,tecnologia,dinero",500,500,false,1,1,0,NA,NA,0,NA,1,ND,NO,HOMBRE,266,-102.27732193,21.86608852
250300403,0,30421,ROBO PERSONA,ND,2,2025-02-15,7,6,5,FRACCIONAMIENTO,LA TROJE,898,898,CALLE,CONSTITUCION,NA,NA,",,,",CALLE,PASTIZAL,7,23,54,24,23:54 p. m.,false,true,12,"cortante,punzante",2 HOMBRES UNO VISTE SUDADERA ROJA Y AMBOS TAPADOS DE LA CARA,ND,H,M,8,0,N,N,0,0,false,0,BICICLETA,BICICLETA RODADA 28,"28,29,40","dinero,cartera,tanrjeta",80,80,false,1,1,0,NA,NA,0,NA,1,TRANSITANDO,NO,MENOR,267,-102.35069830,21.97007905
250301960,0,30421,ROBO PERSONA,ND,2,2025-02-16,7,7,1,FRACCIONAMIENTO,VILLA MONTAÑA,601,601,CALLE,CERRO TRONADOR,NA,NA,"117,,,",CALLE,CONSTITUCIONALISTA,3,2,45,25,02:45 a. m.,false,true,14,"cortante,fuego",1 HOMBRE,ND,H,H,8,0,N,N,0,0,false,0,N,N,"3,28","celular,dinero",0,0,false,1,1,0,NA,NA,0,NA,1,PARADO,NO,HOMBRE,268,-102.25895060,21.94279019
250302009,250302010,30421,ROBO PERSONA,ND,2,2025-02-16,7,7,1,FRACCIONAMIENTO,VILLA MONTAÑA,601,601,CALLE,CERRO LIRIMA,NA,NA,",,,",CALLE,CONSTITUCUONALISTA,3,3,32,26,03:32 a. m.,false,true,3,contusa,4 HOMBRES 2 MUJERES,ND,A,H,8,6,N,N,0,0,false,0,COMBI,COMBI COLOR BLANCO VODRIOS POLARIZADOS,3,celular,0,15000,false,1,1,0,NA,NA,0,NA,1,TRANSITANDO,NO,HOMBRE,269,-102.25478226,21.94548352
250303303,0,30421,ROBO PERSONA,ND,2,2025-02-16,7,7,5,COLONIA,LA CARDONA,944,944,CALLE,LA CARDONA,NA,NA,"115,,,",AVENIDA,SAN MIGUEL,7,8,56,19,08:56 a. m.,false,true,1,cortante,"1 HOMBRE TEZ MORENO, ESTATUA ALTO EDAD APROX 40 AÑOS CARA CUBIERTA CON UNA TELA COLOR GRIS",ND,H,H,8,0,N,N,0,0,false,0,N,N,"28,29,31,40","dinero,cartera,mochila,tarjetas",2000,2000,false,1,1,0,NA,NA,0,NA,1,TRANSITANDO,NO,HOMBRE,270,-102.33005417,21.95975792
250305382,0,30421,ROBO PERSONA,ND,2,2025-02-16,7,7,1,FRACCIONAMIENTO,PERIODISTAS,204,204,CALLE,CARMEN SERDAN,NA,NA,"216,,,",CALLE,ROTATIVAS,5,15,28,21,15:28 p. m.,false,true,1,cortante,3 HOMBRES UNO VISTE DEMORADO CON PANTALON BLANCO OTRO CON PASAMONTAÑA NEGRO Y PLAYERA NARANJA,ND,H,H,8,0,N,N,0,0,false,0,MOTOCICLETA,MOTOCICLETA 250 COLOR NEGRO,3,celular,0,0,false,1,1,0,NA,NA,0,NA,1,ND,NO,HOMBRE,271,-102.24667168,21.85062243
250305738,0,30421,ROBO PERSONA,ND,2,2025-02-16,7,7,5,FRACCIONAMIENTO,PLAN BENITO JUAREZ,1048,1048,CALLE,GIRASOL,NA,NA,"110,,,",CALLE,PLAN DE ALLENDE,7,16,15,22,16:15 p. m.,false,true,3,contusa,2 HOMBRES,ND,H,H,8,0,N,N,0,0,false,0,N,N,36,"celular,tecnologia",0,5300,false,1,2,0,NA,NA,0,NA,1,ND,NO,HOMBRE,272,-102.35831969,21.96623193
250306144,0,30422,ROBO PERSONA,ND,2,2025-02-16,7,7,1,FRACCIONAMIENTO,RODOLFO LANDEROS GALLEGOS,226,226,CALLE,JUEGOS FLORALES,NA,NA,"105,,,",CALLE,MARTHA MANJARREZ PIMENTEL,4,17,14,22,17:14 p. m.,false,false,9,ninguna,2 HOMBRES,ND,H,H,8,0,N,N,0,0,false,0,N,N,28,dinero,500,500,false,1,2,0,NA,NA,0,NA,1,ND,NO,HOMBRE,273,-102.24846106,21.90193986
250308971,0,30421,ROBO PERSONA,ND,2,2025-02-17,8,1,1,FRACCIONAMIENTO,LOS PIRULES,101,101,AVENIDA,AGUASCALIENTES PONIENTE,NA,NA,",,,",CALLE,ND,2,22,41,24,22:41 p. m.,false,true,1,cortante,2 HOMBRES,ND,H,H,8,0,N,N,0,0,false,0,N,N,"3,28,29,40","celular,dinero,cartera,tarjetas",300,300,false,1,1,0,NA,NA,0,NA,1,ND,NO,HOMBRE,274,-102.31847184,21.86945965
250309964,0,30422,ROBO PERSONA,ND,2,2025-02-17,8,1,1,FRACCIONAMIENTO,VILLAS DEL CAMPESTRE,105,105,BPULEVARD,MANUEL J CLOUTHIER,NA,NA,",,,",CALLE,MONTE PILATUS,6,3,37,26,03:37 a. m.,false,false,9,ninguna,ND,ND,ND,H,8,0,N,N,0,0,false,0,N,N,39,sin datos,0,0,false,1,2,0,NA,NA,0,NA,1,ND,NO,HOMBRE,275,-102.31913991,21.92775195
250309984,0,30421,ROBO PERSONA,ND,2,2025-02-17,8,1,1,FRACCIONAMIENTO,MUNICIPIO LIBRE,223,223,AVENIDA,SIGLO XXI,NA,NA,",,,",CALLE,ESFUERZO NACIONAL,4,3,50,26,03:50 a. m.,false,true,3,contusa,1 HOMBRE VISTE SUDADERA COLOR AZUL,ND,H,H,8,0,N,N,0,0,false,0,N,N,"3,29,40","celular,cartera,tarjetas",0,0,false,1,1,0,NA,NA,0,NA,1,ND,NO,HOMBRE,276,-102.25340763,21.89378066
250310404,0,30421,ROBO PERSONA,ND,2,2025-02-17,8,1,5,FRACCIONAMIENTO,VALLE DE MARGARITAS,918,918,CALLE,CLAVEL,NA,NA,",,,",CALLE,ROSA,7,7,26,19,07:26 a. m.,true,true,3,contusa,1 MUJER,ND,M,M,8,0,N,N,0,0,false,0,N,N,39,sin datos,0,0,false,1,13,0,NA,NA,0,NA,1,PARADO,NO,MUJER,277,-102.29041944,21.99079114
250310563,0,30422,ROBO PERSONA,ND,2,2025-02-17,8,1,1,FRACCIONAMIENTO,LOS PERICOS,287,287,CALLE,SANTA ANITA,NA,NA,"215,,,",CALLE,SAN FEDERICO,3,8,1,19,08:01 a. m.,false,false,9,ninguna,1 HOMBRE,PEDRO GONZALEZ,H,H,8,1,N,N,0,0,false,0,N,N,3,celular,0,0,false,1,4,0,NA,NA,0,NA,1,ND,NO,MENOR,278,-102.24744265,21.90643302
250311299,0,30422,ROBO PERSONA,ND,2,2025-02-17,8,1,1,FRACCIONAMIENTO,RODOLFO LANDEROS GALLEGOS,226,226,CALLE,JUAN S GARRIDO,NA,NA,"318,,,",CALLE,ALTAGRACIA REYES AVILA,4,11,11,20,11:11 a. m.,false,false,9,ninguna,1 HOMBRE VISTE SUDADERA NEGRA CON CASCO COLOR NEGRO,ND,H,M,8,0,N,N,0,0,false,0,MOTOCICLETA,MOTOCICLETA ITALIKA DE LA LINEA Z COLOR ROJO CON NEGRO,3,celular,0,0,false,1,1,0,NA,NA,0,NA,1,PARADO,NO,MUJER,279,-102.25547596,21.90109013
250312635,0,30422,ROBO PERSONA,ND,2,2025-02-17,8,1,1,FRACCIONAMIENTO,INSURGENTES,161,161,CALLE,GENERAL MATEO ALMANZA,NA,NA,",,,",CALLE,GENERAL LUIS MOYA,2,15,4,21,15:04 p. m.,false,false,9,ninguna,2 MENORES DE 8 AÑOS APROX,ND,H,H,8,0,N,N,0,0,false,0,N,N,3,celular,0,0,true,1,10,0,NA,NA,0,NA,1,PARADO,NO,HOMBRE,280,-102.31083486,21.84856593
250313216,0,30422,ROBO PERSONA,MARIPOSA,2,2025-02-17,8,1,1,UNIDAD HABITACIONAL,IV CENTENARIO,618,618,RETORNO,DE LOS PENSADORES,NA,NA,",,,",AVENIDA,FERROCARRIL,5,16,36,22,16:36 p. m.,false,false,9,ninguna,1 HOMBRE,EL SHOWER,H,H,8,0,N,N,0,0,false,0,N,N,14,bicicleta,0,0,false,1,1,0,NA,NA,0,NA,1,PARADO,NO,HOMBRE,281,-102.27816402,21.87036274
250314800,0,30422,ROBO PERSONA,ND,2,2025-02-17,8,1,1,FRACCIONAMIENTO,JESUS GOMEZ PORTUGAL,585,585,CALLE,CAN MAYOR,NA,NA,",,,",CALLE,ARGO,5,20,25,23,20:25 p. m.,false,false,9,ninguna,1 HOMBRE VISTE DE NEGRO Y TRAE UN CASCO NEGRO,ND,H,H,8,0,N,N,0,0,false,0,MOTOCICLETA,MOTOCICLETA COLOR NEGRO,3,celular,0,0,false,1,2,0,NA,NA,0,NA,1,ND,NO,HOMBRE,282,-102.26747051,21.87080919
250314846,0,30421,ROBO PERSONA,ND,2,2025-02-17,8,1,1,COMUNIDAD,EL ROCIO,329,329,AVENIDA,AGUASCALIENTES A NORIAS DE OJOCALIENTE,NA,NA,",,,",CALLE,BRISA,4,20,20,23,20:20 p. m.,false,true,3,contusa,2 HOMBRES,ND,H,H,8,0,N,N,0,0,false,0,N,N,3,celular,0,0,false,1,1,0,NA,NA,0,NA,1,ND,NO,MENOR,283,-102.23789786,21.87742588
250314990,0,30421,ROBO PERSONA,ND,2,2025-02-17,8,1,1,FRACCIONAMIENTO,MUNICIPIO LIBRE,223,223,CALLE,OBREROS,NA,NA,",,,",CALLE,PRESIDENTES,4,20,24,23,20:24 p. m.,false,false,9,ninguna,3 HOMBRES UNO VISTE CHAMARRA ROJA,ND,H,H,8,0,N,N,0,0,false,0,MOTOCICLETA,MOTOCICLETA COLOR ORJO CON NEGRO,3,celular,0,0,false,1,1,0,NA,NA,0,NA,1,ND,NO,HOMBRE,284,-102.26213701,21.89426938
250315419,0,30422,ROBO PERSONA,ND,2,2025-02-17,8,1,1,FRACCIONAMIENTO,VILLA DE LA LOMA,336,336,CALLE,LOMA DEL CARDENAL,NA,NA,",,,",CALLE,LOMA DEL VENADO,3,21,51,24,21:51 p. m.,false,false,9,ninguna,1 HOMBRE VISTE DE NEGRO Y TRAE CASCO NEGRO,ND,H,H,8,0,N,N,0,0,false,0,MOTOCICLETA,MOTOCICLETA,3,celular,0,9000,false,1,1,0,NA,NA,0,NA,1,TRANSITANDO,NO,HOMBRE,285,-102.24661413,21.91312391
250318494,0,30421,ROBO PERSONA,ND,2,2025-02-18,8,2,5,CONDOMINIO,VIÑA ANTIGUA,995,995,CALLE,VIÑA ANTIGUA,NA,NA,",,,",CALLE,ND,7,12,42,21,12:42 p. m.,false,true,3,contusa,1 HOMBRE VISTE PLAYERA COLOR GRIS PANTALON MEZCLILLA USA BARBA TEZ MORENO ESTATURA ALTO COMPLEXION DELGADA,FELIPE DE JESUS DE LUNA HERNANDEZ ALIAS FELIPIN DE 29 AÑOS DE EDAD DOMICILIO TEPETATES,H,H,3,0,N,N,0,0,false,0,N,N,"3,28,29,38,40","celular,dinero,cartera,otros,tarjetas",500,11500,false,1,1,0,NA,NA,0,NA,1,TRANSITANDO,NO,MUJER,286,-102.31245781,21.95136125
250288796,0,30446,ROBO PERSONA,MARIPOSA,2,2025-02-14,7,5,1,COLONIA,OLIVARES SANTANA,649,649,CALLE,BENJAMIN DE LA MORA,NA,NA,"501,,,",CALLE,MIGUEL RUELAS,6,12,53,21,12.53,false,false,9,ninguna,1 HOMBRE VISTE CHALECO COLOR CAFE Y PANTALON BEIGE,ND,H,M,8,0,N,N,0,0,false,0,N,N,14,bicicleta,0,0,false,1,1,0,NA,NA,0,NA,1,PARADO,NO,MUJER,287,-102.31461941,21.89238474
250289443,0,30446,ROBO PERSONA,MARIPOSA,2,2025-02-14,7,5,1,FRACCIONAMIENTO,CIRCUNVALACION NORTE,243,243,AVENIDA,CIRCUNVALACION NORTE,NA,NA,",,,",CALLE,PALMA,6,14,29,21,14:29 p. m.,false,false,9,ninguna,1 HOMBRE VESTIDO DE NEGRO,ND,H,H,8,0,N,N,0,0,false,0,N,N,14,bicicleta,0,8000,false,1,1,0,NA,NA,0,NA,1,PARADO,NO,HOMBRE,288,-102.29964652,21.89876431
250295754,0,30446,ROBO PERSONA,ND,2,2025-02-15,7,6,1,FRACCIONAMIENTO,RODOLFO LANDEROS GALLEGOS,226,226,CALLE,PAULA DE JESUS JIMENEZ YAÑEZ,NA,NA,",,,",CALLE,ESTHELA ALDANA,3,12,30,21,12:30 p. m.,false,false,9,ninguna,ND,ND,ND,M,8,0,N,N,0,0,false,0,N,N,"26,28","bolso,dinero",5000,5000,false,1,1,0,NA,NA,0,NA,1,PARADO,NO,MUJER,289,-102.25345743,21.90471553
250296116,0,30446,ROBO PERSONA,MARIPOSA,2,2025-02-15,7,6,9,SIN TIPO,SAN ANTONIO,1237,1237,CALLE,JOSE MARIA MORELOS,NA,NA,",,,",CALLE,16 DE SEPTIEMBRE,7,13,40,21,13:40 p. m.,false,false,9,ninguna,ND,ND,ND,H,8,0,N,N,0,0,false,0,N,N,14,bicicleta,0,13000,false,1,1,0,NA,NA,0,NA,1,PARADO,NO,HOMBRE,290,-102.24957200,22.23114000
250296321,0,30446,ROBO PERSONA,ND,2,2025-02-14,7,5,1,COLONIA,EL LLANITO,251,251,CALLE,18 DE JULIO,NA,NA,"424,,,",CALLE,PODER LEGISLATIVO SUR,1,27,0,27,sin datos,false,false,9,ninguna,1 HOMBRE,EL CHACA,H,H,8,0,N,N,0,0,false,0,N,N,3,celular,0,0,false,1,1,0,NA,NA,0,NA,1,PARADO,NO,HOMBRE,291,-102.28399090,21.87797246
250296857,0,30446,ROBO PERSONA,ND,2,2025-02-15,7,6,1,FRACCIONAMIENTO,PERIODISTAS,204,204,AVENIDA,DEL REY,NA,NA,",,,",CALLE,AMALIA GOMEZ ZEPEDA,5,15,52,22,15:52 p. m.,false,false,9,ninguna,1 HOMBRE TATUADO DE UN BRAXO EDAD APROX 21 AÑOS,ND,H,M,8,0,N,N,0,0,false,0,N,N,3,celular,0,0,false,1,1,0,NA,NA,0,NA,1,PARADO,NO,MUJER,292,-102.25043809,21.85171844
250303421,0,30446,ROBO PERSONA,MARIPOSA,2,2025-02-16,7,7,1,COLONIA,BUENOS AIRES,235,235,CALLE,OCEANIA,NA,NA,",,,",CALLE,PROFESOR FRANCISCO B MARTINEZ,6,9,44,20,9.44,false,false,9,ninguna,1 HOMBRE VISTE CAMISA ROJA GORRA NEGRA,ND,ND,H,0,0,N,N,0,0,false,0,N,N,14,bicicleta,0,0,false,1,1,0,NA,NA,0,NA,1,PARADO,NO,HOMBRE,293,-102.30692163,21.89579694
250303982,0,30446,ROBO PERSONA,ND,2,2025-02-16,7,7,1,FRACCIONAMIENTO,RODOLFO LANDEROS GALLEGOS,226,226,AVENIDA,OJOCALIENTE,NA,NA,",,,",AVENIDA,EODOLFO LANDEROS GALLEGOS,4,11,46,20,11:46 a. m.,false,false,9,ninguna,1 MUJER COMPLEXION ROBUSTA TEZ MORENA CON TATUAJES EN EL CUELLO,ND,ND,M,8,0,N,N,0,0,false,0,N,N,"3,26,28,29,40","celular,bolso,dinero,cartera,tarjetas",0,13000,false,1,1,0,NA,NA,0,NA,1,PARADO,NO,MUJER,294,-102.25910058,21.90060499
250304179,0,30446,ROBO PERSONA,ND,2,2025-02-16,7,7,5,FRACCIONAMIENTO,YALTA CAMPESTRE,1059,1059,AVENIDA,EUGENIO GARZA SADA,NA,NA,"938,B,,",CALLE,TLALTELOLCO,7,12,2,21,12:02 p. m.,false,false,9,ninguna,1 HOMBRE VISTE DE NEGRO CON TATUAJES EN LA CARA TEZ MORENO,ND,H,H,8,0,N,N,0,0,false,0,N,N,3,celular,0,0,false,1,1,0,NA,NA,0,NA,2,PARADO,NO,HOMBRE,295,-102.34319631,21.94480768
250311873,0,30446,ROBO PERSONA,ND,2,2025-02-17,8,1,1,FRACCIONAMIENTO,BENITO PALOMINO DENA,220,220,CALLE,GILBERTO LOPEZ VELARDE,NA,NA,",,,",CALLE,JUAN MORALES MORALES,3,12,36,21,12:36 p. m.,false,false,9,ninguna,2 MUJERES UNA VISTE CAMISA NEGRA PANTALON MEZCLILLA CABELLO NEGRO,ND,M,M,8,0,N,N,0,0,false,0,N,N,"3,29","celular,cartera",0,0,false,1,1,0,NA,NA,0,NA,1,PARADO,NO,MUJER,296,-102.25181621,21.91622384
250313646,0,30446,ROBO PERSONA,MARIPOSA,2,2025-02-17,8,1,1,COLONIA,LAS FLORES,266,266,CALLE,DOCTOR IGNACIO T CHAVEZ,NA,NA,",,,",CALLE,CAMELIAS,2,17,41,22,17:41 p. m.,false,false,9,ninguna,1 HOMBRE VISTE CAMISA AZUL PANTALON AZUL,ND,H,H,8,0,N,N,0,0,false,0,N,N,14,bicicleta,0,0,false,1,1,0,NA,NA,0,NA,1,PARADO,NO,HOMBRE,297,-102.30332876,21.87269318
250318197,0,30446,ROBO PERSONA,MARIPOSA,2,2025-02-18,8,2,1,COLONIA,COL SAN MARCOS,145,145,AVENIDA,LICENCIADO ADOLFO LOPEZ MATOS PONIENTE,NA,NA,",,,",AVENIDA,DE LA CONVENCION DE 1914 PONIENTE,6,11,35,20,11:35 a. m.,false,false,9,ninguna,1 HOMBRE VISTE CAMISETA DE TIRANTES COLOR BLANCO PANTALON OSCURO,ND,H,H,8,0,N,N,0,0,false,0,N,N,14,bicicleta,0,0,false,1,1,0,NA,NA,0,NA,1,PARADO,NO,HOMBRE,298,-102.31166426,21.87442442
250306422,0,50102,ROBO PERSONA,ND,2,2025-02-16,7,7,1,NO APLICA,DESARROLLO ESPECIAL BULEVAR A ZACATECAS,609,609,BOULEVARD,A ZACATECAS,NA,NA,",,,",BOULEVARD,LUIS DONALDO COLOSIO,3,18,2,22,18:02 p. m.,false,false,9,ninguna,ND,ND,ND,M,8,0,N,N,0,0,false,0,N,N,39,sin datos,0,0,false,1,13,0,NA,NA,0,NA,1,ND,NO,MUJER,299,-102.29129875,21.92567654
250320348,0,30421,ROBO PERSONA,ND,2,2025-02-18,8,2,7,FRACCIONAMIENTO,LA ESTANCIA DE CHORA,1172,1172,CALLE,CAXCAN,NA,NA,",,,",CALLE,COPALLI,7,17,34,22,17:34 p. m.,false,true,4,fuego,2 HOMBRES VISTEN PLAYERA NEGRA PANTALON MEZCLILLA,ND,H,M,8,0,N,N,0,0,false,0,MOTOCICLETA,MOTOCICLETA COLOR NEGRO CON ROJO,3,celular,0,5000,false,1,1,0,NA,NA,0,NA,1,PARADO,NO,HOMBRE,300,-102.31094343,22.23348113
250321696,0,30422,ROBO PERSONA,ND,2,2025-02-18,8,2,1,FRACCIONAMIENTO,INSURGENTES,161,161,AVENIDA,DE LOS MAESTROS,NA,NA,",,,",CALLE,GENERAL JULIAN MEDINA,2,21,30,24,21:30 p. m.,false,false,9,ninguna,2 HOMBRES UNO VISTE PLAYERA NEGRA Y EL OTRO CAMISETA BLANCA CON TIRANTES Y TRAE UNA GORRA COLOR NEGRO CON AZUL,ND,H,H,8,0,N,N,0,0,false,0,N,N,3,celular,0,2000,false,1,1,0,NA,NA,0,NA,1,ND,NO,MENOR,301,-102.31887553,21.84941586
250322156,0,30421,ROBO PERSONA,ND,2,2025-02-18,8,2,7,FRACCIONAMIENTO,EL POTRERO,1200,1200,PROLONGACION,20 DE NOVIEMBRE,NA,NA,"227,,,",CALLE,INSURGENTES,7,22,33,24,22:33 p. m.,false,true,3,contusa,3 HOMBRES UNO DE ELLOS VISTE CON SHORT DE MEZCLILLA Y SUDADERA COLOR ROJO CON BLANCO,ND,H,H,8,0,N,N,0,0,false,0,MOTOCICLETA,MOTOCICLETA,3,celular,0,15000,false,1,1,0,NA,NA,0,NA,1,PARADO,NO,HOMBRE,302,-102.31131074,22.22635306
250298547,0,50305,ROBO PERSONA,ND,2,2025-02-15,7,6,1,FRACCIONAMIENTO,LOS PERICOS,287,287,AVENIDA,POLIDUCTO,NA,NA,",,,",AVENIDA,RODOLFO LANDEROS GALLEGOS,3,20,1,23,20:01 p. m.,false,false,9,ninguna,2 HOMBRES,ND,H,H,8,0,N,N,0,0,false,0,N,N,39,sin datos,0,0,false,1,13,0,NA,NA,0,NA,1,ND,NO,HOMBRE,303,-102.24816534,21.90391059
250300419,0,30426,ROBO PERSONA,ND,2,2025-02-15,7,6,1,FRACCIONAMIENTO,REAL DEL SOL,412,412,CALLE,GALAXIA BOREALIS,NA,NA,"526,,,",CALLE,ASTRONOMIA,4,23,40,24,23:40 p. m.,false,false,9,ninguna,1 HOMBRE 1 MUJER,ND,A,H,8,0,N,N,0,0,false,0,N,N,28,dinero,0,0,false,1,1,0,NA,NA,0,NA,1,PARADO,NO,MENOR,304,-102.23795159,21.89411782
250292850,0,30904,ROBO PERSONA,ND,2,2025-02-14,7,5,1,COLONIA,OJO DE AGUA,621,621,PRIVADA,PRIMERA DELICIAS,NA,NA,",,,",AVENIDA,MARIANO ESCOBEDO,5,23,0,24,23:00 p. m.,false,true,3,contusa,2 HOMBRES,EL PELON,H,H,8,0,N,N,0,0,false,0,N,N,29,cartera,0,0,false,1,2,0,NA,NA,0,NA,1,TRANSITANDO,NO,HOMBRE,305,-102.27726272,21.86614607
250312681,0,50301,ROBO PERSONA,ND,2,2025-02-17,8,1,1,FRACCIONAMIENTO,PASEOS DEL SUR,634R,0,AVENIDA,FERROCARRIL,NA,NA,",,,",CALLE,MONTE VESUBIO,5,15,9,21,15:09 p. m.,false,false,9,ninguna,4 PERSONAS,ND,ND,H,8,0,N,N,0,0,false,0,N,N,"3,29","celular,cartera",0,0,false,1,2,0,NA,NA,0,NA,1,TRANSITANDO,NO,HOMBRE,306,-102.27663890,21.81443973
64210012,0,30422,ROBO PERSONA,ND,2,2025-02-11,7,2,6,RURAL,CARRETERA FEDERAL 45 KM 28,1142R,0,CARRETERA,45 AGUASCALIENTES ZACATECAS,NA,NA,",,,",N,N,7,19,40,23,19:40 p. m.,false,false,9,ninguna,2 HOMBRES,ND,H,H,8,0,N,N,0,0,false,0,N,N,"28,29","dinero,cartera",2000,2000,false,1,1,0,NA,NA,0,NA,1,PARADO,SI,HOMBRE,307,-102.28249445,22.12252569
114220013,0,30422,ROBO PERSONA,ND,2,2025-02-16,7,7,11,FRACCIONAMIENTO,PASEOS DE LA PROVIDENCIA,1320,1320,CALLE,PASEOS DE SAN PEDRO,NA,NA,",,,",CALLE,PASEOS DE SAN JOSE,7,4,12,26,04:12 a. m.,false,false,9,ninguna,ND,ND,ND,H,8,0,N,N,0,0,false,0,N,N,3,celular,0,0,false,1,1,0,NA,NA,0,NA,1,ND,NO,MENOR,308,-102.27114113,22.02507211
250280494,0,30907,ROBO PERSONA,ND,2,2025-02-13,7,4,1,FRACCIONAMIENTO,EL PUERTECITO,407,407,CALLE,PUERTO DOS BOCAS,NA,NA,"238,,,",CALLE,DEL PUERTO,3,1,35,25,01:35 a. m.,true,false,9,ninguna,ND,ND,ND,ND,8,0,N,N,0,0,false,0,N,N,39,sin datos,0,0,false,1,1,0,NA,NA,0,NA,1,ND,NO,ND,309,-102.24671720,21.93795527
250307553,0,10220,ROBO PERSONA,ND,2,2025-02-16,7,7,1,BARRIO,BARRIO SAN MARCOS,85,85,CALLE,JESUS F CONTRERAS,NA,NA,",,,",CALLE,ENRIQUE FERNANDEZ LEDEZMA,1,21,10,23,21:10 p. m.,false,true,3,contusa,ND,ND,ND,H,8,0,N,N,0,0,false,0,N,N,39,sin datos,0,0,false,1,1,0,NA,NA,0,NA,1,ND,NO,HOMBRE,310,-102.30353432,21.88000780
14220014,0,30422,ROBO PERSONA,ND,2,2025-02-03,6,1,1,FRACCIONAMIENTO,"VILLA DE NUESTRA SEÑORA DE LA ASUNCION, SECTOR GUADALUPE",342,342,CALLE,JOSE E FEMAT GUTIERREZ,NA,NA,",,,",CALLE,FEDERICO MENDEZ,3,9,44,20,09:44 a. m.,false,false,9,ninguna,1 HOMBRE CON PASAMONTAÑAS,ND,H,H,8,0,N,N,0,0,false,0,N,N,3,celular,0,500,false,23,1,3831,NA,NA,0,NA,1,TRANSITANDO,NO,HOMBRE,311,-102.25434323,21.93298799
250327693,0,30421,ROBO PERSONA,ND,2,2025-02-19,8,3,1,FRACCIONAMIENTO,DEL VALLE 2A SECCION,150,150,CALLE,PASEO DEL RIO,NA,NA,",,,",CALLE,TOKIO,6,20,22,20,20:22 p. m.,false,true,1,cortante,1 HOMBRE EDAD APROX 32 AÑOS COMPLEXON DELGADA ESTATURA 180 VISTE CHAMARRA NEGRA PANTALON MEZCLILLA,ND,H,M,8,0,N,N,0,0,false,0,N,N,3,celular,0,15000,false,1,1,0,NA,NA,0,NA,1,TRANSITANDO,NO,HOMBRE,312,-102.32317287,21.87500497
250327746,0,30421,ROBO PERSONA,ND,2,2025-02-19,8,3,1,UNIDAD HABITACIONAL,POTREROS DEL OESTE,167,167,AVENIDA,SIGLO XXI,NA,NA,",,,",CALLE,FAISAN,2,20,34,23,20:34 p. m.,false,true,1,cortante,2 HOMBRES UNO DE ELLOS VISTE SUDADERA BLANCA ESTATURA ALTO COMPLEXION DELGADA,ND,H,H,8,0,N,N,0,0,false,0,N,N,"3,28,29,31,38","celular,dinero,cartera,mochila,otros",100,100,false,1,1,0,NA,NA,0,NA,1,PARADO,NO,HOMBRE,313,-102.29722935,21.84470371
250325882,0,30446,ROBO PERSONA,DESPENSA,2,2025-02-19,8,3,1,FRACCIONAMIENTO,ESPAÑA,171,171,AVENIDA,DE LOS MAESTROS,NA,NA,",,,",CALLE,SORIA,2,15,48,22,15:48 p. m.,false,false,9,ninguna,1 HOMBRE,ND,H,H,8,0,N,N,0,0,false,0,N,N,3,celular,0,700,false,1,1,0,NA,NA,0,NA,1,PARADO,NO,HOMBRE,314,-102.30999245,21.86611294
250326638,0,30446,ROBO PERSONA,ND,2,2025-02-19,8,3,6,BARRIO,PALO ALTO,1128,1128,CALLE,IGNACIO ALLENDE,NA,NA,"1,,,",AVENIDA,IRRIGACION SUR,7,17,21,22,17:21 p. m.,false,false,9,ninguna,1 HOMBRE VISTE DE NEGRO TRAE UNA PAÑOLETA EN LA CABEZA ESTA COJO DE UN PIE,JOSE FRANCISCO SILVA GALLEGOS ALIAS EL RENCO EDAD 47 AÑOS,H,H,8,1,N,N,0,0,false,0,N,N,3,celular,0,0,false,1,4,0,NA,NA,0,NA,1,PARADO,NO,HOMBRE,315,-102.27414451,22.14372119
250327194,0,30446,ROBO PERSONA,ND,2,2025-02-19,8,3,11,FRACCIONAMIENTO,LOS CEDROS,1302,1302,CALLE,PINO,NA,NA,"101,,,",CALLE,LAS PALMAS,7,19,11,23,19:11 p. m.,false,false,9,ninguna,1 HOMBRE VISTE SUDADERA AZUL CON LETRAS BLANCAS SHORT DE MEZCLILLA,ND,H,H,8,0,N,N,0,0,false,0,N,N,2,computo,0,4000,false,1,1,0,NA,NA,0,NA,2,PARADO,NO,HOMBRE,316,-102.27322754,22.07075507
250316903,0,30904,ROBO PERSONA,ND,2,2025-02-18,8,2,11,FRACCIONAMIENTO,LA RIBERA,1340,1340,CALLE,IXTLAHUACAN,NA,NA,",,,",CALLE,CULHUACAN,7,5,51,26,05:51 a. m.,true,false,9,ninguna,2 HOMBRES UNO VISTE DE NEGRO Y EL OTRO DE BLANCO,ND,H,H,8,0,N,N,0,0,false,0,N,N,12,ropa,0,0,false,1,2,0,NA,NA,0,NA,1,TRANSITANDO,NO,HOMBRE,317,-102.25108590,21.95728249
250330322,0,30422,ROBO PERSONA,MARIPOSA,2,2025-02-20,8,4,1,FRACCIONAMIENTO,MODERNO,521,521,AVENIDA,AGUASCALIENTES PONIENTE,NA,NA,",,,",CALLE,AQUILES ALOURDUY,6,8,34,19,08:34 a. m.,false,false,9,ninguna,ND,ND,ND,M,8,0,N,N,0,0,false,0,N,N,14,bicicleta,0,3000,false,1,1,0,NA,NA,0,NA,1,PARADO,NO,MUJER,318,-102.31781888,21.88081063
250330871,0,30422,ROBO PERSONA,ND,2,2025-02-20,8,4,1,CONDOMINIO,CENTRO COMERCIAL GALERIAS,526,526,AVENIDA,INDEPENDENCIA,NA,NA,",,,",AVENIDA,AGUASCALIENTES NORTE,6,9,53,20,09:53 a. m.,false,false,9,ninguna,1 HOMBRE VISTE DE TRAJE NEGRO,ND,H,H,8,0,N,N,0,0,false,0,N,N,"3,28","celular,dinero",300000,300000,false,1,2,0,DEPOSITO,BANCOMER,0,INDEPENDENCIA,1,TRANSITANDO,NO,HOMBRE,319,-102.29743284,21.91619600
250330954,0,30422,ROBO PERSONA,MARIPOSA,2,2025-02-20,8,4,5,COLONIA,SAN MIGUELITO,1096R,0,AVENIDA,A LA RINCONADA,NA,NA,",,,",AVENIDA,CIRCUNVALACION A SOLIDARIDAD,7,11,15,20,11:15 a. m.,false,false,9,ninguna,ND,ND,ND,H,8,0,N,N,0,0,false,0,N,N,"11,14","herramienta,bicicleta",0,0,false,1,2,0,NA,NA,0,NA,1,ND,NO,HOMBRE,320,-102.33536591,21.96388693
250331877,0,30422,ROBO PERSONA,ND,2,2025-02-20,8,4,1,FRACCIONAMIENTO,FRACC SAN MARCOS,148,148,CALLE,MIGUEL ANGEL,NA,NA,"405,,,",CALLE,BOTICELLI,6,14,2,21,14:02 p. m.,false,false,9,ninguna,1 HOMBRE VISTE CHAMARRA AZUL Y PANTALON MEZCLILLA,ND,H,M,8,0,N,N,0,0,false,0,MOTOCICLETA,MOTOCICLETA COLOR BLANCO,3,celular,0,3000,false,1,1,0,NA,NA,0,NA,1,TRANSITANDO,NO,MUJER,321,-102.32102109,21.87813916
250333564,0,30421,ROBO PERSONA,ND,2,2025-02-20,8,4,1,FRACCIONAMIENTO,COLINAS DEL RIO,663,663,CALLE,RIO RHIN,NA,NA,",,,",CALLE,RIO COLORADO,6,19,8,23,19:08 p. m.,false,true,1,cortante,1 HOMBRE VISTE DE NEGRO,ND,H,A,8,0,N,N,0,0,false,0,MOTOCICLETA,MOTOCICLETA COLOR NEGRO,3,celular,0,0,false,1,1,0,NA,NA,0,NA,1,TRANSITANDO,NO,AMBOS,322,-102.32132798,21.89488513
250333944,0,30422,ROBO PERSONA,ND,2,2025-02-20,8,4,1,FRACCIONAMIENTO,MIRADOR DE LAS CULTURAS II,340,340,AVENIDA,LOMA DEL CARDENAL,NA,NA,",,,",CALLE,CULTURA NAZCA,3,20,25,23,20:25 p. m.,false,false,9,ninguna,1 HOMBRE,ND,H,M,8,0,N,N,0,0,false,0,MOTOCICLETA,MOTOCICLETA COLOR NEGRO,3,celular,0,6000,false,23,1,3893,NA,NA,0,NA,1,ND,NO,MUJER,323,-102.23999724,21.91103155
250335654,0,30422,ROBO PERSONA,ND,2,2025-02-21,8,5,5,COLONIA,EJIDAL,926,926,CALLE,CRISTOBAL COLON,NA,NA,"312,,,",CALLE,15 DE SEPTIEMBRE,7,1,0,25,01:00 a. m.,false,false,9,ninguna,ND,ND,ND,H,8,0,N,N,0,0,false,0,N,N,3,celular,0,0,false,1,1,0,NA,NA,0,NA,1,ND,NO,HOMBRE,324,-102.35197220,21.97062719
250332171,0,30446,ROBO PERSONA,MARIPOSA,2,2025-02-20,8,4,11,FRACCIONAMIENTO,REVOLUCION,1310,1310,CALLE,FRANCISCO I MADERO ORIENTE,NA,NA,"305,,,",CALLE,ALDAMA SUR,7,14,54,21,14:54 p. m.,false,false,9,ninguna,1 HOMBRE,KEVIN ALIAS LA BORREGA,H,H,8,0,N,N,0,0,false,0,N,N,14,bicicleta,0,0,false,1,1,0,NA,NA,0,NA,1,PARADO,NO,MENOR,325,-102.27064543,22.07852909
250333599,0,30446,ROBO PERSONA,MARIPOSA,2,2025-02-20,8,4,1,COLONIA,ZONA CENTRO,501,501,CALLE,MOCTEZUMA,NA,NA,",,,",CALLE,5 DE MAYO,1,19,10,23,19:10 p. m.,false,false,9,ninguna,ND,ND,ND,H,8,0,N,N,0,0,false,0,N,N,14,bicicleta,0,0,false,1,1,0,NA,NA,0,NA,1,PARADO,NO,HOMBRE,326,-102.29661525,21.88108426
250335027,0,31001,ROBO PERSONA,ND,2,2025-02-20,8,4,6,COMUNIDAD,LADRILLERAS UNIDAS,1127R,0,CARRETERA,89 VIÑEDO CALIFORNIA LOPEZ MATEOS,NA,NA,",,,",CARRETERA,71 PROVIDENCIA LUIS MOYA,7,23,7,24,23:07 p. m.,true,true,10,otras,2 HOMBRES,ND,H,H,8,0,N,N,0,0,false,0,MOTOCICLETA,MOTOCICLETA,3,celular,0,0,false,1,2,0,NA,NA,0,NA,1,ND,SI,HOMBRE,327,-102.23955006,22.15038377
250334600,0,30904,ROBO PERSONA,ND,2,2025-02-20,8,4,1,FRACCIONAMIENTO,VISTAS DE ORIENTE,353,353,CALLE,GRAN CAÑON,NA,NA,",,,",CALLE,VISTAS DE ORIENTE,4,22,8,23,20:08 p. m.,false,false,9,ninguna,ND,ND,ND,M,8,0,N,N,0,0,false,0,N,N,3,celular,0,0,false,1,1,0,NA,NA,0,NA,1,PARADO,NO,HOMBRE,328,-102.23646783,21.88070990
250335197,0,30904,ROBO PERSONA,ND,2,2025-02-20,8,4,1,FRACCIONAMIENTO,VILLA DE LA LOMA,336,336,CALLE,LOMA DEL CARPINTERO,NA,NA,",,,",CALLE,LOMA DEL VENADO,3,23,29,24,23:29 p. m.,true,false,9,ninguna,2 HOMBRES UNODE ELLOS COMPLEXION DELGADA VISTE CAMISETA ROJA EL OTRO ESTATURA BAJA VISTE SUDADERA COLOR ROJO,ND,H,H,8,0,N,N,0,0,false,0,N,N,39,sin datos,0,0,false,1,2,0,NA,NA,0,NA,1,TRANSITANDO,NO,HOMBRE,329,-102.24687634,21.91330718
250334243,0,30904,ROBO PERSONA,MARIPOSA,2,2025-02-20,8,4,11,FRACCIONAMIENTO,LA RIBERA,1340,1340,CALLE,ZACOALCO,NA,NA,"417,,,",CALLE,TEXCOCO,7,21,17,23,21:17 p. m.,false,false,9,ninguna,1 HOMBRE,ND,H,H,8,0,N,N,0,0,false,0,N,N,14,bicicleta,0,0,false,1,1,0,NA,NA,0,NA,1,ND,NO,HOMBRE,330,-102.24801665,21.95575060
250337007,0,30422,ROBO PERSONA,ND,2,2025-02-21,8,5,1,CONDOMINIO,ALBERIA,451,451,BOULEVARD,ADOLFO RUIZ CORTINES,NA,NA,",,,",AVENIDA,DEL VALLE,6,10,23,20,10:23 a. m.,false,false,9,ninguna,1 HOMBRE 1 MUJER HOMBRE VISTE PANTALON MEZCLILLA BOTAS TRAE GORRA NEGRA,ND,A,H,8,0,N,N,0,0,false,0,CAMIONETA,CAMIONETA HYUNDAI Y BMW COLOR BLANCO,15,joyeria,0,25000,false,23,1,3899,NA,NA,0,NA,1,ND,NO,HOMBRE,331,-102.32659768,21.87202713
250338205,0,30421,ROBO PERSONA,ND,2,2025-02-21,8,5,1,COMUNIDAD,CABECITA 3 MARIAS (RANCHO NUEVO),49,49,CARRETERA,71 AGUASCALIENTES VILLA HIDALGO,NA,NA,",,,",CALLE,N,2,13,45,21,13:45 p. m.,false,true,34,"contusa,fuego",ND,ND,ND,H,8,0,N,N,1,0,false,0,CAMIONETA,CAMIONETA FORD COLOR GRIS,28,dinero,200000,200000,false,1,1,0,NA,NA,0,NA,1,TRANSITANDO,SI,HOMBRE,332,-102.40716711,21.79841621
250342267,0,30422,ROBO PERSONA,ND,2,2025-02-21,8,5,1,FRACCIONAMIENTO,VILLA MONTAÑA,601,601,CALLE,FRANCISCO DE J HERRERA L,NA,NA,"4116,B,,",CALLE,MONTE ELBRUS,3,15,0,21,15:00 p. m.,false,false,9,ninguna,1 MUJER,ND,F,F,6,0,N,N,0,0,false,0,N,N,28,dinero,200,200,false,1,57,0,NA,NA,0,NA,1,TRANSITANDO,NO,MENOR,333,-102.25597711,21.94287934
250344940,0,30422,ROBO PERSONA,ND,2,2025-02-20,8,4,5,CONDOMINIO,PUERTA NORTE,956,956,PRIVADA,NARANJO,NA,NA,",,,",CALLE,JOSE LOPEZ PORTILLO,7,14,1,21,14:01 p. m.,false,false,9,ninguna,2 HOMBRES,ND,H,M,8,0,N,N,0,0,false,0,MOTOCICLETA,MOTOCICLETA,3,celular,0,2900,false,1,1,0,NA,NA,0,NA,1,PARADO,NO,MUJER,334,-102.33142803,21.94846337
250347008,0,30422,ROBO PERSONA,ND,2,2025-02-22,8,6,11,FRACCIONAMIENTO,LA RIBERA,1340,1340,CALLE,LA BARCA,NA,NA,"124,,,",AVENIDA,LA RIBERA DE CHAPALA,7,18,47,22,18:47 p. m.,false,false,9,ninguna,PERSONAS,ND,ND,M,8,0,N,N,0,0,false,0,N,N,40,tarjeta,0,0,false,1,6,0,NA,NA,0,NA,1,ND,NO,MUJER,335,-102.25268478,21.95508932
250350202,0,30421,ROBO PERSONA,ND,2,2025-02-23,8,7,1,FRACCIONAMIENTO,ANEXO BENITO PALOMINO DENA (CUMBRES II),482,482,CALLE,HUMBERTO GONZALEZ ARAUJO,NA,NA,",,,",CALLE,ALFONSO SANCHEZ,3,0,35,25,00:35 a. m.,false,true,1,cortante,1 HOMBRE,ND,H,M,8,0,N,N,0,0,false,0,N,N,3,celular,0,5000,false,1,2,0,NA,NA,0,NA,1,ND,NO,MUJER,336,-102.24579493,21.91870507
250351264,0,30422,ROBO PERSONA,MARIPOSA,2,2025-02-23,8,7,1,FRACCIONAMIENTO,INSURGENTES,161,161,CALLE,JOSE MARIA MAYTORENA,NA,NA,",,,",CALLE,DE LA CONVENCION,2,2,23,25,02:23 a. m.,false,false,9,ninguna,2 HOMBRES UNO VISTE CHAMARRA CAZADORA CAMUFLAJE Y EL OTRO SUDADERA COLOR AZUL MARINO,ND,H,H,8,0,N,N,0,0,false,0,N,N,14,bicicleta,0,0,false,1,1,0,NA,NA,0,NA,1,ND,NO,HOMBRE,337,-102.30174811,21.84984051
250351285,0,30422,ROBO PERSONA,ND,2,2025-02-23,8,7,1,FRACCIONAMIENTO,BAJIO DE LAS PALMAS,588,588,AVENIDA,TECNOLOGICO,NA,NA,",,,",CALLE,MIGUEL HIDALGO Y COSTILLA,5,2,26,25,02:26 a. m.,false,false,9,ninguna,5 HOMBRES DE ASPECTO CHOLO,ND,H,M,8,0,N,N,0,0,false,0,N,N,"26,28","bolsa,dinero",0,0,false,1,1,0,NA,NA,0,NA,1,ND,NO,MUJER,338,-102.23873029,21.86565420
250351985,0,30422,ROBO PERSONA,ND,2,2025-02-23,8,7,1,FRACCIONAMIENTO,BAJIO DE LAS PALMAS,588,588,AVENIDA,TECNOLOGICO,NA,NA,",,,",CALLE,PALMA MEXICANA,5,4,0,26,04:00 a. m.,false,false,9,ninguna,1 HOMBRE,ND,H,M,8,0,N,N,0,0,false,0,N,N,3,celular,0,0,false,1,3,0,NA,NA,0,NA,1,PARADO,NO,HOMBRE,339,-102.24000517,21.86607317
250352635,0,30421,ROBO PERSONA,ND,2,2025-02-23,8,7,1,FRACCIONAMIENTO,"VILLA DE NUESTRA SEÑORA DE LA ASUNCION, SECTOR GUADALUPE",342,342,CALLE,JOSE DE JESUS GONZALEZ GARCIA,NA,NA,",,,",CALLE,ADALBERTO SANTACRUZ DE SANTIAGO,3,6,39,19,06:39 a. m.,false,true,34,"contusa,fuego",2 HOMBRES UNO VISTE SUDADERA ROJO CON NEGRO,ND,H,H,8,0,N,N,0,0,false,0,BICICLETA,BICICLETA,"3,6,29,31","celular,tecnologia,cartera,mochila",0,6000,false,1,1,0,NA,NA,0,NA,1,TRANSITANDO,NO,MENOR,340,-102.25349359,21.92939364
250355727,0,30422,ROBO PERSONA,ND,2,2025-02-23,8,7,1,COLONIA,NORIAS DEL PASO HONDO,656,656,CALLE,ROSA DE GUADALUPE,NA,NA,",,,",CALLE,MANUEL FIGUEROA,4,17,39,22,17:39 p. m.,false,false,9,ninguna,2 HOMBRES,EL MOCO Y EL PECAS,H,H,8,0,N,N,0,0,false,0,N,N,"11,38","herramientas, otros",0,0,false,1,1,0,NA,NA,0,NA,1,TRANSITANDO,NO,HOMBRE,341,-102.20533871,21.86344570
250356121,0,30421,ROBO PERSONA,ND,2,2025-02-23,8,7,5,LOCALIDAD,MARAVILLAS,991,991,PRIVADA,BUGAMBILIAS,NA,NA,"115,,,",CALLE,LAS FLORES,7,18,34,22,18:34 p. m.,true,true,4,fuego,2 PERSONAS,ND,ND,H,8,0,N,N,0,0,false,0,MOTOCICLETA,MOTOCICLETA,3,celular,0,0,false,1,1,0,NA,NA,0,NA,1,TRANSITANDO,NO,HOMBRE,342,-102.33070019,21.95436111
250356849,0,30421,ROBO PERSONA,ND,2,2025-02-23,8,7,1,FRACCIONAMIENTO,VALLE DE LOS CACTUS,360,360,CALLE,RECINTO AGAVE 103,NA,NA,",,,",CALLE,CALIXTO SERNA VALDIVIA,4,20,17,23,20:17 p. m.,false,true,1,cortante,10 HOMBRES,LOS CHICANOS,H,H,8,0,N,N,0,0,false,0,N,N,15,joyeria,0,0,false,1,2,0,NA,NA,0,NA,1,TRANSITANDO,NO,HOMBRE,343,-102.23599370,21.87403053
250357621,0,30422,ROBO PERSONA,ND,2,2025-02-23,8,7,1,FRACCIONAMIENTO,VILLAS DEL RIO,416,416,CALLE,RIO NAUTLA,NA,NA,",,,",AVENIDA,GERONIMO DE LA CUEVA,3,21,55,24,21:55 p. m.,false,false,9,ninguna,3 HOMBRES TATUADOS DE LA CARA DE ASPECTO CHOLO,LOS CUARTA,H,H,8,0,N,N,0,0,false,0,N,N,"12,28,29","ropa,dinero,cartera",200,200,false,1,1,0,NA,NA,0,NA,1,TRANSITANDO,NO,HOMBRE,344,-102.24218179,21.94182529
250358588,0,30421,ROBO PERSONA,ND,2,2025-02-23,8,7,1,FRACCIONAMIENTO,SOL NACIENTE,449,449,CALLE,ND,NA,NA,",,,",CALLE,ND,4,12,33,24,23:33 p. m.,false,true,1,cortante,10 PERSONAS ENTRE HOMBRE Y MUJERES,EL RANA Y LA KIRA,A,H,8,0,N,N,1,0,false,0,N,N,"3,12","celular,ropa",0,0,true,1,10,0,NA,NA,0,NA,1,ND,NO,MENOR,345,-102.22982585,21.87253056
250358964,0,30421,ROBO PERSONA,ND,2,2025-02-24,9,1,1,FRACCIONAMIENTO,BENITO JUAREZ,212,212,AVENIDA,NAZARIO ORTIZ GARZA,NA,NA,291,CALLE,AREA K,4,0,39,25,00:39 a. m.,false,true,1,cortante,6 HOMBRE UNO VISTE DE NEGRO OTRO CON SHORT Y CHAMARRA BLANCA CAPUCHA DE MILITAR OTRO VISTE PANS NEGRO,ND,H,H,8,0,N,N,0,0,false,0,N,N,"3,28,29","celular,dinero,cartera",3000,3000,false,1,2,0,NA,NA,0,NA,1,PARADO,NO,HOMBRE,346,-102.27337223,21.90002058
250359085,0,30421,ROBO PERSONA,ND,2,2025-02-24,9,1,1,FRACCIONAMIENTO,LA ESTRELLA,207,207,CALLE,CANCER,NA,NA,"326,,,",CALLE,LIRA,3,0,58,25,00:58 a. m.,false,true,1,cortante,HOMBRES,ND,H,H,8,0,N,N,0,0,false,0,N,N,3,celular,0,0,false,1,1,0,NA,NA,0,NA,1,PARADO,NO,HOMBRE,347,-102.27654436,21.90486812
250359720,0,30422,ROBO PERSONA,MARIPOSA,2,2025-02-24,9,1,1,EJIDO,SALTO DE OJOCALIENTE,181,181,CALLE,CASCAN,NA,NA,",,,",CALLE,CASCAN,5,3,53,26,03:53 a. m.,false,false,9,ninguna,HOMBRES,ND,H,H,8,0,N,N,0,0,false,0,N,N,14,bicicleta,0,700,false,1,2,0,NA,NA,0,NA,1,TRANSITANDO,NO,HOMBRE,348,-102.24713276,21.86526270
250360096,0,30421,ROBO PERSONA,ND,2,2025-02-24,9,1,1,LOCALIDAD,EL LLANO,1068,1068,AVENIDA,ARROYO EL MOLINO,NA,NA,",,,",CALLE,ND,6,6,30,19,06:30 a. m.,false,true,3,contusa,2 HOMBRES,ND,H,H,8,0,N,N,1,0,false,0,N,N,"3,29","celular,cartera",0,0,false,1,1,0,NA,NA,0,NA,1,PARADO,NO,HOMBRE,349,-102.32425516,21.93681234
250338562,0,30446,ROBO PERSONA,MARIPOSA,2,2025-02-21,8,5,1,FRACCIONAMIENTO,MEXICO,624,624,CALLE,CHIAPAS,NA,NA,"202,C,,",AVENIDA,AGUASCALIENTES SUR,5,15,12,21,15:12 p. m.,false,false,9,ninguna,ND,ND,ND,H,8,0,N,N,0,0,false,0,N,N,14,bicicleta,0,0,false,1,1,0,NA,NA,0,NA,1,PARADO,NO,HOMBRE,350,-102.27910328,21.85976197
250340249,0,30446,ROBO PERSONA,MARIPOSA,2,2025-02-21,8,5,5,COLONIA,AYUNTAMIENTO,1049,1049,CALLE,GUADALUPE VICTORIA,NA,NA,"612,,,",CALLE,LAZARO CARDENAS,7,18,0,22,18:00 p. m.,false,false,9,ninguna,1 HOMBRE,EL TACHO,H,H,8,0,N,N,0,0,false,0,N,N,14,bicicleta,0,8500,false,1,1,0,NA,NA,0,NA,1,PARADO,NO,HOMBRE,351,-102.34870704,21.96569302
250342087,0,30446,ROBO PERSONA,ND,2,2025-02-22,8,6,5,CONDOMINIO,LAS PERGOLAS,993R,0,AVENIDA,SIGLO XXI,NA,NA,",,,",AVENIDA,A PASO BLANCO,7,0,1,25,00:01 a. m.,false,false,9,ninguna,1 HOMBRE,EL JEFE,H,M,3,0,N,N,0,0,false,0,N,N,3,celular,0,0,false,1,1,0,NA,NA,0,NA,1,PARADO,NO,MUJER,352,-102.32359846,21.95091547
250344618,0,30446,ROBO PERSONA,ND,2,2025-02-22,8,6,1,FRACCIONAMIENTO,"VILLA DE NUESTRA SEÑORA DE LA ASUNCION, SECTOR ESTACION",354,354,AVENIDA,VALLE DE LOS ROMEROS,NA,NA,",,,",CALLE,JESUS GARCIA CORONA,3,12,52,21,12:52 p. m.,false,false,9,ninguna,ND,ND,ND,M,8,0,N,N,0,0,false,0,N,N,"3,26,29","celular,bolso,cartera",0,0,false,1,1,0,NA,NA,0,NA,1,PARADO,NO,MUJER,353,-102.25884265,21.93989392
250353103,0,30446,ROBO PERSONA,ND,2,2025-02-23,8,7,1,FRACCIONAMIENTO,BAJIO DE LAS PALMAS,588,588,CALLE,PALMA MEXICANA,NA,NA,",,,",CALLE,PALMA PLATEADA,5,9,6,20,09:06 a. m.,false,false,9,ninguna,1 HOMBRE 1 TRANSEXUAL,ND,H,H,8,0,N,N,0,0,false,0,N,N,3,celular,0,0,false,1,1,0,NA,NA,0,NA,1,PARADO,NO,HOMBRE,354,-102.24142685,21.86266200
250355064,0,30446,ROBO PERSONA,ND,2,2025-02-23,8,7,1,FRACCIONAMIENTO,RODOLFO LANDEROS GALLEGOS,226,226,CALLE,ESTHELA ALDANA,NA,NA,"628,,,",CALLE,PAZ ROMO DE VIVAR,3,16,9,22,16:09 p. m.,false,false,9,ninguna,1 HOMBRE,ND,H,M,8,0,N,N,0,0,false,0,N,N,3,celular,0,0,false,1,1,0,NA,NA,0,NA,1,PARADO,NO,MENOR,355,-102.25282355,21.90334242
250335710,0,30904,ROBO PERSONA,ND,2,2025-02-21,8,5,1,COLONIA,CHE GUEVARA,14R,0,CALLE,ND,NA,NA,",,,",CALLE,ND,4,0,6,25,00:06 a. m.,false,false,9,ninguna,2 MENORES DE EDAD DE 10 Y 11 AÑOS,ND,H,H,8,0,N,N,0,0,false,0,N,N,3,celular,0,0,false,1,6,0,NA,NA,0,NA,1,PARADO,NO,MENOR,356,-102.21144424,21.89359968
250355216,0,30904,ROBO PERSONA,ND,2,2025-02-23,8,7,1,FRACCIONAMIENTO,PILAR BLANCO,142,142,ANDADOR,HALCON,NA,9MJ,",,,",AVENIDA,MAHATMA GANDHI,2,16,27,22,16:27 p. m.,true,true,3,contusa,1 HOMBRE,ND,H,H,8,1,N,N,0,0,false,0,N,N,3,celular,0,0,false,1,1,0,NA,NA,0,NA,1,ND,NO,ND,357,-102.29598778,21.85053717
250351202,0,30904,ROBO PERSONA,ND,2,2025-02-23,8,7,5,FRACCIONAMIENTO,CHICAHUALES I,1056,1056,CALLE,FELICIANO MARTINEZ,NA,NA,",,,",AVENIDA,CIRCUNVALACION SOLIDARIDAD,7,2,16,25,02:16 a. m.,false,false,9,ninguna,ND,ND,ND,M,8,0,N,N,0,0,false,0,N,N,39,sin datos,0,0,false,1,2,0,NA,NA,0,NA,1,PARADO,NO,MUJER,358,-102.34764573,21.95176068
250361300,0,30422,ROBO PERSONA,ND,2,2025-02-24,9,1,5,COLONIA,CENTRO,938,938,CALLE,ALFAREROS,NA,NA,",,,",CALLE,ALDAMA,7,11,54,20,11:54 a. m.,false,false,9,ninguna,1 HOMBRE,ND,H,M,8,0,N,N,0,0,false,0,N,N,"26,28,30,40","bolso,dinero,llaves,tarjeta",1600,1600,false,1,1,0,NA,NA,0,NA,1,ND,NO,MUJER,359,-102.34440334,21.95967928
250362272,0,30421,ROBO PERSONA,MARIPOSA,2,2025-02-24,9,1,1,FRACCIONAMIENO,INSURGENTES,161,161,CALLE,LUIS CABRERA,NA,NA,",,,",CALLE,ABRAHAM GONZALEZ,2,14,39,21,14:39 p. m.,false,true,1,cortante,1 HOMBRE VISTE CAMISA COLOR BLANCO PANTALON MEZCLILLA GORRA NEGRA,ND,H,H,8,0,N,N,0,0,false,0,N,N,14,bicicleta,0,7000,false,1,1,0,NA,NA,0,NA,1,TRANSITANDO,NO,HOMBRE,360,-102.30542448,21.84908252
250362495,0,30446,ROBO PERSONA,DESPENSA,2,2025-02-24,9,1,1,FRACCIONAMIENTO,OJOCALIENTE III,191,191,CALLE,ESTACION CAÑADA,NA,NA,"314,,,",CALLE,SALITRILLO,4,15,11,21,15:11 p. m.,false,false,9,ninguna,1 HOMBRE VISTE CAMISA BLANCA PANTALON MEZCLILLA,ND,H,M,8,0,N,N,0,0,false,0,N,N,3,celular,0,6400,false,1,1,0,NA,NA,0,NA,1,PARADO,NO,MUJER,361,-102.24686859,21.88089201
250326130,0,30503,ROBO PERSONA,ND,2,2025-02-19,8,3,5,COLONIA,CENTRO,938,938,CALLE,BELTRAN,NA,NA,"207,,,",CALLE,MARIANO MATAMOROS,7,16,12,22,16:01 p. m.,false,true,10,otras,1 HOMBRE 1 MUJER,ND,A,M,5,0,N,N,0,0,false,0,N,N,"3,26,28,29","celular,bolso,dinero,cartera",800,800,false,1,1,0,NA,NA,0,NA,1,TRANSITANDO,NO,MUJER,362,-102.34707175,21.96309377
250338250,0,10220,ROBO PERSONA,ND,2,2025-02-20,8,4,1,FRACCIONAMIENTO,LOS LAURELES II,531,531,CALLE,CIRCUITO EL LAUREL ORIENTE,NA,NA,",,,",AVENIDA,RODOLFO LANDEROS GALLEGOS,4,27,0,27,sin datos,false,true,3,contusa,ND,ND,ND,H,8,0,N,N,0,0,false,0,N,N,"3,29","celular,cartera",0,0,false,1,42,0,NA,NA,0,NA,1,ND,NO,HOMBRE,363,-102.23889980,21.90741182
250330816,0,50301,ROBO PERSONA,MARIPOSA,2,2025-02-20,8,4,1,COLONIA,LA SOLEDAD,288,288,AVENIDA,ABELARDO L RODRIGUEZ,NA,NA,",,,",AVENIDA,LICENCIADO ADOLFO RUIZ CORTINES,2,10,42,20,10:42 a. m.,false,false,9,ninguna,ND,ND,ND,H,8,0,N,N,0,0,false,0,N,N,14,bicicleta,0,0,false,1,13,0,NA,NA,0,NA,1,PARADO,NO,HOMBRE,364,-102.33363630,21.87393378
250365003,0,50305,ROBO PERSONA,ND,2,2025-02-24,9,1,5,FRACCIONAMIENTO,SAN ANGELO,1059R,0,AVENIDA,EUGENIO GARZA SADA,NA,NA,",,,",CALE,SAN JUAN,7,21,44,24,21:44 p. m.,false,true,1,cortante,1 HOMBRE 18 AÑOS DE EDAD VISTE CHAMARRA GRIS CACHUCHA GRIS O NEGRA CON UN PALIACATE DE COLOR SE TAPABA EL ROSTRO,ND,H,H,8,0,N,N,0,0,false,0,N,N,"3,28,29","celular,dinero,cartera",1000,5000,false,1,1,0,NA,NA,0,NA,1,ND,NO,HOMBRE,365,-102.34345360,21.94655311
250364118,0,30904,ROBO PERSONA,ND,2,2025-02-23,8,7,6,RURAL,SAN LUIS DE LETRAS,1143,1143,CALLE,FRANCISCO MENDEZ REYES,NA,NA,",,,",CALLE,TEODORO OLIVARES,7,27,0,27,sin datos,false,false,9,ninguna,1 HOMBRE,EL GOCHO,H,M,8,0,N,N,0,0,false,0,N,N,3,celular,0,13000,false,1,1,0,NA,NA,0,NA,1,NE,NO,MUJER,366,-102.29451796,22.13698679
250361485,0,30904,ROBO PERSONA,ND,2,2025-02-24,9,1,6,FRACCIONAMIENTO,VERGEL DEL VALLE,1123,1123,CALLE,ANDRES DELGADO DE LIRA,NA,NA,",,,",CALLE,NARCISO PERALES AVILA MINA,7,12,31,21,12:31 p. m.,false,false,9,ninguna,ND,ND,ND,M,8,0,N,N,0,0,false,0,N,N,3,celular,0,0,false,1,1,0,NA,NA,0,NA,1,PARADO,NO,MUJER,367,-102.28744269,22.14751310
250356928,0,31112,ROBO PERSONA,ND,2,2025-02-23,8,7,1,FRACCIONAMIENTO,INSURGENTES,161,161,CALLE,DOCTOR MARIANO AZUELA,NA,NA,",,,",CALLE,JOSE ISABEL ROBLES,2,20,30,23,20:30 p. m.,false,true,13,"cortante,contusa",30 HOMBRES,ND,H,H,8,0,N,N,0,0,false,0,N,N,3,celular,0,0,false,1,1,0,NA,NA,0,NA,1,ND,NO,HOMBRE,368,-102.30429868,21.85210383
250352414,0,30907,ROBO PERSONA,ND,2,2025-02-23,8,7,1,FRACCIONAMIENTO,"VILLA DE NUESTRA SEÑORA DE LA ASUNCION, SECTOR GUADALUPE",342,342,CALLE,JOSE DE JESUS GONZALEZ GARCIA,NA,NA,",,,",CALLE,JESUS HERNANDEZ DIAZ,3,5,35,26,05:35 a. m.,false,true,10,sin datos,HOMBRES DE APARIENCIA CHOLO,ND,H,H,8,0,N,N,0,0,false,0,N,N,29,cartera,0,0,false,1,1,0,NA,NA,0,NA,1,ND,NO,HOMBRE,369,-102.25257326,21.92928120
250370943,0,30422,ROBO PERSONA,ND,2,2025-02-25,9,2,1,FRACCIONAMIENTO,PINTORES MEXICANOS,671,671,CALLE,FRIDA KAHLO,NA,NA,"104,,,",CALLE,RENATO LEDUC,3,20,27,23,20:27 p. m.,false,true,13,"cortante,contusa",ND,ND,ND,H,8,0,N,N,0,0,false,0,N,N,3,celular,0,3500,false,1,1,0,NA,NA,0,NA,1,ND,NO,HOMBRE,370,-102.26360725,21.91791383
250371505,0,30422,ROBO PERSONA,ND,2,2025-02-25,9,2,1,FRACCIONAMIENTO,LAS CUMBRES,218,218,CALLE,REFUGIO MIRANDA,NA,NA,",,,",CALLE,LA UNION,3,21,41,24,21:41 p. m.,false,false,9,ninguna,1 MUJER VISTE PLAYERA BLANCA,LA CHINA,M,M,8,0,N,N,0,0,false,0,N,N,3,celular,0,0,false,1,1,0,NA,NA,0,NA,1,ND,NO,MUJER,371,-102.26104149,21.91232195
250372022,0,30422,ROBO PERSONA,ND,2,2025-02-25,9,2,1,FRACCIONAMIETO,MUJERES ILUSTRES,457,457,AVENIDA,POLIDUCTO,NA,NA,"617,10,,",CALLE,DE LA ALIANZA,5,22,48,24,22:48 p. m.,false,false,9,ninguna,2 HOMBRES UNO VISTE CHAMARRA NEGRA EL OTRO VISTE CHALECO CON REFLEJANTE NARANJA,ND,H,M,8,0,N,N,0,0,false,0,N,N,"15,28,29,40","joyeria,dinero,cartera,tarjetas",0,0,false,1,1,0,NA,NA,0,NA,1,ND,NO,HOMBRE,372,-102.25408772,21.84796305
250370295,0,30446,ROBO PERSONA,MARIPOSA,2,2025-02-25,9,2,1,COLONIA,DEL TRABAJO,246,246,AVENIDA,ALAMEDA,NA,NA,",,,",AVENIDA,HEROICO COLEGIO MILITAR,4,19,2,23,19:02 p. m.,false,false,9,ninguna,ND,ND,ND,H,8,0,N,N,0,0,false,0,N,N,14,bicicleta,0,1300,false,1,1,0,NA,NA,0,NA,1,PARADO,NO,HOMBRE,373,-102.27379329,21.88407588
250367623,0,50305,ROBO PERSONA,ND,2,2025-02-25,9,2,1,COLONIA,ALTAVISTA,234,234,CALLE,SAN FELIPE,NA,NA,",,,",CALLE,CARLOS SAGREDO,6,12,2,21,12:02 p. m.,false,false,9,ninguna,ND,ND,ND,H,8,0,N,N,0,0,false,0,N,N,"3,29","celular,cartera",0,0,false,1,2,0,NA,NA,0,NA,1,PARADO,NO,HOMBRE,374,-102.30551306,21.89228719
250375886,0,30421,ROBO PERSONA,ND,2,2025-02-26,9,3,1,FRACCIONAMIENTO,LOMAS DE ORIENTE I,672,672,CALLE,SIERRA DE SAN BERNARDINO,NA,NA,"709,,,",AVENIDA,PENSADORES MEXICANOS ORIENTE,3,15,59,22,15:59 p. m.,false,true,1,cortante,2 HOMBRES UNO TRAE UNA MASCARA DE PAYASO  Y EL OTRO TRAE UNA COLPA,ND,H,H,8,0,N,N,0,0,false,0,N,N,"3,28,29","celular,cartera,dinero",70,70,false,1,1,0,NA,NA,0,NA,1,ND,NO,HOMBRE,375,-102.25648779,21.91658826
250377799,0,30422,ROBO PERSONA,ND,2,2025-02-26,9,3,1,FRACCIONAMIENTO,RODOLFO LANDEROS GALLEGOS,226,226,AVENIDA,SIGLO XXI,NA,NA,",,,",CALLE,REINAS DE LA FERIA,4,20,24,23,20:24 p. m.,false,true,1,cortante,3 HOMBRES UNO DE ELLOS 30 AÑOS DE EDAD APROX CON BIGOTE TRAE UNA CACHUCHA COLOR GRIS Y UNA CAMISA DE BEIS BOL COLOR AZUL,ND,H,H,8,0,N,N,0,0,false,0,N,N,"3,28,29,31","celular,dinero,carteta,mochila",0,0,false,1,1,0,NA,NA,0,NA,1,ND,NO,HOMBRE,376,-102.25333627,21.89934250
250377956,0,30421,ROBO PERSONA,ND,2,2025-02-26,9,3,5,FRACCIONAMIENTO,LOMAS DEL VALLE,929,929,CALLE,VALLE REYES,NA,NA,"130,,,",CALLE,VALLE DE LAS DELICIAS,7,20,44,23,20:44 p. m.,false,true,4,fuego,1 HOMBRE CON LA CARA TAPADA,ND,H,H,8,0,N,N,0,0,false,0,BICICLETA,BICICLETA,3,celular,0,8000,false,1,1,0,NA,NA,0,NA,1,ND,NO,MENOR,377,-102.34361091,21.95380551
250379100,0,30422,ROBO PERSONA,ND,2,2025-02-26,9,3,5,LOCALIDAD,CORRAL DE BARRANCOS,951,951,AVENIDA,PASEO DE LAS MARAVILLAS,NA,NA,",,,",AVENIDA,GUADALUPE,7,23,47,24,23:47 p. m.,false,false,9,ninguna,1 HOMBRE VISTE SUDADERA NEGRA PANTALON MEZCLILLA,ND,H,M,8,0,N,N,0,0,false,0,N,N,"26,27,28","bolso,documentos,dinero",300,300,false,1,1,0,NA,NA,0,NA,1,TRANSITANDO,NO,MUJER,378,-102.32446697,21.95053625
250375562,0,30446,ROBO PERSONA,ND,2,2025-02-26,9,3,1,FRACCIONAMIENTO,MIRADOR DE LAS CULTURAS,323,323,AVENIDA,RODOLFO LANDEROS GALLEGOS,NA,NA,"1706,,,",AVENIDA,CULTURA TARAHUMARA,3,14,45,21,14:45 p. m.,false,false,9,ninguna,2 HOMBRES UNO DE ELLOS VISTE PLAYERA Y CACHUCHA COLOR ROJO PANTALON NEGRO EL OTRO CAMISA Y PANTALON NEGRO Y TRAE CASCO N,ND,H,M,8,0,N,N,0,0,false,0,MOTOCICLETA,MOTOCICLETA VENTO COLOR NEGRO CON ROJO,"3,26,27,28","celular,bolso,documentos,dinero",200,200,false,1,1,0,NA,NA,0,NA,2,PARADO,NO,MUJER,379,-102.23918087,21.90729531
250375601,0,30446,ROBO PERSONA,ND,2,2025-02-26,9,3,1,FRACCIONAMIENTO,MUJERES ILUSTRES,457,457,CALLE,30 DE SEPTIEMBRE,NA,NA,"209,,,",CALLE,CATOHANRATH,5,14,56,21,14:56 p. m.,false,false,9,ninguna,1 HOMBRE,ND,H,M,8,0,N,N,0,0,false,0,MOTOCICLETA,MOTOCICLETA VENTO COLOR BLANCA,3,celular,0,0,false,1,1,0,NA,NA,0,NA,2,PARADO,NO,RATON,380,-102.25603734,21.85005284
250379035,0,50102,ROBO PERSONA,ND,2,2025-02-26,9,3,1,COLONIA,GREMIAL,613,613,AVENIDA,HEROE DE NACOZARI NORTE,NA,NA,",,,",CALLE,COLONEL FELIZ DE LA PAZ,6,23,32,24,23:34 p. m.,false,false,9,ninguna,1 HOMBRE VISTE CAMISA COLOR OSCURO,ND,H,H,8,0,N,N,0,0,false,0,MOTOCICLETA,MOTOCICLETA COLOR VERDE,31,mochila,0,0,true,1,10,0,NA,NA,0,NA,1,PARADO,NO,HOMBRE,381,-102.28688575,21.89693228
250367623,0,50305,ROBO PERSONA,OPORTUNISTA,2,2025-02-25,9,2,1,COLONIA,ALTAVISTA,234,234,CALLE,CARLOS SAGREDO,NA,NA,",,,",CALLE,GUILLERMO PRIETO,6,11,59,20,11:59 a. m.,false,false,9,ninguna,ND,ND,ND,ND,8,0,N,N,0,0,false,0,N,N,"3,29","celular,cartera",0,0,false,1,2,0,NA,NA,0,NA,1,PARADO,NO,ND,382,-102.30571408,21.89272893
250372999,0,30904,ROBO PERSONA,ND,2,2025-02-26,9,3,1,FRACCIONAMIENTO,LOS PERICOS,287,287,CALLE,SANTA CATALINA,NA,NA,",,,",AVENIDA,POLIDUCTO,3,6,18,19,06:18 a. m.,true,true,1,cortante,2 HOMBRES UNO DE ELLOS VISTE SUDADERA BLANCA CON CAPUCHA EL OTRO SUDADERA NEGRA CON CAPUCHA,ND,H,H,8,0,N,N,0,0,false,0,N,N,39,sin datos,0,0,false,1,2,0,NA,NA,0,NA,1,ND,NO,HOMBRE,383,-102.24923604,21.90655408
250377644,0,30904,ROBO PERSONA,ND,2,2025-02-26,9,3,5,FRACCIONAMIENTO,CHICAHUALES I,1056,1056,CALLE,FELICIANO MARTINEZ CRUZ,NA,NA,",,,",AVENIDA,CIRCUNVALACION SOLIDARIDAD,7,20,39,23,20:39 p. m.,true,false,9,ninguna,1 HOMBRE CHOFER DE CAMION URBANO NUMERO ECONOMICO 1043,ND,H,M,8,0,N,N,0,0,false,0,N,N,3,celular,0,0,false,1,2,0,NA,NA,0,NA,1,PARADO,NO,MUJER,384,-102.34769137,21.95148927
250376216,0,30422,ROBO PERSONA,ND,2,2025-02-26,9,3,1,FRACCIONAMIENTO,C.N.O.P. ORIENTE,687,687,BOULEVARD,GUADALUPANO,NA,NA,",,,",AVENIDA,AGUASCALIENTES ORIENTE,3,17,2,22,17:02 p. m.,false,false,9,ninguna,1 HOMBRE  1 MUJER EL HOMBRE VISTE PLAYERA BLANCA CHAMARRA NEGRA,ND,A,H,8,0,N,N,0,0,false,0,N,N,3,celular,0,0,false,1,1,0,NA,NA,0,NA,1,ND,NO,HOMBRE,385,-102.26970771,21.90307756
250380728,0,30422,ROBO PERSONA,ND,2,2025-02-26,9,3,1,COLONIA,MARTINEZ DOMINGUEZ,514,514,AVENIDA,MAHATMA GANDHI,NA,NA,",,,",CALLE,VALENTE QUINTANA,2,17,0,22,17:00 p. m.,false,false,9,ninguna,1 HOMBRE 1 MUJER QUE VISTE DE COLOR ROSA EL HOMBRE VISTE CAMISA GRIS PANTALON NEGRO,ND,A,M,8,1,N,N,0,0,false,0,MOTOCICLETA,MOTOCICLETA,"26,38","bolso,otros",0,0,true,1,4,0,NA,NA,0,NA,2,PARADO,NO,MUJER,386,-102.29427498,21.85159790
250380864,0,30421,ROBO PERSONA,NA,2,2025-02-27,9,4,1,FRACCIONAMIENTO,NAZARIO ORTIZ GARZA,222,222,BOULEVARD,GUADALUPANO,NA,NA,",,,",AVENIDA,SIGLO XXI,3,10,44,20,10:44 a. m.,false,true,1,cortante,3 HOMBRES UNOVISTE PLAYERA BLANCA CON RAYAS NEGRAS OTRO PLAYERA ROJA,ND,H,H,8,0,N,N,0,0,false,0,N,N,"3,12","celular,ropa",0,0,false,1,1,0,NA,NA,0,NA,1,PARADO,NO,HOMBRE,387,-102.25673103,21.90695552
250384045,0,30421,ROBO PERSONA,MARIPOSA,2,2025-02-27,9,4,2,COMUNIDAD,LAZARO CARDENAS,741,741,CALLE,LEY AGRARIA,NA,NA,",,,",CALLE,FRANCISCO VILLA,7,7,52,19,07:52 a. m.,false,true,3,contusa,1 HOMBRE,CESAR,H,H,8,0,N,N,0,0,false,0,N,N,14,bicicleta,0,0,false,20,13,0,NA,NA,0,NA,1,ND,NO,HOMBRE,388,-102.02505919,22.17110380
250385533,0,30446,ROBO PERSONA,MARIPOSA,2,2025-02-27,9,4,1,FRACCIONAMIENTO,REAL DEL SOL,412,412,AVENIDA,VALLARTA,NA,NA,",,,",AVENIDA,HACIENDA DE OJOCALIENTE,4,23,32,24,23:32 p. m.,false,false,9,ninguna,2 HOMBRES,ND,H,H,8,0,N,N,0,0,false,0,N,N,14,bicicleta,0,0,false,1,1,0,NA,NA,0,NA,1,PARADO,NO,HOMBRE,389,-102.23614354,21.89003518
250386753,0,30446,ROBO PERSONA,MARIPOSA,2,2025-02-28,9,5,1,FRACCIONAMIENTO,JOSE GUADALUPE PERALTA GAMEZ,334,334,CALLE,JOSE TRINIDAD VELA SALAS,NA,NA,"227,B,,",CALLE,JOSE M RUIZ DE TEJADA Y OTAL,4,7,15,19,07:15 a. m.,false,false,9,ninguna,1 HOMBRE,IRVING EDUARDO DIAZ MARIN ALIAS EL MUELA,H,H,8,1,N,N,0,0,false,0,N,N,14,bicicleta,0,0,true,1,4,0,NA,NA,0,NA,1,PARADO,NO,HOMBRE,390,-102.24116856,21.87105507
250380142,0,50305,ROBO PERSONA,ND,2,2025-02-24,9,1,5,FRACCIONAMIENTO,CHICAHUALES II,1058,1058,CALLE,MILPILLAS,NA,NA,",,,",CALLE,ROMAN LOERA,7,27,0,27,sin datos,false,true,1,cortante,ND,ND,ND,M,0,0,N,N,0,0,false,0,N,N,39,sin datos,0,0,false,1,2,0,NA,NA,0,NA,1,ND,NO,MUJER,391,-102.35185826,21.94270427
250388084,0,30422,ROBO PERSONA,MARIPOSA,2,2025-02-28,9,5,1,UNIDAD HABITACIONAL,POTREROS DEL OESTE,167,167,CALLE,PASEO DE LA ASUNCION,NA,NA,",,,",ANDADOR,LA AURORA,2,13,24,21,13:24 p. m.,false,false,9,ninguna,ND,ND,ND,H,8,0,N,N,1,0,false,0,N,N,"14,28,47","bicicleta,dinero,mercancia",200,200,false,1,1,0,NA,NA,0,NA,1,ND,NO,HOMBRE,392,-102.30142883,21.84329086
250394258,0,30421,ROBO PERSONA,ND,3,2025-03-01,9,6,1,FRACCIONAMIENTO,MORELOS II,188,188,AVENIDA,MARIANO ESCOBEDO,NA,NA,",,,",AVENIDA,SIGLO XXI,5,27,0,27,sin datos,false,true,10,sin datos,ND,ND,ND,M,8,0,N,N,1,0,false,0,N,N,3,celular,0,0,false,2,1,0,NA,NA,0,NA,1,ND,NO,MUJER,393,-102.25697071,21.85492850
250394932,250394947,30422,ROBO PERSONA,ND,3,2025-03-01,9,6,1,FRACCIONAMIENTO,"VILLA DE NUESTRA SEÑORA DE LA ASUNCION, SECTOR GUADALUPE",342,342,CALLE,FELIPE DE UREÑA,NA,NA,"121,B,,",CALLE,BERNABE DE ANDA,3,0,7,25,00:07 a. m.,false,false,9,ninguna,1 HOMBRE VISTE BERMUDA AZUL PLAYERA AZUL CON NARANJA EXPANSION EN LA OREJA IZQUIERDA,ND,H,H,8,0,N,N,0,0,false,0,N,N,12,ropa,0,0,false,1,1,0,NA,NA,0,NA,1,TRANSITANDO,NO,HOMBRE,394,-102.25703775,21.92700252
250398887,0,30421,ROBO PERSONA,ND,3,2025-03-01,9,6,1,FRACCIONAMIENTO,"VILLA DE NUESTRA SEÑORA DE LA ASUNCION, SECTOR ESTACION",354,354,CALLE,JOSE S BUSTAMANTE,NA,NA,",,,",CALLE,DOMINGO VELASCO,3,20,57,23,20:57 p. m.,true,true,1,cortante,3 HOMBRES 1 MUJER UNO DE ELLOS CISTE DE NEGRO OTRO DE BLANCO Y EL OTRO DE GRIS,ND,A,H,8,0,N,N,0,0,false,0,N,N,39,sin datos,0,0,false,1,2,0,NA,NA,0,NA,1,ND,NO,HOMBRE,395,-102.26115164,21.93641647
250399060,250399282,30421,ROBO PERSONA,ND,3,2025-03-01,9,6,7,BARRIO,EL CHAVEÑO,1174,1174,CALLE,JUAN DIEGO,NA,NA,",,,",CALLE,CHAVEÑO,7,21,14,24,21:14 p. m.,false,true,1,cortante,ND,ND,H,H,8,0,N,N,0,0,false,0,N,N,3,celular,0,0,false,1,1,0,NA,NA,0,NA,1,ND,NO,MENOR,396,-102.31209151,22.22849002
250401034,0,30422,ROBO PERSONA,ND,3,2025-03-02,9,7,1,FRACCIONAMIENTO,RODOLFO LANDEROS GALLEGOS,226,226,CALLE,PAZ ROMO DEL VIVAR,NA,NA,",,,",AVENIDA,SIGLO XXI,3,0,10,25,00:10 a. m.,false,false,9,ninguna,1 HOMBRE VISTE PALERA Y GORRA NEGRA TRAE UNA VENDA VENDADA,ND,H,H,8,1,N,N,0,0,false,0,N,N,3,celular,0,0,false,1,1,0,NA,NA,0,NA,1,ND,NO,HOMBRE,397,-102.25486142,21.90321295
250402607,0,30421,ROBO PERSONA,MARIPOSA,3,2025-03-02,9,7,1,FACCIONAMIENTO,LAS VIÑAS,230,230,CALLE,CIRCUITO DE LA UVA,NA,NA,"213,,,",CALLE,DE LA UVA,3,2,54,25,02:54 a. m.,false,true,4,fuego,2 HOMBRES UNO VISTE CAMISA DE LOS BULLS COLOR ROJO CON BLANCO Y GORRA NEGRA EL OTRO SUDADERA NEGRA,ND,H,H,8,0,N,N,0,0,false,0,N,N,14,bicicleta,0,0,false,1,1,0,NA,NA,0,NA,1,PARADO,NO,HOMBRE,398,-102.28177839,21.89915010
250402856,0,30422,ROBO PERSONA,MARIPOSA,3,2025-03-02,9,7,1,FRACCIONAMIENTO,INSURGENTES,161,161,CALLE,DE LA CONVENCION,NA,NA,",,,",CALLE,BELISARIO DOMINGUEZ,2,3,49,26,03:49 a. m.,false,false,9,ninguna,3 HOMBRES UNO VISTE CACHUCHA ROJA PANTALON MEZCLILLA CAMISA BLANCA,ND,H,H,8,0,N,N,0,0,false,0,N,N,14,bicicleta,0,0,true,1,10,0,NA,NA,0,NA,1,ND,NO,HOMBRE,399,-102.30756068,21.85113189
250403155,0,30421,ROBO PERSONA,ND,3,2025-03-02,9,7,1,CONJUNTO HABITACIONAL,VILLA TAURINA,390,390,CALLE,ND,NA,NA,",,,",CALLE,ND,5,4,59,26,04:59 a. m.,false,true,1,cortante,2 HOMBRES UNO DE ELLOS VISTE CAMISA A CUADROS BLANCO CON NEGRO GORRA GRIS Y PANTALON GRIS CONVERSE BLANCOS,EL NANO,H,H,8,0,N,N,0,0,false,0,N,N,36,"celular,tecnologia",0,11600,false,1,1,0,NA,NA,0,NA,1,PARADO,NO,HOMBRE,400,-102.24805714,21.86161037
250403233,0,30421,ROBO PERSONA,ND,3,2025-03-02,9,7,1,FRACCIONAMIENTO,BENITO PALOMINO DENA,220,220,BOULEVARD,GUADALUPENO,NA,NA,",,,",AVENIDA,POLIDUCTO,3,5,37,26,05:37 a. m.,false,true,1,cortante,6 HOMBRES,ND,H,H,8,0,N,N,0,0,false,0,N,N,"3,31","celular,mochila",0,0,false,1,1,0,NA,NA,0,NA,1,PARADO,NO,HOMBRE,401,-102.25193177,21.91253097
250403460,0,30421,ROBO PERSONA,ND,3,2025-03-02,9,7,1,FRACCIONAMIENTO,"VILLA DE NUESTRA SEÑORA DE LA ASUNCION, SECTOR ALAMEDA",330,330,CALLE,IGNACIO ORTIZ,NA,NA,"106,,,",AVENIDA,POLIDUCTO,3,6,30,19,06:30 a. m.,false,true,1,cortante,ND,ND,H,H,8,0,N,N,0,0,false,0,N,N,"28,29,31,40","dinero,cartera,mochila,tarjeta",110,110,false,1,1,0,NA,NA,0,NA,1,ND,NO,HOMBRE,402,-102.26776812,21.93311619
250404630,0,30422,ROBO PERSONA,ND,3,2025-03-02,9,7,11,NINGUNO,DESARROLLO AGROPECUARIO LA TRINIDAD,1317,1317,CALLE,GUAYABITOS,NA,NA,",,,",AVENIDA,JUAREZ,7,12,40,21,12:40 p. m.,false,false,9,ninguna,3 HOMBRES VISTEN DE BLANCO UNO TRAE UN GORRO TIPO SOLDADO REFIERE SON DEL ANEXO UNIDAD TERAPEUTICA Y TRANSFORMACION,ND,H,M,8,0,N,N,0,0,false,0,N,N,"28,29","dinero,cartera",1800,1800,false,1,2,0,NA,NA,0,NA,1,ND,NO,MUJER,403,-102.27067531,22.06433910
250408695,0,30422,ROBO PERSONA,ND,3,2025-03-02,9,7,1,FRACCIONAMIENTO,VALLE DE LOS CACTUS,360,360,CALLE,PASEO DE LA BIZNAGA,NA,NA,"35,,,",CALLE,CALIXT SERNA VALDIVIA,4,21,16,23,21:16 p. m.,false,false,9,ninguna,1 HOMBRE,ND,H,H,8,0,N,N,0,0,false,0,N,N,3,celular,0,0,true,1,10,0,NA,NA,0,NA,1,PARADO,NO,MENOR,404,-102.23537932,21.87414569
250396070,0,30446,ROBO PERSONA,MARIPOSA,3,2025-03-01,9,7,1,FRACCIONAMIENTO,VALLE DE LOS CACTUS,360,360,CALLE,RECINTO CARDON 104,NA,NA,"18,,,",CALLE,RECINTO CARDON 104,4,14,38,21,14:38 p. m.,false,false,9,ninguna,1 HOMBRE,ND,H,H,3,0,N,N,0,0,false,0,N,N,14,bicicleta,0,1400,false,1,6,0,NA,NA,0,NA,1,PARADO,NO,HOMBRE,405,-102.23093747,21.87545555
250397039,0,30446,ROBO PERSONA,ND,3,2025-03-01,9,6,1,COLONIA,ZONA CENTRO,501,501,CALLE,BENITO JUAREZ,NA,NA,",,,",CALLE,FRANCISCO I MADERO,1,17,20,22,17:20 p. m.,false,false,9,ninguna,1 HOMBRE VISTE CAMISA BLANCA CON NEGRO GORRA Y MOCHILA,ND,H,H,8,0,N,N,0,0,false,0,N,N,3,celular,0,0,false,1,1,0,NA,NA,0,NA,1,PARADO,NO,HOMBRE,406,-102.29578603,21.88189880
250405052,0,30446,ROBO PERSONA,MARIPOSA,3,2025-03-02,9,7,1,FRACCIONAMIENTO,OJOCALIENTE LAS TORRES,192,192,CALLE,ANTARES,NA,NA,",,,",AVENIDA,PASEO DE LA CRUZ,5,13,41,21,13:41 p. m.,false,false,9,ninguna,ND,ND,ND,H,8,0,N,N,0,0,false,0,N,N,14,bicicleta,0,0,false,1,1,0,NA,NA,0,NA,1,PARADO,NO,HOMBRE,407,-102.25914996,21.87398098
250411037,0,30446,ROBO PERSONA,ND,3,2025-03-03,10,1,1,COLONIA,ZONA CENTRO,501,501,CALLE,COSIO NORTE,NA,NA,",,,",AVENIDA,FRANCISCO I MADERO,1,1,37,25,01:37 a. m.,false,false,9,ninguna,1 HOMBRE VISTE CON CHAMARRA COLOR CAFE,ND,H,M,8,0,N,N,0,0,false,0,N,N,3,celular,0,0,false,1,1,0,NA,NA,0,NA,2,PARADO,NO,MUJER,408,-102.28786452,21.88346391
250388083,0,50301,ROBO PERSONA,ND,2,2025-02-28,9,5,1,FRACCIONAMIENTO,"VILLA DE NUESTRA SEÑORA DE LA ASUNCION, SECTOR ESTACION",354,354,calle,DOMINGO VELASCO,NA,NA,",,,",CALLE,ANGEL VENEGAS AHUMADO,3,13,28,21,13:28 p. m.,false,false,9,ninguna,ND,ND,ND,M,8,0,N,N,0,0,false,0,N,N,3,celular,0,0,false,1,1,0,NA,NA,0,NA,1,TRANSITANDO,NO,MUJER,409,-102.26078548,21.93692711
250382021,0,30904,ROBO PERSONA,MARIPOSA,2,2025-02-26,9,3,1,ESPECIAL,MUSEO DESCUBRE,492R,0,AVENIDA,DEL PARQUE,NA,NA,",,,",AVENIDA,AGUASCALIENTES SUR,5,27,0,27,sin datos,false,false,9,ninguna,ND,ND,ND,M,8,0,N,N,0,0,false,0,N,N,14,bicicleta,0,0,false,1,1,0,NA,NA,0,NA,1,PARADO,NO,MUJER,410,-102.28859351,21.85669600
250366877,0,10220,ROBO PERSONA,ND,2,2025-02-24,9,1,1,FRACCIONAMIENTO,RODOLFO LANDEROS GALLEGOS,226,226,AVENIDA,RODOLFO LANDEROS GALLEGOS,NA,NA,",,,",AVENIDA,SIGLO XXI,3,4,0,26,04:00 a. m.,false,true,3,contusa,ND,ND,ND,H,8,0,N,N,1,0,true,0,N,N,28,dinero,3000,3000,false,1,42,0,NA,NA,0,NA,1,PARADO,NO,HOMBRE,411,-102.25411973,21.90199013
84220015,0,30422,ROBO PERSONA,MARIPOSA,2,2025-02-25,9,2,8,COLONIA,6 DE ENERO,1212,1212,CALLE,INDEPENDENCIA DE MEXICO,NA,NA,"202,,,",CALLE,GALEANA,7,14,1,21,14:01 p. m.,false,false,9,ninguna,ND,ND,ND,ND,8,0,N,N,0,0,false,0,N,N,14,bicicleta,0,0,false,1,1,0,NA,NA,0,NA,1,PARADO,NO,NE,412,-102.41411617,22.15273185
250393360,0,30904,ROBO PERSONA,ND,3,2025-03-01,9,6,1,BARRIO,LA SALUD,499,499,AVENIDA,DE LA CONVENCION DE 1914 SUR,NA,NA,",,,",AVENIDA,HEROE DE NACOZARI SUR,5,4,29,26,04:29 a. m.,false,false,9,ninguna,ND,ND,ND,M,8,0,N,N,0,0,false,0,N,N,39,sin datos,0,0,false,1,2,0,NA,NA,0,NA,1,PARADO,NO,MUJER,413,-102.28254159,21.86635109
250404308,0,30904,ROBO PERSONA,ND,3,2025-03-02,9,7,1,BARRIO,EL ENCINO,517,517,AVENIDA,JOSE MARIA CHAVEZ,NA,NA,"626,,,",CALLE,ALBA,1,11,54,20,11:54 a. m.,true,false,9,ninguna,1 HOMBRE,EL CHINO O EL OJITOS,H,M,8,1,N,N,0,0,false,0,N,N,3,celular,0,0,true,1,4,0,NA,NA,0,NA,1,ND,NO,MUJER,414,-102.29498359,21.87411427
250402897,0,30907,ROBO PERSONA,NA,3,2025-03-02,9,7,1,UNIDAD HABITACIONAL,POTREROS DEL OESTE,167,167,ANDADOR,CREPUSCULO,NA,NA,",,,",AVENIDA,PASEO DE LA ASUNCION,2,3,58,26,03:58 a. m.,false,false,9,ninguna,1 HOMBRE,CONDUCTOR DE TAXI,H,M,0,0,N,N,0,0,false,0,TAXI,TAXI NUMERO ECO 2467,28,dinero,463,463,false,1,1,0,NA,NA,0,NA,1,PARADO,NO,MUJER,415,-102.30075737,21.84462022
250403132,0,30904,ROBO PERSONA,ND,3,2025-03-02,9,7,10,MOTEL,EL CIELO,1292R,0,CARRETERA,70 OJUELOS AGUASCALIENTES,NA,NA,",,,",CARRETERA,77 ARELLANO EL RETOÑO,7,5,6,26,05:06 a. m.,false,false,9,ninguna,1 HOMBRE,ND,H,M,8,0,N,N,0,0,false,0,N,N,39,sin datos,0,0,false,1,1,0,NA,NA,0,NA,1,PARADO,SI,MUJER,416,-102.15971071,21.84122443
250412929,0,30904,ROBO PERSONA,ND,3,2025-03-03,10,1,1,BARRIO,GUADALUPE,502,502,CALLE,JOSE GUADALUPE POSADA MUÑOZ,NA,NA,"816,,,",CALLE,LARREATEGUI,1,11,26,20,11:26 a. m.,false,false,9,ninguna,ND,ND,ND,M,8,0,N,N,0,0,false,0,N,N,3,celular,0,0,false,1,13,0,NA,NA,0,NA,1,ND,NO,MUJER,417,-102.30745526,21.88576917
250399501,0,30606,ROBO PERSONA,MARIPOSA,3,2025-03-01,9,6,1,FACCIONAMIENTO,SANTA ELENA,261,261,AVENIDA,DE LA CONVENCION DE 1914 SUR,NA,NA,",,,,",CALLE,REPUBLICA DE NICARAGUA,2,21,55,24,21:55 p. m.,false,false,9,ninguna,1 HOMBRE,ND,H,H,8,1,N,N,0,0,false,0,N,N,14,bicicleta,0,0,false,1,4,0,NA,NA,0,NA,1,PARADO,NO,HOMBRE,418,-102.30420086,21.86718320
250415529,0,30421,ROBO PERSONA,ND,3,2025-03-03,10,1,1,COLONIA,TALAMANTES PONCE,510,510,CALLE,FRAY BARTOLOME DE LAS CASAS,NA,NA,"102,,,",CALLE,RIO TAMESIS,6,18,28,22,18:28 p. m.,false,true,3,contusa,4 PERSONAS UNO VISTE ROPA GRIS CON NEGRO,ND,ND,H,8,0,N,N,0,0,false,0,N,N,"3,31","celular,mochila",0,0,false,1,1,0,NA,NA,0,NA,1,ND,NO,HOMBRE,419,-102.29605992,21.93464969
250416208,0,30421,ROBO PERSONA,ND,3,2025-03-03,10,1,1,FRACCIONAMIENTO,VISTA DE LAS CUMBRES,308,308,CALLE,PIANO,NA,NA,",,,",CALLE,ARPA,4,19,47,23,19:47 p. m.,false,true,1,cortante,1 HOMBRE CON UN PERRO,ND,H,H,8,0,N,N,0,0,false,0,N,N,"3,12,28,31","celular,ropa,dinero,mochila",74,74,false,1,1,0,NA,NA,0,NA,1,ND,NO,MENOR,420,-102.23841344,21.89715974
250418228,0,30421,ROBO PERSONA,ND,3,2025-03-03,10,1,1,FRACCIONAMIENTO,PASEOS DE SAN ANTONIO,634,634,CALLE,VOLOS,NA,NA,"105,,,",CALLE,PATRAS,5,23,47,24,23:47 p. m.,false,true,1,cortante,3 HOMBRES VISTEN DE NEGRO,ND,H,H,3,0,N,N,0,0,false,0,N,N,3,celular,0,0,false,1,2,0,NA,NA,0,NA,1,ND,NO,HOMBRE,421,-102.26558631,21.80791230
250420843,0,30421,ROBO PERSONA,ND,3,2025-03-04,10,2,1,UNIDAD HABITACIONAL,IV CENTENARIO,618,618,AVENIDA,DE LA CONVENCION DE 1914 SUR,NA,NA,",,,",AVENIDA,FERROCARRIL,5,12,40,21,12:40 p. m.,false,true,3,contusa,2 HOMBRES VISTEN DE NEGRO,FRANCISCO JAVIER VALADEZ REQUENES 32 AÑOS,H,H,8,1,N,N,0,0,false,0,N,N,3,celular,0,5000,false,1,1,0,NA,NA,0,NA,1,TRANSITANDO,NO,HOMBRE,422,-102.27804386,21.86796391
250413814,0,30446,ROBO PERSONA,MARIPOSA,3,2025-03-03,10,1,1,FRACCIONAMIENTO,LOS BOSQUES,298,298,CALLE,SIERRA HERMOSA,NA,NA,"101,D,,",AVENIDA,UNIVERSIDAD,6,14,19,21,14:19 p. m.,false,false,9,ninguna,ND,ND,ND,H,8,0,N,N,0,0,false,0,N,N,14,bicicleta,0,0,false,1,1,0,NA,NA,0,NA,1,PARADO,NO,HOMBRE,423,-102.31458459,21.91958330
250415878,0,30446,ROBO PERSONA,MARIPOSA,3,2025-03-03,10,1,5,LOCALIDAD,LOS VAZQUEZ,1021,1021,CALLE,IBARRA,NA,NA,",,,",CALLE,MIGUEL HIDALGO,7,19,11,23,19:11 p. m.,false,false,9,ninguna,2 HOMBRES UNO VISTA CHAMARRA BLANCA EL OTRO CAMISA TIPO JERSEY,ND,H,H,8,0,N,N,0,0,false,0,MOTOCICLETA,MOTOCICLETA,14,bicicleta,0,0,false,1,1,0,NA,NA,0,NA,1,PARADO,NO,HOMBRE,424,-102.33117192,21.97495238
250422433,0,30422,ROBO PERSONA,ND,3,2025-03-04,10,2,1,FRACCIONAMIENTO,JOSE LOPEZ PORTILLO,175,175,CALLE,PROFESOR RICARDO GARCIA MENDOZA,NA,NA,",,,",CALLE,TENIENTE CORONEL MACARIO SARABIA,2,16,55,22,16:55 p. m.,false,true,1,cortante,1 HOMBRE 1 MUJER EL HOMBRE VISTE JERSEY BLANCO CON CACHUCHA,ND,A,H,8,0,N,N,0,0,false,0,N,N,3,celular,0,0,false,1,1,0,NA,NA,0,NA,1,PARADO,NO,HOMBRE,425,-102.32425543,21.85592251
250422678,0,30421,ROBO PERSONA,NA,3,2025-03-04,10,2,1,COMUNIDAD,EL ROCIO,329,329,AVENIDA,VALLARTA,NA,NA,",,,",CARRETERA,AGUASCALIENTES A NORIAS DE OJOCALIENTE,4,17,26,22,17:26 p. m.,false,true,4,fuego,4 PERSONAS UNO ES DE TEZ MORENO COMPLEXION DELGADO ESTATURA BAJA,ND,H,H,8,0,N,N,0,0,false,0,N,N,"3,28,29","celular,dinero,cartera",130,130,false,1,1,0,NA,NA,0,NA,1,ND,NO,HOMBRE,426,-102.23539789,21.87826798
250423780,0,30421,ROBO PERSONA,ND,3,2025-03-04,10,2,1,FRACCIONAMIENTO,PENSADORES MEXICANOS,208,208,CALLE,OCTAVIO PAZ,NA,NA,"606,,,",CALLE,JUAN RULFO,3,20,18,23,20:18 p. m.,false,true,2,punzante,2 PERSONAS UNO VISTE SUDADERA AZUL CIELO CON UN TATUAJE EN LA MANDIBULA EL OTRO USA SUDADERA COLOR GRIS AMBOS,ND,H,H,8,0,N,N,0,0,false,0,N,N,3,celular,0,0,false,1,1,0,NA,NA,0,NA,1,ND,NO,HOMBRE,427,-102.25948976,21.91477844
250424027,0,30421,ROBO PERSONA,ND,3,2025-03-04,10,2,1,FRACCIONAMIENTO,"VILLA DE NUESTRA SEÑORA DE LA ASUNCION, SECTOR GUADALUPE",342,342,CALLE,JOSE DE JESUS GONZALEZ GARCIA,NA,NA,",,,",CALLE,ELIAS DE LARA,3,20,58,23,20:58 p. m.,false,true,1,cortante,1 HOMBRE VISTE DE NEGRO,ND,H,M,8,0,N,N,0,0,false,0,N,N,"3,15,28","celular,joyeria,dinero",0,0,false,1,1,0,NA,NA,0,NA,1,TRANSITANDO,NO,MENOR,428,-102.25322272,21.92945183
250424097,0,30421,ROBO PERSONA,ND,3,2025-03-04,10,2,5,CENTRO DE ABASTOS,VIÑEDOS SAN MARCOS,1015,1015,CARRETERA,45 AGUASCALIENTES ZACATECAS,NA,NA,",,,",CALLE,VIÑEDOS RIVIER,7,21,1,23,21:01 p. m.,false,true,1,cortante,5 HOMBRES VISTEN CAMIS A CUADROS Y PANTALON MEZCLILLA,ND,H,A,8,0,N,N,0,0,false,0,N,N,"3,15,29","celular,joyeria,cartera",0,50000,false,1,1,0,NA,NA,0,NA,1,ND,SI,AMBOS,429,-102.28996193,21.97068938
250424165,0,30421,ROBO PERSONA,ND,3,2025-03-04,10,2,1,FRACCIONAMIENTO,OJOCALIENTE III,191,191,AVENIDA,SIGLO XXI,NA,NA,",,,",CALLE,LA MANZANA,4,20,58,23,20:58 p. m.,false,true,1,cortante,1 HOMBRE CON CAPUCHA NEGRA,ND,H,M,8,0,N,N,0,0,false,0,N,N,"3,28","celular,dinero",1000,1000,false,1,1,0,NA,NA,0,NA,1,PARADO,NO,MENOR,430,-102.24906806,21.88212673
250424782,0,30421,ROBO PERSONA,MARIPOSA,3,2025-03-04,10,2,1,ESPECIAL,PARQUE ECOLOGICO DE MEXICO,544,544,CALLE,PASEO DE LOS PARQUES,NA,NA,",,,",AVENIDA,GIGANTE,3,22,21,24,22:21 p. m.,false,true,1,cortante,2 HOMBRES VESTIDOS DE ALBAÑIL MANCHADOS DE MEZCLA,ND,H,H,8,0,N,N,0,0,false,0,N,N,14,bicicleta,0,1000,false,1,1,0,NA,NA,0,NA,1,TRANSITANDO,NO,HOMBRE,431,-102.26885884,21.90862163
250424881,0,30422,ROBO PERSONA,ND,3,2025-03-04,10,2,1,FRACCIONAMIENTO,JOSE LOPEZ PORTILLO,175,175,CALLE,JOSE MARIA BOCANEGRA,NA,NA,",,,",CALLE,CORONEL JOSE FERRERO,2,23,3,24,23:03 p. m.,false,false,9,ninguna,2 HOMBRES,ND,H,H,8,0,N,N,0,0,false,0,MOTOCICLETA,MOTOCICLETA,3,celular,0,1000,false,1,1,0,NA,NA,0,NA,1,ND,NO,MUJER,432,-102.32433748,21.85392657
250423188,0,30446,ROBO PERSONA,MARIPOSA,3,2025-03-04,10,2,1,FRACCIONAMIENTO,VISTA DEL SOL II,571,571,CALLE,AMANECER,NA,NA,"501,,,",CALLE,SOLEADO,5,15,15,22,18:15 p. m.,false,true,3,contusa,1 HOMBRE,ND,H,M,8,0,N,N,0,0,false,0,N,N,14,bicicleta,0,5000,false,1,1,0,NA,NA,0,NA,1,PARADO,NO,MUJER,433,-102.26765165,21.86213319
250423354,0,30446,ROBO PERSONA,MARIPOSA,3,2025-03-04,10,2,1,COLONIA,ZONA CENTRO,501,501,CALLE,MOCTEZUMA,NA,NA,",,,",CALLE,5 DE MAYO,1,19,29,23,19:23 p. m.,false,false,9,ninguna,ND,ND,ND,H,8,0,N,N,0,0,false,0,N,N,14,bicicleta,0,4200,false,1,1,0,NA,NA,0,NA,1,PARADO,NO,HOMBRE,434,-102.29699309,21.88093774
250427760,0,30422,ROBO PERSONA,DESPENSA,3,2025-03-05,10,3,1,FRACCIONAMIENTO,RODOLFO LANDEROS GALLEGOS,226,226,CALLE,PAULA DE JESUS JIMENEZ YAÑEZ,NA,NA,"225,,,",CALLE,MARIA DE LOURDES FEMAT MORONES,4,13,8,20,13:08 p. m.,false,false,9,ninguna,1 HOMBRE VISTE SUDADERA GRIS Y CASCO NEGRO,ND,H,M,8,0,N,N,0,0,false,0,MOTOCICLETA,MOTOCICLETA COLOR NEGRO,3,celular,0,0,false,1,1,0,NA,NA,0,NA,1,PARADO,NO,MUJER,435,-102.25772630,21.90377111
250382527,0,50104,ROBO PERSONA,DESPENSA,2,2025-02-27,9,4,1,FRACCIONAMIENTO,LA ESTRELLA,207,207,CALLE,CAN MAYOR,NA,NA,"801,,,",CALLE,CAPRICORNIO,3,16,4,22,16:04 p. m.,false,false,9,ninguna,1 HOMBRE 40 AÑOS DE EDAD APROX VISTE PANTALON MEZCLILLA PLAYERA COLOR AZUL TURQUESA CASCO TORNASOL,ND,H,M,8,0,N,N,0,0,false,0,MOTOCICLETA,MOTOCICLETA COLOR NEGRO,3,celular,0,0,false,1,6,0,NA,NA,0,NA,1,PARADO,NO,MUJER,436,-102.27876429,21.90179450
250430106,0,30422,ROBO PERSONA,ND,3,2025-03-05,10,3,1,FRACCIONAMIENTO,INSURGENTES,161,161,CALLE,CAPITAN GUSTAVO GARMENDIA,NA,NA,"321,,,",CALLE,GENERAL LUIS MOYA,2,19,7,23,19:07 p. m.,false,false,9,ninguna,1 HOMBRE TEZ MORENO TATUAJES EN EL CUELLO VISTE SUDADERA ROJA,ND,H,H,8,0,N,N,0,0,false,0,N,N,31,mochila,0,0,false,1,1,0,NA,NA,0,NA,1,ND,NO,HOMBRE,437,-102.31356972,21.84981926
250430180,0,30422,ROBO PERSONA,ND,3,2025-03-05,10,3,1,BARRIO,LA SALUD,499,499,CALLE,ACUEDUCTO,NA,NA,"163,,,",CALLE,DELICIAS,5,19,24,23,19:24 p. m.,false,false,9,ninguna,1 HOMBRE EDAD APROX 32 AÑOS VISTE CAMISA BLANCA PANTALON MEZCLILLA,ND,H,H,8,0,N,N,0,0,false,0,N,N,"27,29","documentos,cartera",0,0,false,1,1,0,NA,NA,0,NA,1,PARADO,NO,HOMBRE,438,-102.28433340,21.86961757
250431366,0,30422,ROBO PERSONA,ND,3,2025-03-05,10,3,1,FRACCIONAMIENTO,VILLA MONTAÑA,601,601,CALLE,CONSTITUCIONALISTA,NA,NA,"131,,,",CALLE,CERRO NOVILLO,3,21,44,24,21:44 p. m.,false,true,8,otras,1 HOMBRE VISTE CHAMARRA NEGRA ADIDAS PANTALON NEGRO CASCO NEGRO,ND,H,M,8,0,N,N,0,0,false,0,MOTOCICLETA,MOTOCICLETA ITALIKA COLOR NEGRO,3,celular,0,9000,false,1,1,0,NA,NA,0,NA,1,PARADO,NO,MUJER,439,-102.26138079,21.94100141
250428044,0,30446,ROBO PERSONA,MARIPOSA,3,2025-03-05,10,3,1,COLONIA,FATIMA,503,503,CALLE,JALOSTOTITLAN,NA,NA,"126,,,",CALLE,SAN JOSE DE LOS REYNOSO,6,13,57,21,13:57 p. m.,false,false,9,ninguna,1 HOMBRE,ND,H,M,8,0,N,N,0,0,false,0,N,N,14,bicicleta,0,0,false,1,1,0,NA,NA,0,NA,1,PARADO,NO,MUJER,440,-102.30806160,21.91233522
250429145,0,30446,ROBO PERSONA,MARIPOSA,3,2025-03-05,10,3,1,FRACCIONAMIENTO,LUIS ORTEGA DOUGLAS,221,221,CALLE,SALTO DE OJOCALIENTE,NA,NA,",,,",CALLE,GIGANTE,3,16,50,22,16:50 p. m.,false,false,9,ninguna,ND,ND,ND,H,8,0,N,N,0,0,false,0,N,N,14,bicicleta,0,0,false,1,1,0,NA,NA,0,NA,1,PARADO,NO,HOMBRE,441,-102.26296986,21.90868579
250429379,0,30446,ROBO PERSONA,NA,3,2025-03-05,10,3,1,FRACCIONAMIENTO,"VILLA DE NUESTRA SEÑORA DE LA ASUNCION, SECTOR ESTACION",354,354,CALLE,JUAN G ALVARADO,NA,NA,"219,,,",CALLE,DOMINIGO VELASCO,3,17,28,22,17:28 p. m.,false,false,9,ninguna,1 MUJER,ND,M,M,8,0,N,N,0,0,false,0,N,N,3,celular,0,0,false,1,6,0,NA,NA,0,NA,2,PARADO,NO,MUJER,442,-102.25736113,21.94009607
250435794,0,30421,ROBO PERSONA,ND,3,2025-03-06,10,4,1,FRACCIONAMIENTO,"VILLA DE NUESTRA SEÑORA DE LA ASUNCION, SECTOR ESTACION",354,354,CALLE,GERONIMO DE LA CUEVA,NA,NA,"1408,,,",CALLE,PORFIRIO FERNANDEZ SOTO,3,16,45,22,16:45 p. m.,false,true,13,"cortante,contusa",2 HOMBRES AMBOS TRAEN GORRAS,EL CHAGUI,H,H,8,0,N,N,0,0,false,0,N,N,3,celular,0,0,false,1,1,0,NA,NA,0,NA,1,ND,NO,HOMBRE,443,-102.25386183,21.93813875
250436322,0,30446,ROBO PERSONA,PLATAFORMA,3,2025-03-06,10,4,1,COLONIA,ZONA CENTRO,501,501,CALLE,JUAN DE MONTORO,NA,NA,"406,,,",CALLE,GENERAL IGNACIO ZARAGOZA,1,18,6,22,18:06 p. m.,false,false,9,ninguna,1 HOMBRE CONDUCTOR DE INDRIVE,ND,H,M,8,0,N,N,0,0,false,0,COCHE,COCHE RENAUTL COLOR BLANCO PLACAS AAS869C,"28,50","dinero,alimentos",1500,1500,false,1,1,0,NA,NA,0,NA,1,PARADO,NO,MUJER,444,-102.28971123,21.88181976
250437367,0,30446,ROBO PERSONA,MARIPOSA,3,2025-03-06,10,4,11,FRACCIONAMIENTO,PASEOS DE LA PROVIDENCIA,1320,1320,CALLE,PASEOS DE SAN JUDAS TADEO,NA,NA,",,,",CALLE,ND,7,20,46,23,20:46 p. m.,false,false,9,ninguna,ND,ND,ND,H,8,0,N,N,0,0,false,0,N,N,14,bicicleta,0,0,false,1,1,0,NA,NA,0,NA,1,PARADO,NO,HOMBRE,445,-102.27226761,22.02274976
250438412,0,30446,ROBO PERSONA,ND,3,2025-03-06,10,4,1,FRACCIONAMIENTO,EJIDO CUMBRES,210,210,CALLE,PICACHO ORIENTE,NA,NA,"704,,,",AVENIDA,POLIDUCTO,3,23,23,24,23:23 p. m.,false,true,3,contusa,30 PERSONAS,ND,H,H,0,8,N,N,0,0,false,0,N,N,53,casco,0,0,false,1,57,0,NA,NA,0,NA,1,PARADO,NO,HOMBRE,446,-102.25325757,21.91046026
250440300,0,30422,ROBO PERSONA,ND,3,2025-03-07,10,5,1,BARRIO,BARRIO SAN MARCOS,85,85,CALLE,MANUEL M PONCE,NA,NA,",,,",CALLE,ARTURO J PANI,1,10,52,20,10:52 a. m.,false,false,9,ninguna,1 MUJER VISTE SUDADERA BLANCA LLEVA UN BOLSO QUE SE CUELGA EN LA ESPALDA,ND,M,M,8,0,N,N,0,0,false,0,N,N,"3,27,28,29,38","celular,documentos,dinero,cartera,otros",700,9000,false,1,1,0,NA,NA,0,NA,1,PARADO,NO,MUJER,447,-102.30423026,21.87898264
250442462,0,30421,ROBO PERSONA,DESPENSA,3,2025-03-07,10,5,1,FRACCIONAMIENTO,NAZARIO ORTIZ GARZA,222,222,CALLE,LAS CUMBRES,NA,NA,",,,",CALLE,NIÑOS HEROES,3,16,26,22,16:26 p. m.,false,true,10,otras,1 HOMBRE EDAD APROX 35 A 40 AÑOS  TEZ BLANCA VISTE CAMISA BLANCA PANTALON NEGRO,ND,H,M,8,0,N,N,0,0,false,0,MOTOCICLETA,MOTOCICLETA COLOR NEGRO CON CAJA BLANCA,3,celular,0,10000,false,1,1,0,NA,NA,0,NA,1,PARADO,NO,MUJER,448,-102.25612460,21.90726082
250447115,0,30421,ROBO PERSONA,ND,3,2025-03-08,10,6,1,FRACCIONAMIENTO,LOMAS DE ORIENTE I,672,672,CALLE,LOMA DEL CENTRO,NA,NA,",,,",AVENIDA,PENSADORES MEXICANOS,3,7,17,19,07:17 a. m.,false,true,1,cortante,1 HOMBRE VISTE SUDADERA COLOR VERDE CON GORRA LLEVABA UN PERRO COLOR CAFE CON UNA CADENA AL CUELLO,ND,H,M,8,0,N,N,0,0,false,0,N,N,"26,38,40","bolsa,otros,tarjetas",0,0,false,1,1,0,NA,NA,0,NA,1,ND,NO,MUJER,449,-102.25680837,21.91640152
250450989,0,30421,ROBO PERSONA,ND,3,2025-03-08,10,6,1,FRACCIONAMIENTO,EL PUERTECITO,407,407,CALLE,PUERTO SAN LUCAS,NA,NA,"114,,,",CALLE,PUERTO DE SAN FRANCISCO,3,18,29,22,18:29 p. m.,false,true,3,contusa,1 HOMBRE VISTE CAMISA BLANCA CON ROJO PANTALON MEXCLILLA  TIENE UN TATUAJE CON EL NUMERO 2004 EN EL CUELLO,ND,H,H,8,0,N,N,0,0,false,0,N,N,"3,12,15","tenis,ropa,joyeria",0,0,false,1,1,0,NA,NA,0,NA,1,ND,NO,HOMBRE,450,-102.24563664,21.93764511
250451171,0,30421,ROBO PERSONA,,3,2025-03-08,10,6,1,UNIDAD HABITACIONAL,POTREROS DEL OESTE,167,167,ANDADOR,LA LOMA,NA,NA,",,,",AVENIDA,FAISAN,2,16,56,22,16:56 p. m.,false,true,1,cortante,2 HOMBRES ESTATURA APROX 180 UNO VISTE SUDADERA COLOR GRIS Y NEGROS Y PANTALON FLOJO,ND,H,H,8,2,N,N,0,0,false,0,N,N,"28,29","dinero,cartera",3000,3000,false,1,1,0,NA,NA,0,NA,1,ND,NO,HOMBRE,451,-102.29737459,21.84404447
250451915,0,30421,ROBO PERSONA,,3,2025-03-08,10,6,1,FRACCIONAMIENTO,PILAR BLANCO,142,142,ANDADOR,DEL JILGUERO,NA,NA,",,,",AVNEIDA,PASEO DE LA ASUNCION,2,20,44,23,20:44 p. m.,false,true,1,cortante,HOMBRES UNO DE ELLOS VISTE CAMISA BLANCA CON LOGOTIPO DE ADIDAS,ND,H,A,8,0,N,N,0,0,false,0,N,N,3,celular,0,0,false,1,2,0,NA,NA,0,NA,1,ND,NO,AMBOS,452,-102.30134916,21.84614463
250453022,0,30421,ROBO PERSONA,ND,3,2025-03-08,10,6,1,FRACCIONAMIENTO,ARROYO EL MOLINO,483,483,AVENIDA,ARROYO EL MOLINO,NA,NA,",,,",PRIVADA,LA RIOJA,3,22,37,24,22:37 p. m.,false,true,1,cortante,2 HOMBRES UNO VISTE SUDADERA COLOR AZUL MARINO EL OTRO CHAMARA GRIS,ND,H,H,8,0,N,N,0,0,false,0,N,N,3,celular,0,3000,false,1,1,0,NA,NA,0,NA,1,ND,NO,MENOR,453,-102.28873515,21.93515440
250453165,0,30421,ROBO PERSONA,ND,3,2025-03-08,10,6,1,FRACCIONAMIENTO,LOS ANGELES,603,603,CALLE,ARTEMIS,NA,NA,",,,",AVENIDA,FERROCARRIL,3,21,54,24,21:54 p. m.,false,true,6,arma de aire,ND,ND,H,H,8,0,N,N,0,0,false,0,N,N,"3,28","celular,dinero",0,0,false,1,2,0,NA,NA,0,NA,1,ND,NO,HOMBRE,454,-102.27965431,21.95496360
250453751,0,30421,ROBO PERSONA,ND,3,2025-03-08,10,6,5,COLONIA,CENTRO,938,938,CALLE,IGNACIO LOPEZ RAYON,NA,NA,",,,",CALLE,IGNACIO LOPEZ RAYON,7,23,50,24,23:50 p. m.,false,true,1,cortante,2 HOMBRES,ND,H,H,8,0,N,N,0,0,false,0,N,N,"3,28","celular,dinero",200,18200,true,1,10,0,NA,NA,0,NA,1,TRANSITANDO,NO,HOMBRE,455,-102.34169755,21.96436513
250453898,0,30421,ROBO PERSONA,ND,3,2025-03-09,10,7,1,FRACCIONAMIENTO,NAZARIO ORTIZ GARZA,222,222,AVENIDA,SIGLO XXI,NA,NA,",,,",CALLE,INGENIERO MANUEL GARCIA MARTINEZ,3,23,57,24,23:57 p. m.,false,true,3,contusa,12 PERSONAS VISTEN TIPO FARRUCO,ND,H,H,8,0,N,N,0,0,false,0,N,N,"3,12,28","celular,ropa,dinero",2000,3800,false,1,1,0,NA,NA,0,NA,1,TRANSITANDO,NO,MUJER,456,-102.25637925,21.90617258
250454745,0,30422,ROBO PERSONA,ND,3,2025-03-09,10,7,1,FRACCIONAMIENTO,MIRADOR DE LAS CULTURAS,323,323,AVENIDA,CULTURA OTOMI,N,NA,",,,",CALLE,CULTURA OTOMI 303,3,1,46,25,01:46 a. m.,false,false,9,ninguna,HOMBRES,ND,H,H,8,0,N,N,0,0,false,0,COCHE,COCHE ATLANTIC O CARIBE COLOR AMARILLO,3,celular,0,13000,false,1,1,0,NA,NA,0,NA,1,ND,NO,HOMBRE,457,-102.24593335,21.90862156
250454914,0,30421,ROBO PERSONA,ND,3,2025-03-09,10,7,1,FRACCIONAMIENTO,VILLA SUR,630,630,ND,ND,NA,NA,",,,",ND,ND,5,27,0,27,sin datos,false,true,3,contusa,ND,ND,ND,H,8,0,N,N,1,0,false,0,N,N,39,sin datos,0,0,false,1,1,0,NA,NA,0,NA,1,ND,NO,HOMBRE,458,-102.27231319,21.82445729
250455074,0,30421,ROBO PERSONA,ND,3,2025-03-09,10,7,1,FRACCIONAMIENTO,OJOCALIENTE I,190,190,CALLE,EL GUARDA,NA,NA,",,,",CALLE,LAS CUMBRES,4,2,26,25,02:26 a. m.,false,true,1,cortante,2 HOMBRES UNO VISTE CAMISA A CUADROS COLOR MOSTAZA Y GORRA BLANCA EDAD APROX 22 AÑOS EL OTRO TRAE GORRA COLOR PISTACHE,ND,H,H,8,0,N,N,0,0,false,0,N,N,"12,15","ropa,joyeria",0,1200,false,1,2,0,NA,NA,0,NA,1,ND,NO,HOMBRE,459,-102.25000773,21.88079885
250455595,0,30421,ROBO PERSONA,ND,3,2025-03-09,10,6,1,FRACCIONAMIENTO,NAZARIO ORTIZ GARZA,222,222,AVENIDA,SIGLO XXI,NA,NA,",,,",BOULEVARD,GUADALUPANO,4,3,59,26,03:59 a. m.,false,true,3,contusa,4 HOMBRES,ND,H,H,8,0,N,N,0,0,false,0,N,N,"12,15,28,29,30","ropa,joyeria,dinero,cartera,llaves",500,500,false,1,2,0,NA,NA,0,NA,1,ND,NO,HOMBRE,460,-102.25711715,21.90682162
250458300,0,30422,ROBO PERSONA,ND,3,2025-03-09,10,6,11,FRACCIONAMIENTO,LA RIBERA,1340,1340,TERRACERIA,A LA RIBERA,NA,NA,",,,",CALLE,N,7,15,22,21,15:22 p. m.,false,true,1,cortante,2 HOMBRES UNO VISTE DE NEGRO Y EL OTRO DE BLANCO,ND,H,H,8,0,N,N,0,0,false,0,MOTOCICLETA,MOTOCICLETA COLOR ROJO,"12,29","ropa,cartera",0,0,false,1,2,0,NA,NA,0,NA,1,ND,NO,HOMBRE,461,-102.25182064,21.95165960
250440630,0,30446,ROBO PERSONA,ND,3,2025-03-07,10,5,1,BARRIO,GUADALUPE,502,502,CALLE,GUADALUPE,NA,NA,",,,",CALLE,VALENTIN GOMEZ FARIAS,1,11,30,20,11:30 a. m.,false,false,9,ninguna,ND,ND,ND,M,8,0,N,N,0,0,false,0,N,N,"3,26,28,40","celular,bolso,cartera,dinero",500,500,false,1,1,0,NA,NA,0,NA,2,PARADO,NO,MUJER,462,-102.30273348,21.88436525
250440884,0,30446,ROBO PERSONA,ND,3,2025-03-07,10,5,1,FACCIONAMIENTO,JOSE LOPEZ PORTILLO,175,175,AVENIDA,DE LOS MAESTROS,NA,NA,",,,",CALLE,SOBERANA CONVENCION MILITAR REVOLUCIONARIA,2,12,41,21,12:41 p. m.,false,false,9,ninguna,1 HOMBRE VISTE CHAMARRA COLOR GUINDA CON RAYAS BLANCAS TEZMORENO COMPLEXION DELGADO VISTE PANTALON MEZCLILLLA AZUL CLARO,ND,H,H,8,0,N,N,0,0,false,0,N,N,3,celular,0,2700,false,1,1,0,NA,NA,0,NA,2,PARADO,NO,HOMBRE,463,-102.31672720,21.85513705
250448002,0,30422,ROBO PERSONA,ND,3,2025-03-08,10,6,1,FRACCIONAMIENTO,PASEOS DE SAN ANTONIO,634,634,AVENIDA,RANCHO SAN ANTONIO,NA,NA,",,,",AVENIDA,DE LAS PRESAS,5,11,21,20,11:21 a. m.,false,false,9,ninguna,2 MUJERES,ND,M,H,8,0,N,N,0,0,false,0,N,N,3,celular,0,0,false,1,1,0,NA,NA,0,NA,2,PARADO,NO,HOMBRE,464,-102.26681565,21.80986536
250452200,0,30446,ROBO PERSONA,MARIPOSA,3,2025-03-08,10,6,1,COMUNIDAD,EL ROCIO,329,329,CARRETERA,AGUASCALIENTES A NORIAS DE OJOCALIENTE,NA,NA,",,,",CALLE,BRISA,4,21,20,23,21:20 p. m.,false,false,9,ninguna,2 HOMBRES,ND,H,H,8,0,N,N,0,0,false,0,N,N,"14,50","bicicleta,alimentos",0,0,false,1,1,0,NA,NA,0,NA,1,PARADO,NO,HOMBRE,465,-102.23870535,21.87726530
250463638,0,30446,ROBO PERSONA,ND,3,2025-03-10,10,7,1,FRACCIONAMIENTO,"VILLA DE NUESTRA SEÑORA DE LA ASUNCION, SECTOR SAN MARCOS",580,580,AVENIDA,SIGLO XXI,NA,NA,",,,",CALLE,PAMES,3,4,5,26,04:05 a. m.,false,false,9,ninguna,ND,ND,ND,H,8,0,N,N,0,0,false,0,N,N,28,dinero,70000,70000,false,1,1,0,NA,NA,0,NA,1,PARADO,NO,HOMBRE,466,-102.26922475,21.93063160
14220015,0,30421,ROBO PERSONA,ND,3,2025-03-08,10,6,1,UNIDAD HABITACIONAL,POTREROS DEL OESTE,167,167,ANDADOR,PRADERA,NA,NA,"146,,,",CALLE,CANARIO,2,20,14,23,20:14 p. m.,false,true,1,cortante,2 HOMBRES,"JOSE RICARDO LOPEZ ROJAS  29 AÑOS,  RUBEN MARTINEZ ESPARZA 23 AÑOS",H,H,8,2,N,N,0,0,false,0,N,N,"28,29","dinero,cartera",3000,3000,false,1,2,0,NA,NA,0,NA,1,ND,NO,HOMBRE,467,-102.29904025,21.84369041
250453045,0,30451,ROBO PERSONA,ND,3,2025-03-08,10,6,1,BARRIO,EL ENCINO,517,517,AVENIDA,PASEO DE LA CRUZ,1,NA,"1630,,,",CALLE,16 DE SEPTIEMBRE,1,22,39,24,22:39 p. m.,false,false,9,ninguna,1 MUJER,ND,M,H,3,0,N,N,0,0,false,0,N,N,29,cartera,0,0,false,1,0,0,NA,NA,0,NA,1,PARADO,NO,HOMBRE,468,-102.29016013,21.87285029
250451198,0,50301,ROBO PERSONA,TUMBADOR,3,2025-03-08,10,6,1,FRACCIONAMIENTO,MORELOS I,598,598,CALLE,MEXICO LIBRE,NA,NA,",,,",AVENIDA,SIGLO XXI,5,19,14,23,19:14 p. m.,false,true,10,otras,2 HOMBRES,ND,H,H,8,0,N,N,0,0,false,0,N,N,3,celular,0,0,false,1,1,0,NA,NA,0,NA,1,ND,NO,HOMBRE,469,-102.26535238,21.85331270
250444617,0,50305,ROBO PERSONA,ND,3,2025-03-07,10,5,1,FRACCIONAMIENTO,NATURA,371,371,CALLE,FEDERICO MENDEZ,NA,NA,",,,",CALLE,GERONIMO DE LA CUEVA,3,21,33,24,21:33 p. m.,false,false,9,ninguna,1 HOMBRE TRAE UN CASCO NEGRO CON RAYAS AZULES,ND,H,M,8,0,N,N,0,0,false,0,MOTOCICLETA,MOTOCICLETA COLOR NEGRO CON ROJO,3,celular,0,7000,false,1,1,0,NA,NA,0,NA,1,ND,NO,MUJER,470,-102.25673581,21.93456241
250435508,0,50301,ROBO PERSONA,ND,3,2025-03-06,10,4,1,COLONIA,TROJES DE ALONSO,1094,1094,AVENIDA,INDEPENDENCIA,NA,NA,",,,",CALLE,ADOLFO LOPEZ MATEOS,6,15,0,21,15:00 p. m.,false,false,9,ninguna,ND,ND,ND,H,8,0,N,N,0,0,false,0,N,N,6,tecnologia,0,0,false,1,2,0,NA,NA,0,NA,1,PARADO,NO,HOMBRE,471,-102.29756487,21.93930088
250438813,0,30422,ROBO PERSONA,ND,3,2025-03-05,10,3,1,NINGUNO,NINGUNO,673,673,CALLE,FRIDA KAHLO,NA,NA,",,,",AVENIDA,SIGLO XXI,3,1,12,25,01:12 a. m.,false,false,9,ninguna,ND,ND,ND,M,8,0,N,N,0,0,false,0,N,N,26,bolso,0,0,false,1,1,0,NA,NA,0,NA,1,PARADO,NO,MUJER,472,-102.26250210,21.91781202
250430169,0,50107,ROBO PERSONA,ND,3,2025-03-05,10,3,1,FRACCIONAMIENTO,JOSE GUADALUPE PERALTA GAMEZ,334,334,CALLE,PROCERES DE LA ENSEÑANZA,NA,NA,"516,,,",CALLE,JOSE TRINIDAD VELA SALAS,4,19,21,22,19:21 p. m.,false,false,9,ninguna,HOMBRE,ND,H,H,8,0,N,N,0,0,false,0,N,N,12,ropa,0,0,false,1,1,0,NA,NA,0,NA,1,ND,NO,HOMBRE,473,-102.23654414,21.87217632
250464537,0,30421,ROBO PERSONA,ND,3,2025-03-10,11,1,1,FRACCIONAMIENTO,CAMPESTRE 1A SECCION,485,485,AVENIDA,AGUASCALIENTES NORTE,NA,NA,",,,",AVENIDA,UNIVERSIDAD,6,7,0,19,07:00 a. m.,false,true,1,cortante,1 HOMBRE,ND,H,H,8,0,N,N,0,0,false,0,N,N,3,celular,0,0,false,1,1,0,NA,NA,0,NA,1,TRANSITANDO,NO,HOMBRE,474,-102.31648464,21.91613631
250465077,0,30422,ROBO PERSONA,ND,3,2025-03-10,11,1,1,FRACCIONAMIENTO,BULEVARES 1A SECCION,157,157,AVENIDA,PASEO DE LA ASUNCION,NA,NA,",,,",CALLE,DIEGO FERNANDEZ VILLA,2,12,33,21,12:33 p. m.,false,false,9,ninguna,1 HOMBRE VISTE PLAYERA DE EQUIPO DE FUTBOL COLOR AZUL OSCURO ESTATURA ALTO COMPLEXION DELGADO TEZ MORENO USA BARBA,ND,H,H,8,0,N,N,0,0,false,0,N,N,"31,38","celular,otros",0,0,false,1,1,0,NA,NA,0,NA,1,TRANSITANDO,NO,HOMBRE,475,-102.30101464,21.85592350
250467625,0,30422,ROBO PERSONA,ND,3,2025-03-10,11,1,1,FRACCIONAMIENTO,"VILLA DE NUESTRA SEÑORA DE LA ASUNCION, SECTOR GUADALUPE",342,342,CALLE,JOSE RUIZ ESPARZA VEGA,NA,NA,",,,",AVENIDA,POLIDUCTO,3,19,53,23,19:53 p. m.,false,false,9,ninguna,2 HOMBRES UNO VISTE DE NEGRO EL OTRO VISTE DE NEGRO,ND,H,M,8,0,N,N,0,0,false,0,N,N,3,celular,0,0,false,1,1,0,NA,NA,0,NA,1,TRANSEUNTE,NO,HOMBRE,476,-102.25907541,21.92774538
250467738,0,30422,ROBO PERSONA,ND,3,2025-03-10,11,1,1,CONDOMINIO HORIZONTAL,LA HOJARASCA,431,431,CIRCUITO,ALAMO H3,NA,NA,",,,",BOULEVARD,GUADALUPANO,3,20,12,23,20:12 p. m.,false,false,9,ninguna,2 HOMBRES,ND,H,H,8,0,N,N,0,0,false,0,CAMIONETA,CAMIONETA VOYAGUER COLOR PLATA,28,dinero,4000,4000,false,1,1,0,NA,NA,0,NA,1,PARADO,NO,HOMBRE,477,-102.25040360,21.91304056
250468670,0,30422,ROBO PERSONA,ND,3,2025-03-10,11,1,1,FRACCIONAMIENTO,"VILLA DE NUESTRA SEÑORA DE LA ASUNCION, SECTOR ALAMEDA",330,330,CALLE,GERONIMO DE LA CUEVA,NA,NA,",,,",CALLE,MARCELINO MACIAS,3,22,23,24,22:23 p. m.,false,false,9,ninguna,1 HOMBRE VISTE SUETER NEGRO Y PANTALON BLANCO,ND,H,H,8,0,N,N,0,0,false,0,N,N,"26,28",bolso.celular,0,0,false,1,1,0,NA,NA,0,NA,1,ND,NO,HOMBRE,478,-102.26266243,21.93178288
250468937,0,30422,ROBO PERSONA,ND,3,2025-03-10,11,1,1,FRACCIONAMIENTO,VILLAS DEL PILAR I,491,491,AVENIDA,PASEO DE LA ASUNCION,NA,NA,",,,",AVENIDA,SIGLO XXI,2,23,7,24,23:07 p. m.,false,false,9,ninguna,3 HOMBRES VESTIDOS DE BLANCO,EL GATO,H,H,8,0,N,N,0,0,false,0,N,N,15,joyeria,0,500,false,1,1,0,NA,NA,0,NA,1,ND,NO,HOMBRE,479,-102.30153591,21.84606637
250469337,0,30421,ROBO PERSONA,MARIPOSA,3,2025-03-11,11,2,1,FRACCIONAMIENTO,LA ESTRELLA,207,207,CALLE,CAPRICORNIO,NA,NA,",,,",CALLE,LIBRA,3,0,48,25,00:48 a. m.,false,true,1,cortante,1 HOMBRE DE ASPECTO PEPENADOR VISTE PLAYERA NEGRA PANTALON MEZCLILLA GORRA COLOR ROJO,ND,H,H,8,0,N,N,0,0,false,0,N,N,"14,26,28,38,40","bicicleta,bolso,dinero,cartera,otros,tarjetas",200,200,false,1,1,0,NA,NA,0,NA,1,ND,NO,HOMBRE,480,-102.27921910,21.90298394
114220016,0,30422,ROBO PERSONA,MARIPOSA,3,2025-03-03,10,1,11,FRACCIONAMIENTO,SAN JOSE DEL BARRANCO,1301,1301,CALLE,ECOLOGIA,NA,NA,"428,,,",CALLE,VIVIENDA,7,15,25,21,15:25 p. m.,false,false,9,ninguna,ND,ND,ND,ND,8,0,N,N,0,0,false,0,N,N,14,bicicleta,0,0,false,1,1,0,NA,NA,0,NA,1,PARADO,NO,ND,481,-102.26561590,22.07004829
250456582,0,30904,ROBO PERSONA,ND,3,2025-03-09,10,7,1,COLONIA,ZONA CENTRO,501,501,CALLE,ND,NA,NA,",,,",CALLE,ND,1,27,0,27,sin datos,false,false,9,ninguna,ND,ND,ND,M,8,0,N,N,0,0,false,0,N,N,3,celular,0,0,false,1,1,0,NA,NA,0,NA,1,ND,NO,MENOR,482,-102.29358023,21.88244726
114220017,0,30422,ROBO PERSONA,ND,3,2025-03-04,10,2,11,COLONIA,MACARIO J. GOMEZ,1334,1334,CALLE,LOS BOSQUES,NA,NA,"322,,,",CALLE,MARGARITAS,7,12,40,21,12:40 p. m.,false,false,9,ninguna,1 HOMBRE,JOSUE ELISEO MONTOYA MACIAS 23 AÑOS,H,ND,8,0,N,N,0,0,false,0,N,N,3,celular,0,0,false,2,4,0,NA,NA,0,NA,1,ND,NO,ND,483,-102.25251299,21.97829029
250437069,0,30907,ROBO PERSONA,ND,3,2025-03-06,10,4,11,CARRETERA,25 RIVIER SAN MARCOS,1333R,0,CARRETERA,25 RIVIER SAN MARCOS,NA,NA,",,,",N,N,7,27,0,27,sin datos,false,false,9,ninguna,ND,ND,ND,H,8,0,N,N,0,0,false,0,N,N,3,celular,0,0,false,1,1,0,NA,NA,0,NA,1,ND,SI,HOMBRE,484,-102.26993715,21.96629964
250474498,0,30421,ROBO PERSONA,ND,3,2025-03-11,11,2,1,FRACCIONAMIENTO,"VILLA DE NUESTRA SEÑORA DE LA ASUNCION, SECTOR SAN MARCOS",580,580,AVENIDA,POLIDUCTO,NA,NA,",,,",CALLE,VALLE DE LOS ROMEROS,3,21,22,24,21:22 p. m.,false,true,1,cortante,3 HOMBRES UNO DE CPMPLEXION ROBUSTA ESTATURA ALTO VISTE SUDADERA NEGRA Y TRAE UN MACHETE OTRO VISTE SUDADERA AMARILLA,ND,H,H,8,0,N,N,0,0,false,0,N,N,3,celular,0,0,false,1,2,0,NA,NA,0,NA,1,TRANSITANDO,NO,HOMBRE,485,-102.26631010,21.93069702
250475193,0,30421,ROBO PERSONA,MARIPOSA,3,2025-03-11,11,2,1,FRACCIONAMIENTO,LOS PERICOS,287,287,CALLE,SANTA IRENE,NA,NA,",,,",AVENIDA,POLIDUCTO,3,22,39,24,22:39 p. m.,false,true,1,cortante,3 HOMBRES,ND,H,H,8,0,N,N,0,0,false,0,N,N,14,bicicleta,0,0,false,23,1,3962,NA,NA,0,NA,1,ND,NO,HOMBRE,486,-102.24979648,21.90913897
250475359,0,30421,ROBO PERSONA,ND,3,2025-03-11,11,2,1,BARRIO,GUADALUPE,502,502,CALLE,JOSE GUADALUPE POSADA,NA,NA,",,,",CALLE,GENERAL EMILIANO ZAPATA,1,23,21,24,23:21 p. m.,false,true,1,cortante,1 HOMBRE VISTE CHAMARRA NEGRA PANTALON MEZCLILLA BARBA DE CANDADO,ND,H,H,8,0,N,N,0,0,false,0,N,N,"3,11","celular,herramientas",0,0,false,1,1,0,NA,NA,0,NA,1,TRANSITANDO,NO,HOMBRE,487,-102.30770783,21.88279970
250475377,0,30422,ROBO PERSONA,ND,3,2025-03-11,11,2,1,FRACCIONAMIENTO,VILLA LAS PALMAS III,388,388,CALLE,PALMA ENANA,NA,NA,"226,,,",CALLE,PALMA MACARTHUR,5,23,24,24,23:24 p. m.,false,false,9,ninguna,1 HOMBRE VISTE JERSEY MORADO BERMUDA COLOR NEGRO,ND,H,M,8,0,N,N,0,0,false,0,N,N,3,celular,0,3000,false,1,1,0,NA,NA,0,NA,1,TRANSITANDO,NO,HOMBRE,488,-102.23493403,21.85200277
250475996,0,30422,ROBO PERSONA,ND,3,2025-03-12,11,3,1,FRACCIONAMIENTO,EJIDO CUMBRES,210,210,CALLE,MARTIRES DEL RIO BLANCO,NA,NA,",,,",CALLE,SIERRA DE HUAUTLA,3,3,3,26,03:03 a. m.,false,false,9,ninguna,1 HOMBRE VISTE CAMISA BLANCA,ND,H,M,8,0,N,N,0,0,false,0,N,N,"11,31,38","herramienta,mochila,otros",0,0,false,1,1,0,NA,NA,0,NA,1,ND,NO,MUJER,489,-102.25165078,21.90832004
250471582,0,30446,ROBO PERSONA,ND,3,2025-03-11,11,2,1,FRACCIONAMIENTO,INSURGENTES,161,161,CALLE,DE LA CONVENCION,NA,NA,",,,",CALLE,INGENIERO PASTOR ROUAIX,2,13,56,21,13:56 p. m.,false,false,9,ninguna,1 HOMBRE TRAE UN CASCO COLOR NEGRO,ND,H,M,8,0,N,N,0,0,false,0,MOTOCICLETA,MOTOCICLETA COLOR BLANCO TIPO CARGO CON UNA CAJA NEGRA EN LA PARTE DE ATRAS,3,celular,0,0,false,1,1,0,NA,NA,0,NA,2,PARADO,NO,MUJER,490,-102.30562849,21.85054954
250471683,0,30446,ROBO PERSONA,MARIPOSA,3,2025-03-11,11,2,1,ESPECIAL,ZONA FERIAL,583,583,AVENIDA,LICENCIADO ADOLFO LOPEZ MATEOS PONIENTE,NA,NA,",,,",CALLE,RAFAEL RODRIGUEZ,2,12,0,21,12:00 p. m.,false,false,9,ninguna,ND,ND,ND,H,8,0,N,N,0,0,false,0,N,N,14,bicicleta,0,0,false,1,1,0,NA,NA,0,NA,1,PARADO,NO,HOMBRE,491,-102.30617632,21.87510592
250470911,0,30904,ROBO PERSONA,ND,3,2025-03-10,11,1,1,ESPECIAL,UGASA,540,540,AVENIDA,GUADALUPE GONZALEZ,NA,NA,",,,",AVENIDA,AGUASCALIENTES PONIENTE,6,27,0,27,sin datos,false,false,9,ninguna,1 HOMBRE VISTE CAMISA AZUL PANTALON MEZCLILLA,ND,H,H,8,0,N,N,0,0,false,0,N,N,"28,40","dinero,tarjeta",7000,7000,false,1,1,0,NA,NA,0,NA,1,ND,NO,HOMBRE,492,-102.31673718,21.90943426
250477905,0,30421,ROBO PERSONA,ND,3,2025-03-12,11,3,1,FRACCIONAMIENTO,VISTAS DE ORIENTE,353,353,CALLE,SERENGUETI,NA,NA,"436,,,",CALLE,SANTIAGO,4,12,48,21,12:48 p. m.,false,true,1,cortante,2 HOMBRES AMBOS TRAEN CASCO COLOR NEGRO,ND,H,H,8,0,N,N,0,0,false,0,MOTOCICLETA,MOTOCICLETA COLOR GRIS,3,celular,0,0,false,23,1,3965,NA,NA,0,NA,1,TRANSITANDO,NO,MENOR,493,-102.23399464,21.88355396
250480693,0,30421,ROBO PERSONA,ND,3,2025-03-12,11,3,1,FRACCIONAMIENTO,FIDEL VELAZQUEZ,216,216,CALLE,ND,NA,NA,",,,",CALLE,ND,4,20,32,23,20:32 p. m.,false,true,3,contusa,ND,ND,ND,H,8,0,N,N,0,0,false,0,N,N,"28,38","dinero,otros",50,50,false,1,1,0,NA,NA,0,NA,1,TRANSITANDO,NO,MENOR,494,-102.25612901,21.89207104
250482910,0,30422,ROBO PERSONA,ND,3,2025-03-13,11,4,1,SUBDIVISION,LOS CEDROS,302,302,AVENIDA,PASEO DE LA CRUZ,NA,NA,",,,",BOULEVARD,JOSE MARIA CHAVEZ,5,7,24,19,07:24 a. m.,false,false,9,ninguna,2 HOMBRES UNO VISTE CHAMARRA BLANCA OTRO VISTE CHAMARRA NEGRA Y TRAE UN MORRAL ROJO,ND,H,H,8,0,N,N,0,0,false,0,N,N,3,celular,0,0,false,1,1,0,NA,NA,0,NA,1,ND,NO,MUJER,495,-102.29496640,21.87093324
250479853,0,30451,ROBO PERSONA,ND,3,2025-03-12,11,3,1,FRACCIONAMIENTO,"VILLA DE NUESTRA SEÑORA DE LA ASUNCION, SECTOR ALAMEDA",330,330,CALLE,VICTORINO MEDINA,NA,NA,"102,,,",CALLE,GENARO CASTILLO,3,18,33,22,18:33 p. m.,false,false,9,ninguna,1 HOMBRE,OBED ELIUD MARQUEZ VISCENCIO 30 AÑOS,H,H,8,1,N,N,0,0,false,0,N,N,31,mochila,0,0,false,1,4,0,NA,NA,0,NA,1,TRANSITANDO,NO,MENOR,496,-102.26378608,21.93198011
250465594,0,30404,ROBO PERSONA,ND,3,2025-03-10,11,1,5,ASENTAMIENTO IRREGULAR,LA CAÑADA II,949,949,CALLE,NINGUNO,NA,NA,",,,",CALLE,NINGUNO,7,13,48,21,13:48 p. m.,false,false,9,ninguna,1 MUJER VISTE VESTIDO COLOR ROJO CHAMARRA NEGRA,RENATA GUADALUPE GARZA PONCE,M,M,8,0,N,N,0,0,false,0,N,N,3,celular,0,0,false,1,1,0,NA,NA,0,NA,1,ND,NO,MUJER,497,-102.35321640,21.94942839
250478302,0,30446,ROBO PERSONA,ND,3,2025-03-12,11,3,7,RURAL,EL BAJIO,1205,1205,CALLE,CEDRO,NA,NA,",,,",CALLE,FRANCISCO VILLA,7,14,1,21,14:01 p. m.,false,false,9,ninguna,2 HOMBRES VISTEN DE NEGRO,ND,H,H,8,0,N,N,0,0,false,0,MOTOCICLETA,MOTOCICLETA ITALIKA AT110  COLOR NEGRO,11,juguetes,0,0,false,1,1,0,NA,NA,0,NA,1,PARADO,NO,MENOR,498,-102.30902665,22.24701807
250479266,0,30446,ROBO PERSONA,MARIPOSA,3,2025-03-12,11,3,1,COLONIA,DEL TRABAJO,246,246,CALLE,SEGURO SOCIAL,NA,NA,",,,",CALLE,SIGLO XIX,4,16,52,22,16:52 p. m.,false,false,9,ninguna,ND,ND,ND,H,8,0,N,N,0,0,false,0,N,N,14,bicicleta,0,0,false,1,1,0,NA,NA,0,NA,1,PARADO,NO,HOMBRE,499,-102.27394037,21.88869192
250479612,0,30446,ROBO PERSONA,MARIPOSA,3,2025-03-12,11,3,1,FRACCIONAMIENTO,SAN CAYETANO,591,591,AVENIDA,UNIVERSIDAD,NA,NA,",,,",CALLE,ASIA,6,17,54,22,17:54 p. m.,false,false,9,ninguna,1 HOMBRE TEZ MORENO ESTATURA ALTO,ND,H,H,8,0,N,N,0,0,false,0,N,N,14,bicicleta,0,0,false,1,1,0,NA,NA,0,NA,1,PARADO,NO,HOMBRE,500,-102.30557367,21.89874112
250480837,0,30446,ROBO PERSONA,ND,3,2025-03-12,11,3,1,FRACCIONAMIENTO,MIRADOR DE LAS CULTURAS II,340,340,AVENIDA,RODOLFO LANDEROS GALLEGOS,NA,NA,",,,",CALLE,CULTURA TOTONACA,3,20,56,23,20:56 p. m.,false,false,9,ninguna,ND,ND,ND,H,8,0,N,N,0,0,false,0,N,N,3,celular,0,0,false,1,1,0,NA,NA,0,NA,1,PARADO,NO,HOMBRE,501,-102.23837018,21.90798088
250485216,0,30421,ROBO PERSONA,ND,3,2025-03-13,11,4,1,FRACCIONAMIENTO,"VILLA DE NUESTRA SEÑORA DE LA ASUNCION, SECTOR ESTACION",354,354,CALLE,FRANCISCO ARMENGOL,NA,NA,",,,",CALLE,JESUS GARCIA CORONA,3,15,38,22,15:38 p. m.,false,true,1,cortante,2 HOMBRES VISTEN DE CAMISA NEGRA SIN MANGAS TRAEN UN PERRO CON ELLOS,ND,H,H,8,2,N,N,0,0,false,0,N,N,"3,12","celular,ropa",0,3800,false,1,4,0,NA,NA,0,NA,1,TRANSITANDO,NO,HOMBRE,502,-102.25726002,21.93820067
250486884,0,30421,ROBO PERSONA,ND,3,2025-03-13,11,4,1,FRACCIONAMIENTO,"VILLA DE NUESTRA SEÑORA DE LA ASUNCION, SECTOR GUADALUPE",342,342,CALLE,VILLAS DE NOTREDAM,NA,NA,",,,",CALLE,JESUS HERNANDEZ DIAZ,3,20,11,23,22:11 p. m.,false,true,1,cortante,2 HOMBRES,ND,H,H,8,0,N,N,0,0,false,0,N,N,"28,29,38","dinero,cartera,otros",300,300,false,23,1,3975,NA,NA,0,NA,1,TRANSITANDO,NO,HOMBRE,503,-102.25265335,21.92881558
250486976,0,30422,ROBO PERSONA,ND,3,2025-03-13,11,4,1,COLONIA,GREMIAL,613,613,CALLE,GENERAL MIGUEL BARRAGAN,NA,NA,",,,",CALLE,ALFREDO LEWIS ORIENTE,6,20,21,23,20:21 p. m.,false,false,9,ninguna,1 HOMBRE TRAE CASCO NEGRO Y VISTE DE CHAMARRA NEGRA,ND,H,M,8,0,N,N,0,0,false,0,MOTOCICLETA,MOTOCICLETA COLOR AZUL DE PISTA,3,celular,0,0,false,1,1,0,NA,NA,0,NA,1,PARADO,NO,MUJER,504,-102.29237405,21.89955066
250484038,0,30446,ROBO PERSONA,MARIPOSA,3,2025-03-13,11,4,11,COLONIA,MACARIO J. GOMEZ,1334,1334,CALLE,CASUARINA,NA,NA,",,,",CALLE,SABINO,7,12,20,21,12:20 p. m.,false,false,9,ninguna,1 HOMBRE VISTE PLAYERA GRIS PANTALON AZUL,ND,H,M,8,0,N,N,0,0,false,0,N,N,14,bicicleta,0,10000,true,1,10,0,NA,NA,0,NA,1,PARADO,NO,MUJER,505,-102.24701528,21.97806270
250486058,0,30446,ROBO PERSONA,MARIPOSA,3,2025-03-13,11,4,1,FRACCIONAMIENTO,LAS AMERICAS,262,262,CALLE,REPUBLICA DE PERU,NA,NA,",,,",CALLE,REPUBLICA DE PERU,2,18,5,22,18:05 p. m.,false,false,9,ninguna,1 HOMBRE EDAD APROX 50 AÑOS VISTE CAMISA COLOR CAFE MANGA LARGA PANTALON NEGRO,ND,H,H,8,0,N,N,0,0,false,0,N,N,14,bicicleta,0,0,false,1,1,0,NA,NA,0,NA,2,PARADO,NO,HOMBRE,506,-102.30001640,21.86420572
14220018,0,30421,ROBO PERSONA,ND,3,2025-03-13,11,4,1,FRACCIONAMIENTO,CANTERAS DE SAN JAVIER,689,689,CALLE,PASEO DE LA CANTERA,NA,NA,",,,",CALLE,PASEO DE LA CANTERA,2,6,20,19,06:20 a. m.,false,true,4,fuego,1 HOMBRE VISTE SUDADERA COLOR NEGRO CON CAPUCHA PANTALON MEZCLILLA TENIA PUESTA UNA MASCARA COLOR ROJO,ND,H,H,8,0,N,N,0,0,false,0,N,N,3,celular,0,8000,false,23,1,3971,NA,NA,0,NA,1,TRANSITANDO,NO,HOMBRE,507,-102.33593996,21.85990059
250490443,0,30421,ROBO PERSONA,MARIPOSA,3,2025-03-14,11,5,1,FRACCIONAMIENTO,RODOLFO LANDEROS GALLEGOS,226,226,CALLE,GENERAL LAZARO CARDENAS,NA,NA,",,,",AVENIDA,RODOLFO LANDEROS GALLEGOS,3,11,8,20,11:08 a. m.,false,true,10,otras,2 HOMBRES UNO VISTE PLAYERA AZUL PANTALON MEZCLILLA EL OTRO VISTE CAMISA BLANCA PANTALON AZUL,ND,H,H,8,0,N,N,0,0,false,0,N,N,"3,14","celular,bicicleta",0,2500,false,1,1,0,NA,NA,0,NA,1,ND,NO,HOMBRE,508,-102.25001805,21.90330484
250492807,0,30422,ROBO PERSONA,NA,3,2025-03-14,11,5,1,FRACCIONAMIENTO,PASEOS DEL SUR,634R,634,CALLE,MONTE VESUBIO,NA,NA,",,,",CALLE,MISION DE SAN MARGARITO FLORES GARCIA,5,17,35,22,17:35 p. m.,false,false,9,ninguna,2 HOMBRES,ND,H,H,8,0,N,N,0,0,false,0,MOTOCICLETA,MOTOCICLETA COLOR BLANCO,"3,29,40","celular,cartera,tarjeta",0,4000,false,1,2,0,NA,NA,0,NA,1,TRANSITANDO,NO,HOMBRE,509,-102.27121956,21.81437832
250494189,0,30422,ROBO PERSONA,ND,3,2025-03-14,11,5,1,FRACCIONAMIENTO,VILLA DE LA LOMA,336,336,CALLE,LOMA DEL CARDENAL,NA,NA,",,,",CALLE,LOMA DEL PUMA,3,21,2,23,21:02 p. m.,false,false,9,ninguna,1 HOMBRE VISTE TODO DE NEGRO Y TRAE UN CASCO NEGRO,ND,H,M,8,0,N,N,0,0,false,0,MOTOCICLETA,MOTOCICLETA,3,celular,0,0,false,1,2,0,NA,NA,0,NA,1,PARADO,NO,MUJER,510,-102.24674565,21.91325798
250494606,0,30422,ROBO PERSONA,MARIPOSA,3,2025-03-14,11,5,5,FRACCIONAMIENTO,BUENAVISTA,1070,1070,CALLE,DE LA FLOR,NA,NA,",,,",CALLE,BUENAVISTA,7,21,52,24,21:52 p. m.,false,false,9,ninguna,HOMBRES,LOS TITINOS,H,H,8,0,N,N,0,0,false,0,N,N,14,bicicleta,0,4500,true,1,10,0,NA,NA,0,NA,1,TRANSITANDO,NO,HOMBRE,511,-102.35719308,21.97294426
250494764,0,30422,ROBO PERSONA,ND,3,2025-03-14,11,5,1,CONDOMINIO,NUEVA LUCIA,448,448,CALLE,CAMINO AL COBANO,NA,NA,",,,",AVENIDA,SOLIDARIDAD,3,21,13,23,21:13 p. m.,false,false,9,ninguna,1 HOMBRE VISTE DE NEGRO Y TRAE CASCO NEGRO,ND,H,M,8,0,N,N,0,0,false,0,MOTOCICLETA,MOTOCICLETA COLOR NEGRO,3,celular,0,6000,false,23,1,3982,NA,NA,0,NA,1,PARADO,NO,MUJER,512,-102.28426885,21.90484754
250502353,0,30421,ROBO PERSONA,ND,3,2025-03-15,11,6,1,COLONIA,MORELOS,611,611,CALLE,28 DE AGOSTO,NA,NA,"2024,,,",CALLE,J DE JESUS CONSUELO,3,22,30,24,22:30 p. m.,false,true,4,fuego,1 HOMBRE COMPEXION DELGADO ESTATURA ALTO VISTE PLAYERA BLANCA PANTALON HOLGADO TRAE UN PASAMONTAÑAS,EL POLLO,H,H,8,0,N,N,0,0,false,0,N,N,"3,31","celular,mochila",0,0,false,1,1,0,NA,NA,0,NA,1,TRANSITANDO,NO,HOMBRE,513,-102.28789436,21.90407301
250504828,0,30422,ROBO PERSONA,ND,3,2025-03-16,11,7,1,COLONIA,COL SAN MARCOS,145,145,CALLE,GUADALUPE,NA,NA,",,,",CALLE,JOSE GUADALUPE POSADA MUÑOZ,6,3,13,26,03:13 a. m.,false,false,9,ninguna,VARIOS HOMBRES,ND,H,H,8,0,N,N,0,0,false,0,N,N,3,celular,0,0,false,1,1,0,NA,NA,0,NA,1,TRANSITANDO,NO,MENOR,514,-102.30748414,21.88490185
250507184,0,30421,ROBO PERSONA,ND,3,2025-03-16,11,7,1,FRACCIONAMIENTO,SOL NACIENTE,449,449,CALLE,JOSE GUERRA PALOS,NA,NA,",,,",CALLE,LECHUGUILLA,4,12,57,21,12:57 p. m.,false,true,10,otras,2 HOMBRES,FRANCISCO NICODEMUS TERRONES NAVARRO JUAN DANIEL ULLOA MEDINA,H,H,8,2,N,N,0,0,false,0,MOTOCICLETA,MOTOCICLETA VENTO 210 COLOR NEGRO SIN PLACAS CON MOCHILA TIPO DIDI,"28,29,31","dinero,cartera,mochila",280,280,false,1,4,0,NA,NA,0,NA,1,TRANSITANDO,NO,HOMBRE,515,-102.22927943,21.87278405
250510537,0,30421,ROBO PERSONA,ND,3,2025-03-16,11,7,1,FRACCIONAMIENTO,MIRADOR DE LAS CULTURAS II,340,340,CALLE,CULTURA TOTONACA,NA,NA,",,,",CALLE,CULTURA NAZCA 106,3,20,31,23,20:31 p. m.,false,true,1,cortante,3 HOMBRES UNO VISTE CHAMARRA Y PANTALON MEZCLILLA BLANCO CON NEGRO,ND,H,M,8,0,N,N,0,0,false,0,N,N,3,celular,0,0,false,1,1,0,NA,NA,0,NA,1,TRANSITANDO,NO,MUJER,516,-102.23883757,21.90862201
250512821,0,30422,ROBO PERSONA,ND,3,2025-03-17,12,1,1,FRACCIONAMIENTO,VILLA DE LA LOMA,336,336,CALLE,LOMA DEL PUMA,NA,NA,",,,",AVENIDA,LOMA DEL CARDENAL,3,0,32,25,00:32 a. m.,false,false,9,ninguna,4 HOMBRES,ND,H,H,8,0,N,N,0,0,false,0,MOTOCICLETA,MOTOCICLETA,"12,38","ropa,otros",0,0,false,1,1,0,NA,NA,0,NA,1,TRANSITANDO,NO,HOMBRE,517,-102.24697807,21.91298494
250513868,0,30421,ROBO PERSONA,ND,3,2025-03-17,12,1,1,CONDOMINIO,HACIENDA SAN MARCOS,635,635,AVENIDA,HACIENDA SANTORAL,NA,NA,",,,",AVENIDA,DE LAS PRESAS,5,4,13,26,04:13 a. m.,false,true,10,otras,ND,ND,ND,H,8,0,N,N,1,0,false,0,N,N,"3,29,40","celular,cartera,tarjetas",0,2500,false,1,1,0,NA,NA,0,NA,1,ND,NO,HOMBRE,518,-102.26787179,21.80648817
250516144,0,30422,ROBO PERSONA,TUMBADOR,3,2025-03-17,12,1,1,FRACCIONAMIENTO,VIÑEDOS DEL SUR,633,633,CALLE,ALBERTO FUENTES DAVILA,NA,NA,",,,",CALLE,AGUSTIN MANUEL CHAVEZ,5,14,27,21,14:27 p. m.,false,false,9,ninguna,3 HOMBRES UNO VISTE CHALECO COLOR NEGRO,ND,H,H,8,1,N,N,0,0,false,0,N,N,"3,29","celular,cartera",0,0,false,1,4,0,NA,NA,0,NA,1,ND,NO,HOMBRE,519,-102.27237521,21.80844520
250517398,0,30422,ROBO PERSONA,ND,3,2025-03-17,12,1,1,COLONIA,SAN PABLO,242,242,AVENIDA,PETROLEOS MEXICANOS,NA,NA,"225,,,",CALLE,LIBERTAD,6,17,43,22,17:43 p. m.,false,true,3,contusa,1 HOMBRE 1 MUJER,ND,A,H,3,0,N,N,0,0,false,0,N,N,"3,28","celular,dinero",1000,1000,false,1,2,0,NA,NA,0,NA,1,ND,NO,HOMBRE,520,-102.29836281,21.89027146
250491736,0,30446,ROBO PERSONA,ND,3,2025-03-14,11,5,1,FRACCIONAMIENTO,"VILLA DE NUESTRA SEÑORA DE LA ASUNCION, SECTOR GUADALUPE",342,342,CALLE,ALFONSO DE ANDA CUELLAR,NA,NA,"106,,,",CALLE,JOSE E FEMAT GUTIERREZ,3,14,55,21,14:55 p. m.,false,false,9,ninguna,1 MUJER,ND,M,M,5,0,N,N,0,0,false,0,N,N,3,celular,0,0,false,1,1,0,NA,NA,0,NA,1,PARADO,NO,MUJER,521,-102.25665123,21.92895623
250496239,0,30446,ROBO PERSONA,ND,3,2025-03-15,11,6,1,FRACCIONAMIENTO,VERSALLES I,461,461,AVENIDA,AGUASCALIENTES SUR,NA,NA,",,,",CALLE,ALASKA,2,2,14,25,02:14 a. m.,false,false,9,ninguna,ND,ND,ND,M,8,0,N,N,0,0,false,0,N,N,3,celular,0,0,false,1,1,0,NA,NA,0,NA,1,PARADO,NO,MUJER,522,-102.30653887,21.85863290
250501731,0,30446,ROBO PERSONA,ND,3,2025-03-15,11,6,1,COLONIA,ALTAVISTA,234,234,CALLE,PROFESOR EDMUNDO GAMEZ OROZCO,NA,NA,",,,",CALLE,ASIA,6,21,26,23,21:26 p. m.,false,true,3,contusa,2 MUJERES,ND,M,M,8,0,N,N,0,0,false,0,N,N,28,dinero,1900,1900,false,1,1,0,NA,NA,0,NA,1,TRANSITANDO,NO,MUJER,523,-102.30587392,21.89496770
250508548,0,30446,ROBO PERSONA,ND,3,2025-03-16,11,7,11,COLONIA,MACARIO J. GOMEZ,1334,1334,CALLE,MARGARITAS,NA,NA,",,,",CALLE,GUADALUPE VOCTORIA,7,16,22,22,16:22 p. m.,false,true,3,contusa,1 MENORES DE 11 Y 12 AÑOS,ND,H,H,8,0,N,N,0,0,false,0,N,N,3,celular,0,0,false,1,1,0,NA,NA,0,NA,1,ND,NO,HOMBRE,524,-102.25353334,21.97799310
250522513,0,30446,ROBO PERSONA,ND,3,2025-03-18,12,2,1,FRACCIONAMIENTO,FIDEL VELAZQUEZ,216,216,ANDADOR,FUENTE DEL SOL,NA,NA,"100,,,",CALLE,DE LAS FUENTES,4,12,47,21,12:47 p. m.,false,false,9,ninguna,1 HOMBRE,ND,H,H,8,0,N,N,0,0,false,0,MOTOCICLETA,MOTOCICLETA,3,celular,0,11000,false,1,1,0,NA,NA,0,NA,1,PARADO,NO,HOMBRE,525,-102.25988584,21.89067760
250499420,0,50102,ROBO PERSONA,ND,3,2025-03-15,11,6,1,FRACCIONAMIENTO,BULEVAR,156,156,AVENIDA,DE LA CONVENCION DE 1914 SUR,NA,NA,",,,",BOULEVARD,JOSE MARIA CHAVEZ,5,15,38,22,15:38 p. m.,false,false,9,ninguna,1 HOMBRE,ND,H,H,8,1,N,N,0,0,false,0,N,N,3,celular,0,0,false,1,4,0,NA,NA,0,NA,1,PARADO,NO,HOMBRE,526,-102.29415262,21.86573550
250511252,250511274,50102,ROBO PERSONA,ND,3,2025-03-16,11,7,1,CONDOMINIO,OJOCALIENTE INEGI,576,576,AVENIDA,OJOCALIENTE,NA,NA,",,,",CALLE,LOS CONOS,4,21,58,24,21:58 p. m.,false,false,9,ninguna,ND,ND,ND,ND,8,0,N,N,0,0,false,0,N,N,39,sin datos,0,0,false,1,13,0,NA,NA,0,NA,1,ND,NO,HOMBRE,527,-102.25101990,21.87761550
24220019,0,30422,ROBO PERSONA,ND,3,2025-03-15,11,6,2,COLONIA,LA LOMA,771,771,AVENIDA,JOSEFA ORTIZ DE DOMINGUEZ,NA,NA,",,,",CALLE,HEROES DE CHAPULTEPEC,7,23,12,24,23:12 p. m.,false,true,8,otras,1 HOMBRE,ND,H,ND,8,0,N,N,0,0,false,0,N,N,3,celular,0,0,false,1,1,0,NA,NA,0,NA,1,PARADO,NO,HOMBRE,528,-102.06526451,22.09833504
250498152,250498199,30307,ROBO PERSONA,MARIPOSA,3,2025-03-15,11,6,5,EJIDO,LOS ARQUITOS,1080,1080,CALLE,LOS PORTALES,NA,NA,",,,",CARRETERA,LOS ARQUITOS,7,12,31,21,12:31 p. m.,false,true,3,contusa,2 HOMBRES UNO VISTE DE NEGRO Y EL OTRO DE GRIS,ND,H,H,8,0,N,N,0,0,false,0,CAMIONETA,CAMIONETA SILVERADO COLOR GRIS,14,bicicleta,0,0,false,1,1,0,NA,NA,0,NA,1,PARADO,NO,HOMBRE,529,-102.38508986,21.91733686
250523140,0,30421,ROBO PERSONA,ND,3,2025-03-18,12,2,1,FRACCIONAMIENTO,PILAR BLANCO,142,142,CALLE,CANARIO,NA,NA,",,,",CALLE,GAVIOTAS,2,11,16,20,11:16 a. m.,false,true,3,contusa,VARIOS HOMBRES,ND,H,H,8,0,N,N,0,0,false,0,N,N,3,celular,0,0,false,1,57,0,NA,NA,0,NA,1,PARADO,NO,HOMBRE,530,-102.29966943,21.84769082
250523723,0,30446,ROBO PERSONA,ND,3,2025-03-18,12,2,1,FRACCIONAMIENTO,OJOCALIENTE I,190,190,CALLE,SALTO DE LOS SALADOS,NA,NA,"525,,,",CALLE,CALVILLITO,4,15,59,22,15:59 p. m.,false,false,9,ninguna,1 HOMBRE ESTATURA ALTO TEZ CLARA CON BARBA,ND,H,M,8,0,N,N,0,0,false,0,MOTOCICLETA,MOTOCICLETA,3,celular,0,0,false,1,1,0,NA,NA,0,NA,1,PARADO,NO,MUJER,531,-102.25450266,21.88335243
250523952,0,30446,ROBO PERSONA,ND,3,2025-03-18,12,2,1,SUBDIVISION,AGRICULTURA,519,519,CALLE,REPUBLICA MEXICANA,NA,NA,"216,,,",CALLE,REPUBLICA DE BRASIL,2,16,34,22,16:34 p. m.,false,false,9,ninguna,1 HOMBRE,VISTE CHAMARRA ROJA Y PANTALON OSCURO TRAE UNA MOCHILA NEGRA,H,M,8,0,N,N,0,0,false,0,N,N,3,celular,0,7000,false,1,1,0,NA,NA,0,NA,1,PARADO,NO,MUJER,532,-102.29967160,21.86364501
250530200,0,30422,ROBO PERSONA,ND,3,2025-03-19,12,3,1,FRACCIONAMIENTO,INFONAVIT MORELOS,93,93,CALLE,HUNUCMA,NA,106,",,,",AVENIDA,AGUASCALIENTES SUR,5,16,44,22,16:44 p. m.,false,false,9,ninguna,1 PERSONA,ND,ND,H,8,0,N,N,0,0,false,0,N,N,3,celular,0,0,false,1,1,0,NA,NA,0,NA,1,PARADO,NO,MENOR,533,-102.25806294,21.86050866
250530516,0,30422,ROBO PERSONA,ND,3,2025-03-19,12,3,1,FRACCIONAMIENTO,LOMAS DE SANTA ANITA,227,227,CALLE,SALVADOR DALI,NA,NA,"204,,,",CALLE,DAVID ALFARO SIQUEIROS,4,17,27,22,17:27 p. m.,false,true,8,otras,1 HOMBRE TRAE CACHUCHA,ND,H,H,8,0,N,N,0,0,false,0,BICICLETA,BICICLETA,28,dinero,500,500,false,1,1,0,NA,NA,0,NA,1,TRANSITANDO,NO,HOMBRE,534,-102.26711228,21.89376300
250531877,0,30421,ROBO PERSONA,ND,3,2025-03-19,12,3,1,FRACCIONAMIENTO,BENITO PALOMINO DENA,220,220,CALLE,ROBERTO JEFKINS RANGEL,NA,NA,",,,",CALLE,DOCTOR ALFONSO RODRIGUEZ FRANCO,3,20,45,23,20:45 p. m.,false,true,3,contusa,2 HOMBRES,LOS CHOLOS DEL BARRIO,H,H,8,0,N,N,0,0,false,0,N,N,"3,12","celular,ropa",0,0,false,1,1,0,NA,NA,0,NA,1,TRANSITANDO,NO,HOMBRE,535,-102.24835948,21.91756681
250533573,0,30422,ROBO PERSONA,ND,3,2025-03-20,12,4,1,FRACCIONAMIENTO,MIRADOR DE LAS CULTURAS II,340,340,CALLE,LOMA DEL CARDENAL 104,NA,NA,",,,",CALLE,LOMA DEL CARDENAL,3,3,9,26,03:09 a. m.,false,false,9,ninguna,3 HOMBRES,JOSE GUADALUPE MONTOYA MUÑOZ 25 AÑOS CARLOS ADRIAN DAVILA DE LIRA 22 AÑOS,H,H,8,2,N,N,0,0,false,0,N,N,"26,28","bolso,dinero",500,500,true,1,4,0,NA,NA,0,NA,1,TRANSITANDO,NO,HOMBRE,536,-102.24475606,21.91222644
250533750,0,30422,ROBO PERSONA,ND,3,2025-03-20,12,4,1,FRACCIONAMIENTO,BENITO PALOMINO DENA,220,220,CALLE,HECTOR DEL VILLAR MARTINEZ,NA,NA,"259,,,",BOULEVARD,GUADALUPANO,3,5,30,26,05:30 a. m.,false,false,9,ninguna,1 HOMBRE VISTE DE AZUL MARINO TRAE LA CARA TAPADA,ND,H,M,8,0,N,N,0,0,false,0,N,N,"3,26,28","celular,bolso,dinero",100,100,false,1,1,0,NA,NA,0,NA,1,ND,NO,MUJER,537,-102.24670361,21.91678509
250530334,0,30446,ROBO PERSONA,MARIPOSA,3,2025-03-19,12,3,8,RURAL,SAN ANTONIO DE LOS RIOS,1221,1221,CALLE,FELIPE ANGELES,NA,NA,"507,,,",CALLE,NICOLAS BRAVO,7,17,9,22,17:09 p. m.,false,false,9,ninguna,1 HOMBRE VISTE PANTALON DE MEZCLILLA DESCOLORIDO Y TRAE UNA CAPUCHA COLOR OSCURO,ND,H,H,8,0,N,N,0,0,false,0,N,N,14,bicicleta,0,0,false,1,1,0,NA,NA,0,NA,1,PARADO,NO,HOMBRE,538,-102.47519739,22.15943651
250532197,0,30446,ROBO PERSONA,ND,3,2025-03-19,12,3,1,FRACIONAMIENTO,EJIDO OJOCALIENTE,559,559,AVENIDA,TECNOLOGICO,NA,NA,",,,",AVENIDA,AGUASCALIENTES ORIENTE,4,20,28,23,20:28 p. m.,false,false,9,ninguna,ND,ND,ND,H,8,0,N,N,0,0,false,0,N,N,"31,40","mochila,tarjeta",0,0,false,1,1,0,NA,NA,0,NA,2,PARADO,NO,HOMBRE,539,-102.25769006,21.87759244
250532632,0,30446,ROBO PERSONA,ND,3,2025-03-19,12,4,1,BARRIO,LA ESTACION,203,203,AVENIDA,HEROE DE NACOZARI NORTE,NA,NA,"507,,,",CALLE,LERDO,1,22,42,24,22:42 p. m.,false,false,9,ninguna,1 HOMBRE,ND,H,H,3,0,N,N,0,0,false,0,BICICLETA,BICICLETA,6,tecnologia,0,0,false,1,1,0,NA,NA,0,NA,2,PARADO,NO,HOMBRE,540,-102.28317573,21.88618609
250533186,0,30446,ROBO PERSONA,MARIPOSA,3,2025-03-19,12,3,1,FRACCIONAMIENTO,PASEOS DE SAN ANTONIO,634,634,CALLE,SIRACUSA,NA,NA,"112,A,,",CALLE,MENORCA,5,23,35,24,23:35 p. m.,false,false,9,ninguna,ND,ND,ND,H,8,0,N,N,0,0,false,0,N,N,14,bicicleta,0,2000,false,1,2,0,NA,NA,0,NA,1,PARADO,NO,MENOR,541,-102.26523885,21.80869107
250393549,0,30428,ROBO PERSONA,NA,3,2025-03-01,9,6,1,CONDOMINIO,ALBERIA,451,451,AVENIDA,DEL VALLE,NA,NA,",,,",BOULEVARD,ADOLFO RUIZ CORTINES,6,5,45,26,05:45 a. m.,false,false,9,ninguna,1 HOMBRE CONDUCTOR DE TAXI COLOR ROJO,ND,H,H,8,0,N,N,0,0,false,0,TAXI,TAXI COLOR ROJO,3,celular,0,0,false,1,1,0,NA,NA,0,NA,1,PARADO,NO,HOMBRE,542,-102.32712884,21.87211204
250508661,0,30907,ROBO PERSONA,ND,3,2025-03-16,11,7,1,FRACCIONAMIENTO,VILLA MONTAÑA,601,601,CALLE,MONTE ALOYA,NA,NA,"306,C,,",CALLE,MONTE OKU,3,16,37,22,16:37 p. m.,false,false,9,ninguna,1 MUJER,ND,M,M,8,0,N,N,0,0,false,0,N,N,40,tarjeta,0,0,false,1,1,0,NA,NA,0,NA,1,PARADO,NO,MUJER,543,-102.26367619,21.94167944
250534938,0,30421,ROBO PERSONA,ND,3,2025-03-20,12,4,1,FRACCIONAMIENTO,LOS PIRULES,101,101,AVENIDA,AGUASCALIENTES PONIENTE,NA,NA,",,,",BOULEVARD,SAN MARCOS,2,11,32,20,11:32 a. m.,false,true,1,cortante,1 HOMBRE VISTE PLAYERA NEGRA Y SHORT AZUL,ND,H,H,8,0,N,N,0,0,false,0,N,N,3,celular,0,0,false,1,1,0,NA,NA,0,NA,1,ND,NO,HOMBRE,544,-102.31828544,21.86899380
250535375,0,30422,ROBO PERSONA,ND,3,2025-03-20,12,4,1,FRACCIONAMIENTO,VILLA MONTAÑA,601,601,CALLE,FRANCISCO DE J HERRERA L,NA,NA,",,,",CALLE,CUMBRE DE LAUDO,3,13,7,21,13:07 p. m.,false,false,9,ninguna,ND,ND,ND,H,8,0,N,N,0,0,false,0,N,N,28,dinero,570,570,false,1,1,0,NA,NA,0,NA,2,PARADO,NO,MENOR,545,-102.25419877,21.94407199
250536034,0,30421,ROBO PERSONA,ND,3,2025-03-20,12,4,1,FRACCIONAMIENTO,VALLE DE LOS CACTUS,360,360,CALLE,RECINTO JOCONOSTLE 601,NA,NA,",,,",CALLE,SOTOL,4,15,11,21,15:11 p. m.,false,true,1,cortante,3 HOMBRES UNO VISTE PLAYERA BLANCA GORRA BLANCA EL OTRO VISTE DE ROJO ESTATURA BAJA,ND,H,M,8,0,N,N,0,0,false,0,N,N,"3,28,29,31,38","celular,dinero,cartera,mochila,otros",1200,1200,false,1,1,0,NA,NA,0,NA,1,ND,NO,MUJER,546,-102.22895481,21.86555631
250537257,0,30421,ROBO PERSONA,ND,3,2025-03-20,12,4,1,FRACCIONAMIENTO,MEXICO,624,624,AVENIDA,AGUASCALIENTES SUR,NA,NA,"404,,,",CALLE,TAMAULIPAS,5,18,21,22,18:21 p. m.,false,true,1,cortante,ND,ND,ND,M,8,0,N,N,1,0,false,0,N,N,3,celular,0,4000,false,1,1,0,NA,NA,0,NA,1,TRANSITANDO,NO,MUJER,547,-102.28092932,21.86028265
250537986,0,30421,ROBO PERSONA,MARIPOSA,3,2025-03-20,12,4,5,LOCALIDAD,MARAVILLAS,991,991,CALLE,SAN VICENTE,NA,NA,",,,",CALLE,AGUSTIN MELGAR,7,20,35,23,20:35 p. m.,false,true,1,cortante,2 HOMBRES VISTEN CON SUDADERA COLOR NEGRO CON CAPUCHA,ND,H,H,8,0,N,N,0,0,false,0,N,N,"3,14","celular,bicicleta",0,17000,false,1,1,0,NA,NA,0,NA,1,TRANSITANDO,NO,HOMBRE,548,-102.32586202,21.96103089
250536214,0,30446,ROBO PERSONA,ND,3,2025-03-20,12,4,5,COLONIA,EL TORITO,1071,1071,AVENIDA,ALEJANDRO DE LA CRUZ SAUCEDO,NA,NA,",,,",CALLE,CRISTOBAL COLON,7,15,32,22,15:32 p. m.,false,false,9,ninguna,1 HOMBRE,DE LOS TITINOS,H,M,8,0,N,N,0,0,false,0,N,N,"3,15,26,28,38","celular,joyeria,bolso,dinero,otros",300,5300,false,1,1,0,NA,NA,0,NA,1,PARADO,NO,MUJER,549,-102.35399134,21.97061279
250536299,0,30446,ROBO PERSONA,RATON,3,2025-03-20,12,4,1,FRACCIONAMIENTO,RODOLFO LANDEROS GALLEGOS,226,226,CALLE,ALTAGRACIA REYES AVILA,NA,NA,",,,",CALLE,ESCARAMUZA,4,15,53,22,15:53 p. m.,false,false,9,ninguna,1 HOMBRE VISTE PLAYERA NEGRA PANTALON MEZCLILLA,ND,H,M,8,0,N,N,0,0,false,0,MOTOCICLETA,MOTOCICLETA COLOR BLANCO,3,celular,0,0,false,1,1,0,NA,NA,0,NA,1,PARADO,NO,MUJER,550,-102.25454898,21.90034597
250538700,0,30446,ROBO PERSONA,MARIPOSA,3,2025-03-20,12,4,1,FRACCIONAMIENTO,SOLIDARIDAD III,194,194,CALLE,AGUASCALIENTES SUR,NA,NA,"205,,,",CALLE,MARIANO HIDALGO,5,22,32,24,22:32 p. m.,false,false,9,ninguna,1 HOMBRE VISTE CAMISA AZUL PANTALON AZUL CACHUCHA AZUL,ND,H,H,8,0,N,N,0,0,false,0,N,N,14,bicicleta,0,0,false,1,1,0,NA,NA,0,NA,1,PARADO,NO,HOMBRE,551,-102.24868027,21.85979040
250541419,0,30446,ROBO PERSONA,ND,3,2025-03-21,12,5,1,FRACCIONAMIENTO,LA FUNDICION,590,590,CALLE,CARLOS SAGREDO,NA,NA,"2604,B,,",CALLE,ORO,6,11,22,20,11:22 a. m.,false,false,9,ninguna,2 MUJERES,ND,M,M,8,0,N,N,0,0,false,0,N,N,"3,28,29","celular,dinero,cartera",10000,10000,false,1,1,0,NA,NA,0,NA,2,PARADO,NO,MUJER,552,-102.31222397,21.90170399
250520532,0,30904,ROBO PERSONA,ND,3,2025-03-18,12,2,1,FRACCIONAMIENTO,BALCONES DE ORIENTE,376,376,CALLE,SAN FRANCISCO DE LOS VIVEROS 2402,NA,NA,",,,",CALLE,SAN FRANCISCO DE LOS VIVEROS,4,3,34,26,03:34 a. m.,false,false,9,ninguna,1 HOMBRE VISTE CAMISA BLANCA TRAE UNA MOCHILA NEGRA,ND,H,H,8,0,N,N,0,0,false,0,N,N,"3,28","celular,dinero",100,2100,false,1,2,0,NA,NA,0,NA,2,PARADO,NO,HOMBRE,553,-102.23247020,21.88578647
250520636,0,30904,ROBO PERSONA,ND,3,2025-03-18,12,2,11,FRACCIONAMIENTO,SANTA FE,1324,1324,CALLE,SAN SIMON,NA,NA,"111,,,",CALLE,SAN EDUARDO ORIENTE,7,4,34,26,04:34 a. m.,false,false,9,ninguna,ND,N,H,H,8,0,N,N,0,0,false,0,N,N,3,celular,0,0,false,20,0,0,NA,NA,0,NA,1,ND,NO,HOMBRE,554,-102.27356048,22.02881854
250542084,0,30422,ROBO PERSONA,ND,3,2025-03-21,12,5,1,FRACCIONAMIENTO,VILLA MONTAÑA,601,601,CALLE,FRANCISCO DE J HERRERA L,NA,NA,",,,",CALLE,MONTE DOBRA,3,13,10,21,13:10 p. m.,false,false,9,ninguna,3 HOMBRES,ND,H,H,8,0,N,N,0,0,false,0,N,N,11,herramienta,0,0,false,1,1,0,NA,NA,0,NA,1,ND,NO,HOMBRE,555,-102.25533649,21.94340844
250543740,0,30422,ROBO PERSONA,ND,3,2025-03-21,12,5,1,FRACCIONAMIENTO,CIRCUNVALACION NORTE,243,243,CALLE,PINO,NA,NA,",,,",CALLE,MARGIL DE JESUS,6,18,14,22,18:14 p. m.,true,false,9,ninguna,1 HOMBRE VISTE PANTALON NEGRO GORRA NEGRA PLAYERA BLANCA,ND,H,H,8,0,N,N,0,0,false,0,N,N,3,celular,0,0,false,1,2,0,NA,NA,0,NA,1,PARADO,NO,MUJER,556,-102.29778561,21.90105838
250549348,0,30422,ROBO PERSONA,MARIPOSA,3,2025-03-22,12,6,1,CC,DESARROLLO ESPECIAL GUADALUPE,645,645,AVENIDA,DE LA CONVENCION DE 1914 PONIENTE,NA,NA,",,,",AVENIDA,GUADALUPE,6,14,2,21,14:02 p. m.,false,false,9,ninguna,ND,ND,ND,H,8,0,N,N,0,0,false,0,N,N,14,bicicleta,0,5450,false,1,1,0,NA,NA,0,NA,1,PARADO,NO,HOMBRE,557,-102.31240224,21.88590814
250550473,0,30422,ROBO PERSONA,MARIPOSA,3,2025-03-22,12,6,1,FRACCIONAMIENTO,JARDINES DEL PARQUE,187,187,AVENIDA,HEROE DE NACOZARI SUR,NA,NA,",,,",CALLE,TEOTIHUACAN,5,16,53,22,16:53 p. m.,false,false,9,ninguna,3 HOMBRES VESTIMENTA TIPO CHOLO,ND,H,H,8,0,N,N,0,0,false,0,N,N,14,bicicleta,0,2000,false,1,1,0,NA,NA,0,NA,1,ND,NO,HOMBRE,558,-102.28176586,21.85134526
250552235,0,30422,ROBO PERSONA,ND,3,2025-03-22,12,6,1,FRACCIONAMIENTO,RODOLFO LANDEROS GALLEGOS,226,226,CALLE,PAZ ROMO DEL VIVAR,NA,NA,",,,",CALLE,MARIA LUISA MIER MADRAZO,4,20,59,23,20:59 p. m.,false,false,9,ninguna,2 HOMBRES,ND,H,M,8,0,N,N,0,0,false,0,N,N,38,otros,0,0,false,1,1,0,NA,NA,0,NA,1,ND,NO,MUJER,559,-102.25759179,21.90261262
250552773,0,30422,ROBO PERSONA,ND,3,2025-03-22,12,6,1,FRACCIONAMIENTO,MUJERES ILUSTRES,457,457,CALLE,MARIA DOLORES JIMENEZ Y MURO,NA,NA,"235,,,",CALLE,DE LA ALIANZA,5,22,5,23,22:05 p. m.,false,false,9,ninguna,2 HOMBRES,ND,H,H,8,0,N,N,0,0,false,0,CAMIONETA,CAMIONETA COLOR BLANCA,"12,15","ropa,joyeria",0,0,false,1,2,0,NA,NA,0,NA,1,PARADO,NO,HOMBRE,560,-102.25321579,21.84762613
250554032,0,30421,ROBO PERSONA,ND,3,2025-03-23,12,7,5,FRACCIONAMIENTO,CHICAHUALES I,1056,1056,CALLE,DOMINGO GOMEZ,NA,NA,"429,,,",CALLE,ROMAN LOERA,7,0,5,25,00:05 a. m.,false,true,3,contusa,3 PERSONAS,ND,ND,H,0,0,N,N,0,0,false,0,N,N,"28,29","cartera,dinero",3800,3800,false,1,1,0,NA,NA,0,NA,1,ND,NO,HOMBRE,561,-102.35149875,21.94662124
250556312,0,30421,ROBO PERSONA,ND,3,2025-03-23,12,7,1,UNIDAD HABITACIONAL,POTREROS DEL OESTE,167,167,ANDADOR,TEJADOS,NA,NA,"129,,,",CALLE,CANARIO,2,3,46,26,03:46 a. m.,false,true,1,cortante,7 HOMBRES,ND,H,H,8,0,N,N,1,0,false,0,N,N,3,celular,0,0,false,23,1,4013,NA,NA,0,NA,1,TRANSITANDO,NO,HOMBRE,562,-102.29828464,21.84547332
250557167,0,30421,ROBO PERSONA,ND,3,2025-03-23,12,7,1,FRACCIONAMIENTO,VALLE DE LOS CACTUS,360,360,CALLE,PASEO DE LA BIZNAGA,NA,NA,",,,",CALLE,RECINTO JOCONOSTLE 601,4,6,43,19,06:43 a. m.,false,true,2,punzante,2 HOMBRES UNO VISTE ROMPEVIENTOS OLOR NEGRO OTRO SUDADERA BLANCA AMBOS ENCAPUCHADOS,ND,H,H,8,0,N,N,0,0,false,0,N,N,3,celular,0,4500,false,1,1,0,NA,NA,0,NA,1,ND,NO,HOMBRE,563,-102.22854444,21.86521722
250559861,0,30422,ROBO PERSONA,MARIPOSA,3,2025-03-23,12,7,7,COLONIA,SANTA CRUZ,1170,1170,CALLE,ALAMO,NA,NA,"102,,,",CALLE,OLMO,7,16,10,22,16:10 p. m.,false,false,9,ninguna,ND,ND,ND,H,8,0,N,N,0,0,false,0,N,N,14,bicicleta,0,0,false,1,2,0,NA,NA,0,NA,1,PARADO,NO,HOMBRE,564,-102.33032951,22.23366087
250561504,0,30421,ROBO PERSONA,ND,3,2025-03-23,12,7,1,FRACCIONAMIENTO,PILAR BLANCO,142,142,ANDADOR,DE ALBATROS,NA,10MO,",,,",CALLE,AGUILA,2,18,51,22,18:51 p. m.,false,true,3,contusa,15 HOMBRES,ND,H,M,8,0,N,N,0,0,false,0,N,N,"26,28","bolso,dinero",0,0,false,1,2,0,NA,NA,0,NA,1,ND,NO,MUJER,565,-102.29647444,21.85002247
250563797,0,30421,ROBO PERSONA,ND,3,2025-03-22,12,6,1,FRACCIONAMIENTO,SOLIDARIDAD II,193,193,CALLE,CHICHIMECA,NA,NA,",,,",CALLE,TEOTLALPAN,5,27,0,27,sin datos,false,true,1,cortante,1 HOMBRE VISTE SUDADERA ROLA SHORT NEGRO TENIS BLANCOS,EL CHIQUIS,H,M,8,0,N,N,0,0,false,0,N,N,3,celular,0,0,false,1,1,0,NA,NA,0,NA,1,ND,NO,MUJER,566,-102.24891886,21.86427600
250536694,0,30904,ROBO PERSONA,ND,3,2025-03-20,12,4,1,FRACCIONAMIENTO,INFONAVIT MORELOS,93,93,CALLE,BONAMPAK,NA,NA,",,,",CALLE,CHICHEN ITZA,5,17,11,22,17:11 p. m.,false,false,9,ninguna,1 MUJER,ND,M,H,8,0,N,N,0,0,false,0,N,N,"6,29","tecnologia,cartera",0,0,false,1,1,0,NA,NA,0,NA,1,PARADO,NO,HOMBRE,567,-102.25524779,21.86540108
250527718,0,30904,ROBO PERSONA,ND,3,2025-03-19,12,3,1,COLONIA,HEROES,648,648,AVENIDA,LICENCIADO ADOLFO LOPEZ MATOS ORIENTE,NA,NA,",,,",AVENIDA,DE LA CONVENCION DE 1914 ORIENTE,4,7,15,19,07:15 a. m.,false,false,9,ninguna,1 HOMBRE TRAE EL PELO PINTADO,ND,H,M,8,0,N,N,0,0,false,0,N,N,39,sin datos,0,0,false,1,2,0,NA,NA,0,NA,1,TRANSITANDO,NO,MUJER,568,-102.27111666,21.87815231
250542626,0,30446,ROBO PERSONA,NA,3,2025-03-21,12,5,5,FRACCIONAMIENTO,EL MEZQUITAL,902,902,CALLE,YAQUE,NA,NA,"319,,,",PROLONGACION,PLAN DE SAN LUIS,7,12,0,21,12:00 p. m.,false,false,9,ninguna,1 HOMBRE,EL TACHO,H,H,8,0,N,N,0,0,false,0,N,N,"3,31","celular,mochila",0,2200,false,1,1,0,NA,NA,0,NA,1,PARADO,NO,MENOR,569,-102.35664294,21.96690828
250545374,0,30446,ROBO PERSONA,ND,3,2025-03-21,12,5,1,FRACCIONAMIENTO,GOMEZ,237,237,CALLE,PRIMAVERA,NA,NA,"503,,,",CALLE,26 DE MARZO,6,21,59,24,21:59 p. m.,false,false,9,ninguna,2 HOMBRES UNO DE ESTATURA MEDIA COMPLEXION ROBUSTA TEZ MORENO OJOS PEQUEÑOS VISTE CAMISA Y PANTALON NEGRO UNA SOMBRERO,ND,H,M,8,0,N,N,0,0,false,0,N,N,"28,40","dinero,tarjeta",0,4777747,false,1,1,0,NA,NA,0,NA,2,PARADO,NO,MUJER,570,-102.31304122,21.88279047
250547405,0,30446,ROBO PERSONA,MARIPOSA,3,2025-03-22,12,6,1,BARRIO,EL ENCINO,517,517,CALLE,VICENTA TRUJILLO,NA,NA,",,,",CALLE,CRISTOBAL COLON,1,6,41,19,06:41 a. m.,false,false,9,ninguna,1 HOMBRE VISTE SUDADERA AZUL,ND,H,H,8,0,N,N,0,0,false,0,N,N,14,bicicleta,0,0,false,1,1,0,NA,NA,0,NA,1,PARADO,NO,HOMBRE,571,-102.29413561,21.87603028
250547509,0,30446,ROBO PERSONA,ND,3,2025-03-22,12,6,1,FRACCIONAMIENTO,MUNICIPIO LIBRE,223,223,CALLE,VISTA HERMOSA,NA,NA,",,,",CALLE,MIRAMAR,4,7,39,19,07:39 a. m.,false,false,9,ninguna,1 HOMBRE,ND,H,M,8,0,N,N,0,0,false,0,N,N,"3,26,28,40","celular,bolso,dinero,tarjeta",1000,1000,false,1,1,0,NA,NA,0,NA,1,PARADO,NO,MUJER,572,-102.25047875,21.89723081
250554011,0,30446,ROBO PERSONA,ND,3,2025-03-23,12,7,1,FRACCIONAMIENTO,SANTA ANITA IV,543,543,AVENIDA,GABRIELA MISTRAL,NA,NA,"1001,,,",CALLE,VALLE DE LOS REYES,4,0,3,25,00:03 a. m.,false,false,9,ninguna,ND,ND,ND,M,8,0,N,N,0,0,false,0,N,N,3,celular,0,0,false,1,1,0,NA,NA,0,NA,2,PARADO,NO,MUJER,573,-102.27156018,21.90290114
250557734,0,30446,ROBO PERSONA,ND,3,2025-03-23,12,7,1,FRACCIONAMIENTO,"VILLA DE NUESTRA SEÑORA DE LA ASUNCION, SECTOR ESTACION",354,354,CALLE,VALLE DE LOS ROMEROS,NA,NA,"1824,,,",CALLE,JUAN CONTRERAS PALACIO,3,10,0,20,10:00 a. m.,false,false,9,ninguna,ND,ND,ND,M,8,0,N,N,0,0,false,0,N,N,3,celular,0,0,false,1,1,0,NA,NA,0,NA,2,PARADO,NO,MUJER,574,-102.25932891,21.93974022
250557849,0,30446,ROBO PERSONA,ND,3,2025-03-23,12,7,11,RURAL,EL CARDONAL,1323,1323,CALLE,EL MEZQUITE,NA,NA,"107,,,",CALLE,PITAHAYA,7,10,32,20,10:32 a. m.,false,false,9,ninguna,1 MUJER,ND,M,H,3,0,N,N,0,0,false,0,N,N,"3,11","celular,herramientas",0,0,false,1,1,0,NA,NA,0,NA,1,PARADO,NO,HOMBRE,575,-102.26367068,22.03733889
250557301,0,50102,ROBO PERSONA,ND,3,2025-03-23,12,7,1,EJIDO,LOS POCITOS,565,565,CALLE,ND,NA,NA,",,,",CALLE,ND,6,27,0,27,sin datos,false,false,9,ninguna,ND,ND,ND,H,8,0,N,N,0,0,false,0,N,N,39,sin datos,0,0,false,24,1,0,NA,NA,0,NA,1,ND,NO,HOMBRE,576,-102.33646970,21.92207510
250567637,0,30421,ROBO PERSONA,ND,3,2025-03-24,13,1,1,FRACCIONAMIENTO,EL PUERTECITO,407,407,CALLE,PUERTO DE JUAREZ,NA,NA,"102,,,",CALLE,PUERTO DE VERACRUZ,3,15,19,21,15:19 p. m.,false,true,10,otras,HOMBRES,ND,H,H,8,0,N,N,0,0,false,0,N,N,"3,12,15,28","celular,ropa,joyeria,dinero",0,0,false,1,1,0,NA,NA,0,NA,1,TRANSITANDO,NO,HOMBRE,577,-102.24735576,21.93710168
250570129,0,30422,ROBO PERSONA,ND,3,2025-03-24,13,1,1,FRACCIONAMIENTO,MONTEBELLO DELLA STANZA,381,381,AVENIDA,SIGLO XXI,NA,NA,",,,",CALLE,UNIDAD NACIONAL,3,21,55,24,21:55 p. m.,false,false,9,ninguna,1 HOMBRE VISTE DE NEGRO,ND,H,M,8,0,N,N,0,0,false,0,MOTOCICLETA,MOTOCICLETA COLOR NEGRO,3,celular,0,0,false,1,1,0,NA,NA,0,NA,1,PARADO,NO,MUJER,578,-102.27223554,21.93468392
250572030,250573849,30422,ROBO PERSONA,ND,3,2025-03-25,13,2,1,FRACCIONAMIENTO,LOS PERICOS,287,287,CALLE,SAN COSME,NA,NA,",,,",CALLE,SAN PEDRO,4,7,7,19,07:07 a. m.,false,false,9,ninguna,2 HOMBRES UNO VISTE SUDADERA COLOR NEGRO Y EL SUDADERA COLOR BLANCO,ND,H,M,8,0,N,N,0,0,false,0,N,N,26,bolso,0,0,false,1,1,0,NA,NA,0,NA,1,TRANSITANDO,NO,HOMBRE,579,-102.24392637,21.90412918
342200020,0,30422,ROBO PERSONA,ND,3,2025-03-17,13,1,3,COLONIA,ARROYO DE LOS CABALLOS,809,809,BOULEVARD,RODOLFO LANDEROS GALLEGOS,NA,NA,",,,",LIBRAMIENTO,JALPA,7,12,23,21,12:23 p. m.,false,false,9,ninguna,1 HOMBRE,ND,H,H,8,0,N,N,0,0,false,0,N,N,38,otros,0,0,false,1,1,0,NA,NA,0,NA,1,PARADO,NO,HOMBRE,580,-102.70916886,21.84616168
114220021,0,30422,ROBO PERSONA,MARIPOSA,3,2025-03-21,12,5,11,FRACCIONAMIENTO,SAN JOSE DEL BARRANCO,1301,1301,CALLE,SEGURIDAD PUBLICA,NA,NA,",,,",AVENIDA,OTTO GRANADOS ROLDAN,7,12,37,21,12:37 p. m.,false,false,9,ninguna,ND,ND,ND,ND,8,0,N,N,0,0,false,0,N,N,14,bicicleta,0,0,false,1,1,0,NA,NA,0,NA,1,PARADO,NO,ND,581,-102.26352264,22.06901434
250538149,0,30904,ROBO PERSONA,ND,3,2025-03-20,12,4,1,FRACCIONAMIENTO,"VILLA DE NUESTRA SEÑORA DE LA ASUNCION, SECTOR GUADALUPE",342,342,CALLE,ELIAS DE LARA,NA,NA,",,,",CALLE,CESAREA RUIZ ESPARZA Y DAVALOS,3,21,4,23,21:04 p. m.,false,false,9,ninguna,HOMBRES,ND,H,H,8,0,N,N,0,0,false,0,N,N,39,sin datos,0,0,false,1,1,0,NA,NA,0,NA,1,TRANSITANDO,NO,HOMBRE,582,-102.25299005,21.92915521
250557311,0,30904,ROBO PERSONA,ND,3,2025-03-23,12,7,1,FRACCIONAMIENTO,LOTES DE ARELLANO,487,487,CALLE,TABIQUES,NA,NA,",,,",CALLE,BARRANCO,5,7,35,19,07:35 a. m.,false,true,1,cortante,1 HOMBRE,EL QUESOS,H,H,8,0,N,N,0,0,false,0,N,N,28,dinero,0,0,false,1,1,0,NA,NA,0,NA,1,PARADO,NO,HOMBRE,583,-102.27289225,21.79777153
250557504,0,30904,ROBO PERSONA,MARIPOSA,3,2025-03-23,12,7,1,FRACCIONAMIENTO,CAPITALLIA,556,556,AVENIDA,SIGLO XXI,NA,NA,",,,",CALLE,ARTICULO 18,3,8,46,19,08:46 a. m.,false,false,9,ninguna,1 HOMBRE EMPLEADO DE SEGURIDAD PRIVADA DEL FRACCIONAMIENTO,ND,H,H,8,1,N,N,0,0,false,0,N,N,14,bicicleta,0,0,false,1,4,0,NA,NA,0,NA,1,PARADO,NO,HOMBRE,584,-102.27249190,21.93406158
250574246,0,30422,ROBO PERSONA,ND,3,2025-03-25,13,2,1,FRACCIONAMIENTO,MIRADOR DE LAS CULTURAS II,340,340,CALLE,VILLAS DE CANCUN,NA,NA,",,,",CALLE,CULTURA NAZCA,3,14,51,21,14:51 p. m.,false,false,9,ninguna,1 HOMBRE SIN CAMISA TRAE PANTALON MEZCLILLA DESGARRADO,ND,H,H,8,0,N,N,0,0,false,0,N,N,3,celular,0,0,false,1,1,0,NA,NA,0,NA,1,ND,NO,HOMBRE,585,-102.24035577,21.91206379
250576762,0,30421,ROBO PERSONA,ND,3,2025-03-25,13,2,1,FRACCIONAMIENTO,LA FLORIDA II,444,444,CALLE,PASEOS DE LA EXPLANADA,NA,NA,",,,",CALLE,PASEOS DE LOS PENSAMIENTOS,3,21,16,23,21:16 p. m.,false,true,3,contusa,ND,ND,ND,H,8,0,N,N,0,0,false,0,N,N,"3,29","celular,cartera",0,0,false,1,1,0,NA,NA,0,NA,1,ND,NO,HOMBRE,586,-102.23970502,21.93037637
250577808,0,30421,ROBO PERSONA,ND,3,2025-03-25,13,2,5,COLONIA,AYUNTAMIENTO,1049,1049,CALLE,IGNACIO ALLENDE,NA,NA,"707,,,",CALLE,CABILDO,7,23,46,24,23:46 p. m.,false,true,4,fuego,2 HOMBRES,ND,H,M,8,0,N,N,0,0,false,0,N,N,3,celular,0,12000,false,1,2,0,NA,NA,0,NA,1,ND,NO,MUJER,587,-102.34987044,21.96345656
250574783,0,30446,ROBO PERSONA,MARIPOSA,3,2025-03-25,13,2,1,FRACCIONAMIENTO,RODOLFO LANDEROS GALLEGOS,226,226,CALLE,FERIAL,NA,NA,"120,,,",CALLE,REINAS DEL FERIA,4,15,57,22,15:57 p. m.,false,false,9,ninguna,ND,ND,ND,M,8,0,N,N,0,0,false,0,N,N,"14,24","bicicleta,bateria",0,0,false,1,1,0,NA,NA,0,NA,1,PARADO,NO,MUJER,588,-102.25051985,21.89887009
250575689,0,30446,ROBO PERSONA,MARIPOSA,3,2025-03-25,13,2,1,FRACCIONAMIENTO,BULEVARES 1A SECCION,157,157,CALLE,FELIPE RUIZ DE CHAVEZ,NA,NA,",,,",CALLE,ENRIQUE B REBSAMEN,2,18,48,22,18:48 p. m.,false,false,9,ninguna,1 HOMBRE,ND,H,H,8,0,N,N,0,0,false,0,N,N,14,bicicleta,0,1900,false,1,1,0,NA,NA,0,NA,1,PARADO,NO,HOMBRE,589,-102.30324201,21.85741522
250566646,0,30421,ROBO PERSONA,ND,3,2025-03-24,13,1,1,FRACCIONAMIENTO,SOLIDARIDAD II,193,193,AVENIDA,ND,NA,NA,",,,",CALLE,ND,5,27,0,27,sin datos,false,true,10,otras,6 HOMBRES,ND,H,H,8,0,N,N,0,0,false,0,CAMIONETA,CAMIONETA COLOR NEGRA CERRADA,"3,15,29","celular,joyeria,cartera",0,0,false,1,1,0,NA,NA,0,NA,1,ND,NO,MENOR,590,-102.24761797,21.86400352
250580720,0,30446,ROBO PERSONA,MARIPOSA,3,2025-03-26,13,3,1,FRACCIONAMIENTO,"VILLA DE NUESTRA SEÑORA DE LA ASUNCION, SECTOR ENCINO",331,331,CALLE,FELIPE SERRANO,NA,NA,",,,",CALLE,FRUTALES,3,13,52,21,13:52 p. m.,false,false,9,ninguna,ND,ND,ND,H,8,0,N,N,0,0,false,0,N,N,"11,14","herramienta,bicicleta",0,0,false,1,1,0,NA,NA,0,NA,1,TPARADO,NO,HOMBRE,591,-102.26774815,21.92535290
250581546,0,30421,ROBO PERSONA,COMPRAVENTA FACEBOOK,3,2025-03-26,13,3,1,FRACCIONAMIENTO,"VILLA DE NUESTRA SEÑORA DE LA ASUNCION, SECTOR ALAMEDA",330,330,CALLE,JOSE A PINEDO,NA,NA,",,,",CALLE,GERONIMO DE LA CUEVA,3,16,4,22,16:04 p. m.,false,true,3,contusa,1 HOMBRE 1 MUJER,ND,A,M,8,0,N,N,0,0,false,0,MOTOCICLETA,MOTOCICLETA COLOR NEGRO,"28,29","dinero,cartera",1500,1500,false,1,1,0,NA,NA,0,NA,1,PARADO,NO,MUJER,592,-102.26349701,21.93051594
250581746,0,30421,ROBO PERSONA,ND,3,2025-03-26,13,3,5,FRACCIONAMIENTO,AGUA ZARCA,1052,1052,AVENIDA,CIRCUNVALACION A SOLIDARIDAD,NA,NA,",,,",BOULEVARD,MANUEL J CLOUTIER,7,16,45,22,16:45 p. m.,false,true,3,contusa,1 PAREJA,ND,A,M,8,0,N,N,0,0,false,0,MOTOCICLETA,MOTOCICLETA COLOR NEGRO,39,sin datos,0,0,false,1,1,0,NA,NA,0,NA,1,PARADO,NO,MUJER,593,-102.33831542,21.95430929
250583246,0,30421,ROBO PERSONA,ND,3,2025-03-26,13,3,1,UNIDAD HABITACIONAL,POTREROS DEL OESTE,167,167,ANDADOR,ACANTILADO,NA,NA,",,,",CALLE,CANARIO,2,20,22,23,20:22 p. m.,false,true,10,otras,2 HOMBRES UNO VISTE PANTALON COLOR GRIS ROTO Y CHAMARRA NEGRA EL OTRO VISTE PLAYERA BLANCA Y PANTALON NEGRO,ND,H,M,8,0,N,N,0,0,false,0,N,N,"15,28","joyeria,dinero",0,0,false,1,2,0,NA,NA,0,NA,1,TRANSITANDO,NO,MENOR,594,-102.29857889,21.84364081
250583425,0,30422,ROBO PERSONA,ND,3,2025-03-26,13,3,1,FRACCIONAMIENTO,LA FLORIDA II,444,444,CALLE,DE LOS NARCISOS,NA,NA,"113,,,",CALLE,PASEO DE LA CUEVA,3,20,0,23,20:00 p. m.,false,true,1,cortante,3 HOMBRES UNO DE ELLOS VISTE CAMISA DE BOTONES,ND,H,H,8,0,N,N,0,0,false,0,N,N,"3,12","celular,ropa",0,0,false,1,1,0,NA,NA,0,NA,1,TRANSITANDO,NO,MENOR,595,-102.24052936,21.92952934
250585251,0,30422,ROBO PERSONA,ND,3,2025-03-27,13,4,1,FRACCIONAMIENTO,LOMAS DE SANTA ANITA,227,227,AVENIDA,AGUASCALIENTES ORIENTE,NA,NA,",,,",CALLE,DAVID ALFARO SIQUIEROS,4,2,50,25,02:50 a. m.,false,false,9,ninguna,ND,ND,ND,H,8,0,N,N,0,0,false,0,N,N,3,celulares,0,0,false,1,1,0,NA,NA,0,NA,1,ND,NO,HOMBRE,596,-102.26491245,21.89291250
250589853,0,30421,ROBO PERSONA,ND,3,2025-03-27,13,4,1,FRACCIONAMIENTO,JESUS TERAN PEREDO,249,249,CALLE,GENERAL LUIS MOYA,NA,NA,"810,,,",CALLE,CARITINO MALDONADO,5,21,7,23,21:07 p. m.,false,true,3,contusa,2 HOMBRES,ND,A,H,8,0,N,N,1,0,false,0,N,N,"3,12","celular,ropa",0,6000,false,1,1,0,NA,NA,0,NA,1,TRANSITANDO,NO,AMBOS,597,-102.27383332,21.87007006
250591419,0,30422,ROBO PERSONA,ND,3,2025-03-28,13,5,1,FRACCIONAMIENTO,ESPAÑA,171,171,CALLE,MALAGA,NA,NA,"206,,,",CALLE,ESPAÑA,2,2,14,25,02:14 a. m.,false,false,9,ninguna,HOMBRES,ND,H,H,8,0,N,N,0,0,false,0,N,N,3,celular,0,0,false,1,1,0,NA,NA,0,NA,1,ND,NO,HOMBRE,598,-102.31600440,21.86306020
250588090,0,30446,ROBO PERSONA,MARIPOSA,3,2025-03-27,13,4,1,COLONIA,GREMIAL,613,613,CALLE,20 DE NOVIEMBRE,NA,NA,",,,",CALLE,MARTIN ENRIQUEZ DE ALMANZA,6,16,30,22,16:30 p. m.,false,false,9,ninguna,1 HOMBRE TEZ MORENO ESTATURA 185 TRAE UNA GORRA,JUAN JOSE,H,H,0,0,N,N,0,0,false,0,N,N,14,bicicleta,0,0,false,1,1,0,NA,NA,0,NA,1,PARADO,NO,HOMBRE,599,-102.28769210,21.89596131
250594334,0,30421,ROBO PERSONA,COMPRA VENTA AUTO FA,3,2025-03-28,13,5,5,FRACCIONAMIENTO,PASEOS DE AGUASCALIENTES,930,930,CALLE,PASEOS DE GOMEZ PORTUGAL,NA,NA,"112,,,",CALLE,PASEOS DE SAN JOSE DE GRACIA,7,16,23,22,16:23 p. m.,false,true,34,"contusa,fuego",3 HOMBRES TODOS VISTEN CAMISA COLOR BLANCO UNO DE ELLOS DE ESTATURA BAJA,DE LA FAMILIA MICHOACANA,H,H,8,0,N,N,0,0,false,0,COCHE,COCHE VW VENTO,"3,27,28,29","celular,documentos,dinero,cartera",150700,150700,false,1,1,0,NA,NA,0,NA,1,PARADO,NO,HOMBRE,600,-102.29939089,21.96594572
250594848,0,30421,ROBO PERSONA,COMPRA VENTA AUTO FA,3,2025-03-28,13,5,1,FRACCIONAMIENTO,VILLAS DEL COBANO,103,103,CIRCUITO,LAGO ZIRAHUEN,NA,NA,",,,",CALLE,LACUSTRE,3,18,12,22,18:12 p. m.,false,true,4,fuego,3 HOMBRES,ND,H,H,8,0,N,N,0,0,false,0,N,N,"3,28,29","celular,dinero,cartera",1000,1000,false,1,1,0,NA,NA,0,NA,1,PARADO,NO,HOMBRE,601,-102.28011486,21.90957914
250595524,0,30421,ROBO PERSONA,COMPRA VENTA AUTO FA,3,2025-03-28,13,5,1,FRACCIONAMIENTO,VILLAS DEL CAMPESTRE,105,105,CALLE,MONTENEGRO,NA,NA,",,,",CALLE,MONTE BLANCO,6,20,36,23,20:36 p. m.,false,true,4,fuego,4 HOMBRES,ALAN JIMENEZ GUTIERREZ 30 AÑOS DE MEXICO PEDRO LARA ANTONIO DE CHIAPAS Y MAURICIO SALAZAR CRISTINO DE MEXICO,H,H,8,3,N,N,0,0,false,0,COCHE,COCHE VW POLO COLOR BLANCO PLACAS NYX2786,"3,15,27,28","celular,joyeria,documentos,dinero",0,130000,false,1,4,0,NA,NA,0,NA,1,PARADO,NO,HOMBRE,602,-102.31600635,21.92896151
250595606,0,30421,ROBO PERSONA,ND,3,2025-03-28,13,5,1,FRACCIONAMIENTO,MISION DE SANTA LUCIA,350,350,CALLE,MISION DE SAN CRISTOBAL MAGALLANES JARASE,NA,NA,",,,",AVENIDA,GENERAL MARIANO ESCOBEDO,5,20,50,23,20:50 p. m.,false,true,1,cortante,HOMBRES,ND,H,H,8,0,N,N,0,0,false,0,COCHE,COCHE CHEVY COLOR ARENA,38,otros,0,0,false,1,1,0,NA,NA,0,NA,1,TRANSITANDO,NO,MENOR,603,-102.27059484,21.84660800
250595902,0,30421,ROBO PERSONA,ND,3,2025-03-28,13,5,1,FRACCIONAMIENTO,ESPAÑA,171,171,CALLE,MALAGA,NA,NA,"224,,,",AVENIDA,AGUASCALIENTES PONIENTE,2,20,44,23,20:44 p. m.,false,true,"1,10","cortante,otros",1 HOMBRE ESTATURA APROX 160 COMPLEXION DELGADA VISTE BERMUDA CON SUDADERA CON CAPUCHA COLOR BEIGE Y AMARILLO,ND,H,H,8,0,N,N,1,0,false,0,N,N,"3,27,31","celular,documentos,mochila",0,0,false,1,1,0,NA,NA,0,NA,1,PARADO,NO,HOMBRE,604,-102.31662746,21.86337406
250599496,0,30422,ROBO PERSONA,ND,3,2025-03-29,13,6,1,FRACCIONAMIENTO,JARDINES DE CASABLANCA,199,199,AVENIDA,SIGLO XXI,NA,NA,",,,",CALLE,GENERAL MARIANO ESCOBEDO,5,13,49,21,13:49 p. m.,false,false,9,ninguna,1 MUJER VISTE DE COLOR CAFE CON LINEAS NEGRAS PANTALON NEGRO,ND,M,M,8,0,N,N,0,0,false,0,N,N,26,bolso,0,0,false,1,1,0,NA,NA,0,NA,1,PARADO,NO,MUJER,605,-102.27219168,21.85124511
250603570,0,30421,ROBO PERSONA,ND,3,2025-03-29,13,6,1,FRACCIONAMIENTO,FUNDADORES,595,595,PROLONGACION,AMALIA GOMEZ ZEPEDA,NA,NA,",,,",AVENIDA,DIAGONAL ALFIL,5,23,21,24,23:21 p. m.,false,true,14,"cortante,fuego",2 HOMBRES,ND,H,A,8,0,N,N,0,0,false,0,N,N,"3,28","celular,dinero",2000,2000,false,1,1,0,NA,NA,0,NA,1,ND,NO,AMBOS,606,-102.24782049,21.84375273
250604235,0,30421,ROBO PERSONA,ND,3,2025-03-30,13,7,1,FRACCIONAMIENTO,MORELOS II,188,188,CALLE,30 DE SEPTIEMBRE,NA,NA,",,,",CALLE,VALERIO TRUJANO,5,0,44,25,00:44 a. m.,false,true,1,cortante,2 HOMBRES VISTEN DE NEGRO,ND,H,H,8,0,N,N,1,0,true,0,N,N,"3,28","celular,dinero",0,0,false,1,1,0,NA,NA,0,NA,1,ND,NO,HOMBRE,607,-102.25865888,21.85052386
250605528,0,30421,ROBO PERSONA,ND,3,2025-03-30,13,7,1,FRACCIONAMIENTO,JARDINES DE CASA NUEVA 1A SECCION,313,313,CALLE,11/08/2025,NA,NA,"205,,,",CALLE,MEXICO LIBRE,5,3,49,26,03:49 a. m.,false,true,10,otros,1 HOMBRE VISTE UNIFORME DE LA EMPRESA GESTAM PANTALON MEZCLILLA CHAMARRA AZUL MARINO CON FRANJAS FOSFORECENTES,ND,H,M,8,0,N,N,0,0,false,0,N,N,3,celular,0,4000,false,1,1,0,NA,NA,0,NA,1,TRANSITANDO,NO,MUJER,608,-102.26724126,21.85783945
250605866,0,30421,ROBO PERSONA,ND,3,2025-03-30,13,7,1,FRACCIONAMIENTO,PROGRESO,209,209,CALLE,PASCUAL CORNEJO,NA,NA,",,,",CALLE,AGUSTIN MEJIA,3,4,56,26,04:56 a. m.,false,true,10,sin datos,ND,ND,ND,H,8,0,N,N,0,0,false,0,N,N,3,celular,0,0,false,1,2,0,NA,NA,0,NA,1,TRANSITANDO,NO,HOMBRE,609,-102.26520614,21.90505423
250606390,0,30422,ROBO PERSONA,MARIPOSA,3,2025-03-30,13,7,1,COLONIA,GREMIAL,613,613,CALLE,GENERAL FRANCISCO VILLA,NA,NA,",,,",CALLE,PROFESRO JOSE REYES MARTINEZ,6,8,13,19,08:13 a. m.,false,false,9,ninguna,1 HOMBRE VISTE SUDADERA COLOR NEGRO PANTALON MEZCLILLA,ND,H,H,8,0,N,N,0,0,false,0,N,N,14,bicicleta,0,15000,false,1,1,0,NA,NA,0,NA,1,PARADO,NO,HOMBRE,610,-102.28929778,21.89729266
250607080,0,30422,ROBO PERSONA,ND,3,2025-03-30,13,7,1,FRACCIONAMIENTO,SANTA ANITA,102,102,CALLE,FRANZ HALLS,NA,NA,"106,,,",CALLE,MIGUEL DE CERVANTES SAAVEDRA,4,10,58,20,10:58 a. m.,false,false,9,ninguna,ND,ND,ND,M,8,0,N,N,0,0,false,0,N,N,28,dinero,500,500,false,1,1,0,NA,NA,0,NA,1,ND,NO,MUJER,611,-102.27522932,21.89482065
250614601,0,30421,ROBO PERSONA,ND,3,2025-03-31,14,1,1,COLONIA,TALAMANTES PONCE,510,510,AVENIDA,INDEPENDENCIA,NA,NA,"2301,,,",CALLE,REFORMA,6,6,19,19,06:19 a. m.,false,true,4,fuego,1 HOMBRE VISTE DE NEGRO CON PASAMONTAÑA,ND,H,H,8,0,N,N,0,0,false,0,N,N,"3,2,28,29","celular,computo,dinero,cartera",400,30000,false,1,1,0,NA,NA,0,NA,1,PARADO,NO,MENOR,612,-102.29782966,21.93303476
250614609,0,30421,ROBO PERSONA,ND,3,2025-03-31,14,1,1,FRACCIONAMIENTO,JOSE GUADALUPE PERALTA GAMEZ,334,334,CALLE,JOSE GUERRA PALOS,NA,NA,",,,",CALLE,DECIDERIO MACIAS SILVA,4,6,15,19,06:15 a. m.,false,true,1,cortante,2 HOMBRES,ND,H,H,8,0,N,N,0,0,false,0,N,N,"3,15","celular,joyeria",0,0,false,1,1,0,NA,NA,0,NA,1,ND,NO,HOMBRE,613,-102.23973514,21.86984677
250617693,0,30421,ROBO PERSONA,ND,3,2025-03-31,14,1,1,FRACCIONAMIENTO,VILLA DE LAS FUENTES,385,385,CALLE,CULTURA PIMANA,NA,NA,"307,,,",AVENIDA,LOMA DL CARDENAL,3,16,15,22,16:15 p. m.,false,true,8,otras,1 MUJER VISTE CAMISA BLANCA COMPLEXION ROBUSTA Y TEZ BLANCA,ND,M,M,8,0,N,N,0,0,false,0,N,N,3,celular,0,0,false,1,1,0,NA,NA,0,NA,1,ND,NO,MUJER,614,-102.23490514,21.91240037
250593671,0,30446,ROBO PERSONA,MARIPOSA,3,2025-03-28,13,5,1,COLONIA,EL RIEGO,291,291,AVENIDA,ESPIGA,NA,NA,"334,,,",CALLE,RETOÑO,4,13,56,21,13:56 p. m.,false,false,9,ninguna,1 HOMBRE VISTE OBERON COLOR AZUL,EL DIABLO,H,H,8,0,N,N,0,0,false,0,N,N,14,bicicleta,0,0,false,1,1,0,NA,NA,0,NA,1,PARADO,NO,HOMBRE,615,-102.25108977,21.89222156
250596028,0,30446,ROBO PERSONA,MARIPOSA,3,2025-03-28,13,5,1,FRACCIONAMIENTO,INSURGENTES,161,161,CALLE,GENERAL LUIS MOYA,NA,NA,"108,,,",CALLE,GABRIEL LEYVA,2,21,57,24,21:57 p. m.,false,false,9,ninguna,ND,ND,ND,ND,8,0,N,N,0,0,false,0,N,N,14,bicicleta,0,0,false,1,2,0,NA,NA,0,NA,1,ND,NO,ND,616,-102.31190200,21.84879400
250597994,0,30446,ROBO PERSONA,MARIPOSA,3,2025-03-29,13,6,1,FRACCIONAMIENTO,JOSE LOPEZ PORTILLO,175,175,CALLE,CORONEL JOSE MARIA MARTINEZ VALADEZ,NA,NA,"247,,,",CALLE,JOSE MARIA BOCANEGRA,2,6,38,19,16:38 p. m.,false,false,9,ninguna,ND,ND,ND,H,0,0,N,N,0,0,false,0,N,N,14,bicicleta,0,1600,false,1,1,0,NA,NA,0,NA,1,PARADO,NO,HOMBRE,617,-102.32519271,21.85480651
250598132,0,30446,ROBO PERSONA,MARIPOSA,3,2025-03-29,13,6,1,COLONIA,HEROES,648,648,AVENIDA,CONVENCION DE 1914 ORIENTE,NA,NA,",,,",AVENIDA,LICENCIADO ADOLFO LOPEZ MATEOS ORIENTE,4,6,0,19,06:00 a. m.,false,false,9,ninguna,ND,ND,ND,H,8,0,N,N,0,0,false,0,N,N,14,bicicleta,0,800,false,1,1,0,NA,NA,0,NA,1,PARADO,NO,HOMBRE,618,-102.27171192,21.87833848
250606927,0,30446,ROBO PERSONA,ND,3,2025-03-30,13,7,5,FRACCIONAMIENTO,LOMAS DE JESUS MARIA,1096,1096,CALLE,UXMAL,NA,NA,"299,,,",CALLE,XOCHICALCO,7,10,22,20,10:22 a. m.,false,false,9,ninguna,ND,ND,ND,H,8,0,N,N,0,0,false,0,N,N,"3,12,28","celular,ropa,dinero",0,0,false,1,2,0,NA,NA,0,NA,2,PARADO,NO,HOMBRE,619,-102.34310124,21.95170147
250620569,0,30446,ROBO PERSONA,ND,3,2025-03-31,14,1,1,RACCIONAMIENTO,LUIS ORTEGA DOUGLAS,221,221,CALLE,SALTO DE OJOCALIENTE,NA,NA,",,,",CALLE,GIGANTE,3,23,7,24,23:07 p. m.,false,false,9,ninguna,2 HOMBRES,ND,H,M,8,0,N,N,0,0,false,0,N,N,3,celular,0,0,false,1,57,0,NA,NA,0,NA,2,PARADO,NO,MUJER,620,-102.26297250,21.90861032
250615869,0,50102,ROBO PERSONA,ND,3,2025-03-31,14,1,1,FRACCIONAMIENTO,ESPAÑA,171,171,CALLE,ESPAÑA,NA,NA,",,,",CALLE,ALMERIA,2,11,4,20,11:04 a. m.,false,false,9,ninguna,ND,ND,ND,M,8,0,N,N,0,0,false,0,N,N,3,celular,0,0,false,1,1,0,NA,NA,0,NA,1,TRANSITANDO,NO,MUJER,621,-102.31423527,21.86478091
250541174,0,50305,ROBO PERSONA,ND,3,2025-03-21,12,5,1,DESARROLLO ESPECIAL,CC VILLASUNCION,560,560,BOULEVARD,JOSE MARIA CHAVEZ,NA,NA,",,,",CALLE,HERNAN GONZALEZ,2,10,42,20,10:42 a. m.,false,false,9,ninguna,2 MUJERES,ND,M,M,8,0,N,N,0,0,false,0,N,N,28,dinero,2200,2200,false,1,1,0,RETIRO,BBVA,0,CC VILLASUNCION,2,PARADO,NO,MUJER,622,-102.29478727,21.86838582
250557301,0,50102,ROBO PERSONA,ND,3,2025-03-23,12,7,1,EJIDO,LOS POCITOS,565,565,ND,ND,NA,NA,",,,",ND,ND,6,27,0,27,Sin datos,false,false,9,ninguna,ND,ND,ND,H,8,0,N,N,0,0,false,0,N,N,39,sin datos,0,0,false,1,1,0,NA,NA,0,NA,1,ND,NO,HOMBRE,623,-102.33521237,21.91993483
250635809,0,30904,ROBO PERSONA,MARIPOSA,4,2025-04-02,14,3,1,COLONIA,ALTAVISTA,234,234,CALLE,SAN FELIPE,NA,NA,",,,",CALLE,CARLOS SAGREDO,6,12,35,21,12:35 p. m.,false,false,9,ninguna,ND,ND,ND,H,8,0,N,N,0,0,false,0,N,N,14,bicicleta,0,0,false,1,1,0,NA,NA,0,NA,1,PARADO,NO,HOMBRE,624,-102.30575391,21.89212784
250628076,0,30904,ROBO PERSONA,MARIPOSA,4,2025-04-02,14,3,1,CONDOMINIO HORIZONTAL,NUESTRA SEÑORA DE LOURDES,600,600,AVENIDA,SIGLO XXI,NA,NA,",,,",BOULEVARD,JUAN PABLO II,2,2,49,25,02:49 a. m.,false,true,1,cortante,3 HOMBRES,ND,H,H,8,0,N,N,0,0,false,0,N,N,14,biccleta,0,9000,false,1,4,0,NA,NA,0,NA,1,ND,NO,HOMBRE,625,-102.35286669,21.85202999
250633326,0,30307,ROBO PERSONA,ND,4,2025-04-02,14,3,1,FRACCIONAMIENTO,OJO DE AGUA INFONAVIT,622,622,AVENIDA,AYUNTAMIENTO,NA,NA,",,,",AVENIDA,HEROE DE NACOZARI SUR,5,21,52,24,21:52 p. m.,false,false,9,ninguna,1 HOMBRE,ND,H,H,8,0,N,N,0,0,false,0,COCHE,COCHE COLOR BLANCO PLACAS AF765F,3,celular,0,0,false,1,1,0,NA,NA,0,NA,1,PARADO,NO,HOMBRE,626,-102.28224257,21.86508979
250603857,0,30907,ROBO PERSONA,ND,3,2025-03-29,13,6,1,FRACCIONAMIENTO,EJIDO CUMBRES,210,210,AVENIDA,SIGLO XXI,NA,NA,",,,",ND,ND,4,23,56,24,23:56 p. m.,false,true,8,otras,2 MUJERES,ND,M,M,8,0,N,N,0,0,false,0,N,N,3,celular,0,2000,false,1,1,0,NA,NA,0,NA,1,TRANSITANDO,NO,MUJER,627,-102.25617057,21.90489461
250605554,0,50301,ROBO PERSONA,ND,3,2025-03-30,13,7,1,COLONIA,ZONA CENTRO,501,501,CALLE,WASCO,NA,NA,",,,",AVENIDA,LICENCIADO ADOLFO LOPEZ MATEOS ORIENTE,1,2,30,25,02:30 a. m.,false,false,9,ninguna,ND,ND,ND,M,8,0,N,N,0,0,false,0,N,N,3,celular,0,0,false,1,1,0,NA,NA,0,NA,1,ND,NO,MUJER,628,-102.29040324,21.87938285
250602849,0,30907,ROBO PERSONA,ND,3,2025-03-29,13,6,1,FRACCIONAMIENTO,EJIDO CUMBRES,210,210,CALLE,SIERRA LACANDONA,NA,NA,"106,,,",CALLE,SIERRA DEL MAGUEY,3,22,17,24,22:17 p. m.,false,false,9,ninguna,1 MUJER,ND,M,M,8,0,N,N,0,0,false,0,N,N,3,celular,0,0,false,1,1,0,NA,NA,0,NA,1,PARADO,NO,MUJER,629,-102.25867056,21.91233798
250599545,0,30907,ROBO PERSONA,ND,3,2025-03-29,13,6,1,FRACCIONAMIENTO,MORELOS II,188,188,AVENIDA,SIGLO XXI,NA,NA,",,,",AVENIDA,HEROE INMORTAL,5,13,55,21,13:55 p. m.,false,false,9,ninguna,1 MUJER,ND,M,M,3,0,N,N,0,0,false,0,N,N,11,juguetes,0,0,false,1,1,0,NA,NA,0,NA,1,ND,NO,MUJER,630,-102.26917165,21.85194550
250595608,0,30907,ROBO PERSONA,ND,3,2025-03-28,13,5,1,FRACCIONAMIENTO,ESPAÑA,171,171,AVENIDA,DE LA CONVENCION DE 1914 PONIENTE,NA,NA,",,,",AVENIDA,AGOSTADERITO,2,20,51,23,20:51 p. m.,false,true,10,sin datos,2 HOMBRES,ND,H,H,8,0,N,N,1,0,false,0,MOTOCICLETA,MOTOCICLETA ITALIKA COLOR NEGRO,39,sin datos,0,0,false,1,1,0,NA,NA,0,NA,1,ND,NO,HOMBRE,631,-102.30912721,21.86791615
250595477,0,30904,ROBO PERSONA,ND,3,2025-03-28,13,5,5,LOCALIDAD,VALLADOLID,1036,1036,CALLE,DEL ESFUERZO,NA,NA,",,,",CALLE,VALLADOLID,7,17,0,22,17:00 p. m.,false,false,9,ninguna,1 HOMBRE VISTE CAMISETA AZUL PANTALON MEZCLILLA,ND,H,H,8,0,N,N,0,0,false,0,N,N,3,celular,0,4500,false,1,1,0,NA,NA,0,NA,1,ND,NO,MENOR,632,-102.31491984,22.02057260
250594975,0,30907,ROBO PERSONA,ND,3,2025-03-28,13,5,1,FRACCIONAMIENTO,LAS AMERICAS,262,262,AVENIDA,DE LA CONVENCION DE 1914 SUR,NA,NA,",,,",AVENIDA,QUINTA,2,18,55,22,18:55 p. m.,false,false,9,ninguna,1 HOMBRE,ND,H,M,8,0,N,N,0,0,false,0,N,N,26,bolso,0,0,false,1,2,0,NA,NA,0,NA,1,PARADO,NO,MUJER,633,-102.29842533,21.86604684
250620899,0,30421,ROBO PERSONA,ND,4,2025-04-01,14,2,5,CONDOMINIO,RUISEÑORES,1022,1022,CIRCUITO,GORRION,NA,NA,"234,,,",CIRCUITO,GORRION,7,0,0,25,00:00 a. m.,false,true,4,fuego,2 HOMBRES UNO VISTE PLAYERA BLANCA PANTALON HOLGADO COLOR CAQUI ESTATURA BAJA OTRO VISTE SUDADERA CON RAYAS COLOR VERDE,JONATHAN EDUARDO PUENTE ANDRADE 24 AÑOS,H,H,8,0,N,N,0,0,false,0,N,N,"3,55","celular,scooter",0,12000,true,1,10,0,NA,NA,0,NA,1,TRANSITANDO,NO,HOMBRE,634,-102.32879130,21.96834739
250621991,0,30422,ROBO PERSONA,ND,4,2025-04-01,14,2,1,COLONIA,ZONA CENTRO,501,501,CALLE,GENERAL MIGUEL BARRAGAN,NA,NA,",,,",CALLE,NARCIZO MENDOZA,1,9,3,20,09:03 a. m.,false,true,3,contusa,2 HOMBRES UNO DE ELLOS VISTE SUDADERA BLANCA Y TRAE UN CASCO,ND,H,H,8,0,N,N,0,0,false,0,N,N,23,"computo,celular",0,8000,false,23,1,4049,NA,NA,0,NA,1,TRANSITANDO,NO,HOMBRE,635,-102.28876320,21.88854651
250632318,0,30421,ROBO PERSONA,ND,4,2025-04-02,14,3,1,FRACCIONAMIENTO,MORELOS I,598,598,CALLE,CONGRESO DE CHILPANCINGO,NA,NA,",,,",CALLE,HERMANOS GALEANA,5,19,52,23,19:52 p. m.,false,true,3,contusa,2 HOMBRES UNO VISTE SHORT TIPO MILITAR TRAE UN CANGURERA EN LA CINTURA PLAYERA NEGRA EL OTRO VISTE PLAYERA BLANCA,ND,H,H,8,0,N,N,0,0,false,0,N,N,3,celular,0,3000,false,1,1,0,NA,NA,0,NA,1,PARADO,NO,MENOR,636,-102.26430956,21.85483587
250633971,0,30421,ROBO PERSONA,ND,4,2025-04-02,14,3,1,FRACCIONAMIENTO,OJOCALIENTE II,577,577,CALLE,EL NOVILLO,NA,NA,"102,,,",CALLE,LA GUAYANA,4,23,37,24,23:37 p. m.,false,true,3,contusa,1 HOMBRE,BRYAN JAVIER VELOZ GONZALEZ 26 AÑOS,H,M,8,0,N,N,0,0,false,0,N,N,"3,26,28,38","celular,bolso,dinero,otros",1500,5000,false,1,2,0,NA,NA,0,NA,1,ND,NO,MUJER,637,-102.25150698,21.87665803
250637034,0,30422,ROBO PERSONA,ND,4,2025-04-03,14,4,11,RURAL,EL CARDONAL,1323,1323,CALLE,YUCA,NA,NA,"205,,,",CALLE,CACTUS,7,14,6,21,14:06 p. m.,false,false,9,ninguna,2 MENORES,JUSTIN Y FERNANDO,H,H,8,0,N,N,0,0,false,0,N,N,3,celular,0,2800,true,1,10,0,NA,NA,0,NA,1,TRANSITANDO,NO,MENOR,638,-102.26253237,22.03666770
250637923,0,30422,ROBO PERSONA,MARIPOSA,4,2025-04-03,14,4,1,CONDOMINIO,HACIENDA SAN MARCOS,635,635,AVENIDA,MISION DE SAN MARGARITO FLORES GARCIA,NA,NA,",,,",AVENIDA,HACIENDA SANTORAL,5,16,44,22,16:44 p. m.,false,true,3,contusa,1 HOMBRE VISTE PLAYERA BLANCA SHORT DE MEZCLILLA CON GORRA Y LENTES,ND,H,H,8,0,N,N,0,0,false,0,N,N,14,bicicleta,0,2000,false,1,1,0,NA,NA,0,NA,1,TRANSITANDO,NO,HOMBRE,639,-102.27027914,21.80698267
250641380,0,30421,ROBO PERSONA,ND,4,2025-04-04,14,5,1,FRACCIONAMIENTO,MIRADOR DE LAS CULTURAS II,340,340,AVENIDA,CULTURA NAZCA,NA,NA,",,,",AVENIDA,LOMA DEL CARDENAL,3,4,36,26,04:36 a. m.,false,true,1,cortante,1 HOMBRE,ND,H,M,8,0,N,N,0,0,false,0,N,N,3,celular,0,3000,false,23,1,4061,NA,NA,0,NA,1,TRANSITANDO,NO,MUJER,640,-102.23973139,21.91107671
250643845,0,30421,ROBO PERSONA,ND,4,2025-04-04,14,5,1,COLONIA,TROJES DE ALONSO,1094,1094,AVENIDA,INDEPENDENCIA,NA,NA,",,,",CALLE,ADOLFO LOPEZ MATEOS,6,15,9,21,15:09 p. m.,false,true,3,contusa,2 HOMBRES UNO TRAE GORRA AZUL Y PASAMONTAÑAS EDAD APROX 19 AÑOS,ND,H,A,8,0,N,N,0,0,false,0,N,N,"12,28,29,31","ropa,dinero,cartera,mochila",7000,12000,false,1,1,0,NA,NA,0,NA,1,TRANSITANDO,NO,AMBOS,641,-102.29735744,21.93933529
250645934,0,30422,ROBO PERSONA,ND,4,2025-04-04,14,5,6,RURAL,CARRETERA 45 KM 28 CERCA DE MIGUEL ALEMAN (SECADORA),1142R,0,CARRETERA,45 AGUASCALIENTES ZACATECAS,28,NA,",,,",CALLE,ND,7,20,2,23,20:02 p. m.,false,false,9,ninguna,2 HOMBRES UNO VISTE SUDADERA NEGRA ELOTRO SUDADERA AZUL,ND,H,H,8,0,N,N,0,0,false,0,N,N,"28,29,40","dinero,cartera,tarjeta",1400,1400,false,1,1,0,NA,NA,0,NA,1,PARADO,SI,HOMBRE,642,-102.28266634,22.12286552
250646066,0,30421,ROBO PERSONA,ND,4,2025-04-04,14,5,1,FRACCIONAMIENTO,MIRADOR DE LAS CULTURAS,323,323,CALLE,CULTUR CHICHIMECA,NA,NA,",,,",CALLE,CULTURA AZTECA,3,20,27,23,20:27 p. m.,false,true,3,contusa,ND,ND,ND,H,8,0,N,N,0,0,false,0,N,N,"3,29","celular,cartera",0,0,false,1,2,0,NA,NA,0,NA,1,ND,NO,HOMBRE,643,-102.24544571,21.90742973
250648757,0,30421,ROBO PERSONA,ND,4,2025-04-05,14,6,1,FRACCIONAMIENTO,PASEOS DE SAN ANTONIO,634,634,AVENIDA,PSEOS DE LA HABANA,NA,NA,"207,,,",CALLE,RANCHO SAN ANTONIO,5,5,57,26,05:57 a. m.,false,true,1,cortante,3 HOMBRES UNO VISTE CHAMARRA GRIS Y PANTALON NEGRO,ND,H,H,8,0,N,N,0,0,false,0,N,N,3,celular,0,0,true,1,10,0,NA,NA,0,NA,1,ND,NO,HOMBRE,644,-102.26936705,21.81007748
250649008,0,30421,ROBO PERSONA,ND,4,2025-04-05,14,6,1,FRACCIONAMINTO,LAS CUMBRES,218,218,AVENIDA,SIGLO XXI,NA,NA,"311,,,",CALLE,AMBROSIO VERASTEGUI GUERRERO,3,7,59,19,07:59 a. m.,false,true,12,"cortante,penetrante",2 HOMBRES EDAD APROX 18 Y 30 AÑOS 1 MUJER EDAD 40 AÑOS DE ASPECTO PEPENADOR,ND,A,H,8,0,N,N,0,0,false,0,N,N,"3,27,29,40","celular,documentos,cartera,tarjeta",0,0,false,1,1,0,NA,NA,0,NA,1,ND,NO,HOMBRE,645,-102.26043496,21.91306967
250652070,0,30421,ROBO PERSONA,MARIPOSA,4,2025-04-05,14,6,5,FRACCIONAMIENTO,CHICAHUALES I,1056,1056,CALLE,DOMINGO GOMEZ,NA,NA,"438,,,",CALLE,ROMAN LOERA,7,18,23,22,18:23 p. m.,false,true,3,contusa,2 HOMBRES,EL CHATO,H,H,8,0,N,N,1,0,false,0,N,N,14,bicicleta,0,4000,false,1,1,0,NA,NA,0,NA,1,ND,NO,HOMBRE,646,-102.35193814,21.94664968
250652757,0,30421,ROBO PERSONA,ND,4,2025-04-05,14,5,1,FRACCIONAMIENTO,VALLE DE LOS CACTUS,360,360,CALLE,CALIXTO SERNA VALDIVIA,4,NA,",,,",CALLE,PASEO DE LA BISNAGA,4,20,5,23,20:05 p. m.,false,true,3,contusa,1 HOMBRE EDAD APROX 18 A 20 AÑOS VISTE CHAMARRA NEGRA CAPUCHA Y GORRA PANTALON CAFE,ND,H,M,8,0,N,N,0,0,false,0,CAMIONETA,CAMIONETA,3,celular,0,0,false,1,1,0,NA,NA,0,NA,1,TRANSITANDO,NO,MENOR,647,-102.23541346,21.87432914
250654295,0,30422,ROBO PERSONA,ND,4,2025-04-05,14,6,1,BARRIO,GUADALUPE,502,502,CALLE,BENJAMIN DE LA MORA,NA,NA,"156,,,",CALLE,REFORMA,1,23,17,24,23:17 p. m.,false,false,9,ninguna,ND,ND,ND,M,8,0,N,N,0,0,false,0,N,N,15,joyeria,0,0,false,20,13,0,NA,NA,0,NA,1,ND,NO,MUJER,648,-102.30659389,21.88847171
250657019,0,30422,ROBO PERSONA,ND,4,2025-04-06,14,7,1,FRACCIONAMIENTO,LOMAS DEL CHAPULIN,463,463,CALLE,ZACATECO,NA,NA,"204,,,",CALLE,GUAYACAN,5,4,16,26,04:16 a. m.,false,false,9,ninguna,1 HOMBRE,ND,H,M,3,0,N,N,0,0,false,0,N,N,"3,28","celular,dinero",3000,10000,false,1,1,0,NA,NA,0,NA,2,PARADO,NO,MUJER,649,-102.24576755,21.86232441
250657485,0,30421,ROBO PERSONA,ND,4,2025-04-06,14,7,1,FRACCIONAMIENTO,VISTA DE LAS CUMBRES,308,308,CALLE,PIANO,NA,NA,",,,",CALLE,ARPA,4,7,21,19,07:21 a. m.,false,true,3,contusa,1 HOMBRE VISTE PLAYERA BLANCA TRAE CUBREBOCAS Y GORRA,ND,H,H,8,0,N,N,0,0,false,0,N,N,28,dinero,240,240,false,1,1,0,NA,NA,0,NA,1,PARADO,NO,HOMBRE,650,-102.23856287,21.89723199
250658287,0,30422,ROBO PERSONA,ND,4,2025-04-06,14,7,1,COLONIA,MACIAS ARELLANO,608,608,CALLE,CAMINO AL COBANO,NA,NA,",,,",CALLE,C,3,11,16,20,11:16 a. m.,false,false,9,ninguna,1 HOMBRE VISTE PLAYERA AZUL PANTALON MESCLILLA TENIS COLOR BLANCO,ND,H,M,8,0,N,N,0,0,false,0,N,N,3,celular,0,3000,false,1,1,0,NA,NA,0,NA,1,ND,NO,MUJER,651,-102.28286863,21.90544745
250658466,0,30422,ROBO PERSONA,MARIPOSA,4,2025-04-06,14,7,1,FRACCIONAMIENTO,MIRADOR DE LAS CULTURAS,323,323,CALLE,CULTURA MAYA,NA,NA,",,,",CALLE,CULTURA MAYA,3,11,53,20,11:53 a. m.,false,true,1,cortante,2 HOMBRES AMBOS VISTEN SUDADERA NEGRA TEZ MORENO,ND,H,H,8,0,N,N,0,0,false,0,N,N,"3,6,14,31","celular,tecnologia,bicicleta,mochila",0,33600,false,1,1,0,NA,NA,0,NA,1,ND,NO,HOMBRE,652,-102.24327486,21.90584888
250658540,0,30422,ROBO PERSONA,ND,4,2025-04-06,14,7,1,FRACCIONAMIENTO,"VILLA DE NUESTRA SEÑORA DE LA ASUNCION, SECTOR ESTACION",354,354,CALLE,JESUS GARCIA CORONA,NA,NA,",,,",CALLE,RAFAEL GOMEZ RAMIREZ,3,12,7,21,12:07 p. m.,false,false,9,ninguna,3 HOMBRES,ND,H,H,8,1,N,N,0,0,false,0,N,N,"3,28,29","celular,dinero,cartera",1000,1000,false,1,4,0,NA,NA,0,NA,1,ND,NO,HOMBRE,653,-102.25656526,21.93715456
250660307,0,30422,ROBO PERSONA,ND,4,2025-04-06,14,7,1,FRACCIONAMIENTO,INFONAVIT MORELOS,93,93,CALLE,HOPELCHEN,NA,NA,",,,",RETORNO,TERCERO MARIANO HIDALGO,5,16,47,22,16:47 p. m.,false,false,9,ninguna,1 HOMBRE DE EDAD APROX 17 AÑOS VISTE PLAYERA NEGRA GORRA AZUL PANTALON MEZCLILLA,ND,H,H,8,0,N,N,0,0,false,0,N,N,3,celular,0,0,false,1,1,0,NA,NA,0,NA,1,ND,NO,HOMBRE,654,-102.25765056,21.86525943
250664634,0,30421,ROBO PERSONA,ND,4,2025-04-07,15,1,1,FRACCIONAMIENTO,EL PUERTECITO,407,407,CALLE,PUERTO LAZARO CARDENAS,NA,NA,"215,,,",CALLE,PUERTO ISLA DEL CARMEN,3,3,44,26,03:44 a. m.,false,true,1,cortante,2 HOMBRES,ND,H,H,8,0,N,N,0,0,false,0,N,N,"27,29,40","documentos,cartera,tarjetas",0,0,false,1,2,0,NA,NA,0,NA,1,ND,NO,HOMBRE,655,-102.24891936,21.93806344
250623789,0,30446,ROBO PERSONA,MARIPOSA,4,2025-04-01,14,1,1,FRACCIONAMIENTO,CONSTITUCION,607,607,CALLE,ARTICULO 27,NA,NA,",,,",CALLE,ARTICULO 18,3,14,23,21,14:23 p. m.,false,false,9,ninguna,1 HOMBRE TRAE UNA CAPUCHA COLOR AZUL,ND,H,H,8,0,N,N,0,0,false,0,N,N,14,bicicleta,0,9000,false,1,1,0,NA,NA,0,NA,1,PARADO,NO,HOMBRE,656,-102.28405673,21.93202750
250631442,0,30446,ROBO PERSONA,ND,4,2025-04-02,14,3,11,FRACCIONAMIENTO,LA RIBERA,1340,1340,CALLE,URICHO,NA,NA,"735,,,",CALLE,CHUPICUARO,7,17,38,22,17:38 p. m.,false,false,9,ninguna,1 HOMBRE DE 30 AÑOS DE EDAD APROX,ND,H,M,8,0,N,N,0,0,false,0,N,N,3,celular,0,200,false,1,1,0,NA,NA,0,NA,1,PARADO,NO,HOMBRE,657,-102.24584796,21.96178571
250633929,0,30446,ROBO PERSONA,ND,4,2025-04-02,14,3,1,FRACCIONAMIENTO,"VILLA DE NUESTRA SEÑORA DE LA ASUNCION, SECTOR ALAMEDA",330,330,CALLE,IGNACIO ORTIZ,NA,NA,"114,,,",CALLE,JESUS MARTINEZ,3,23,29,24,23:29 p. m.,false,true,1,cortante,1 HOMBRE VISTE PALYERA BLANCA MIDE 160 APROX,ND,H,H,8,0,N,N,0,0,false,0,N,N,3,celular,0,0,false,1,1,0,NA,NA,0,NA,1,PARADO,NO,HOMBRE,658,-102.26752151,21.93328844
250637457,0,30446,ROBO PERSONA,MARIPOSA,4,2025-04-03,14,4,5,COLONIA,LOS VAZQUEZ,917,917,CALLE,VENUSTIANO CARRANZA,NA,NA,"513,,,",CALLE,ABEDUL,7,15,14,21,15:14 p. m.,false,false,9,ninguna,1 HOMBRE VISTE PLAYERA NEGRA GORRA ROJO LENTES NEGROS,ND,H,H,8,0,N,N,0,0,false,0,N,N,14,bicicleta,0,6000,false,1,1,0,NA,NA,0,NA,1,PARADO,NO,MENOR,659,-102.29604495,21.99929328
250637924,0,30446,ROBO PERSONA,MARIPOSA,4,2025-04-03,14,4,1,FRACCIONAMIENTO,GOMEZ,237,237,CALLE,PRESBITERO DOCTOR SALVADOR QUEZADA LIMON,NA,NA,",,,",AVENIDA,DE LA CONVENCION DE 1914 PONIENTE,6,16,34,22,16:34 p. m.,false,false,9,ninguna,1 HOMBRE VISTE PLAYERA NEGRA ESTATURA BAJA TEZ MORENO,ND,H,H,8,0,N,N,0,0,false,0,N,N,14,bicicleta,0,2500,false,1,1,0,NA,NA,0,NA,1,PARADO,NO,HOMBRE,660,-102.31260112,21.88546364
250638804,0,30446,ROBO PERSONA,MARIPOSA,4,2025-04-03,14,4,1,FRACCIONAMIENTO,PASEOS DE SAN ANTONIO,634,634,CALLE,TRAPANI,NA,NA,"106,A,,",CALLE,ITALIA,5,19,16,23,19:16 p. m.,false,true,1,cortante,2 HOMBRES UNO VISTE PLAYERA BLANCA CON SHORT DE MEZCLILLA EL OTRO PLAYERA BLANCA Y PANTALON MEZCLILLA,ND,H,H,8,0,N,N,0,0,false,0,N,N,14,bicicleta,0,0,true,1,10,0,NA,NA,0,NA,1,PARADO,NO,HOMBRE,661,-102.27204566,21.81198274
250647429,0,30446,ROBO PERSONA,MARIPOSA,4,2025-04-04,14,5,1,COLONIA,OBRAJE,518,518,CALLE,HERMENEGILDO GALEANA SUR,NA,NA,"420,,,",AVENIDA,AYUNTAMIENTO,1,23,1,24,23:01 p. m.,false,false,9,ninguna,1 HOMBRE,ND,H,H,8,0,N,N,0,0,false,0,N,N,14,bicicleta,0,0,false,1,1,0,NA,NA,0,NA,1,PARADO,NO,HOMBRE,662,-102.29684322,21.87419085
250649984,0,30446,ROBO PERSONA,ND,4,2025-04-05,14,5,1,BARRIO,BARRIO SAN MARCOS,85,85,CALLE,ARTURO J PANI,NA,NA,",,,",CALLE,NIETO,1,11,58,20,11:58 a. m.,false,false,9,ninguna,ND,ND,ND,M,8,0,N,N,0,0,false,0,N,N,"3,26,28","celular,bolso,dinero",13000,13000,false,1,1,0,NA,NA,0,NA,1,PARADO,NO,MUJER,663,-102.30392006,21.87768436
250655228,250655085,30446,ROBO PERSONA,ND,4,2025-04-06,14,7,1,FRACCIONAMIENTO,JARDINES DE LA CONCEPCION II,127,127,BOULEVARD,LUIS DONALDO COLOSIO,NA,NA,"635,,,",CALLE,MONTEBLANCO,6,0,33,25,00:33 a. m.,false,false,9,ninguna,ND,ND,ND,M,8,0,N,N,0,0,false,0,N,N,"2,31,38","computo,mochila,otros",0,0,false,1,1,0,NA,NA,0,NA,2,PARADO,NO,MUJER,664,-102.29927275,21.92491473
250658403,0,30446,ROBO PERSONA,MARIPOSA,4,2025-04-06,14,7,1,FRACCIONAMIENTO,OJOCALIENTE I,190,190,CALLE,EL NIAGARA,NA,NA,"105,,,",CALLE,SAN FRANCISCO DE LOS ROMO,4,11,40,20,11:40 a. m.,false,false,9,ninguna,1 HOMBRE VISTE SUDADERA NEGRA Y PALIACATE EN LA CARA,ND,H,M,8,0,N,N,0,0,false,0,N,N,14,bicicleta,0,5000,false,1,1,0,NA,NA,0,NA,1,PARADO,NO,MUJER,665,-102.25699614,21.88215417
250658573,0,30446,ROBO PERSONA,MARIPOSA,4,2025-04-06,14,7,9,COMUNIDAD,EL CHAYOTE,1248,1248,CALLE,MIGUEL HIDALGO,NA,NA,"197,,,",CALLE,JOSEFA ORTIZ DE DOMINGUEZ,7,12,12,21,12:12 p. m.,false,false,9,ninguna,1 HOMBRE,EL TONAYAN,H,M,8,0,N,N,0,0,false,0,N,N,14,bicicleta,0,0,true,1,10,0,NA,NA,0,NA,1,PARADO,NO,MUJER,666,-102.24043240,22.28569073
250660629,0,30446,ROBO PERSONA,ND,4,2025-04-06,14,7,1,FRACCIONAMIENTO,PRADOS DEL SUR,537,537,CALLE,PICO DE ORIZABA,NA,NA,",,,",CALLE,GERTRUDIS BOCANEGRA,2,17,37,22,17:37 p. m.,false,false,9,ninguna,1 PERSONA VISTE SUDADERA DE VARIOS COLORES Y PANTALON NEGRO,ND,ND,H,8,0,N,N,0,0,false,0,N,N,3,celular,0,6000,false,1,2,0,NA,NA,0,NA,1,PARADO,NO,HOMBRE,667,-102.29814373,21.85735896
250664626,0,10208,ROBO PERSONA,ND,4,2025-04-07,15,1,1,FRACCIONAMIENTO,EL PUERTECITO,407,407,CALLE,PUERTO DE VERACRUZ,NA,NA,",,,",CALLE,PUERTO DE ENSENADA,3,3,50,26,03:50 a. m.,true,true,1,cortante,2 HOMBRES,ND,H,H,8,0,N,N,0,0,false,0,N,N,"29,31,40","cartera,mochila,tarjetas",0,0,false,1,2,0,NA,NA,0,NA,1,ND,NO,HOMBRE,668,-102.24751395,21.93715000
250667826,0,30446,ROBO PERSONA,ND,4,2025-04-07,15,1,1,FRACCIONAMIENTO,VILLA LAS PALMAS II,365,365,AVENIDA,TECNOLOGICO,NA,NA,",,,",CALLE,VILLA PATRICIA,5,16,19,22,16:19 p. m.,false,false,9,ninguna,1 HOMBRE 1 MUJER,ND,A,A,3,0,N,N,0,0,false,0,N,N,"28,29,40","dinero,cartera,tarjetas",1500,1500,false,1,13,0,NA,NA,0,NA,2,PARADO,NO,AMBOS,669,-102.23185112,21.86335063
14220022,0,30421,ROBO PERSONA,ND,4,2025-04-01,14,2,1,BARRIO,EL ENCINO,517,517,CALLE,DOCTOR DAZ DE LEON,NA,NA,",,,",CALLE,DEL SOL,1,9,58,20,09:58 a. m.,false,true,10,sin datos,1 HOMBRE ESTATURA 180 COMPLEXION ROBUSTA VISTE SUDADERA COLOR BLANCO,ND,H,H,8,0,N,N,0,0,false,0,N,N,"2,28,31","computo,dinero,mochila",8000,8000,false,2,1,0,NA,NA,0,NA,1,PARADO,NO,HOMBRE,670,-102.29317545,21.87714807
250668556,0,30446,ROBO PERSONA,ND,4,2025-04-07,15,1,7,BARRIO,CENTRO HISTORICO,1173,1173,CALLE,MORELOS,NA,NA,",,,",CALLE,INSURGENTES,7,14,4,21,14:04 p. m.,false,false,9,ninguna,ND,ND,ND,M,8,0,N,N,0,0,false,0,N,N,3,celular,0,0,false,1,1,0,NA,NA,0,NA,1,PARADO,NO,MUJER,671,-102.32129894,22.22869178
64220023,0,30422,ROBO PERSONA,MARIPOSA,3,2025-03-22,12,6,6,COLONIA,FRANCISCO VILLA,1127,1127,CALLE,FRANCISCO I MADERO NORTE,NA,NA,",,,",AVENIDA,20 DE NOVIEMBRE,7,20,50,23,20:50 p. m.,false,false,9,ninguna,ND,ND,ND,ND,8,0,N,N,0,0,false,0,N,N,14,bicicleta,0,0,false,1,1,0,NA,NA,0,NA,1,PARADO,NO,ND,672,-102.27391000,22.14842557
114220024,0,30422,ROBO PERSONA,ND,3,2025-03-29,13,6,11,FRACCIONAMIENTO,CERRADA SAN FRANCISCO,1303,1303,CALLE,LA PROVIDENCIA,NA,NA,",,,",CALLE,SAN FRANCISCO DE LOS ROMO,7,23,20,24,23:20 p. m.,false,false,9,ninguna,ND,ND,ND,ND,8,0,N,N,0,0,false,0,N,N,3,celular,0,0,false,1,1,0,NA,NA,0,NA,1,PARADO,NO,ND,673,-102.26754211,22.06672544
24210024,0,30421,ROBO PERSONA,ND,4,2025-04-03,14,4,2,COMUNIDAD,JARILLAS,750,750,CALLE,ND,NA,NA,",,,",CALLE,ND,7,12,3,21,12.03,false,true,4,fuego,2 HOMBRES UNO DE ELLOS TEZ BLANCA CON HUELLAS DE GOLPES EL OTROIBA ENCAPUCHADO,ND,H,ND,8,0,N,N,0,0,false,0,MOTOCICLETA,MOTOCICLETA 250 COLOR NEGRO,28,dinero,14000,14000,false,1,1,0,NA,NA,0,NA,1,ND,NO,ND,674,-102.06327685,22.29440252
250639279,0,30907,ROBO PERSONA,ND,4,2025-04-03,14,4,1,FRACCIONAMIENTO,RODOLFO LANDEROS GALLEGOS,226,226,AVENIDA,POLIDUCTO,NA,NA,",,,",CALLE,JOSEFINA SALDAMANDO,4,20,19,23,20:19 p. m.,true,false,9,ninguna,HOMBRES,LOS DE LA TAMBORA,H,M,8,0,N,N,0,0,false,0,N,N,31,mochila,0,0,false,1,13,0,NA,NA,0,NA,1,ND,NO,MUJER,675,-102.24845127,21.90305111
250633528,0,30907,ROBO PERSONA,ND,4,2025-04-02,14,3,1,FRACCIONAMIENTO,VILLA LAS PALMAS II,365,365,CALLE,VILLA MONTSERRAT,NA,NA,"156,,,",CALLE,VILLA LUARA,5,22,20,24,22:20 p. m.,false,false,9,ninguna,1 HOMBRE,EL WACO,H,M,5,0,N,N,0,0,false,0,MOTOCICLETA,MOTOCICLETA COLOR NEGRO,3,celular,0,0,false,1,13,0,NA,NA,0,NA,1,ND,NO,MUJER,676,-102.23372374,21.86144085
250653220,0,30904,ROBO PERSONA,ND,4,2025-04-05,14,6,1,COLONIA,OBRAJE,518,518,CALLE,JOSE F ELIZONDO SUR,NA,NA,",,,",AVENIDA,AYUNTAMIENTO,1,21,13,24,21:13 p. m.,false,true,1,cortante,1 HOMBRE TRANSGENEROVISTE SHORT NEGRO Y BLUSA NERA,ND,H,ND,8,0,N,N,0,0,false,0,N,N,39,sin datos,0,0,false,1,2,0,NA,NA,0,NA,1,TRANSITANDO,NO,ND,677,-102.30062256,21.87414063
250673411,0,30446,ROBO PERSONA,ND,4,2025-04-08,15,2,1,FRACCIONAMIENTO,EJIDO CUMBRES,210,210,CALLE,GENERAL JOSE REFUGIO VELASCO,NA,NA,",,,",CALLE,CUAUHTEMOC,4,14,19,21,14:19 p. m.,false,false,9,ninguno,1 HOMBRE,EL TATA,H,H,8,0,N,N,0,0,false,0,N,N,3,celular,0,0,false,1,1,0,NA,NA,0,NA,1,PARADO,NO,MENOR,678,-102.25641824,21.90489657
250675092,0,30421,ROBO PERSONA,ND,4,2025-04-08,15,2,3,COLONIA,LIBERAL,785,785,CALLE,SANTOS DEGOLLADO,NA,NA,",,,",CALLE,PONCIANO ARRIAGA,7,18,18,22,18:18 p. m.,false,false,9,ninguna,1 HOMBRE 1 MUJER,LAS 4 LETRAS,A,H,8,0,N,N,0,0,false,0,N,N,3,celular,0,0,false,1,2,0,NA,NA,0,NA,1,ND,NO,HOMBRE,679,-102.71644616,21.84146981
250676906,0,30421,ROBO PERSONA,NA,4,2025-04-08,15,2,1,FRACCIONAMIENTO,CIRCUNVALACION NORTE,243,243,CALLE,ROBLE,NA,NA,"608,,,",CALLE,MARGIL DE JESUS,6,27,0,27,Sin datos,false,true,13,"cortante,contusa",ND,ND,ND,H,8,0,N,N,0,0,false,0,N,N,"12,31","ropa,mochila",0,0,false,1,1,0,NA,NA,0,NA,1,ND,NO,HOMBRE,680,-102.30062904,21.90068289
250677266,0,30422,ROBO PERSONA,ND,4,2025-04-09,15,3,1,FRACCIONAMIENTO,VISTA MONTAÑA,601R,0,CALLE,MONTAÑA SAMARA,NA,NA,",,,",CALLE,VALLE DE LOS ROMERO,3,0,27,25,00:27 a. m.,false,true,8,otras,2 HOMBRES AMBOS VISTEN DE NEGRO CON TATUAJES EN LA CARA Y OTRO ENCAPUCHADO,ND,H,H,8,0,N,N,0,0,false,0,N,N,"3,15","celular,joyerÝa",0,0,false,1,6,0,NA,NA,0,NA,1,ND,NO,MENOR,681,-102.25326856,21.94355700
250678752,0,30421,ROBO PERSONA,ND,4,2025-04-09,15,3,1,FRACCIONAMIENTO,DEL VALLE 2A SECCION,150,150,CALLE,VERSALLES,NA,NA,",,,",CALLE,VIENA,6,10,23,20,10:23 a. m.,false,true,1,cortante,1 HOMBRE VISTE PLAYERA NEGRA Y SHORT COLOR BEIGE,ND,H,H,8,0,N,N,0,0,false,0,N,N,"3,12","celular,ropa",0,3700,false,1,1,0,NA,NA,0,NA,1,ND,NO,HOMBRE,682,-102.32121288,21.87438338
250680986,0,30421,ROBO PERSONA,ND,4,2025-04-09,15,3,1,FRACCIONAMIENTO,"VILLA DE NUESTRA SEÑORA DE LA ASUNCION, SECTOR GUADALUPE",342,342,CALLE,FEDERICO MENDEZ,NA,NA,",,,",AVENIDA,GERONIMO DE LA CUEVA,3,17,28,22,17:28 p. m.,false,true,1,cortante,ND,ND,ND,H,8,0,N,N,0,0,false,0,N,N,"3,12,29","celular,ropa,cartera",0,0,false,1,2,0,NA,NA,0,NA,1,ND,NO,HOMBRE,683,-102.25672243,21.93439833
250681170,0,30422,ROBO PERSONA,MARIPOSA,4,2025-04-09,15,3,1,FRACCIONAMIENTO,PASEOS DE SAN ANTONIO,634,634,CALLE,MISION DE SAN MARGARITO FLORES GARCIA,NA,NA,",,,",CALLE,RANCHO SAN ANTONIO,5,17,56,22,17:56 p. m.,false,false,9,ninguna,2 HOMBRES UNO VISTA CHAMARRA ROJA PANTLOS NEGRO EL OTRO CAMISA BLNACA PANTALON NEGRO LOS 2 CON TATUAJES,ND,H,H,0,0,N,N,0,0,false,0,N,N,14,bicicleta,0,0,false,1,1,0,NA,NA,0,NA,1,ND,NO,HOMBRE,684,-102.27070570,21.81256205
250684723,0,30422,ROBO PERSONA,ND,4,2025-04-10,15,4,1,FRACCIONAMIENTO,MIRADOR DE LAS CULTURAS,323,323,CALLE,CULTURA TARAHUMARA,NA,NA,",,,",AVENIDA,RODOLFO LANDEROS GALLEGOS,3,8,27,19,08:27 a. m.,false,false,9,ninguna,ND,ND,ND,H,8,0,N,N,0,0,false,0,N,N,39,sin datos,0,0,false,1,2,0,NA,NA,0,NA,1,ND,NO,HOMBRE,685,-102.23946302,21.90728610
250686261,0,30422,ROBO PERSONA,ND,4,2025-04-10,15,4,1,COLONIA,OJO DE AGUA,621,621,CALLE,ND,NA,NA,",,,",CALLE,ND,5,12,53,21,12:53 p. m.,false,true,13,"cortante,contusa",1 HOMBRE 1 MUJER,ND,A,H,8,0,N,N,0,0,false,0,N,N,"28,29","dinero,cartera",200,200,false,1,1,0,NA,NA,0,NA,1,ND,NO,HOMBRE,686,-102.27650648,21.86443832
250690155,0,30422,ROBO PERSONA,ND,4,2025-04-10,15,4,1,FRACCIONAMIENTO,HACIENDAS DE AGUASCALIENTES,530,530,CALLE,HACIENDA MESILLAS,NA,NA,",,,",CALLE,HACIENDA LA GUAYANA,4,23,2,24,23:02 p. m.,false,false,9,ninguna,1 HOMBRE VISTE CHAMARRA BEIGE PLAYERA BLANCA PANTALON MEZCLILLA,ND,H,M,8,0,N,N,0,0,false,0,N,N,3,celular,0,0,false,1,2,0,NA,NA,0,NA,1,PARADO,NO,MUJER,687,-102.24732559,21.89210777
250686865,0,30446,ROBO PERSONA,MARIPOSA,4,2025-04-10,15,4,5,COLONIA,OJOS DE AGUA,1050,1050,CALLE,PIRULES,NA,NA,"703,,,",CALLE,CENTENARIO,7,14,56,21,14:56 p. m.,false,false,9,ninguna,2 HOMBRES,ND,H,H,8,0,N,N,0,0,false,0,N,N,14,celular,0,0,false,1,1,1,NA,NA,0,NA,1,PARADO,NO,HOMBRE,688,-102.34909856,21.96161771
250690332,0,30421,ROBO PERSONA,ND,4,2025-04-11,15,5,1,FRACCIONAMIENTO,PENSADORES MEXICANOS,208,208,CALLE,AMBROSIO VERASTEGUI GUERRERO,NA,NA,",,,",AVENIDA,SIGLO XXI,3,0,13,25,00:13 a. m.,false,true,1,cortante,1 HOMBRE VISTE SUDADERA BLANCA PANTALON MEZCLILLA,ND,H,H,8,0,N,N,0,0,false,0,N,N,3,celular,0,0,false,1,1,0,NA,NA,0,NA,1,TRANSITANDO,NO,HOMBRE,689,-102.26101780,21.91343038
250691002,0,30422,ROBO PERSONA,ND,4,2025-04-11,15,5,1,COLONIA,HEROES,648,648,AVENIDA,DE LA CONVENCION ORIENTE,NA,NA,",,,",CALLE,JAIME NUNO,4,5,51,26,05:51 a. m.,false,false,9,ninguna,1 MUJER DELGADA VISTE BLUSA A CUADPRS COLOR VERDE PANTALON ROJO,ND,M,M,8,0,N,N,0,0,false,0,N,N,"3,28,29,31","celular,dinero,cartera,mochila",400,400,false,1,1,0,NA,NA,0,NA,1,TRANSITANDO,NO,MUJER,690,-102.27214907,21.88108359
250691632,0,30422,ROBO PERSONA,ND,4,2025-04-11,15,5,1,FRACCIONAMIENTO,PENSADORES MEXICANOS,208,208,AVENIDA,PENSAODRES MEXICANOS,NA,NA,",,,",CALLE,OCTAVIO PAZ,3,9,5,20,09:05 a. m.,false,false,9,ninguna,1 HOMBRE VISTE CAMISA GRIS PANTALON MEZCLILLA,WILLIM VALDES CORTES 31 AÑOS,H,M,8,1,N,N,0,0,false,0,BICICLETA,BICICLETA,3,celular,0,0,true,1,4,0,NA,NA,0,NA,1,TRANSITANDO,NO,MENOR,691,-102.26044978,21.91490490
250692775,0,30422,ROBO PERSONA,DESPENSA,4,2025-04-11,15,5,1,FRACCIONAMIENTO,EMILIANO ZAPATA,185,185,CALLE,SIXTO VERDUZCO,NA,NA,"129,,,",CALLE,ANTONIO DIAZ SOTO Y GAMA,5,12,58,21,12:58 p. m.,false,false,9,ninguna,1 HOMBRE,ND,H,H,8,0,N,N,0,0,false,0,MOTOCICLETA,MOTOCICLETA,3,celular,0,0,false,1,2,0,NA,NA,0,NA,1,PARADO,NO,AMBOS,692,-102.25586940,21.85437144
250697392,0,30421,ROBO PERSONA,ND,4,2025-04-11,15,5,1,FRACCIONAMIENTO,SAN CAYETANO,591,591,CALLE,SAN AGUSTIN,NA,NA,",,,",AVENIDA,FUNDICION,6,23,40,25,23:40 p. m.,false,true,13,"cortante,contusa",3 HOMBRES,ND,H,H,8,0,N,N,0,0,false,0,N,N,15,joyeria,0,0,false,1,1,0,NA,NA,0,NA,1,ND,NO,HOMBRE,693,-102.31214370,21.89716005
250698082,0,30422,ROBO PERSONA,ND,4,2025-04-12,15,6,1,BARRIO,BARRIO SAN MARCOS,85,85,CALLE,RINCON,NA,NA,",,,",CALLE,ALFONSO ESPARZA OTEO,1,1,15,25,01:15 a. m.,false,false,9,ninguna,1 HOMBRE VISTE CHAMARRA NEGRA,ND,H,H,8,0,N,N,0,0,false,0,MOTOCICLETA,MOTOCICLETA,3,celular,0,0,false,1,1,0,NA,NA,0,NA,1,ND,NO,HOMBRE,694,-102.30739987,21.88002004
250702756,0,30422,ROBO PERSONA,MARIPOSA,4,2025-04-12,15,6,1,FRACCIONAMIENTO,JARDINES DE LA CRUZ,256,256,AVENIDA,PASEO DE LA CRUZ,NA,NA,",,,",CALLE,PIRUL,5,17,57,22,17:57 p. m.,false,false,9,ninguna,1 HOMBRE EDAD APROX 60 AÑOS VISTE PLAYERA BLANCA PANTALON MEZCLILLA,ND,H,M,8,0,N,N,0,0,false,0,N,N,14,bicicleta,0,0,false,1,6,0,NA,NA,0,NA,1,PARADO,NO,MUJER,695,-102.27168200,21.87356019
250709435,250709460,30421,ROBO PERSONA,MARIPOSA,4,2025-04-13,15,7,1,FRACCIONAMIENTO,VILLERIAS,292,29,CALLE,TEPOZAN,NA,NA,"350,,,",CALLE,EL CHIQUIHUITE,4,11,48,20,11:48 a. m.,false,true,3,contusa,1 HOMBRE,ND,H,H,8,1,N,N,0,0,false,0,N,N,14,bicicleta,0,0,false,1,4,0,NA,NA,0,NA,1,PARADO,NO,HOMBRE,696,-102.24415632,21.88350121
250696871,0,30446,ROBO PERSONA,ND,4,2025-04-11,15,5,1,FRACCIONAMIENTO,VILLA MONTAÑA,601,601,CALLE,CERRO BONETE,NA,NA,"209,,,",CALLE,FRANCISCO DE J HERRERA L,3,22,22,25,22:22 p. m.,false,false,9,ninguna,2 HOMBRES UNO VISTE GORRA Y PLAYERA NEGRA PANTALON NEGRO TEZ MORENO COMPLEXION DELGADO ESTATURA MEDIA LE FALTAN PIEZAS D,ND,H,M,8,0,N,N,0,0,false,0,N,N,3,celular,0,1200,false,1,1,0,NA,NA,0,NA,1,PARADO,NO,MUJER,697,-102.25900790,21.94160258
250700512,0,30446,ROBO PERSONA,NA,4,2025-04-12,15,6,1,FRACCIONAMIENTO,RODOLFO LANDEROS GALLEGOS,226,226,CALLE,AMILIO PORTES GIL,NA,NA,",,,",CALLE,PAULA DE JESUS JIMENEZ YAÑEZ,3,12,5,21,12:05 p. m.,false,false,9,ninguna,ND,ND,ND,M,8,0,N,N,0,0,false,0,N,N,3,celular,0,4500,false,1,1,0,NA,NA,0,NA,1,PARADO,NO,MUJER,698,-102.25234340,21.90494245
250700911,0,30446,ROBO PERSONA,ND,4,2025-04-12,15,6,1,FRACCIONAMIENTO,FIDEL VELAZQUEZ,216,216,CALLE,DE LAS FUENTES,NA,NA,",,,",AVENIDA,OJOCALIENTE,4,11,18,20,11:18 a. m.,false,false,9,ninguna,MUJERES,ND,M,M,8,0,N,N,0,0,false,0,N,N,"26,40","bolso,tarjeta",0,0,false,1,1,0,NA,NA,0,NA,1,PARADO,NO,MUJER,699,-102.25781405,21.89130513
250704501,0,30446,ROBO PERSONA,MARIPOSA,4,2025-04-12,15,6,5,FRACCIONAMIENTO,EL MEZQUITAL,902,902,CALLE,EL MEZQUITAL,NA,NA,"318,,,",CALLE,HUIZACHE,7,21,48,24,21:48 p. m.,false,true,1,cortante,ND,ND,ND,H,8,0,N,N,0,0,false,0,N,N,14,bicicleta,0,0,false,1,1,0,NA,NA,0,NA,1,ND,NO,HOMBRE,700,-102.35685643,21.96753490
250710092,250711827,30446,ROBO PERSONA,MARIPOSA,4,2025-04-13,15,7,1,FRACCIONAMIENTO,"VILLA DE NUESTRA SEÑORA DE LA ASUNCION, SECTOR ALAMEDA",330,330,CALLE,ISAAC DE LA PEÑA,NA,NA,"721,,,",CALLE,ATANACIO RODRIGUEZ,3,13,58,21,13:58 p. m.,false,false,9,ninguna,2 HOMBRES,EL CAHCE Y EL PATO,H,H,8,0,N,N,0,0,false,0,N,N,14,bicicleta,0,0,true,1,10,0,NA,NA,0,NA,1,PARADO,NO,HOMBRE,701,-102.26437179,21.93582958
250712357,0,30446,ROBO PERSONA,ND,4,2025-04-13,15,7,1,FRACCIONAMIENTO,JOSE LOPEZ PORTILLO,175,175,CALLE,JOSE MARIA BOCANEGRA,NA,NA,"1405,,,",CALLE,CORONEL VALENTE ARTEAGA,2,19,34,23,19:34 p. m.,false,false,9,ninguna,1 HOMBRE,ND,H,H,8,0,N,N,0,0,false,0,N,N,3,celular,0,0,false,1,1,0,NA,NA,0,NA,1,PARADO,NO,MENOR,702,-102.32557544,21.85437879
250712499,0,30446,ROBO PERSONA,MARIPOSA,4,2025-04-13,15,7,1,COLONIA,LAS FLORES,266,266,CALLE,AZALEAS,NA,NA,",,,",CALLE,ORQUIDEAS,2,19,52,23,19:52 p. m.,false,false,9,ninguna,HOMBRES,ND,H,H,8,0,N,N,0,0,false,0,N,N,14,bicicleta,0,3000,false,1,1,0,NA,NA,0,NA,1,PARADO,NO,HOMBRE,703,-102.30437797,21.87377492
250715358,0,30446,ROBO PERSONA,ND,4,2025-04-14,16,1,7,COLONIA,ZONA CENTRO,1166,1166,CALLE,LIBERTAD,NA,NA,",,,",CALLE,IGNACIO ALLENDE PONIENTE,7,1,57,25,01:57 a. m.,false,false,9,ninguna,ND,ND,ND,H,8,0,N,N,0,0,false,0,N,N,3,celular,0,0,true,1,10,0,NA,NA,0,NA,2,PARADO,NO,HOMBRE,704,-102.32184803,22.23121931
250691718,0,30904,ROBO PERSONA,ND,4,2025-04-11,15,5,1,FRACCIONAMIENTO,JOSE GUADALUPE PERALTA GAMEZ,334,334,CALLE,PROCERES DE LA ENSEÑANZA,NA,NA,",,,",CALLE,CALIXTO SERNA VALDIVIA,4,9,26,20,09:26 a. m.,true,false,9,ninguna,2 HOMBRES UNO VISTE PLAYERA GRIS PANTALON MEZCLILLA,ND,H,H,8,0,N,N,0,0,false,0,N,N,31,mochila,0,0,false,1,2,0,NA,NA,0,NA,1,TRANSITANDO,NO,HOMBRE,705,-102.23809151,21.87332591
14220024,0,30422,ROBO PERSONA,NA,4,2025-04-13,15,7,1,FRACCIONAMIENTO,"VILLA DE NUESTRA SEÑORA DE LA ASUNCION, SECTOR ALAMEDA",330,330,CALLE,VALLE DE LOS ROMEROS,NA,NA,",,,",CALLE,RODRIGO RINCON GALLARDO,3,16,59,22,16:59 p. m.,false,false,9,ninguna,1 HOMBRE RODOLFO ALEJANDRO FLORES LOPEZ,ND,H,M,8,1,N,N,0,0,false,0,N,N,"26,28","bolso,dinero",2900,2900,false,2,4,0,NA,NA,0,NA,1,ND,NO,MUJER,706,-102.26431002,21.93349042
104220025,0,30422,ROBO PERSONA,ND,4,2025-04-11,15,5,10,RURAL,OJO DE AGUA DE CRUCITAS,1299,1299,CALLE,MAXIMINO REYES MONREAL,NA,NA,"25,,,",CALLE,BENITO JUAREZ,7,12,0,21,12:00 p. m.,false,false,9,ninguna,ND,ND,ND,ND,8,0,N,N,0,0,false,0,N,N,3,celular,0,8000,false,1,1,0,NA,NA,0,NA,1,ND,NO,ND,707,-101.95067482,21.96333114
250721715,0,30421,ROBO PERSONA,ND,4,2025-04-14,16,1,1,COMUNIDAD,MONTORO (MESA DEL SALTO),12,12,CALLE,20 DE NOVIEMBRE,NA,NA,",,,",CALLE,LEYES DE REFORMA,2,22,59,24,22:59 p. m.,false,true,3,contusa,HOMBRES,ND,H,H,8,0,N,N,0,0,false,0,N,N,"3,12","celular,ropa",0,0,false,1,57,0,NA,NA,0,NA,1,ND,NO,MENOR,708,-102.30245675,21.75586732
250722772,0,30421,ROBO PERSONA,ND,4,2025-04-15,16,2,1,FRACCIONAMIENTO,PINTORES MEXICANOS,671,671,CALLE,HERMANOS GALEANA,NA,NA,",,,",CALLE,ENRIQUE GUZMAN,3,7,26,19,07:26 a. m.,false,true,1,cortante,3 HOMBRES,ND,H,H,8,0,N,N,0,0,false,0,N,N,"6,28,30","tecnologia,dinero,llaves",1200,2000,false,1,1,0,NA,NA,0,NA,1,TRANSITANDO,NO,HOMBRE,709,-102.25976208,21.92176750
250717346,0,30446,ROBO PERSONA,ND,4,2025-04-14,16,1,1,FRACCIONAMIENTO,LAS AMERICAS,262,262,AVENIDA,DE LA CONVENCION DE 1914 SUR,NA,NA,",,,",AVENIDA,QUINTA,2,23,46,24,23:46 p. m.,false,false,9,ninguna,2 MUJERES,ND,M,M,8,0,N,N,0,0,false,0,N,N,38,otros,0,0,false,23,1,4101,NA,NA,0,NA,2,PARADO,NO,MUJER,710,-102.29841461,21.86583825
250722647,0,30446,ROBO PERSONA,ND,4,2025-04-15,16,2,1,COLONIA,BUENOS AIRES,235,235,AVENIDA,DE LA CONVENCION DE 1914 PONIENTE,NA,NA,"2132,,,",CALLE,CARLOS SAGREDO,6,6,39,19,06:39 a. m.,false,false,9,ninguna,1 HOMBRE VISTE CACHUCHA Y PLAYERA ROJOS CHAMARRA NEGRA,ND,H,M,8,0,N,N,0,0,false,0,N,N,"28,29","dinero,cartera",1800,1800,false,1,1,0,NA,NA,0,NA,2,PARADO,NO,MUJER,711,-102.30826476,21.89623506
250709902,0,30904,ROBO PERSONA,ND,4,2025-04-13,15,7,1,FRACCIONAMIENTO,BALCONES DE ORIENTE,376,376,CALLE,SAN FRANCSICO DE LOS VIVEROS 2302,NA,NA,"12,D,,",CALLE,SAN FRANCISCO DE LOS VIVEROS,4,13,26,21,13:26 p. m.,false,false,9,ninguna,ND,ND,ND,H,8,0,N,N,0,0,false,0,N,N,29,cartera,0,0,false,1,1,0,NA,NA,0,NA,1,PND,NO,HOMBRE,712,-102.23352899,21.88511047
250726860,0,30446,ROBO PERSONA,MARIPOSA,4,2025-04-15,16,2,1,NO APLICA,DESARROLLO ESPECIAL VILLASUNCION,560,560,BOULEVARD,JOSE MARIA CHAVEZ,NA,NA,"1211,,,",AVENIDA,DE LA CONVENCION DE 1914 SUR,2,17,0,22,17:00 p. m.,false,false,9,ninguna,ND,ND,ND,H,8,0,N,N,0,0,false,0,N,N,14,bicicleta,0,0,false,1,2,0,NA,NA,0,NA,1,PARADO,NO,HOMBRE,713,-102.29439020,21.86605562
250726921,0,30422,ROBO PERSONA,ND,4,2025-04-15,16,2,1,FRACCIONAMIENTO,LOMAS DE VISTABELLA,339,339,AVENIDA,AJEDRECISTAS,NA,NA,",,,",CALLE,VISTA DE LA MONTAÑA,5,19,50,23,19:50 p. m.,false,false,9,ninguna,ND,ND,ND,H,8,0,N,N,0,0,false,0,N,N,"3,31","celular,mochila",0,0,false,1,1,0,NA,NA,0,NA,1,ND,NO,MENOR,714,-102.26071145,21.84450362
250729199,0,30421,ROBO PERSONA,ND,4,2025-04-16,16,3,11,PI,PARQUE INDUSTRIAL DEL VALLE DE AGUASCALIENTES,1356,1356,CALLE,MUNICIPIO DE CALVILLO,NA,NA,"108,,,",CALLE,MUNICIPIO DE JESUS MARIA,7,6,55,19,06:55 a. m.,false,true,1,cortante,2 HOMBRES UNO DE ELLOS TEZ MORENO ESTAURA BAJA CASCO COLOR NEGRO EL OTR TEZ CLARA OJOS CLAROS,ND,H,H,8,0,N,N,0,0,false,0,MOTOCICLETA,MOTOCICLETA ITALIKA COLOR VERDE PLACAS 7ESC7,"3,28,29,31,40","celular,dinero,cartera,mochila,tarjeta",600,17600,false,1,1,0,NA,NA,0,NA,1,ND,NO,HOMBRE,715,-102.28169344,21.96336032
250730996,0,30422,ROBO PERSONA,ND,4,2025-04-16,16,3,5,FRACCIONAMIENTO,BELLA VISTA,901,901,CALLE,VISTA ALEGRE,NA,NA,"121,,,",CALLE,BENIGNO CHAVEZ,7,13,49,21,13:49 p. m.,false,false,9,ninguna,2 HOMBRE UNO VISTE CHAMARRA ROJA EL OTRO VISTE PLAYERA NEGRA,ND,H,H,8,0,N,N,0,0,false,0,N,N,3,celular,0,0,false,1,13,0,NA,NA,0,NA,1,ND,NO,HOMBRE,716,-102.34974236,21.96686886
250732281,0,30421,ROBO PERSONA,ND,4,2025-04-16,16,3,1,FRACCIONAMIENTO,PILAR BLANCO,142,142,CALLE,GAVIOTAS,NA,NA,",,,",AVENIDA,PASEO DE LA ASUNCION,2,17,30,22,17:30 p. m.,false,false,9,ninguna,ND,ND,ND,H,8,0,N,N,0,0,false,0,N,N,3,celular,0,0,false,1,2,0,NA,NA,0,NA,1,ND,NO,HOMBRE,717,-102.30110897,21.84794010
250732471,0,30421,ROBO PERSONA,ND,4,2025-04-16,16,3,1,CC,AURRERA VISTAS DE ORIENTE,353R,0,AVENIDA,SAN GABRIEL,NA,NA,",,,",CALLE,VISTAS DE ORIENTE,4,18,3,22,18:03 p. m.,false,false,9,ninguna,ND,ND,ND,H,8,0,N,N,0,0,false,0,N,N,31,mochila,0,0,false,1,1,0,NA,NA,0,NA,1,ND,NO,HOMBRE,718,-102.24029254,21.87717277
250730286,0,30446,ROBO PERSONA,MARIPOSA,4,2025-04-16,16,3,1,FRACCIONAMIENTO,HACIENDAS DE AGUASCALIENTES,530,530,AVENIDA,SIGLO XXI,NA,NA,"5227,,,",CALLE,MONTOYA,4,11,33,20,11:33 a. m.,false,false,9,ninguna,1 HOMBRE,ND,H,H,5,0,N,N,0,0,false,0,N,N,14,bicicleta,0,0,true,1,10,0,NA,NA,0,NA,1,PARADO,NO,HOMBRE,719,-102.25078991,21.88567536
250730690,0,30446,ROBO PERSONA,ND,4,2025-04-16,16,3,1,BARRIO,BARRIO SAN MARCOS,85,85,CALLE,MONROY,NA,NA,",,,",CALLE,JESUS F CONTRERAS,1,12,55,21,12:55 p. m.,false,false,9,ninguna,ND,ND,ND,H,8,0,N,N,0,0,false,0,N,N,"3,26","celular,bolso",0,7000,false,1,1,0,NA,NA,0,NA,1,PARADO,NO,HOMBRE,720,-102.30497415,21.87960686
250732094,0,30446,ROBO PERSONA,ND,4,2025-04-16,16,3,1,FRACCIONAMIENTO,INFONAVIT MORELOS,93,93,CALLE,CHICHEN ITZA,NA,NA,",,,",AVENIDA,AGUASCALIENTES SUR,5,17,6,22,17:06 p. m.,false,false,9,ninguna,ND,ND,ND,M,8,0,N,N,0,0,false,0,N,N,3,celular,0,0,false,1,1,0,NA,NA,0,NA,1,PARADO,NO,MUJER,721,-102.25374598,21.86023491
250733865,0,30421,ROBO PERSONA,ND,4,2025-04-16,16,3,1,FRACCIONAMIENTO,RODOLFO LANDEROS GALLEGOS,226,226,AVENIDA,SIGLO XXI,NA,NA,"110,,,",CALLE,ELENA CUELLAR AJURIA,4,21,27,23,21:27 p. m.,false,false,9,ninguna,1 HOMBRE,ND,H,M,8,0,N,N,0,0,false,0,MOTOCICLETA,MOTOCICLETA COLOR NEGRO,3,celular,0,10000,false,1,1,0,NA,NA,0,NA,1,PARADO,NO,MUJER,722,-102.25414782,21.90144551
250734647,0,30422,ROBO PERSONA,ND,4,2025-04-16,16,3,1,ESPECIAL,PARQUE ECOLOGICO DE MEXICO,544,544,AVENIDA,GIGANTE,NA,NA,",,,",CALLE,PICACHO ORIENTE,3,23,13,24,23:13 p. m.,false,false,9,ninguna,1 HOMBRE VISTE CHAMARRA NEGRA Y TRAE UNA BOINA,EL LENCHO,H,H,8,0,N,N,0,0,false,0,N,N,3,celular,0,4000,false,1,1,0,NA,NA,0,NA,1,PARADO,NO,HOMBRE,723,-102.26876875,21.90861569
250735903,0,30421,ROBO PERSONA,ND,4,2025-04-17,16,4,1,FRACCIONAMIENTO,J. REFUGIO ESPARZA REYES,206,206,CALLE,CARLOS A MADRAZO,NA,NA,"128,,,",CALLE,SIERRA DE TLAXCO,3,3,49,26,03:49 a. m.,false,true,3,contusa,1 HOMBRE VISTE CHAMARRA BLANCA CON NEGRO 2 MUJERES,ND,A,M,8,0,N,N,1,0,false,0,MOTOCICLETA,MOTOCICLETA,"3,40","celular,tarjeta",0,0,false,1,2,0,NA,NA,0,NA,1,TRANSITANDO,NO,MENOR,724,-102.25733049,21.90900929
250735345,0,30446,ROBO PERSONA,MARIPOSA,4,2025-04-17,16,4,1,FRACCIONAMIENTO,ALIANZA FERROCARRILERA,211,211,CALLE,A,NA,NA,"114,,,",CALLE,MANUEL DE URQUIADA,3,1,23,25,01:23 a. m.,false,false,9,ninguna,HOMBRES,ND,H,H,8,0,N,N,0,0,false,0,N,N,14,bicicleta,0,25000,false,1,1,0,NA,NA,0,NA,1,PARADO,NO,HOMBRE,725,-102.28355564,21.91109566
250724768,0,30904,ROBO PERSONA,MARIPOSA,4,2025-04-15,16,2,1,FRACCIONAMIENTO,FRACC SAN MARCOS,148,148,CALLE,BOTICELLI,NA,NA,",,,",CALLE,PASEO DEL RIO,6,13,12,21,13:12 p. m.,false,false,9,ninguna,ND,ND,H,H,8,0,N,N,0,0,false,0,N,N,14,bicicleta,0,0,false,1,1,0,NA,NA,0,NA,2,PARADO,NO,HOMBRE,726,-102.32260841,21.87789492
250742800,0,30421,ROBO PERSONA,ND,4,2025-04-18,16,5,1,FRACCIONAMIENTO,OJO DE AGUA INFONAVIT,622,622,CALLE,CHIHUAHUA,NA,NA,"315,,,",CALLE,JESUS YUREM,5,1,18,25,01:18 a. m.,false,true,13,"cortante,contusa",4 HOMBRES,ND,H,H,8,0,N,N,0,0,false,0,N,N,"3,28,29","celular,dinero,cartera",1000,1000,false,1,1,0,NA,NA,0,NA,1,TRANSITANDO,NO,HOMBRE,727,-102.27806963,21.86280992
250743345,0,30421,ROBO PERSONA,MARIPOSA,4,2025-04-18,16,5,1,COMUNIDAD,SAN IGNACIO,536,536,CALLE,GENERAL LAZARO CARDENAS,NA,NA,"416,,,",CALLE,JORGE ADOLFO MARQUEZ GALAVIZ,6,2,30,25,02:30 a. m.,false,true,3,contusa,1 HOMBRE,ND,H,H,3,0,N,N,0,0,false,0,N,N,14,bicicleta,0,0,false,1,2,0,NA,NA,0,NA,1,PARADO,NO,HOMBRE,728,-102.34156219,21.89181094
250749614,0,30421,ROBO PERSONA,ND,4,2025-04-18,16,5,1,FRACCIONAMIENTO,VALLE DE LOS CACTUS,360,360,CALLE,PASEO DE LA BIZNAGA,NA,NA,"124,,,",CALLE,SOTOL,4,22,50,24,22:50 p. m.,false,true,1,cortante,2 HOMBRES,ND,H,H,8,0,N,N,0,0,false,0,N,N,"28,29,30","dinero,cartera,llaves",200,200,false,1,6,0,NA,NA,0,NA,1,ND,NO,HOMBRE,729,-102.22956204,21.86580464
250752528,0,30421,ROBO PERSONA,ND,4,2025-04-19,16,6,5,FRACCIONAMIENTO,PASEOS DE AGUASCALIENTES,930,930,CARRETERA,45 AGUASCALIENTES ZACATECAS,NA,NA,",,,",AVENIDA,PASEOS DE AGUASCALIENTES,7,9,6,20,09:06 a. m.,false,true,8,otras,1 HOMBRE EDAD APROX 30 AÑOS 1 MUJER ESTATURA 160 COMPLEXION DELGADA CABELLO ROJO VISTE DE MEZCLILLA EDAD APROX 20 AÑOS,ND,A,M,8,0,N,N,0,0,false,0,N,N,"2,15,28,40","computo,joyeria,dinero,tarjeta",1700,20000,false,1,1,0,NA,NA,0,NA,1,TRANSITANDO,SI,MUJER,730,-102.29019933,21.96695303
250754480,0,30422,ROBO PERSONA,ND,4,2025-04-19,16,6,1,FRACCIONAMIENTO,VILLA LOMA DORADA,75,75,CALLE,VILLA DE BILBAO,NA,NA,",,,",CALLE,VILLA DEL RIO,3,14,55,21,14:55 p. m.,false,false,9,ninguna,2 HOMBRES UNO VISTE PLAYERA AMARILLA Y EL OTRO PLAYERA VERDE,ND,H,H,8,0,N,N,0,0,false,0,MOTOCICLETA,MOTOCICLETA COLOR VERDE CON NEGRO,3,celular,0,0,false,1,2,0,NA,NA,0,NA,1,TRANSITANDO,NO,HOMBRE,731,-102.25167155,21.92583509
250757009,0,30421,ROBO PERSONA,ND,4,2025-04-19,16,6,1,FRACCIONAMIENTO,MORELOS I,598,598,CALLE,CORREGIDORA,NA,NA,",,,",CALLE,HERMANOS BRAVO,5,20,46,23,20:46 p. m.,false,true,13,"cortante,contusa",1 HOMBRE VISTE SUDADERA CON CAPUCHA TAPADA Y BERMUDA,ND,H,M,8,0,N,N,0,0,false,0,N,N,3,celular,0,0,false,1,1,0,NA,NA,0,NA,1,ND,NO,MENOR,732,-102.26261605,21.85617937
250759144,0,30422,ROBO PERSONA,FERIA,4,2025-04-20,16,7,1,BARRIO,BARRIO SAN MARCOS,85,85,ANDADOR,ARTURO J PANI,NA,NA,",,,",AVENIDA,LICENCIADO ADOLFO LOPEZ MATEOS PONIENTE,2,0,35,25,00:35 a. m.,false,false,9,ninguna,ND,ND,ND,M,8,0,N,N,0,0,false,0,N,N,"3,38","celular,otros",0,0,false,23,1,10359,NA,NA,0,NA,1,TRANSITANDO,NO,MUJER,733,-102.30378935,21.87683890
250759582,0,30422,ROBO PERSONA,FERIA,4,2025-04-20,16,7,1,ESPECIAL,ZONA FERIAL,583,583,ANDADOR,LICENCIADO ADOLFO LOPEZ MATEOS PONIENTE,NA,NA,",,,",CALLE,JOSE F ELIZONDO,2,1,26,25,01:26 a. m.,false,false,9,ninguna,ND,ND,ND,M,8,0,N,N,0,0,false,0,N,N,3,celular,0,0,false,23,1,10359,NA,NA,0,NA,1,TRANSITANDO,NO,MUJER,734,-102.30239386,21.87620481
250759887,0,30422,ROBO PERSONA,FERIA,4,2025-04-20,16,7,1,ESPECIAL,ZONA FERIAL,583,583,ANDADOR,LICENCIADO ADOLFO LOPEZ MATEOS PONIENTE,NA,NA,",,,",CALLE,JOSE F ELIZONDO SUR,2,2,2,25,02:02 a. m.,false,false,9,ninguna,ND,ND,ND,M,8,0,N,N,0,0,false,0,N,N,3,celular,0,0,false,23,1,10359,NA,NA,0,NA,1,TRANSITANDO,NO,MUJER,735,-102.30227752,21.87668856
250759948,0,30422,ROBO PERSONA,ND,4,2025-04-20,16,7,1,ESPECIAL,ZONA FERIAL,583,583,ANDADOR,LICENCIADO ADOLFO LOPEZ MATEOS PONIENTE,NA,NA,",,,",CALLE,JOSE F ELIZONDO SUR,2,2,8,25,02:08 a. m.,false,false,9,ninguna,ND,ND,ND,M,8,0,N,N,0,0,false,0,N,N,3,celular,0,0,false,23,1,10359,NA,NA,0,NA,1,TRANSITANDO,NO,MUJER,736,-102.30240257,21.87663493
250760138,0,30422,ROBO PERSONA,FERIA,4,2025-04-20,16,7,1,BARRIO,BARRIO SAN MARCOS,85,85,ANDADOR,LICENCIADO ADOLFO LOPEZ MATEOS PONIENTE,NA,NA,",,,",CALLE,JOSE F ELIZONDO SUR,1,2,0,25,02:00 a. m.,false,false,9,ninguna,ND,ND,ND,M,8,0,N,N,0,0,false,0,N,N,3,celular,0,0,false,23,1,0,NA,NA,0,NA,2,PARADO,NO,MUJER,737,-102.30279710,21.87684201
250760607,0,30422,ROBO PERSONA,FERIA,4,2025-04-20,16,7,1,ESPECIAL,ZONA FERIAL,583,583,ANDADOR,LICENCIADO ADOLFO LOPEZ MATEOS PONIENTE,NA,NA,",,,",CALLE,JOSE F ELIZONDO SUR,2,3,41,26,03:41 a. m.,false,false,9,ninguna,ND,ND,ND,H,8,0,N,N,0,0,false,0,N,N,3,celular,0,0,false,23,13,0,NA,NA,0,NA,1,TRANSITANDO,NO,HOMBRE,738,-102.30244194,21.87643481
250760670,0,30422,ROBO PERSONA,FERIA,4,2025-04-20,16,7,1,ESPECIAL,ZONA FERIAL,583,583,ANDADOR,LICENCIADO ADOLFO LOPEZ MATEOS PONIENTE,NA,NA,",,,",CALLE,JOSE F ELIZONDO SUR,2,3,50,26,03:50 a. m.,false,false,9,ninguna,ND,ND,ND,H,8,0,N,N,0,0,false,0,N,N,3,celular,0,0,false,23,1,0,NA,NA,0,NA,1,TRANSITANDO,NO,HOMBRE,739,-102.30326860,21.87638276
250760681,0,30422,ROBO PERSONA,FERIA,4,2025-04-20,16,7,1,ESPECIAL,ZONA FERIAL,583,583,ANDADOR,LICENCIADO ADOLFO LOPEZ MATEOS PONIENTE,NA,NA,",,,",CALLE,JOSE F ELIZONDO SUR,2,3,54,26,03:54 a. m.,false,false,9,ninguna,ND,ND,ND,M,8,0,N,N,0,0,false,0,N,N,3,celular,0,0,false,23,1,0,NA,NA,0,NA,1,TRANSITANDO,NO,MUJER,740,-102.30224294,21.87656646
250760751,0,30422,ROBO PERSONA,FERIA,4,2025-04-20,16,7,1,BARRIO,BARRIO SAN MARCOS,85,85,ANDADOR,LICENCIADO ADOLFO LOPEZ MATEOS PONIENTE,NA,NA,",,,",CALLE,PROFESOR ALEJANDRO TOPETE DEL VALLE,1,4,6,26,04:06 a. m.,false,false,9,ninguna,ND,ND,ND,H,8,0,N,N,0,0,false,0,N,N,3,celular,0,0,false,23,1,0,NA,NA,0,NA,1,TRANSITANDO,NO,HOMBRE,741,-102.30248175,21.87695224
250760778,0,30422,ROBO PERSONA,FERIA,4,2025-04-20,16,7,1,ESPECIAL,ZONA FERIAL,583,583,CALLE,JOSE F ELIZONDO SUR,NA,NA,",,,",CALLE,LOS LAURELES,2,4,11,26,04:11 a. m.,false,false,9,ninguna,1 HOMBRE,ND,H,H,8,0,N,N,0,0,false,0,N,N,3,celular,0,27000,false,23,1,0,NA,NA,0,NA,1,PARADO,NO,HOMBRE,742,-102.30107032,21.87619600
250761275,0,30421,ROBO PERSONA,ND,4,2025-04-20,16,7,1,FRACCIONAMIENTO,VILLAS DEL RIO,416,416,CALLE,ND,NA,NA,",,,",CALLE,ND,3,6,43,19,06:43 a. m.,false,true,3,contusa,ND,ND,ND,H,8,0,N,N,0,0,false,0,N,N,3,celular,0,0,false,1,1,0,NA,NA,0,NA,1,ND,NO,HOMBRE,743,-102.24280914,21.93877048
250763154,0,30421,ROBO PERSONA,FERIA,4,2025-04-19,16,6,1,BARRIO,BARRIO SAN MARCOS,85,85,CALLE,VENUSTIANO CARRANZA,NA,NA,",,,",CALLE,EDUARDO J CORREA,1,23,0,24,23:00 p. m.,false,false,9,ninguna,1 MUJER VISTE PANTALON MEZCLILLA PLAYERA NEGRA,ND,H,M,8,0,N,N,0,0,false,0,N,N,3,celular,0,0,false,1,1,0,NA,NA,0,NA,1,TRANSTITANDO,NO,HOMBRE,744,-102.30219226,21.87997300
250766927,0,30421,ROBO PERSONA,ND,4,2025-04-20,16,7,1,FRACCIONAMIENTO,INSURGENTES,161,161,AVENIDA,DE LA CONVENCION,NA,NA,",,,",CALLE,FRANCISCO CARRERA TORRES,2,22,38,24,22:38 p. m.,false,true,3,contusa,2 HOMBRES DE 47 Y 25 AÑOS DE EDAD,EL PIEDRA,H,H,8,0,N,N,0,0,false,0,N,N,"12,28","ropa,dinero",250,1450,false,1,1,0,NA,NA,0,NA,1,TRANSITANDO,NO,HOMBRE,745,-102.31094545,21.85187046
250767055,0,30421,ROBO PERSONA,ND,4,2025-04-20,16,7,1,FRACICONAMIENTO,"VILLA DE NUESTRA SEÑORA DE LA ASUNCION, SECTOR GUADALUPE",342,342,CALLE,ELIAS DE LARA,NA,N,"A,,,",AVENIDA,JOSE DE JESUS GONZALEZ GARCIA,3,23,1,24,23:01 p. m.,false,true,1,cortante,3 HOMBRES UNO VISTE SUDADERA AZUL MARINO Y EL OTRO SUDADERA COLOR CREMA,EL PINGUIS,H,H,8,0,N,N,0,0,false,0,N,N,"3,12,29","celular,tenis,cartera",0,0,false,1,1,0,NA,NA,0,NA,1,ND,NO,HOMBRE,746,-102.25309221,21.92925807
250767070,0,30422,ROBO PERSONA,FERIA,4,2025-04-20,16,7,1,ESPECIAL,ZONA FERIAL,583,583,CALLE,F ELIZONDO SUR,NA,NA,",,,",CALLE,LOS LAURELES,2,23,3,24,23:03 p. m.,false,false,9,ninguna,ND,ND,ND,H,8,0,N,N,0,0,false,0,N,N,3,celular,0,0,false,23,1,0,NA,NA,0,NA,1,TRANSITANDO,NO,HOMBRE,747,-102.30106900,21.87606696
250767182,0,30422,ROBO PERSONA,MARIPOSA,4,2025-04-20,16,7,1,FRACCIONAMIENTO,"VILLA DE NUESTRA SEÑORA DE LA ASUNCION, SECTOR GUADALUPE",342,342,CALLE,ELIAS DE LARA,NA,NA,",,,",AVENIDA,JOSE DE JESUS GONZALEZ GARCIA,3,23,16,24,23:16 p. m.,false,false,9,ninguna,2 HOMBRES AMBOS VISTEN DE NEGRO,ND,H,H,8,0,N,N,0,0,false,0,N,N,"3,14","celular,bicicleta",0,0,false,1,1,0,NA,NA,0,NA,1,TRANSITANDO,NO,HOMBRE,748,-102.25286196,21.92865504
250767336,0,30421,ROBO PERSONA,ND,4,2025-04-20,16,7,1,FRACCIONAMIENTO,VILLAS DEL PILAR I,491,491,CALLE,CARLOS LOPEZ MOCTEZUMA,NA,NA,",,,",AVENIDA,SIGLO XXI,2,23,34,24,23:34 p. m.,false,true,1,cortante,2 HOMBRES VISTE JERSEY COLOR MORADO Y PANTALON MEZCLILLA,ND,H,H,8,0,N,N,0,0,false,0,MOTOCICLETA,MOTOCICLETA ITALIKA 125,"3,28,29","celular,dinero,cartera",2000,2000,false,1,1,0,NA,NA,0,NA,1,TRANSITANDO,NO,HOMBRE,749,-102.30392400,21.84582021
250769125,0,30422,ROBO PERSONA,FERIA,4,2025-04-21,17,1,1,ESPECIAL,ZONA FERIAL,583,583,AVENIDA,LICENCIADO ADOLFO LOPEZ MATEOS PONIENTE,NA,NA,",,,",CALLE,JOSE F ELIZONDO SUR,2,27,0,27,sin datos,false,false,9,ninguna,ND,ND,ND,H,8,0,N,N,0,0,false,0,N,N,3,celular,0,0,false,1,1,0,NA,NA,0,NA,1,TRANSITANDO,NO,HOMBRE,750,-102.30152427,21.87669253
250769456,0,30422,ROBO PERSONA,ND,4,2025-04-21,17,1,2,BARRIO,FRONTERA,769,769,CALLE,GUEL JIMENEZ,NA,NA,",,,",CALLE,TEODORO OLIVA,7,7,42,19,07:42 a. m.,false,false,9,Nninguna,ND,ND,ND,M,8,0,N,N,0,0,false,0,N,N,11,juguetes,0,0,false,1,1,0,NA,NA,0,NA,1,PARADO,NO,MUJER,751,-102.01822365,22.19171353
250770350,0,30421,ROBO PERSONA,ND,4,2025-04-21,17,1,1,FRACCIONAMIENTO,RODOLFO LANDEROS GALLEGOS,226,226,CALLE,PAZ ROMO DEL VIVAR,NA,NA,",,,",CALLE,ELVIA ALICIA MEDRANO PARADA,3,10,57,20,10:57 a. m.,false,true,8,otras,1 HOMBRE VISTE BERMUDA NEGRA PLAYERA NEGRA,ND,H,H,8,0,N,N,0,0,false,0,N,N,6,tecnologia,0,0,false,1,1,0,NA,NA,0,NA,1,PARADO,NO,HOMBRE,752,-102.25449904,21.90329110
250771808,0,30422,ROBO PERSONA,MARIPOSA,4,2025-04-21,17,1,1,FRACCIONAMIENTO,JOSE GUADALUPE PERALTA GAMEZ,334,334,AVENIDA,PROCERES DE LA ENSEÑANZA,NA,NA,"408,,,",CALLE,JOSE GUADALUPE NAJERA JIMENEZ,4,15,14,21,15:14 p. m.,false,true,13,"cortante,contusa",3 HOMBRES,"EL MUELAS, EL POMO Y EL GIBRAN",H,H,3,1,N,N,0,0,false,0,N,N,14,bicicleta,0,0,false,1,4,0,NA,NA,0,NA,1,TRANSITANDO,NO,HOMBRE,753,-102.23738203,21.87253218
250773530,0,30421,ROBO PERSONA,ND,4,2025-04-21,17,1,1,COLONIA,LA CRUZ,182,182,AVENIDA,MARIANO ESCOBEDO,NA,NA,"101,,,",AVENIDA,MISIONEROS,5,20,31,23,20:31 p. m.,false,true,1,cortante,1 HOMBRE VISTE DE NEGRO CON CAPUCHA NEGRA,ND,H,H,8,0,N,N,0,0,false,0,N,N,"3,28,29,40","celular,dinero,cartera,tarjetas",4000,4000,false,1,1,0,NA,NA,0,NA,1,TRANSITANDO,NO,HOMBRE,754,-102.27556007,21.86436414
250773569,0,30422,ROBO PERSONA,FERIA,4,2025-04-21,17,1,1,ESPECIAL,ZONA FERIAL,583,583,AVENIDA,LICENCIADO ADOLFO LOPEZ MATEOS,NA,NA,",,,",CALLE,JOSE F ELIZONDO SUR,2,19,30,23,19:30 p. m.,false,false,9,ninguna,ND,ND,ND,M,8,0,N,N,0,0,false,0,N,N,3,celular,0,0,false,23,1,0,NA,NA,0,NA,1,TRANSITANDO,NO,MUJER,755,-102.30217333,21.87641752
250773633,250773667,30421,ROBO PERSONA,MARIPOSA,4,2025-04-21,17,1,5,COLONIA,PROVIDENCIA,967,967,AVENIDA,SIGLO XXI,NA,NA,",,,",AVENIDA,PASEO DE LAS MARAVILLAS,7,20,45,23,20:45 p. m.,false,true,4,fuego,2 HOMBRES UNO VISTE DE MANGA CORTA COLOR NEGRO PANTALON MEZCLILLA,ND,H,H,8,0,N,N,0,0,false,0,N,N,14,bicicleta,0,0,false,1,2,0,NA,NA,0,NA,1,ND,NO,HOMBRE,756,-102.32387309,21.95049535
250775418,0,30421,ROBO PERSONA,ND,4,2025-04-22,17,2,1,FRACCIONAMIENTO,EL PUERTECITO,407,407,CALLE,PUERTO DE COZUMEL,NA,NA,"132,,,",CALLE,PASEO DEL PUERTECITO,3,1,37,25,01:37 a. m.,false,true,1,cortante,1 HOMBRE,ND,H,H,0,0,N,N,0,0,false,0,N,N,"3,12,29","celular,ropa,cartera",0,0,false,1,1,0,NA,NA,0,NA,1,ND,NO,HOMBRE,757,-102.24524063,21.93918996
250775669,0,30421,ROBO PERSONA,ND,4,2025-04-22,17,2,5,COLONIA,BENIGNO CHAVEZ,1051,1051,AVENIDA,CIRCUNVALACION A SOLIDARIDAD,NA,NA,",,,",CALLE,J MARMOLEJO PEREZ,7,3,29,26,03:29 a. m.,false,true,34,"contusa,fuego",2 HOMBRES UNO TIENE BARBA ESTATURA ALTO TEZ MORENO,ND,H,H,8,0,N,N,0,0,false,0,N,N,"3,28,40","celular,dinero,tarjeta",15000,15000,false,1,64,0,NA,NA,0,NA,1,PARADO,NO,HOMBRE,758,-102.34250390,21.95316282
250777402,0,30422,ROBO PERSONA,ND,4,2025-04-22,17,2,1,FRACCIONAMIENTO,OJOCALIENTE III,191,191,CALLE,LOS ARQUITOS,NA,NA,",,,",AVENIDA,SIGLO XXI,4,12,27,21,12:27 p. m.,false,false,9,ninguna,1 HOMBRE TATUADO TEZ MORENO,ND,H,H,8,0,N,N,0,0,false,0,BICICLETA,BICICLETA,3,celular,0,0,false,1,1,0,NA,NA,0,NA,1,ND,NO,HOMBRE,759,-102.24689527,21.87541088
250779479,0,30422,ROBO PERSONA,ND,4,2025-04-22,17,2,1,FRACCIONAMIENTO,"VILLA DE NUESTRA SEÑORA DE LA ASUNCION, SECTOR GUADALUPE",342,342,CALLE,FEDERICO MENDEZ,NA,NA,",,,",AVENIDA,GERONIMO DE LA CUEVA,3,18,14,22,18:14 p. m.,false,false,9,ninguna,2 HOMBRES UNO VISTE DE SHORT COLOR GRIS PLAYERA ROJA EL OTRO PLAYERA BLANCA PANTALON NEGRO,ND,H,H,8,0,N,N,0,0,false,0,N,N,"3,12","celular,ropa",0,0,false,1,2,0,NA,NA,0,NA,1,ND,NO,HOMBRE,760,-102.25690311,21.93449023
250780988,0,30422,ROBO PERSONA,ND,4,2025-04-22,17,2,1,FRACCIONAMIENTO,"VILLA DE NUESTRA SEÑORA DE LA ASUNCION, SECTOR GUADALUPE",342,342,CALLE,GERARDO MACIAS,NA,NA,"210,,,",CALLE,PORFIRIO PADILLA ENRIQUEZ,3,21,37,24,21:37 p. m.,false,false,9,niniguna,1 HOMBRE CON CASCO NEGRO,ND,H,M,8,0,N,N,0,0,false,0,MOTOCICLETA,MOTOCICLETA ITALIKA COLOR AZUL,3,celular,0,0,false,1,1,0,NA,NA,0,NA,1,PARADO,NO,MUJER,761,-102.25522589,21.92860754
250781707,0,30421,ROBO PERSONA,ND,4,2025-04-22,17,2,1,FRACCIONAMIENTO,BENITO PALOMINO DENA,220,220,CALLE,ROBERTO JEFKINS RANGEL,NA,NA,"1006,,,",CALLE,DOCTOR ALFONSO RODRIGUEZ FRANCO,3,22,58,24,22:58 p. m.,false,true,4,fuego,2 HOMBRES UNO DE ELLOS TREA CASCO NEGRO EL OTRO CASCO ROJO ESE ESTATURA ALTA TEZ MORENO COMPLEXION DELGADO,ND,H,H,8,0,N,N,0,0,false,0,MOTOCICLETA,MOTOCICLETA ITALIKA 150 COLOR NEGRO,"3,28,29,40","celular,dinero,cartera,tarjeta",50,50,true,1,10,0,NA,NA,0,NA,1,TRANSITANDO,NO,HOMBRE,762,-102.24840373,21.91745345
250743517,0,30414,ROBO PERSONA,MARIPOSA,4,2025-04-18,16,5,11,FRACCIONAMIENTO,HIDALGO,1304,1304,CALLE,MARIANO MICHELENA,NA,NA,"109,,,",CALLE,MELCHOR TALAMANTES,7,3,29,26,03:29 a. m.,false,false,9,ninguna,ND,ND,ND,H,8,0,N,N,0,0,false,0,N,N,14,bicicleta,0,0,false,1,2,0,NA,NA,0,NA,1,PARADO,NO,HOMBRE,763,-102.26665080,22.07273968
250764054,0,50305,ROBO PERSONA,ND,4,2025-04-20,16,7,1,FRACCIONAMIENTO,RODOLFO LANDEROS GALLEGOS,226,226,AVENIDA,RODOLFO LANDEROS GALLEGOS,NA,NA,",,,",AVENIDA,SIGLO XXI,4,3,0,26,03:00 a. m.,false,true,3,contusa,HOMBRES,ND,H,H,8,0,N,N,0,0,false,0,N,N,"3,55","celular,casco",0,0,false,20,1,0,NA,NA,0,NA,1,PARADO,NO,HOMBRE,764,-102.25430932,21.90178459
250738659,0,30446,ROBO PERSONA,MARIPOSA,4,2025-04-17,16,4,1,FRACCIONAMIENTO,RESIDENCIAL LOS PIRULES,300,300,CALLE,PIRULERO,NA,NA,"237,,,",CALLE,PAPIRO,2,16,1,22,16:01 p. m.,false,false,9,ninguna,ND,ND,ND,H,8,0,N,N,0,0,false,0,N,N,14,bicicleta,0,0,false,1,1,0,NA,NA,0,NA,1,PARADO,NO,HOMBRE,765,-102.32050557,21.87004425
250760224,250765797,30446,ROBO PERSONA,ND,4,2025-04-20,16,7,1,FRACCIONAMIENTO,LAS AMERICAS,262,262,AVENIDA,DE LA CONVENCION DE 1914 SUR,NA,NA,"302,,,",CALLE,REPUBLICA DE ARGENTINA,2,2,50,25,02:50 a. m.,false,false,9,ninguna,ND,ND,ND,M,8,0,N,N,0,0,false,0,N,N,3,celular,0,0,false,1,1,0,NA,NA,0,NA,2,PARADO,NO,MUJER,766,-102.29715853,21.86580642
250778595,0,30446,ROBO PERSONA,ND,4,2025-04-22,17,2,1,FRACCIONAMIENTO,OJOCALIENTE I,190,190,CALLE,PEÑUELAS,NA,NA,"400,,,",AVENIDA,OJOCALIENTE,4,15,46,22,15:46 p. m.,false,false,9,ninguna,ND,ND,ND,H,8,0,N,N,0,0,false,0,N,N,3,celular,0,4000,false,1,1,0,NA,NA,0,NA,2,PARADO,NO,HOMBRE,767,-102.25578972,21.88534062
250781871,0,30446,ROBO PERSONA,ND,4,2025-04-22,17,2,11,FRACCIONAMIENTO,LA RIBERA,1340,1340,CALLE,SANTIAGO,NA,NA,"609,10,,",CALLE,CUITZEO,7,20,0,23,20:20 p. m.,false,false,9,ninguna,1 MUJER,ND,M,M,5,0,N,N,0,0,false,0,N,N,3,celular,0,0,false,1,13,0,NA,NA,0,NA,1,PARADO,NO,MUJER,768,-102.24592246,21.95988758
250786459,0,30422,ROBO PERSONA,ND,4,2025-04-23,17,3,1,FRACCIONAMIENTO,HACIENDAS DE AGUASCALIENTES,530,530,CALLE,HACIENDA JOSE MARIA MORELOS,NA,NA,"153,,,",CALLE,HACIENDA EL TORIL,4,18,6,22,18:06 p. m.,false,false,9,ninguna,2 HOMBRES VISTE CAMISA NEGRA Y SUETER ROJO,ND,H,H,8,0,N,N,0,0,false,0,BICICLETA,BICICLETA,"28,29","dinero,cartera",2500,2500,false,1,1,0,NA,NA,0,NA,1,PARADO,NO,HOMBRE,769,-102.24524485,21.89196774
250788941,0,30422,ROBO PERSONA,FERIA,4,2025-04-24,17,4,1,ESPECIAL,ZONA FERIAL,583,583,CALLE,LOS LAURELES,NA,NA,",,,",CALLE,JOSE F ELIZONDO SUR,2,0,0,25,00:00 a. m.,false,false,9,ninguna,ND,ND,ND,M,8,0,N,N,0,0,false,0,N,N,3,celular,0,0,false,1,13,0,NA,NA,0,NA,1,TRANSITANDO,NO,MUJER,770,-102.30213640,21.87589840
250791297,0,30421,ROBO PERSONA,ND,4,2025-04-24,17,4,1,FRACCIONAMIENTO,SANTA ELENA,261,261,AVENIDA,DOCTOR IGNACIO T CHAVEZ,NA,NA,",,,",AVENIDA,DE LA CONVENCION DE 1914 SUR,2,12,54,21,12:54 p. m.,false,true,1,cortante,1 HOMBRE EDAD APROX 20 AÑOS CEJA POBLADA TEZ MORENO COMPLEXION DELGADO,ND,H,H,8,0,N,N,0,0,false,0,N,N,"28,29,31,38,40","dinero,cartera,mochila,otros,tarjeta",900,900,false,1,1,0,NA,NA,0,NA,1,TRANSITANDO,NO,HOMBRE,771,-102.30866387,21.86808619
250792373,0,30422,ROBO PERSONA,ND,4,2025-04-24,17,4,1,FRACCIONAMIENTO,"VILLA DE NUESTRA SEÑORA DE LA ASUNCION, SECTOR GUADALUPE",342,342,CALLE,ERMITA SAN SEBASTIAN,NA,NA,",,,",AVENIDA,POLIDUCTO,3,16,13,22,16:13 p. m.,false,false,9,ninguna,2 HOMBRES,ND,H,H,8,0,N,N,0,0,false,0,N,N,36,"celular,tecnologia",0,0,false,1,1,0,NA,NA,0,NA,1,PARADO,NO,MENOR,772,-102.26173422,21.92886221
250794244,0,30422,ROBO PERSONA,ND,4,2025-04-24,17,4,1,FRACCIONAMIENTO,SANTA ANITA,102,102,CALLE,NICOLO PAGANINI,NA,NA,",,,",AVENIDA,DE LA CONVENCION DE 1914 ORIENTE,4,20,55,23,20:55 p. m.,false,false,9,ninguna,1 HOMBRE VISTE DE OSCURO CON BOTAS AMARILLAS,ND,H,H,8,0,N,N,0,0,false,0,MOTOCICLETA,MOTOCICLETA,3,celular,0,0,false,1,1,0,NA,NA,0,NA,1,ND,NO,HOMBRE,773,-102.27860280,21.89587684
250794380,0,30421,ROBO PERSONA,ND,4,2025-04-24,17,4,1,FRACCIONAMIENTO,VERSALLES II,164,164,CALLE,INGENIERO JOSE ACEVES DE SANDI,NA,NA,",,,",CALLE,FRANCSICO CARRERA TORRES,2,21,14,23,21:14 p. m.,false,true,1,cortante,3 HOMBRES,ND,H,M,8,0,N,N,0,0,false,0,MOTOCICLETA,MOTOCICLETA,3,celular,0,0,false,1,1,0,NA,NA,0,NA,1,ND,NO,HOMBRE,774,-102.30915565,21.85578104
250795299,0,30422,ROBO PERSONA,ND,4,2025-04-24,17,4,1,COLONIA,HEROES,648,648,AVENIDA,LICENCIADO ADOLFO LOPEZ MATEOS ORIENTE,NA,NA,",,,",CALLE,POPOCATEPETL,4,22,51,24,22:51 p. m.,false,false,9,ninguna,2 HOMBRES,ND,H,H,8,0,N,N,0,0,false,0,N,N,29,cartera,0,0,false,1,1,0,NA,NA,0,NA,1,PARADO,NO,HOMBRE,775,-102.27082264,21.87812437
250796465,0,30422,ROBO PERSONA,ND,4,2025-04-25,17,5,1,COLONIA,GREMIAL,613,613,AVENIDA,MANUEL GOMEZ MORIN,NA,NA,",,,",CALLE,TOMAS MEDINA UGARTE,6,2,27,25,02:27 a. m.,false,false,9,ninguna,2 HOMBRES UNO DE ELLOS VISTE PALYERA NEGRA,ND,H,H,8,0,N,N,0,0,false,0,N,N,6,tecnologia,0,0,false,1,1,0,NA,NA,0,NA,1,ND,NO,HOMBRE,776,-102.28512161,21.89927364
250798773,0,30422,ROBO PERSONA,FERIA,4,2025-04-25,17,5,1,BARRIO,BARRIO SAN MARCOS,85,85,CALLE,ARTURO J PANI,NA,NA,",,,",CALLE,NIETO,1,1,33,25,01:33 a. m.,false,false,9,ninguna,ND,ND,ND,M,8,0,N,N,0,0,false,0,N,N,3,celular,0,0,false,23,1,0,NA,NA,0,NA,1,PARADO,NO,MUJER,777,-102.30378913,21.87706455
250801183,0,30422,ROBO PERSONA,FERIA,4,2025-04-25,17,5,1,ESPECIAL,ZONA FERIAL,583,583,ANDADOR,ANDADOR DE LA FERIA,NA,NA,",,,",CALLE,ROSAS,2,19,21,23,19:21 p. m.,false,false,9,ninguna,ND,ND,ND,M,0,0,N,N,0,0,false,0,N,N,"27,29","documentos, cartera",0,0,false,23,1,0,NA,NA,0,NA,1,PARADO,NO,MUJER,778,-102.30302569,21.87622160
250803100,0,30422,ROBO PERSONA,ND,4,2025-04-25,17,5,1,CONDOMINIO,LA PLAZUELA,100,100,AVENIDA,EUGENIO GARZA SADA,NA,NA,"128,,,",CALLE,PASEO DE LOS ABETOS,6,23,12,24,23:12 p. m.,false,false,9,ninguna,1 HOMBRE CONDUCTOR DE DIDI,ND,H,M,8,0,N,N,0,0,false,0,N,N,3,celular,0,0,false,1,2,0,NA,NA,0,NA,1,PARADO,NO,MUJER,779,-102.33191195,21.91567441
250803201,0,30421,ROBO PERSONA,nd,4,2025-04-25,17,5,1,FRACCIONAMIENTO,VILLAS DEL RIO,416,416,CALLE,VILLAS DEL RIO,NA,NA,"311,B,,",CALLE,RIO AGUANAVAL,3,23,25,24,23:25 p. m.,false,true,3,contusa,2 HOMBRES,ND,H,H,8,0,N,N,0,0,false,0,N,N,"27,29,31","documentos,cartera,mochila",0,0,false,1,1,0,NA,NA,0,NA,1,PARADO,NO,HOMBRE,780,-102.24237135,21.93735559
250803948,0,30422,ROBO PERSONA,ND,4,2025-04-26,17,6,1,ESPECIAL,ZONA FERIAL,583,583,ANDADOR,ANDADOR DE LA FERIA,NA,NA,",,,",CALLE,DALIAS,2,0,53,25,00:53 a. m.,false,false,9,ninguna,ND,ND,ND,M,8,0,N,N,0,0,false,0,N,N,3,celular,0,0,false,1,1,0,NA,NA,0,NA,1,TRANSITANDO,NO,MUJER,781,-102.30331819,21.87620533
250804199,0,30421,ROBO PERSONA,ND,4,2025-04-26,17,6,1,COMUNIDAD,SAN IGNACIO,536,536,CALLE,EL POTRERO,NA,NA,",,,",CALLE,FRANCISCO I MADERO,6,1,0,25,01:00 a. m.,false,true,3,contusa,2 HOMBRES UNO VISTE PANTALON MEZCLILLA AZUL SUDADERA NEGRA CON CAPUCHA,ND,H,H,8,0,N,N,0,0,false,0,BICICLETA,BICICLETA,"3,28","celular,dinero",500,500,false,1,1,0,NA,NA,0,NA,1,TRANSITANDO,NO,HOMBRE,782,-102.33683497,21.89338192
250804430,0,30422,ROBO PERSONA,ND,4,2025-04-26,17,6,1,FRACCIONAMIENTO,SANTA ELENA,261,261,CALLE,MEDELLIN,NA,NA,",,,",CALLE,REPUBLICA DE NICARAGUA,2,2,3,25,02:03 a. m.,false,false,9,ninguna,2 HOMBRES UNO VISTE SUDADERA BLANCA Y GORRA NEGRA EL OTRO SUDADERA Y GORRA NEGRO PANTALON MEZCLILLA,ND,H,M,8,0,N,N,0,0,false,0,N,N,"3,26,40","celular,bolso,tarjetas",0,15000,false,1,1,0,NA,NA,0,NA,1,ND,NO,MUJER,783,-102.30380894,21.86946106
250804946,0,30422,ROBO PERSONA,FERIA,4,2025-04-26,17,6,1,ESPECIAL,ZONA FERIAL,583,583,ANDADOR,ANDADOR DE LA FERIA,NA,NA,",,,",CALLE,DALIAS,2,4,32,26,04:32 a. m.,false,false,9,ninguna,ND,ND,ND,M,8,0,N,N,0,0,false,0,N,N,3,celular,0,0,false,1,1,0,NA,NA,0,NA,1,TRANSITANDO,NO,MUJER,784,-102.30312763,21.87600672
250806791,0,30422,ROBO PERSONA,ND,4,2025-04-26,17,6,1,FRACCIONAMIENTO,VIÑEDOS DEL SUR,633,633,CALLE,ALFREDO DE LARA ISAACS,NA,NA,",,,",CALLE,ALBERTO FUENTES DAVILA,5,12,54,21,12:54 p. m.,false,false,9,ninguna,2 HOMBRES 1 MUJER,ND,A,H,8,0,N,N,0,0,false,0,N,N,"3,11","celular,herramienta",0,0,false,1,1,0,NA,NA,0,NA,1,TRANSITANDO,NO,HOMBRE,785,-102.27607344,21.80886428
250807278,0,30422,ROBO PERSONA,ND,4,2025-04-26,17,6,1,CC,DESARROLLO ESPECIAL VILLASUNCION,467,467,BOULEVARD,JOSE MARIA CHAVEZ,NA,NA,",,,",AVENIDA,SIGLO XXI,2,11,0,20,11:00 a. m.,false,false,9,ninguna,1 HOMBRE VISTE CAMISA BLANCA Y PANTALON VERDE OLIVO EDAD APROX 50 AÑOS,ND,H,M,3,0,N,N,0,0,false,0,N,N,"3,26,28,40","celular,bolso,dinero,tarjeta",3000,20000,false,1,1,0,NA,NA,0,NA,1,PARADO,NO,MUJER,786,-102.29199235,21.84705038
250808435,0,30422,ROBO PERSONA,ND,4,2025-04-26,17,6,1,FRACCIONAMIENTO,VILLAS DEL RIO,416,4166,CALLE,JOSE E FEMAT GUTIERREZ,NA,NA,"229,C,,",CALLE,VILLAS DEL RIO,3,17,17,22,17:17 p. m.,false,false,9,ninguna,2 HOMBRES UNO SIN CAMISA CON TATUAJES EN LA CARA OTRO CON EXPANSIONES EN LOS OIDOS VISTE CAMISA MORADA,ND,H,H,8,0,N,N,0,0,false,0,N,N,"3,12","celular,ropa",0,0,false,1,1,0,NA,NA,0,NA,1,PARADO,NO,HOMBRE,787,-102.24278556,21.93870060
250810816,0,30422,ROBO PERSONA,FERIA,4,2025-04-26,17,6,1,BARRIO,BARRIO SAN MARCOS,85,85,CALLE,ARTUTO J PANI,NA,NA,",,,",CALLE,RAYON,1,2,0,24,02:00 a. m.,false,false,9,ninguna,ND,ND,ND,M,8,0,N,N,0,0,false,0,N,N,"29,40","cartera,tarjeta",0,0,false,23,1,0,NA,NA,0,NA,1,TRANSITANDO,NO,MUJER,788,-102.30371170,21.87686664
250810879,0,30422,ROBO PERSONA,FERIA,4,2025-04-26,17,6,1,ESPECIAL,ZONA FERIAL,583,583,ANDADOR,ANDADOR DE LA FERIA,NA,NA,",,,",CALLE,ARTURO J PANI,2,22,11,24,22:11 p. m.,false,false,9,ninguna,ND,ND,ND,H,8,0,N,N,0,0,false,0,N,N,"30,40","llaves,tarjeta",0,0,false,23,1,0,NA,NA,0,NA,1,TRANSITANDO,NO,HOMBRE,789,-102.30306970,21.87645514
250810950,0,30422,ROBO PERSONA,FERIA,4,2025-04-26,17,6,1,ESPECIAL,ZONA FERIAL,583,583,ANDADOR,ANDADOR DE LA FERIA,NA,NA,",,,",CALLE,RINCON,2,3,30,25,03:30 a. m.,false,false,9,ninguna,ND,ND,ND,H,8,0,N,N,0,0,false,0,N,N,3,celular,0,0,false,23,1,0,NA,NA,0,NA,1,TRANSITANDO,NO,HOMBRE,790,-102.30683676,21.87544259
250811873,0,30422,ROBO PERSONA,ND,4,2025-04-26,17,6,1,COLONIA,ZONA CENTRO,501,501,CALLE,VENUSTIANO CARRANZA,NA,NA,",,,",CALLE,JOSE F ELIZONDO NORTE,1,23,50,24,23:50 p. m.,false,false,9,ninguna,ND,ND,ND,M,8,0,N,N,0,0,false,0,N,N,3,celular,0,0,false,1,1,0,NA,NA,0,NA,1,PARADO,NO,MUJER,791,-102.30162708,21.88001104
250812038,0,30421,ROBO PERSONA,ND,4,2025-04-27,17,7,5,COLONIA,CENTRO,938,938,CALLE,GUADALUPE VICTORIA,NA,NA,"505,,,",CALLE,BELTRAN,7,0,4,25,00:04 a. m.,false,true,1,cortante,1 HOMBRE,ND,H,H,3,0,N,N,1,0,false,0,N,N,3,celular,0,0,false,1,1,0,NA,NA,0,NA,1,ND,NO,HOMBRE,792,-102.34695311,21.96533285
250812224,0,30422,ROBO PERSONA,FERIA,4,2025-04-27,17,7,1,ESPECIAL,ZONA FERIAL,583,583,ANDADOR,ANDADOR DE LA FERIA,NA,NA,",,,",CALLE,ARTUTO J PANI,2,0,26,25,00:26 a. m.,false,true,1,ninguna,ND,ND,ND,M,8,0,N,N,0,0,false,0,N,N,3,celular,0,0,false,23,1,0,NA,NA,0,NA,1,PARADO,NO,MUJER,793,-102.30348251,21.87639769
250812828,0,30422,ROBO PERSONA,FERIA,4,2025-04-27,17,7,1,ESPECIAL,ZONA FERIAL,583,583,ANDADOR,ANDADOR DE LA FERIA,NA,NA,",,,",CALLE,ARTURO J PANI,2,1,26,25,01:26 a. m.,false,false,9,ninguna,ND,ND,ND,M,8,0,N,N,0,0,false,0,N,N,3,celular,0,0,false,23,1,0,NA,NA,0,NA,1,TRANSITANDO,NO,MUJER,794,-102.30295388,21.87608345
250813382,0,30422,ROBO PERSONA,FERIA,4,2025-04-27,17,7,1,ESPECIAL,ZONA FERIAL,583,583,CALLE,LAURELES,NA,NA,",,,",CALLE,DALIAS,2,2,23,25,02:23 a. m.,false,false,9,ninguna,ND,ND,ND,H,8,0,N,N,0,0,false,0,N,N,3,celular,0,0,false,23,1,0,NA,NA,0,NA,1,TRANSITANDO,NO,HOMBRE,795,-102.30259838,21.87560562
250813954,0,30421,ROBO PERSONA,ND,4,2025-04-27,17,7,1,FRACCIONAMIENTO,"VILLA DE NUESTRA SEÑORA DE LA ASUNCION, SECTOR ESTACION",354,354,CALLE,ALBERTO ACOSTA,NA,NA,",,,",CALLE,DOMINGO VELASCO,3,3,33,26,03:33 a. m.,false,false,9,ninguna,ND,ND,ND,M,8,0,N,N,0,0,false,0,N,N,3,celular,0,0,false,1,1,0,NA,NA,0,NA,1,PARADO,NO,MUJER,796,-102.26182608,21.93501695
250814001,0,30422,ROBO PERSONA,FERIA,4,2025-04-27,17,7,1,BARRIO,BARRIO SAN MARCOS,85,85,CALLE,RAYON,NA,NA,",,,",CALLE,ARTURO J PANI,1,3,37,26,03:37 a. m.,false,false,9,ninguna,ND,ND,ND,H,8,0,N,N,0,0,false,0,N,N,3,celular,0,0,false,1,1,0,NA,NA,0,NA,1,TRANSITANDO,NO,HOMBRE,797,-102.30444719,21.87686697
250814103,0,30422,ROBO PERSONA,FERIA,4,2025-04-27,17,7,1,BARRIO,BARRIO SAN MARCOS,85,85,CALLE,RAYON,NA,NA,",,,",CALLE,ARTUTO J PANI,1,3,50,26,03:50 a. m.,false,false,9,ninguna,ND,ND,ND,M,8,0,N,N,0,0,false,0,N,N,3,celular,0,0,false,23,1,0,NA,NA,0,NA,1,TRANSITANDO,NO,MUJER,798,-102.30412227,21.87685932
250814261,0,30422,ROBO PERSONA,FERIA,4,2025-04-27,17,7,1,ESPECIAL,ZONA FERIAL,583,583,ANDADOR,ANDADOR DE LA FERIA,NA,NA,",,,",CALLE,ARTURO J OANI,2,4,8,26,04:08 a. m.,false,false,9,ninguna,ND,ND,ND,M,8,0,N,N,0,0,false,0,N,N,3,celular,0,0,false,23,1,0,NA,NA,0,NA,1,TRANSITANDO,NO,MUJER,799,-102.30346731,21.87628067
250814584,0,30421,ROBO PERSONA,ND,4,2025-04-27,17,7,1,BARRIO,LA SALUD,499,499,AVENIDA,DE LA CONVENCION DE 1914 SUR,NA,NA,",,,",AVENIDA,HEROE DE NACOZARI SUR,5,6,4,49,26,false,false,9,ninguna,ND,ND,ND,H,8,0,N,N,0,0,false,0,N,N,"3,12,28","celular,ropa,dinero",0,0,false,1,1,0,NA,NA,0,NA,1,BD,NO,MENOR,800,-102.28160682,21.86702527
250815766,0,30422,ROBO PERSONA,FERIA,4,2025-04-27,17,7,1,COLONIA,ZONA CENTRO,501,501,CALLE,VENUSTIANO CARRANZA,NA,NA,",,,",CALLE,MARIANO MATAMOROS NORTE,1,9,2,20,09:02 a. m.,false,false,9,ninguna,2 HOMBRES VISTEN DE ROPA OSCURA,ND,H,H,8,0,N,N,0,0,false,0,N,N,3,celular,0,0,false,23,1,0,NA,NA,0,NA,1,PARADO,NO,HOMBRE,801,-102.30004253,21.88022639
250815826,0,30421,ROBO PERSONA,ND,4,2025-04-27,17,7,1,FRACCIONAMIENTO,"VILLA DE NUESTRA SEÑORA DE LA ASUNCION, SECTOR SAN MARCOS",580,580,CALLE,JUAN LOPEZ ELIZALDE,NA,NA,",,,",AVENIDA,SIGLO XXI,3,8,46,19,08:46 a. m.,false,true,1,cortante,1 HOMBRE VISTE SUDADERA COLOR NEGRO PANTALON MEZCLILLA,ND,H,H,8,0,N,N,0,0,false,0,BICICLETA,BICICLETA,"3,28","celular,dinero",0,0,false,1,1,0,NA,NA,0,NA,1,PARADO,NO,HOMBRE,802,-102.26521100,21.92668799
250818263,0,30421,ROBO PERSONA,MARIPOSA,4,2025-04-27,17,7,1,FRACCIONAMIENTO,PASEOS DEL SUR,634R,0,CALLE,ANDORRA,NA,NA,"104,,,",CALLE,ACHARNES,5,16,24,22,16:24 p. m.,false,true,1,cortante,2 HOMBRES UNO DE ELLOS TRAE UN PALICATE ROJO Y EL OTRO PASAMONTAÑAS,ND,H,H,8,0,N,N,0,0,false,0,N,N,14,bicicleta,0,0,false,1,1,0,NA,NA,0,NA,1,ND,NO,HOMBRE,803,-102.27546797,21.81225600
250819187,0,30422,ROBO PERSONA,ND,4,2025-04-27,17,7,1,FRACCIONAMIENTO,MUJERES ILUSTRES,457,457,CALLE,AMALIA GOMEZ ZEPEDA,NA,NA,"236,,,",CALLE,MARGARITA MASA DE JUAREZ,5,18,28,22,18:28 p. m.,false,false,9,ninguna,1 HOMBRE,ND,H,M,8,0,N,N,0,0,false,0,N,N,3,celular,0,0,false,1,13,0,NA,NA,0,NA,1,ND,NO,MUJER,804,-102.24827734,21.84661072
250819748,0,30422,ROBO PERSONA,FERIA,4,2025-04-27,17,7,1,BARRIO,BARRIO SAN MARCOS,85,85,CALLE,ARTURO J PANI,NA,NA,",,,",CALLE,NIETO,1,19,38,23,19:38 p. m.,false,false,9,ninguna,ND,ND,ND,M,8,0,N,N,0,0,false,0,N,N,3,celular,0,0,false,23,1,0,NA,NA,0,NA,1,PARADO,NO,MUJER,805,-102.30395715,21.87788245
250820277,0,30421,ROBO PERSONA,ND,4,2025-04-27,17,7,1,FRACCIONAMIENTO,"VILLA DE NUESTRA SEÑORA DE LA ASUNCION, SECTOR ESTACION",354,354,CALLE,FEDERICO MENDEZ,NA,NA,",,,",CALLE,GERONIMO DE LA CUEVA,3,20,30,23,20:30 p. m.,false,true,1,cortante,4 HOMBRES 2 VISTEN SUDADERA NEGRA Y 2 SUDADERA AZUL,ND,H,H,8,0,N,N,0,0,false,0,N,N,12,ropa,0,0,false,1,2,0,NA,NA,0,NA,1,PARADO,NO,HOMBRE,806,-102.25812100,21.93530844
250821052,0,30422,ROBO PERSONA,ND,4,2025-04-27,17,7,1,FRACCIONAMIENTO,FIDEL VELAZQUEZ,216,216,CALLE,CAMPOS ELISEOS,NA,NA,",,,",CALLE,DE VERSALLES,4,21,49,24,21:49 p. m.,false,false,9,ninguna,ND,ND,ND,H,8,0,N,N,0,0,false,0,N,N,"28,29,40","dinero,cartera,tarjeta",200,200,false,1,1,0,NA,NA,0,NA,1,ND,NO,HOMBRE,807,-102.25692749,21.89132051
250821618,0,30422,ROBO PERSONA,ND,4,2025-04-27,17,7,1,FRACCIONAMIENTO,VILLAS DEL RIO,416,416,CALLE,RIO BALSAS,NA,NA,"201,,,",CALLE,RIO BALSAS,3,22,39,24,22:39 p. m.,false,true,2,cortante,2 HOMBRES UNO VISTE PLAYERA BALNACA BERMUDA MESCLILLA EL OTRO TIENE LA CARA TATUADA TRAE UNA CACHUCHA,EL SINCUE,H,H,8,0,N,N,0,0,false,0,N,N,3,celular,0,5200,false,1,1,0,NA,NA,0,NA,1,ND,NO,HOMBRE,808,-102.24326177,21.94025722
250823628,0,30422,ROBO PERSONA,ND,4,2025-04-28,18,1,1,CONDOMINIO,HACIENDA SAN MARCOS,635,635,AVENIDA,DE LAS PRESAS,NA,NA,",,,",AVENIDA,HACIENDA SANTORAL,5,3,52,26,03:52 a. m.,false,false,9,ninguna,2 HOMBRES,ND,H,H,8,0,N,N,0,0,false,0,N,N,"3,28,29","celular,dinero,cartera",1000,4000,false,1,1,0,NA,NA,0,NA,1,ND,NO,HOMBRE,809,-102.26751027,21.80673721
250824114,0,30421,ROBO PERSONA,ND,4,2025-04-28,18,1,1,FRACCIONAMIENTO,PIRAMIDES,626,626,CALLE,TEOTIHUACAN,NA,NA,",,,",CALLE,SINALOA,5,5,0,26,05:00 a. m.,false,true,10,sin datos,5 HOMBRES UNO DE ELLOS COMPLEXION ROBUSTA VISTE DE NEGRO,ND,H,H,8,0,N,N,0,0,false,0,N,N,"3,29","celular,cartra",0,4000,false,1,1,0,NA,NA,0,NA,1,TANSITANDO,NO,HOMBRE,810,-102.27900682,21.85135412
250825930,0,30421,ROBO PERSONA,DIDI,4,2025-04-28,18,1,1,FRACCIONAMIENTO,MORELOS II,188,188,CALLE,30 DE SEPTIEMBRE,NA,NA,",,,",CALLE,30 DE JULIO,5,13,22,21,13:22 p. m.,false,true,1,cortante,2 HOMBRES EDAD APROX 25 AÑOS VISTEN CON PLAYERA NEGRA Y TIENE TATUAJES EN LAS MANOS,ND,H,H,8,0,N,N,0,0,false,0,N,N,"3,28,29,30","celular,dinero,cartera,llaves",500,3500,false,1,1,0,NA,NA,0,NA,1,PARADO,NO,HOMBRE,811,-102.26638431,21.84993587
250829431,0,30421,ROBO PERSONA,ND,4,2025-04-28,18,1,5,LOCALIDAD,CORRAL DE BARRANCOS,951,951,BOULEVARD,MIGUEL DE LA MADRID HURTADO,NA,NA,",,,",CALLE,LOS NOGALES,7,22,4,24,22:04 p. m.,false,true,10,sin datos,3 HOMBRES ENCAPUCHADOS,ND,H,H,8,0,N,N,0,0,false,0,N,N,28,dinero,400,400,false,1,1,0,NA,NA,0,NA,1,ND,NO,HOMBRE,812,-102.33109693,21.94748936
250829451,0,30421,ROBO PERSONA,ND,4,2025-04-28,18,1,1,FRACCIONAMIENTO,MORELOS II,188,188,CALLE,30 DE JULIO,NA,NA,",,,",CALLE,MARIANO JIMENEZ,5,22,6,24,22:06 p. m.,false,true,1,cortante,2 HOMBRES UNO VISTE CAMISA ROJA Y EL OTRO PLAYERABLANCA,N,H,H,8,0,N,N,0,0,false,0,N,N,"3,28,29","celular,diner,cartera",5600,5600,false,1,2,0,NA,NA,0,NA,1,ND,NO,HOMBRE,813,-102.26682490,21.85225426
250784881,0,30446,ROBO PERSONA,DESPENSA,4,2025-04-23,17,3,1,COLONIA,GREMIAL,613,613,CALLE,20 DE NOVIEMBRE,NA,NA,",,,",CALLE,DOCTOR GERONIMO DE OROZCO,1,13,39,21,13:39 p. m.,false,false,9,ninguna,1HOMBRE EDAD APROX 20 AÑOS,ND,H,M,8,0,N,N,0,0,false,0,MOTOCICLETA,MOTOCICLETA,3,celular,0,0,false,1,2,0,NA,NA,0,NA,1,PARADO,NO,MUJER,814,-102.28690408,21.89359643
250785308,0,30446,ROBO PERSONA,MARIPOSA,4,2025-04-23,17,3,1,FRACCIONAMIENTO,ESPAÑA,171,171,CALLE,MADRID,NA,NA,"121,,,",AVENIDA,DE LOS MAESTROS,2,14,57,21,14:57 p. m.,false,false,9,ninguna,ND,ND,ND,H,8,0,N,N,0,0,false,0,N,N,14,bicicleta,0,0,false,1,1,0,NA,NA,0,NA,1,PARADO,NO,HOMBRE,815,-102.31242253,21.86484628
250800921,0,30446,ROBO PERSONA,ND,4,2025-04-25,17,5,1,FRACCIONAMIENTO,RODOLFO LANDEROS GALLEGOS,226,226,AVENIDA,RODOLFO LANDEROS GALLEGOS,NA,NA,",,,",CALLE,ALTAGRACIA REYES AVILA,4,18,28,22,18:28 p. m.,false,true,3,contusa,1 HOMBRE 1 MUJER,ND,A,H,5,0,N,N,0,0,false,0,N,N,"3,28,40","celular,dinero,tarjeta",1500,1500,false,1,1,0,NA,NA,0,NA,1,PARADO,NO,HOMBRE,816,-102.25527840,21.90165943
250801654,0,30446,ROBO PERSONA,ND,4,2025-04-25,17,5,1,FRACCIONAMIENTO,LOMAS DEL AJEDREZ,462,462,CALLE,DE LA INFANTERIA,NA,NA,"109,A,,",CALLE,DE LA ALIANZA,5,20,13,23,20:13 p. m.,false,false,9,ninguna,1 MUJER,ND,M,M,3,0,N,N,0,0,false,0,N,N,3,celular,0,10000,false,1,2,0,NA,NA,0,NA,1,PARADO,NO,MUJER,817,-102.24975172,21.84718678
250804155,0,30446,ROBO PERSONA,ND,4,2025-04-26,17,6,1,SUBDIVISION,CAMINERO,252,252,AVENIDA,DE LA CONVENCION DE 1914 SUR,NA,NA,"1206,,,",CALLE,PITAGORAS,5,1,20,25,01:20 a. m.,false,false,9,ninguna,1 HOMBRE VISTE PANTALON SUCIO DE MEZCLILLA,ND,H,H,8,0,N,1,0,0,false,0,N,N,3,celular,0,18000,true,1,4,0,NA,NA,0,NA,1,ND,NO,HOMBRE,818,-102.28503180,21.86630371
250806316,0,30446,ROBO PERSONA,FERIA,4,2025-04-25,17,5,1,COLONIA,LAS FLORES,266,266,CALLE,DALIAS,NA,NA,",,,",CALLE,LOS LAURELES,2,27,0,27,sin datos,false,false,9,ninguna,ND,ND,ND,M,8,0,N,N,0,0,false,0,N,N,3,celular,0,0,false,1,1,0,NA,NA,0,NA,1,PARADO,NO,MUJER,819,-102.30307968,21.87522844
250806655,0,30446,ROBO PERSONA,FERIA,4,2025-04-25,17,5,1,ESPECIAL,ZONA FERIAL,583,583,ANDADOR,ANDADOR DE LA FERIA,NA,NA,",,,",CALLE,JOSE F ELIZONDO SUR,2,27,0,27,sin datos,false,false,9,ninguna,ND,ND,ND,H,8,0,N,N,0,0,false,0,N,N,3,celular,0,17000,false,1,1,0,NA,NA,0,NA,1,TRANSITANDO,NO,HOMBRE,820,-102.30180527,21.87624601
250806657,0,30446,ROBO PERSONA,FERIA,4,2025-04-25,17,5,1,ESPECIAL,ZONA FERIAL,583,583,ANDADOR,ANDADOR DE LA FERIA,NA,NA,",,,",CALLE,ND,2,27,0,27,sin datos,false,false,9,ninguna,ND,ND,ND,H,8,0,N,N,0,0,false,0,N,N,3,celular,0,20000,false,1,1,0,NA,NA,0,NA,1,TRANSITANDO,NO,HOMBRE,821,-102.30185174,21.87656889
250814184,0,30446,ROBO PERSONA,ND,4,2025-04-27,17,7,1,COLONIA,EL RIEGO,291,291,CALLE,GARBANZO,NA,NA,"204,,,",AVENIDA,DE LA ESPIGA,4,3,58,26,03:58 a. m.,false,false,9,ninguna,ND,ND,ND,H,8,0,N,N,0,0,false,0,N,N,"3,28","celular,dinero",3000,3000,false,1,1,0,NA,NA,0,NA,1,PARADO,NO,HOMBRE,822,-102.24879622,21.89330736
250821100,0,30446,ROBO PERSONA,ND,4,2025-04-27,17,7,1,FRACCIONAMIENTO,RODOLFO LANDEROS GALLEGOS,226,226,CALLE,MARTHA LETICIA GUZMAN DE ALBA,NA,NA,"213,,,",CALLE,PAULA DE JESUS JIMENEZ YAÑEZ,3,21,54,24,21:54 p. m.,false,false,9,ninguna,1 HOMBRE,ND,H,H,3,0,N,N,0,0,false,0,N,N,3,celular,0,8000,false,1,1,0,NA,NA,0,NA,1,PARADO,NO,HOMBRE,823,-102.25389099,21.90391050
250822455,0,30446,ROBO PERSONA,MARIPOSA,4,2025-04-28,18,1,1,CONDOMINIO HORIZONTAL,TIANGUIS SAN JUANITO,120,120,CALLE,MARINA NACIONAL,NA,NA,",,,",CALLE,CORONEL FELIX DE LA PAZ,6,12,9,21,12:09 p. m.,false,false,9,ninguna,ND,ND,ND,H,8,0,N,N,0,0,false,0,N,N,14,bicicleta,0,0,false,1,1,0,NA,NA,0,NA,1,PARADO,NO,HOMBRE,824,-102.29850726,21.89342863
250823757,0,30422,ROBO PERSONA,ND,4,2025-04-28,18,1,1,FRACCIONAMIENTO,DEL VALLE 2A SECCION,150,150,AVENIDA,LICENCIADO ADOLFO LOPEZ MATEOS PONIENTE,NA,NA,",,,",AVENIDA,AGUASCALIENTES PONIENTE,6,4,37,26,04:37 a. m.,false,false,9,ninguna,1 HOMBRE,ND,H,H,8,0,N,N,0,0,false,0,N,N,12,ropa,0,0,false,1,2,0,NA,NA,0,NA,1,PAADO,NO,HOMBRE,825,-102.31896151,21.87170703
250825475,0,30446,ROBO PERSONA,MARIPOSA,4,2025-04-28,18,1,7,BARRIO,DE CHORA,1153,1153,CALLE,MOTOLINEA PONIENTE,NA,NA,",,,",CALLE,IGNACIO ALLENDE PONIENTE,7,12,23,21,12:23 p. m.,false,false,9,ninguna,1 HOMBRE,ND,H,H,8,0,N,N,0,0,false,0,N,N,14,bicicleta,0,2500,false,1,1,0,NA,NA,0,NA,1,PARADO,NO,MENOR,826,-102.32564903,22.23160330
250827171,0,30446,ROBO PERSONA,MARIPOSA,4,2025-04-28,18,1,1,FRACCIONAMIENTO,MORELOS II,188,188,AVENIDA,SIGLO XXI,NA,NA,",,,",CALLE,30 DE SEPTIEMBRE,5,17,4,22,17:04 p. m.,false,false,9,ninguna,3 PERSONAS,ND,ND,H,8,0,N,N,0,0,false,0,N,N,14,bicicleta,0,0,false,1,1,0,NA,NA,0,NA,1,PARADO,NO,HOMBRE,827,-102.27024550,21.85208383
250797023,0,50102,ROBO PERSONA,FERIA,4,2025-04-25,17,5,1,COLONIA,ZONA CENTRO,501,501,CALLE,JOSE F ELIZONDO NORTE,NA,NA,",,,",CALLE,NIETO,1,6,38,19,06:38 a. m.,false,true,1,cortante,1 HOMBRE,ND,H,H,8,1,N,N,0,0,false,0,N,N,"3,29","celular,cartera",0,0,false,1,4,0,NA,NA,0,NA,1,ND,NO,HOMBRE,828,-102.30142602,21.87879434
14220025,0,30422,ROBO PERSONA,FERIA,4,2025-04-24,17,4,1,ESPECIAL,ZONA FERIAL,583,583,ANDADOR,ANDADOR DE LA FERIA,NA,NA,",,,",CALLE,ROSAS,2,0,29,25,00:29 a. m.,false,false,9,ninguna,1 HOMBRE,OSCAR FABIAN VAZQUEZ ROJAS 25 AÑOS,H,M,8,1,N,N,0,0,false,0,N,N,3,celular,0,0,true,23,4,4150,NA,NA,0,NA,1,TRANSITANDO,NO,MUJER,829,-102.30276076,21.87596843
74220026,0,30422,ROBO PERSONA,ND,4,2025-04-04,14,5,7,COLONIA,SANTA ANITA,1154,1154,CALLE,CRISTOBAL COLON,NA,NA,107,CALLE,MORELOS SUR,7,11,30,20,11:30 a. m.,false,false,9,ninguna,ND,ND,ND,ND,8,0,N,N,0,0,false,0,N,N,"3,26,28,40","celular,bolso,dinero,tarjeta",2500,7000,false,1,1,0,NA,NA,0,NA,1,ND,NO,ND,830,-102.32049849,22.22553776
250833285,0,30421,ROBO PERSONA,ND,4,2025-04-29,18,3,1,FRACCIONAMIENTO,VILLA LOMA DORADA,75,75,CALLE,CELSTINO LOPEZ SANCHEZ,NA,NA,",,,",CALLE,VILLA CLARA,3,14,45,21,14:45 p. m.,false,true,1,cortante,1 HOMBRE VISTE SUETER NEGRO CON RAYAS ROSAS PANTALON MEZCLILLA TEZ MORENO,ND,H,H,8,0,N,N,0,0,false,0,N,N,3,celular,0,0,false,1,1,0,NA,NA,0,NA,1,TRANSITANDO,NO,HOMBRE,831,-102.24667962,21.92743280
250835209,0,30422,ROBO PERSONA,MARIPOSA,4,2025-04-29,18,3,5,LOCALIDAD,PASO BLANCO,1018,1018,CALLE,NIÑOS HEROES,NA,NA,",,,",CALLE,AGULTIN MELGAR,7,19,52,23,19:52 p. m.,false,false,9,ninguna,1 HOMBRE,EL CRISTOPHER,H,H,3,0,N,N,0,0,false,0,N,N,14,bicicleta,0,0,false,1,1,0,NA,NA,0,NA,1,ND,NO,HOMBRE,832,-102.31853974,21.97598254
250835642,0,30422,ROBO PERSONA,ND,4,2025-04-29,18,3,1,FRACCIONAMIENTO,EL PUERTECITO,407,407,CALLE,PUERTO LAZARO CARDENAS,NA,NA,"113,,,",CALLE,PUERTO ISLA DEL CARMEN,3,20,49,23,20:49 p. m.,false,false,9,ninguna,HOMBRES VISTEN CAMISA BLANCA,ND,H,M,8,0,N,N,0,0,false,0,N,N,"3,12","celular,ropa",0,2100,false,1,1,0,NA,NA,0,NA,1,ND,NO,MUJER,833,-102.25002599,21.93783177
250837104,0,30421,ROBO PERSONA,MARIPOSA,4,2025-04-30,18,3,1,FRACCIONAMIENTO,VISTA DEL SOL II,571,571,AVENIDA,GENERAL MARIANO ESCOBEDO,NA,NA,",,,",CALLE,MISIONEROS,5,0,32,25,12:32 p. m.,false,true,1,cortante,3 HOMBRES UNO VISTE PLAYERA DE BASQUETBOLISTA Y OTRO SUDADERA COLOR GRIS,ND,H,H,0,0,N,N,0,0,false,0,N,N,"3,14","celular,bicicleta",0,0,false,1,1,0,NA,NA,0,NA,1,ND,NO,HOMBRE,834,-102.27534595,21.86439304
250837771,0,30421,ROBO PERSONA,ND,4,2025-04-30,18,3,1,SIN TIPO,DESARROLLO ESPECIAL DEL ALBA,652,652,BOULEVARD,ADOLFO RUIZ CORTINEZ,NA,NA,",,,",AVENIDA,PASEO DEL RIO,6,3,26,26,03:26 a. m.,false,true,1,contusa,HOMBRES,ND,H,H,8,0,N,N,0,0,false,0,N,N,"3,15,29","celular,joyeria,cartera",0,0,false,1,1,0,NA,NA,0,NA,1,PARADO,NO,HOMBRE,835,-102.32414647,21.87175343
250840334,0,30422,ROBO PERSONA,FERIA,4,2025-04-30,18,3,1,BARRIO,BARRIO SAN MARCOS,85,85,CALLE,ENRIQUE FERNANDEZ LEDEZMA,NA,NA,",,,",CALLE,VENUSTIANO CARRANZA,1,15,30,22,15:30 p. m.,false,false,9,ninguna,ND,ND,ND,M,8,0,N,N,0,0,false,0,N,N,"27,26,40","documentos,bolso,tarjeta",0,0,false,1,1,0,NA,NA,0,NA,1,PARADO,NO,MUJER,836,-102.30254101,21.87990285
250842472,0,30422,ROBO PERSONA,ND,4,2025-04-30,18,3,1,FRACCIONAMIENTO,LOS PERICOS,287,287,AVENIDA,RODOLFO LANDEROS GALLEGOS,NA,NA,",,,",CALLE,SAN RAFAEL,4,21,20,24,21:20 p. m.,false,false,9,ninguna,ND,ND,ND,M,8,0,N,N,0,0,false,0,N,N,"28,31","dinero,mochila",5000,5000,false,1,1,0,NA,NA,0,NA,1,TRANSITANDO,NO,MUJER,837,-102.24523146,21.90451080
250843221,0,30422,ROBO PERSONA,FERIA,4,2025-04-26,17,6,1,ESPECIAL,ZONA FERIAL,583,583,CALLE,ANDADOR DE LA FERIA,NA,NA,",,,",CALLE,DALIAS,2,2,0,25,02:00 a. m.,false,false,9,ninguna,ND,ND,ND,H,8,0,N,N,0,0,false,0,N,N,3,celualr,0,0,false,1,1,0,NA,NA,0,NA,1,TRANSITANDO,NO,HOMBRE,838,-102.30318770,21.87625768
250844207,0,30421,ROBO PERSONA,ND,5,2025-05-01,18,4,1,FRACCIONAMIENTO,RODOLFO LANDEROS GALLEGOS,226,226,CALLE,REINAS DE LA FERIA,NA,NA,",,,",CALLE,FERIAL,4,1,0,25,01:00 a. m.,false,true,1,cortante,2 HOMBRES UNO VISTE CHAMARRA AZUL PLAYERA BLANCA EL OTRO TRAE UNA CACHUCHA Y PLAYERA NEGROS,ND,H,H,8,0,N,N,0,0,false,0,N,N,3,celular,0,0,false,1,1,0,NA,NA,0,NA,1,TRANSITANDO,NO,HOMBRE,839,-102.25093388,21.89872106
250847400,0,30422,ROBO PERSONA,ND,5,2025-05-01,18,4,5,FRACCIONAMIENTO,CHICAHUALES I,1056,1056,CALLE,ROMAN LOERA,NA,NA,"1109,,,",CALLE,JESUS LOPEZ MARTINEZ,7,15,58,22,15:58 p. m.,false,false,9,ninguna,1 HOMBRE VISTE PLAYERA GRIS PANTALON NEGRO CACHUCHA ROJA,ND,H,H,3,0,N,N,0,0,false,0,N,N,3,celular,0,0,false,1,1,0,NA,NA,0,NA,1,ND,NO,HOMBRE,840,-102.35203343,21.94635231
250847462,0,30421,ROBO PERSONA,ND,5,2025-05-01,18,4,1,COLONIA,INDUSTRIAL,240,240,CALLE,CARLOS M LOPEZ,NA,NA,",,,",AVENID,INDEPENDENCIA,6,16,10,22,16:10 p. m.,false,true,1,cortante,2 HOMBRES UNO VISTE PLAYERA BLANCA Y SHORT NEGRO,ND,H,H,8,0,N,N,1,0,true,0,N,N,"12,28,38","ropa,dinero,otros",0,0,false,1,1,0,NA,NA,0,NA,1,TRANSITANDO,NO,HOMBRE,841,-102.29555455,21.89750361
250850781,0,30421,ROBO PERSONA,ND,5,2025-05-01,18,4,1,FRACCIONAMIENTO,INFONAVIT MORELOS,93,93,AVENIDA,AGUASCALIENTES ORIENTE,NA,NA,",,,",CALLE,UXMAL,5,22,48,24,22:48 p. m.,false,true,1,cortante,3 HOMBRES UNO VISTE PALYERA ROJA CON SHORT OTRO CAMISA BLANCA CON DIBUJOS DE PALMAS,ND,H,H,8,0,N,N,0,0,false,0,N,N,"3,12","celular,gorra",0,0,false,1,1,0,NA,NA,0,NA,1,PARADO,NO,HOMBRE,842,-102.25330709,21.86677440
250852803,0,30421,ROBO PERSONA,MARIPOSA,5,2025-05-02,18,5,1,COLONIA,HEROES,648,648,CALLE,JAIME NUNO,NA,NA,",,,",AVENIDA,LICENCIADO ADOLFO LOPEZ MATEOS ORIENTE,4,5,28,26,05:28 a. m.,false,true,3,contusa,HOMBRES UNO VISTE PLAYERA ROJA PANTALON NEGRO,ND,H,H,8,0,N,N,0,0,false,0,N,N,"14,31","bicicleta,mochila",0,0,false,1,1,0,NA,NA,0,NA,1,TRANSITANDO,NO,HOMBRE,843,-102.27530567,21.87966051
250852854,0,30421,ROBO PERSONA,ND,5,2025-05-02,18,5,1,FRACCIONAMIENTO,CONSTITUCION,607,607,CALLE,ARTICULO 14,NA,NA,",,,",CALLE,ARTICULO 27,3,6,12,19,06:12 a. m.,false,true,1,cortante,1 HOMBRE VISTE PANS NEGRO CON YARAS,ND,H,H,8,0,N,N,0,0,false,0,N,N,3,celular,0,0,false,1,2,0,NA,NA,0,NA,1,ND,NO,HOMBRE,844,-102.28438241,21.93076661
250833097,0,30446,ROBO PERSONA,ND,4,2025-04-29,18,2,1,COLONIA,LA SOLEDAD,288,288,CALLE,CIHUATLAN,NA,NA,",,,",CALLE,EL GRULLO,6,14,20,21,14:20 p. m.,false,false,9,ninguna,ND,ND,ND,H,8,0,N,N,0,0,false,0,N,N,3,celular,0,0,false,1,1,0,NA,NA,0,NA,1,OARADO,NO,HOMBRE,845,-102.33052324,21.87639277
250838225,0,30446,ROBO PERSONA,ND,4,2025-04-30,18,3,1,COLONIA,DEL CARMEN,236,236,CALLE,REFORMA,NA,NA,",,,",CALLE,BENJAMIN DE LA MORA,1,7,30,19,07:30 a. m.,false,false,9,ninguna,1 HOMBRE VISTE CAMISA BLANCA Y PANTALON BEIGE,ND,H,M,8,0,N,N,0,0,false,0,N,N,38,otros,0,0,true,1,10,0,NA,NA,0,NA,1,PARADO,NO,MUJER,846,-102.30676162,21.88871026
250839917,0,30446,ROBO PERSONA,FERIA,4,2025-04-30,18,3,1,BARRIO,BARRIO SAN MARCOS,85,85,CALLE,ARTURO J PANI,NA,NA,",,,",CALLE,NIETO,1,14,13,21,14:13 p. m.,false,false,9,ninguna,ND,ND,ND,M,8,0,N,N,0,0,false,0,N,N,"3,26,28,29","celular,bolso,dinero,cartera",15000,15000,false,1,1,0,NA,NA,0,NA,1,PARADO,NO,MUJER,847,-102.30394848,21.87780468
250843777,0,30446,ROBO PERSONA,ND,5,2025-05-01,18,4,1,FRACCIONAMIENTO,JOSE GUADALUPE PERALTA GAMEZ,334,334,CALLE,ANTONIO LEAL Y ROMERO,NA,NA,"439,,,",CALLE,OFELIA SORIANO ESQUIVEL,4,0,11,25,00:11 a. m.,false,false,9,ninguna,1 HOMBRE,ND,H,H,3,0,N,N,0,0,false,0,N,N,3,celular,0,4500,false,1,1,0,NA,NA,0,NA,1,PARADO,NO,HOMBRE,848,-102.23333383,21.86543396
250843836,0,30446,ROBO PERSONA,ND,5,2025-05-01,18,4,1,FRACCIONAMIENTO,LOS PERICOS,287,287,CALLE,SAN MARCOS,NA,NA,"208,,,",CALLE,SAN RAFAEL,4,0,17,25,00:17 a. m.,false,false,9,ninguna,1 HOMBRE,ND,H,M,3,0,N,N,0,0,false,0,N,N,3,celular,0,0,false,1,1,0,NA,NA,0,NA,1,PARADO,NO,MUJER,849,-102.24355552,21.90030539
250844518,0,30446,ROBO PERSONA,ND,5,2025-05-01,18,4,1,ESPECIAL,ZONA FERIAL,583,583,ANDADOR,ANDADOR DE LA FERIA,NA,NA,",,,",CALLE,JOSE F ELIZONDO,2,2,29,25,02:29 a. m.,false,false,9,ninguna,ND,ND,ND,M,8,0,N,N,0,0,false,0,N,N,"26,29","bolso,cartera",0,0,false,1,1,0,NA,NA,0,NA,2,PARADO,NO,MUJER,850,-102.30287957,21.87567240
250846190,0,30446,ROBO PERSONA,ND,5,2025-05-01,18,4,5,COLONIA,BENIGNO CHAVEZ,1051,1051,CALLE,CARMEN BRISEÑO,NA,NA,",,,",AVENIDA,CHICAHUALES,7,12,11,21,12:11 p. m.,false,false,9,ninguna,ND,ND,ND,M,8,0,N,N,0,0,false,0,N,N,"3,28,29,30,31","celular,dinero,cartera,llaves,mochila",0,20000,false,1,1,0,NA,NA,0,NA,1,PARADO,NO,MUJER,851,-102.34170499,21.95787813
250847051,0,30446,ROBO PERSONA,MARIPOSA,5,2025-05-01,18,4,1,FRACCIONAMIENTO,LAS BRISAS,112,112,CALLE,RIO TIBER,NA,NA,"117,,,",CALLE,RIO BRAVO,6,14,54,21,14:54 p. m.,false,false,9,ninguno,1 HOMBRE VISTE CAMISA BLANCA PANTALON MEZCLILLA,ND,H,H,8,0,N,N,0,0,false,0,N,N,14,bicicleta,0,8000,false,1,1,0,NA,NA,0,NA,1,PARADO,NO,HOMBRE,852,-102.31831215,21.89590295
250829993,0,50305,ROBO PERSONA,ND,4,2025-04-28,18,1,7,FRACCIONAMIENTO,MIGUEL HIDALGO,1156,1156,CALLE,AGUASCALIENTES,NA,NA,",,,",CALLE,COAHUILA,7,23,16,24,23:16 p. m.,false,false,9,ninguna,ND,ND,ND,H,8,0,N,N,0,0,false,0,N,N,12,ropa,0,0,false,1,2,0,NA,NA,0,NA,1,ND,NO,HOMBRE,853,-102.32549343,22.22792211
250849779,0,50305,ROBO PERSONA,NA,5,2025-05-01,18,4,1,FRACCIONAMIENTO,PASEOS DE SAN ANTONIO,634,634,AVENIDA,RANCHO SAN ANTONIO,NA,NA,",,,",AVENIDA,FERROCARRIL,5,21,9,23,21:09 p. m.,true,false,9,ninguna,2 HOMBRES TEZ MORENO VISTEN SUDADERA NEGRA,ND,H,H,8,0,N,N,0,0,false,0,MOTOCICLETA,MOTOCICLETA ITALIKA COLOR BLANCA,39,sin datos,0,0,false,1,13,0,NA,NA,0,NA,1,TRANSITANDO,NO,HOMBRE,854,-102.27646234,21.81130675
64220026,0,30422,ROBO PERSONA,ND,4,2025-04-20,16,7,6,BARRIO,PALO ALTO,1128,1128,CALLE,JOSEFA ORTIZ DE DOMINGUEZ,NA,NA,",,,",CALLE,FRANCISCO I MADERO,7,22,30,24,22:30 p. m.,false,false,9,ninguna,1 HOMBRE VISTE COLOR OSCURO,ND,H,M,8,0,N,N,0,0,false,0,N,N,"3,12,15","celular,ropa,joyeria",0,10000,false,1,1,0,NA,NA,0,NA,1,ND,NO,AMBOS,855,-102.27387378,22.14505125
250854182,0,30421,ROBO PERSONA,FERIA,5,2025-05-02,18,5,1,BARRIO,BARRIO SAN MARCOS,85,85,CALLE,JOSE F ELIZONDO NORTE,N,NA,",,,",CALLE,VENUSTIANO CARRANZA,1,11,49,20,11:49 a. m.,false,false,9,ninguna,1 PERSONA,ND,ND,M,8,0,N,N,0,0,false,0,N,N,"3,29,31","celular,cartera,mochila",0,0,false,1,1,0,NA,NA,0,NA,1,PARADO,NO,MUJER,856,-102.30150339,21.88010371
250856932,0,30421,ROBO PERSONA,ND,5,2025-05-02,18,5,1,FRACCIONAMIENTO,MUJERES ILUSTRES,457,4587,AVENIDA,MARIANO HIDALGO,NA,NA,",,,",AVENIDA,POLIDUCTO,5,19,20,23,19:20 p. m.,false,true,3,contusa,1 MUJER,ND,M,M,8,0,N,N,0,0,false,0,N,N,28,dinero,0,0,false,1,1,0,NA,NA,0,NA,1,TRANSITANDO,NO,MUJER,857,-102.25323739,21.84992017
250857695,0,30422,ROBO PERSONA,ND,5,2025-05-02,18,5,1,FRACCIONAMIENTO,"VILLA DE NUESTRA SEÑORA DE LA ASUNCION, SECTOR GUADALUPE",342,342,CALLE,FEDERICO MENDEZ,NA,NA,",,,",AVENIDA,POLICDUCTO,3,21,7,23,21:07 p. m.,false,false,9,ninguna,3 HOMBRES UNO VISTE UNIFORME DE FUTBOL COLOR ROJO CON LOGOS DEL PUEBLA EL OTRO CAMISETA ROJA Y EL OTRO VISTE DE NEGRO,ND,H,H,8,0,N,N,0,0,false,0,N,N,"3,12","celular,ropa",0,4000,false,1,1,0,NA,NA,0,NA,1,TRANSITANDO,NO,HOMBRE,858,-102.25682466,21.93445423
250858102,0,30421,ROBO PERSONA,ND,5,2025-05-02,18,5,1,FRACCIONAMIENTO,PASEOS DE SAN ANTONIO,634,634,CALLE,KALAMARIA,NA,NA,"212,C,,",CALLE,MAURITANA,5,21,46,24,21:46 p. m.,false,true,"3,10","contusa,otros",1 HOMBRE EDAD APROX 25 AÑOS ESTATURA BAJA COMPLEXION ROBUSTA,EL RAMIRO,H,H,8,0,N,N,0,0,false,0,N,N,29,cartera,0,0,false,1,1,0,NA,NA,0,NA,1,ND,NO,HOMBRE,859,-102.26903863,21.80963000
250859450,0,30422,ROBO PERSONA,FERIA,5,2025-05-03,18,6,1,FRACCIONAMIENTO,CIRCUNVALACION PONIENTE,146,146,CALLE,NOGAL,NA,NA,",,,",CALLE,RAFAEL RODRIGUEZ,2,1,10,25,01:10 a. m.,false,false,9,ninguna,ND,ND,ND,M,8,0,N,N,0,0,false,0,N,N,3,celular,0,0,false,23,1,4247,NA,NA,0,NA,1,TRANSITANDO,NO,MUJER,860,-102.30844590,21.87240424
250860209,0,30422,ROBO PERSONA,FERI,5,2025-05-03,18,6,1,ESPECIAL,ZONA FERIAL,583,583,CALLE,RAFAEL RODRIGUEZ,NA,NA,",,,",ANDADOR,ANDADOR DE LA FERIA,2,3,42,26,03:42 a. m.,false,false,9,ninguna,2 HOMBRES VISTEN SUDADERA NEGRA Y GORRA,ND,H,A,8,0,N,N,0,0,false,0,N,N,"28,29","dinero,cartera",1300,1300,false,23,1,4248,NA,NA,0,NA,1,PARADO,NO,AMBOS,861,-102.30713985,21.87497845
250860379,0,30421,ROBO PERSONA,ND,5,2025-05-03,18,6,1,FACCIONAMIENTO,JARDINES DEL SOL,623,623,CALLE,GAMMA,NA,NA,",,,",CALLE,IGNACIO VALLARTA,5,4,36,26,04:36 a. m.,false,true,3,contusa,3 HOMBRES,ND,H,H,8,0,N,N,0,0,false,0,N,N,"3,29","celular,cartera",0,0,false,1,1,0,NA,NA,0,NA,1,TRANSITANDO,NO,HOMBRE,862,-102.27602525,21.86367914
250860417,0,30421,ROBO PERSONA,ND,5,2025-05-03,18,6,1,FRACCIONAMIENTO,INFONAVIT MORELOS,93,93,CALLE,BONAMPAK,NA,NA,"402,D,,",CALLE,CHICHENT ITZA,5,5,19,26,05:19 a. m.,false,true,1,cortante,8 PERSONAS,ND,ND,H,3,0,N,N,0,0,false,0,N,N,"3,12","celular,ropa",0,0,false,1,1,0,NA,NA,0,NA,1,TRANSITANDO,NO,HOMBRE,863,-102.25558318,21.86533650
250860547,0,30422,ROBO PERSONA,ND,5,2025-05-03,18,6,1,FACCIONAMIENTO,BULEVARES 1A SECCION,157,157,AVENIDA,PASEO DE LA ASUNCION,NA,NA,",,,",CALLE,DOROTEO ARANGO,2,6,20,19,16:26 p. m.,false,false,9,ninguna,ND,ND,ND,M,8,0,N,N,0,0,false,0,N,N,28,dinero,0,0,false,1,2,0,NA,NA,0,NA,1,TRANSITANDO,NO,MUJER,864,-102.30099011,21.85288218
250860850,0,30422,ROBO PERSONA,ND,5,2025-05-02,18,5,1,ESPECIAL,ZONA FERIAL,583,583,ANDADOR,ANDADOR DE LA FERIA,NA,NA,",,,",ANDADOR,ANDADOR DE LA FERIA,2,27,0,27,Sin datos,false,false,9,ninguna,1 HOMBRE,ND,H,H,8,0,N,N,0,0,false,0,N,N,"3,31","celular,mochila",0,37000,false,1,1,0,NA,NA,0,NA,1,ND,NO,HOMBRE,865,-102.30556153,21.87545749
250865307,0,30421,ROBO PERSONA,ND,5,2025-05-03,18,6,1,FRACCIONAMIENTO,"VILLA DE NUESTRA SEÑORA DE LA ASUNCION, SECTOR GUADALUPE",342,342,CALLE,JOSE E FEMAT GUTIERREZ,NA,NA,",,,",CALLE,FEDERICO MENDEZ,3,21,6,23,21:06 p. m.,false,true,10,otras,1 HOMBRE,ND,H,H,8,0,N,N,0,0,false,0,N,N,3,celular,0,0,false,1,1,0,NA,NA,0,NA,1,TRANSITANDO,NO,MENOR,866,-102.25444014,21.93285700
250868273,0,30422,ROBO PERSONA,ND,5,2025-05-04,18,7,1,FRACCIONAMIENTO,ESPAÑA,171,171,CALLE,GALICIA,NA,NA,",,,",AVENIDA,DE LOS MAESTROS,2,2,18,25,02:18 a. m.,false,false,9,ninguna,2 HOMBRES UNO VISTE CAMISA A CUADROS COLOS ROJO CON NEGRO Y EL OTRO TRAE UNA GORRA NEGRA,ND,H,H,8,0,N,N,0,0,false,0,N,N,3,celular,0,0,false,1,1,0,NA,NA,0,NA,1,TRANSITANDO,NO,HOMBRE,867,-102.31307351,21.86209665
250868503,0,30422,ROBO PERSONA,FERIA,5,2025-05-04,18,7,1,ESPECIAL,ZONA FERIAL,583,583,ANDADOR,ANDADOR DE LA FERIA,NA,NA,",,,",ANDADOR,ANDADOR DE LA FERIA,2,2,48,25,02:48 a. m.,false,false,9,ninguna,ND,ND,ND,H,8,0,N,N,0,0,false,0,N,N,3,celular,0,0,false,23,1,4252,NA,NA,0,NA,1,TRANSITANDO,NO,HOMBRE,868,-102.30204718,21.87674133
250869225,0,30422,ROBO PERSONA,FERIA,5,2025-05-04,18,7,1,ESPECIAL,ZONA FERIAL,583,583,ANDADOR,ANDADOR DE LA FERIA,NA,NA,",,,",ANDADOR,ANDADOR DE LA FERIA,2,4,35,26,04:35 a. m.,false,false,9,ninguna,ND,ND,ND,M,8,0,N,N,0,0,false,0,N,N,3,celular,0,0,false,23,1,4253,NA,NA,0,NA,1,ND,NO,MUJER,869,-102.30283352,21.87645278
250869403,0,30421,ROBO PERSONA,ND,5,2025-05-04,18,7,1,FRACCIONAMIENTO,JOSE GUADALUPE PERALTA GAMEZ,334,334,CALLE,ANTONIO LEAL Y ROMERO,NA,NA,",,,",CALLE,ISABEL JIMENEZ DIAZ,4,4,56,26,04:56 a. m.,false,true,4,fuego,2 HOMBRES UNO DE TEZ MORENO,ND,H,H,8,0,N,N,0,0,false,0,N,N,3,celular,0,13000,false,1,1,0,NA,NA,0,NA,1,PARADO,NO,HOMBRE,870,-102.23488228,21.86597133
250869662,0,30421,ROBO PERSONA,ND,5,2025-05-04,18,7,1,FRACCIONAMIENTO,JOSE LOPEZ PORTILLO,175,175,CALLE,ROSALIA MONROY,NA,NA,",,,",CALLE,JOSE CALVILLO,2,5,40,26,05:40 a. m.,false,true,4,fuego,2 HOMBRES UNO VISTE DE NEGRO CON CAPUCHA Y EL OTRO TODO DE GRIS,ND,H,M,8,0,N,N,0,0,false,0,N,N,"3,28,29,30","celular,dinero,cartera,llaves",800,12000,false,1,1,0,NA,NA,0,NA,1,PARADO,NO,MUJER,871,-102.32103776,21.85036923
250870728,0,30422,ROBO PERSONA,ND,5,2025-05-04,18,7,1,FRACCIONAMIENTO,PASEOS DE SAN ANTONIO,634,634,AVENIDA,RANCHO SAN ANTONIO,NA,NA,",,,",CALLE,SALONICA,5,11,17,20,11:17 a. m.,false,false,9,ninguna,1 ADOLESCENTE VISTE PALYERA BLANCA CHALECO NEGRO,ND,H,M,5,1,N,N,0,0,false,0,N,N,3,celular,0,0,false,1,4,0,NA,NA,0,NA,1,TRANSITANDO,NO,MUJER,872,-102.26556417,21.80947122
250873938,0,30422,ROBO PERSONA,ND,5,2025-05-04,18,7,1,FRACCIONAMIENTO,JARDINES DE LA LUZ,496,499,CALLE,FUENTE DEL EBRO,NA,NA,",,,",CALLE,JARDIN DE BABILONIA,5,19,2,23,19:02 p. m.,false,false,9,ninguna,2 HOMBRES AMBOS VISTEN DE NEGRO,ND,H,H,8,0,N,N,0,0,false,0,COCHE,COCHE SEDAN COLOR GRIS,"3,31,52","celular,mochila,alimentos",0,0,false,23,6,4260,NA,NA,0,NA,1,ND,NO,HOMBRE,873,-102.28365248,21.86582154
250877494,0,30422,ROBO PERSONA,FERIA,5,2025-05-05,19,1,1,BARRIO,BARRIO SAN MARCOS,85,85,CALLE,NIETO,NA,NA,",,,",CALLE,RINCON,1,2,45,25,02:45 a. m.,false,false,9,ninguna,1 HOMBRE,ND,H,M,8,0,N,N,0,0,false,0,N,N,"26,30,38","bolso,llaves,otros",0,0,false,1,2,0,NA,NA,0,NA,1,TRANSITANDO,NO,MUJER,874,-102.30670922,21.87645534
250854530,0,30446,ROBO PERSONA,FERIA,5,2025-05-02,18,5,1,FRACCIONAMIENTO,PIRULES,690,690,BOULEVARD,SAN MARCOS,NA,NA,",,,",BOULEVARD,SAN MARCOS,2,12,44,21,12:44 p. m.,false,false,9,ninguna,ND,ND,ND,M,8,0,N,N,0,0,false,0,N,N,"3,27,28,40","celular,documentos,dinero,tarjetas",20174,20174,false,1,2,0,NA,NA,0,NA,1,PARADO,NO,MUJER,875,-102.31964043,21.85997546
250861600,0,30446,ROBO PERSONA,ND,5,2025-05-03,18,6,1,FRACCIONAMIENTO,MIRADOR DE LAS CULTURAS II,340,340,CALLE,LOMA DL CARDENAL 405,NA,NA,",,,",AVENIDA,LOMA DEL CARDENAL,3,11,28,20,11:28 a. m.,false,false,9,ninguna,ND,ND,ND,M,8,0,N,N,0,0,false,0,N,N,"28,29","dinero,cartera",4200,4200,false,1,1,0,NA,NA,0,NA,1,PARADO,NO,MUJER,876,-102.23726439,21.91159020
250861904,0,30446,ROBO PERSONA,ND,5,2025-05-03,18,6,1,FRACCIONAMIENTO,JOSE LOPEZ PORTILLO,175,175,CALLE,JOSE MARIA BOCANEGRA,NA,NA,",,,",CALLE,GENERAL PASCULA CORNEJO,2,12,21,21,12:21 p. m.,false,false,9,ninguna,ND,ND,ND,M,8,0,N,N,0,0,false,0,N,N,"3,6,26","celular,tecnologia,bolso",0,0,false,1,1,0,NA,NA,0,NA,1,PARADO,NO,MUJER,877,-102.32336977,21.85356041
250864799,250864808,30446,ROBO PERSONA,MARIPOSA,5,2025-05-03,18,6,1,COLONIA,HEROES,648,648,CALLE,AGUSTIN MELGAR,NA,NA,"211,,,",CALLE,VICENTE SUAREZ,4,20,9,23,20:09 p. m.,false,false,9,ninguna,ND,ND,ND,H,8,0,N,N,0,0,false,0,N,N,14,bicicleta,0,12000,false,1,1,0,NA,NA,0,NA,1,PARADO,NO,HOMBRE,878,-102.27790989,21.88218454
250876138,0,30446,ROBO PERSONA,MARIPOSA,5,2025-05-04,18,7,1,COLONIA,TALAMANTES PONCE,510,510,CALLE,FRAY BARTOLOME DE LAS CASAS,NA,NA,"208,,,",CALLE,FRANCISCO SARABIA,6,23,21,24,23:24 p. m.,false,false,9,ninguna,ND,ND,ND,H,8,0,N,N,0,0,false,0,N,N,14,bicicleta,0,0,false,1,1,0,NA,NA,0,NA,1,PARADO,NO,HOMBRE,879,-102.29604873,21.93392227
250824781,0,30904,ROBO PERSONA,ND,4,2025-04-28,18,1,5,FRACCIONAMIENTO,VILLAS DE GUADALUPE,1065R,0,CALLE,LA MALORA,NA,NA,",,,",CALLE,EL REFUGIO,7,10,0,20,10:00 a. m.,false,false,9,ninguna,1 HOMBRE,ND,H,H,8,0,N,N,0,0,false,0,N,N,3,celular,0,0,false,1,2,0,NA,NA,0,NA,1,PARADO,NO,HOMBRE,880,-102.32571418,22.01400374
250837512,0,30904,ROBO PERSONA,ND,4,2025-04-30,18,3,1,FRACCIONAMIENTO,VISTA DEL SOL II,571,571,CALLE,NADIR,NA,NA,",,,",CALLE,SOL,5,2,8,25,02:08 a. m.,false,false,9,ninguna,ND,ND,ND,M,8,0,N,N,0,0,false,0,N,N,3,celular,0,0,false,1,1,0,NA,NA,0,NA,1,ND,NO,MUJER,881,-102.27303501,21.86351166
250837472,0,30904,ROBO PERSONA,ND,4,2025-04-30,18,3,1,FRACCIONAMIENTO,PENSADORES MEXICANOS,208,208,CALLE,EFRAIN HUERTA,NA,NA,",,,",AVENIDA,SIGLO XXI,3,2,2,25,02:02 a. m.,false,true,1,cortante,3 HOMBRES UNO VISTE DE CAMISA ROJA PANTALON MEZCLILLA,ND,H,H,0,0,N,N,0,0,false,0,N,N,3,celular,0,4500,false,1,1,0,NA,NA,0,NA,1,ND,NO,HOMBRE,882,-102.26078997,21.91455628
250838395,0,30904,ROBO PERSONA,ND,4,2025-04-29,18,2,1,ESPECIAL,ZONA FERIAL,583,583,ANDADOR,ANDADOR DE LA FERIA,NA,NA,",,,",ANDADOR,ANDADOR D ELA FERIA,2,23,0,24,23:00 p. m.,false,false,9,ninguna,ND,ND,ND,M,8,0,N,N,0,0,false,0,N,N,3,celular,0,0,false,1,1,0,NA,NA,0,NA,1,TRANSITANDO,NO,MUJER,883,-102.30631925,21.87544932
250830733,0,30904,ROBO PERSONA,ND,4,2025-04-29,18,2,1,FRACCIONAMIENTO,PENSADORES MEXICANOS,208,208,AVENIDA,PENSADORES MEXICANOS,NA,NA,",,,",AVENIDA,SIGLO XXI,3,1,39,25,01:39 a. m.,true,false,9,ninguna,2 HOMBRES UNO VISTE PLAYERA BLANCA,ND,H,H,8,0,N,N,0,0,false,0,N,N,31,mochila,0,0,false,1,2,0,NA,NA,0,NA,1,ND,NO,HOMBRE,884,-102.26076063,21.91477593
250805490,0,30904,ROBO PERSONA,ND,4,2025-04-26,17,6,1,FRACCIONAMIENTO,LUIS ORTEGA DOUGLAS,221,221,AVENIDA,SIGLO XXI,NA,NA,",,,",CALLE,GIGANTE,3,8,19,19,08:19 a. m.,true,true,10,otras,1 HOMBRE VISTE CAMISA NEGRA PANTALON AZUL,ND,H,H,8,0,N,N,0,0,false,0,BICICLETA,BICICLETA COLOR GRIS,39,sin datos,0,0,false,1,2,0,NA,NA,0,NA,1,ND,NO,HOMBRE,885,-102.25900973,21.90904915
250807795,0,30904,ROBO PERSONA,MARIPOSA,4,2025-04-24,17,4,1,FRACCIONAMIENTO,PASEOS DE SAN ANTONIO,634,634,CALLE,GALIA,NA,NA,"205,,,",AVENIDA,PASEOS DE SAN ANTONIO,5,27,0,27,Sin datos,false,false,9,ninguna,ND,ND,ND,H,8,0,N,N,0,0,false,0,N,N,14,bicicleta,0,0,false,1,1,0,NA,NA,0,NA,1,PARADO,NO,HOMBRE,886,-102.26777192,21.80970842
250798346,0,30904,ROBO PERSONA,ND,4,2025-04-25,18,5,1,FRACCIONAMIENTO,INSURGENTES,161,161,CALLE,GENERAL ROQUE GONZALEZ,NA,NA,",,,",CALLE,GENERAL LUIS MOYA,2,12,14,21,12:14 p. m.,false,true,1,conrtante,2 HOMBRES UNO TRAE GORRA CON SUDADERA AZUL,ND,H,H,8,0,N,N,0,0,false,0,MOTOCICLETA,MOTOCICLETA ITALIKA COLOR NEGRO,39,sin datos,0,0,false,1,2,0,NA,NA,0,NA,1,ND,NO,HOMBRE,887,-102.30344723,21.84694115
250801042,0,30904,ROBO PERSONA,MARIPOSA,4,2025-04-18,16,5,1,FRACCIONAMIENTO,CONSTITUCION,607,607,AVENIDA,CONSTITUCION,NA,NA,"704,,,",CALLE,ARTICULO 18,3,27,0,27,sin datos,false,false,9,ninguna,1 HOMBRE,ND,H,M,8,0,N,N,0,0,false,0,N,N,14,bicicleta,0,41000,false,1,1,0,NA,NA,0,NA,1,PARADO,NO,MUJER,888,-102.28403412,21.93227289
250811928,0,30904,ROBO PERSONA,ND,4,2025-04-26,17,6,5,COLONIA,CENTRO,938,938,CALLE,BELTRAN,NA,NA,"505,,,",CALLE,GUADALUPE VICTORIA,7,23,54,24,23:54 p. m.,false,true,1,cortante,1 HOMBRE VISTE PANTALON NEGRO PLAYERA BEIGE,ND,H,H,3,0,N,N,0,0,false,0,N,N,3,celular,0,0,false,1,13,0,NA,NA,0,NA,1,ND,NO,HOMBRE,889,-102.34654376,21.96538741
250791035,0,30904,ROBO PERSONA,ND,4,2025-04-23,17,3,1,FRACCIONAMIENTO,CIUDAD INDUSTRIAL,627,627,BOULEVARD,JOSE MARIA CHAVEZ,NA,NA,",,,",CALLE,JESUS RIVERA FRANCO,5,27,0,27,sin datos,false,false,9,ninguna,1 HOMBRE,ND,H,H,8,0,N,N,0,0,false,0,N,N,3,celular,0,0,false,1,6,0,NA,NA,0,NA,2,PARADO,NO,HOMBRE,890,-102.28871546,21.84049132
250880012,0,30422,ROBO PERSONA,RATON,5,2025-05-05,19,1,1,FRACCIONAMIENTO,SOLIDARIDAD I,459,459,CALLE,ESFUERZO,NA,NA,"346,,,",CALLE,SOLIDARIDAD,4,13,39,21,13:39 p. m.,false,false,9,ninguna,1 HOMBRE,ND,H,M,8,0,N,N,0,0,false,0,MOTOCICLET,MOTOCICLETA COLOR NEGRO,3,celular,0,14000,false,1,1,0,NA,NA,0,NA,2,PARADO,NO,MUJER,891,-102.24573401,21.86962713
250880020,0,30422,ROBO PERSONA,ND,5,2025-05-05,19,1,1,FRACCIONAMIENTO,LOS PIRULES,101,101,CALLE,ORQUIDEAS,NA,NA,",,,",CALLE,MAGNOLIAS,2,13,40,21,13:40 p. m.,false,false,9,ninguna,2 PERSONAS,ND,ND,H,8,0,N,N,0,0,false,0,N,N,3,celular,0,0,false,1,2,0,NA,NA,0,NA,1,ND,NO,HOMBRE,892,-102.32028794,21.86836919
250880692,0,30421,ROBO PERSONA,ND,5,2025-05-05,19,1,1,FRACCIONAMIENTO,"VILLA DE NUESTRA SEÑORA DE LA ASUNCION, SECTOR GUADALUPE",342,342,CALLE,ELIAS DE LARA,NA,NA,",,,",CALLE,JOSE DE JESUS GONZALEZ GARCIA,3,15,27,21,15:27 p. m.,false,true,3,contusa,ND,ND,ND,H,8,0,N,N,0,0,false,0,N,N,"3,12","celular,ropa",0,0,false,1,57,0,NA,NA,0,NA,1,PARADO,NO,HOMBRE,893,-102.25252843,21.92884917
250834141,0,30446,ROBO PERSONA,ND,4,2025-04-29,18,2,3,COLONIA,LIBERAL,785,785,CALLE,MARIANO ESCOBEDO,NA,NA,"101,,,",CALLE,MARGARITA MAZA,7,17,4,22,17:04 p. m.,false,false,9,ninguna,1 HOMBRE,EL PELOS,H,H,8,0,N,N,0,0,false,0,N,N,6,tecnologia,0,400,false,1,13,0,NA,NA,0,NA,1,PARADO,NO,HOMBRE,894,-102.71637529,21.84292403
64220027,0,30422,ROBO PERSONA,MARIPOSA,4,2025-04-21,17,1,6,COLONIA,ZONA CENTRO,1130,1130,CALLE,SEBASTIAN LERDO DE TEJADA,NA,NA,"6,,,",AVENIDA,AQUILES SERDAN,7,13,40,21,13:40 p. m.,false,false,9,ninguna,ND,ND,ND,H,8,0,N,N,0,0,false,0,N,N,14,bicicleta,0,0,false,1,1,0,NA,NA,0,NA,1,PARADO,NO,HOMBRE,895,-102.27864265,22.14856749
250862116,0,30904,ROBO PERSONA,FERIA,5,2025-05-02,18,5,1,ESPECIAL,ZONA FERIAL,583,583,ANDADOR,ANDADOR DE LA FERIA,NA,NA,",,,",CALLE,ARTURO J PANI,2,27,0,27,Sin datos,false,false,9,ninguna,ND,ND,ND,H,8,0,N,N,0,0,false,0,N,N,3,celular,0,0,false,1,1,0,NA,NA,0,NA,1,ND,NO,HOMBRE,896,-102.30509914,21.87534013
250859651,0,30904,ROBO PERSONA,ND,5,2025-05-03,18,6,1,FRACCIONAMIENTO,ESPAÑA,171,171,CALLE,ESPAÑA,NA,NA,",,,",CALLE,TOLEDO,2,1,58,25,01:58 a. m.,false,false,9,ninguna,ND,ND,ND,H,8,0,N,N,0,0,false,0,N,N,3,celular,0,0,false,1,13,0,NA,NA,0,NA,1,ND,NO,HOMBRE,897,-102.31632025,21.86127435
250850766,0,30422,ROBO PERSONA,ND,4,2025-04-30,18,3,1,FRACCIONAMIENTO,MIRADOR DE LAS CULTURAS,323,323,CALLE,ND,NA,NA,",,,",CALLE,ND,3,27,0,27,Sin datos,false,false,9,ninguna,ND,ND,ND,M,8,0,N,N,0,0,false,0,N,N,3,celular,0,0,false,1,1,0,NA,NA,0,NA,1,ND,NO,MUJER,898,-102.24477591,21.90881669
250853781,0,30904,ROBO PERSONA,ND,5,2025-05-02,18,5,1,COLONIA,INDUSTRIAL,240,240,AVENIDA,DE LA CONVENCION DE 1914 NORTE,NA,NA,",,,",AVENIDA,PETROLEOS MEXICANOS,6,10,47,20,10:47 a. m.,false,false,9,ninguna,1 HOMBRE,ND,H,M,8,0,N,N,0,0,false,0,N,N,3,celular,0,0,true,1,10,0,NA,NA,0,NA,1,PARADO,NO,MUJER,899,-102.29320397,21.90009244
250847740,0,30904,ROBO PERSONA,ND,5,2025-05-01,18,4,1,FRACCIONAMIENTO,MORELOS II,188,188,CALLE,HERMANOS GALEANA,NA,NA,",,,",CALLE,SOBERANIA DEL PUEBLO,5,1,0,25,01:00 a. m.,false,false,9,ninguna,ND,ND,ND,M,8,0,N,N,0,0,false,0,N,N,"3,26,28","celular,bolso,dinero",0,0,false,1,1,0,NA,NA,0,NA,1,ND,NO,MUJER,900,-102.26254220,21.84960465
250882592,0,30421,ROBO PERSONA,ND,5,2025-05-05,19,1,1,FRACCIONAMIENTO,"VILLA DE NUESTRA SEÑORA DE LA ASUNCION, SECTOR ESTACION",354,354,CALLE,FEDERICO MENDEZ,NA,NA,"135,,,",AVENIDA,GERONIMO DE LA CUEVA,3,20,40,23,20:40 p. m.,false,true,1,cortante,2 HOMBRES UNO VISTE PLAYERA VERDE CON SHORT Y L OTRO PLAYERA AZUL CON SHORT,ND,H,H,8,0,N,N,0,0,false,0,MOTOCICLETA,MOTOCICLETA COLOR NEGRO CON VERDE,3,celular,0,0,false,1,2,0,NA,NA,0,NA,1,ND,NO,HOMBRE,901,-102.25820959,21.93535035
250882662,0,30421,ROBO PERSONA,ND,5,2025-05-05,19,1,1,FRACCIONAMIENTO,VALLE DE LOS CACTUS,360,360,CALLE,ANDADOR DE LA BIZNAGA,NA,NA,",,,",CALLE,CALIXTO SERNA VALDIVIA,4,20,51,23,20:51 p. m.,false,true,3,contusa,2 HOMBRES UNO DE ELLOS VISTE PLAYERA COLOR TINTO DE MANGA LARGA Y PANTALON GRIS EL OTRO VISTE PLAYERA Y PANTALON NEGRO,ND,H,H,8,0,N,N,0,0,false,0,N,N,3,celular,0,0,false,12,1,0,NA,NA,0,NA,1,ND,NO,MENOR,902,-102.23539832,21.87425296
250883031,0,30422,ROBO PERSONA,ND,5,2025-05-05,19,1,1,FRACCIONAMIENTO,VILLA DE LAS FUENTES,385,385,CALLE,VILLAS DE CANCUN 101,NA,NA,"29,C,,",CALLE,VILLAS DE CANCUN,3,21,20,23,21:20 p. m.,false,false,9,ninguna,1 HOMBRE VISTE SUDAERA NEGRA PANTALON NEGRO Y CASCO NEGRO,ND,H,M,8,0,N,N,0,0,false,0,MOTOCICLETA,MOTOCICLETA COLOR NEGRO,3,celular,0,4000,false,1,1,0,NA,NA,0,NA,1,ND,NO,MUJER,903,-102.23932431,21.91199612
250883060,0,30422,ROBO PERSONA,ND,5,2025-05-05,19,1,1,FRACCIONAMIENTO,NATURA,371,371,CALLE,SIERRA,NA,NA,",,,",CALLE,TALUD,3,21,37,24,21:37 p. m.,false,false,9,ninguna,ND,ND,ND,M,8,0,N,N,0,0,false,0,N,N,3,celular,0,0,false,1,1,0,NA,NA,0,NA,1,TRANSITANDO,NO,MUJER,904,-102.24791470,21.93332109
250883272,0,30421,ROBO PERSONA,ND,5,2025-05-05,19,1,1,CONDOMINIO,PASEOS DE SANTA MONICA,488,488,AVENIDA,DE LOS MAESTROS,NA,NA,",,,",AVENIDA,SIGLO XXI,2,21,52,24,21:52 p. m.,false,true,1,cortante,2 HOMBRES,ND,H,M,8,0,N,N,0,0,false,0,MOTOCICLETA,MOTOCICLETA COLOR ORJO CON NEGRO,"3,12,29,31","celular,ropa,cartera,mochila",0,0,false,1,1,0,NA,NA,0,NA,1,ND,NO,MUJER,905,-102.32297132,21.84299343
250884144,0,30422,ROBO PERSONA,MARIPOSA,5,2025-05-06,19,2,1,FRACCIONAMIENTO,MISION DE SANTA FE,572,572,AVENIDA,GENERAL MARIANO ESCOBEDO,NA,NA,",,,",AVENIDA,MISIONEROS,5,0,23,25,00:23 a. m.,false,true,1,cortante,1 HOMBRE,ND,H,H,8,0,N,N,0,0,false,0,N,N,14,bicicleta,0,0,false,1,2,0,NA,NA,0,NA,1,ND,NO,HOMBRE,906,-102.27543397,21.86444989
250884220,0,30421,ROBO PERSONA,ND,5,2025-05-06,19,2,1,BARRIO,LA SALUD,499,499,CALLE,DELICIAS,NA,NA,",,,",AVENIDA,HEROE DE NACOZARI SUR,5,0,39,25,00:39 a. m.,false,true,3,contusa,3 HOMBRES ND,N,H,H,8,0,N,N,1,0,false,0,N,N,29,cartera,0,0,false,1,6,0,NA,NA,0,NA,1,ND,NO,HOMBRE,907,-102.28198531,21.86981014
250893102,0,10230,ROBO PERSONA,ND,5,2025-05-06,19,2,1,NO APLICA,DESARROLLO ESPECIAL OJOCALIENTE,578,578,AVENIDA,TECNOLOGICO,NA,NA,",,,",AVENIDA,AGUASCALIENTES ORIENTE,4,20,39,23,20:39 p. m.,false,true,1,cortante,1 HOMBRE ESTATURA BAJA TEZ MORENO ASPECTO CHOLO,ND,H,H,8,0,N,N,1,0,false,0,N,N,"3,28","celular,dinero",10000,10000,false,1,1,0,NA,NA,0,NA,1,TRANSITANDO,NO,HOMBRE,908,-102.25331410,21.87402982
250890902,0,30421,ROBO PERSONA,ND,5,2025-05-07,19,3,1,FRACCIONAMIENTO,INSURGENTES,161,161,AVENIDA,DE LA CONVENCION,NA,NA,",,,",CALLE,GENERAL FORTUNATO MAYCOTTE,2,0,8,25,00:08 a. m.,false,true,"4,10","fuego, otras",3 HOMBRES UNO VISTE SUDADERA AZUL CLARO BERMUDA DE MEZCLILLA,ND,H,A,8,0,N,N,0,0,false,0,n,n,3,celular,0,0,false,1,1,0,NA,NA,0,NA,1,ND,NO,HOMBRE,909,-102.31330560,21.85263635
250891029,0,30421,ROBO PERSONA,ND,5,2025-05-07,19,3,1,FRACCIONAMIENTO,"VILLA DE NUESTRA SEÑORA DE LA ASUNCION, SECTOR SAN MARCOS",580,580,CALLE,JUAN LOPEZ ELIZALDE,NA,NA,",,,",AVENIA,SIGLO XXI,3,1,12,25,01:12 a. m.,false,true,3,contusa,1 HOMBRE,ND,H,H,8,0,N,N,0,0,false,0,MOTOCICLETA,MOTOCICLETA,12,ropa,0,0,false,1,20,0,NA,NA,0,NA,1,ND,NO,HOMBRE,910,-102.26509433,21.92663957
250891364,0,30421,ROBO PERSONA,ND,5,2025-05-07,19,3,1,FACCIONAMIENTO,VALLE DORADO,512,512,AVENIDA,LAS AMERICAS,NA,NA,",,,",CALLE,REPUBLICA MEXICANA,2,3,30,26,03:30 a. m.,false,true,3,contusa,"3 HOMBRES UNO DE ELLOS CON TATUAJES, TEZ MORENO COMPLEXION ROBUSTA OTRO COMPLEXION DELGADA TEZ MORENO PANTALON AZUL AMAR",ND,H,H,8,0,N,N,0,0,false,0,N,N,"3,28,29","celular,dinero,cartera",500,8000,false,1,1,0,NA,NA,0,NA,1,TRANSITANDO,NO,HOMBRE,911,-102.30346769,21.86392418
250895746,0,30422,ROBO PERSONA,FERIA,5,2025-05-07,19,3,1,BARRIO,BARRIO SAN MARCOS,85,85,CALLE,ARTURO J PANI,NA,NA,",,,",CALLE,NIETO,1,19,29,23,19:29 p. m.,false,false,9,ninguna,1 HOMBRE,ND,H,H,8,0,N,N,0,0,false,0,N,N,"28,31","dinero,mochila",1000,1000,false,23,13,0,NA,NA,0,NA,1,TRANSITANDO,NO,HOMBRE,912,-102.30407311,21.87850383
250896314,0,30422,ROBO PERSONA,ND,5,2025-05-07,19,3,1,BARRIO,LA PURISIMA,202,202,CALLE,CONSTITUCION,NA,NA,",,,",CALLE,J REFUGIO REYES,1,20,54,23,20:54 p. m.,false,false,9,ninguna,1 HOMBRE VISTE SACO NEGRO CASCO COLOR NEGRO,ND,H,M,8,0,N,N,0,0,false,0,MOTOCICLETA,MOTOCICLETA ITALIKA COLOR NEGRO CON RAYAS VERDES,3,celular,0,5000,false,1,1,0,NA,NA,0,NA,1,PARADO,NO,MUJER,913,-102.28408836,21.88277885
250884746,0,30446,ROBO PERSONA,ND,5,2025-05-06,19,2,11,FRACCIONAMIENTO,PASEOS DE LA PROVIDENCIA,1320,1320,CALLE,PASEOS DE SAN HUMBERTO,NA,NA,"310,,,",AVENIDA,PASEOS DE LA PROVIDENCIA,7,4,20,26,04:20 a. m.,false,true,10,otras,1 HOMBRE CONDUCTOR DE DIDI,ND,H,M,8,0,N,N,0,0,false,0,COCHE,COCHE TIIDA COLOR GRIS,3,celular,0,30000,false,1,1,0,NA,NA,0,NA,1,PARADO,NO,MUJER,914,-102.27579803,22.02392044
250887614,0,30446,ROBO PERSONA,RATON,5,2025-05-06,19,2,1,FRACCIONAMIENTO,VILLERIAS,292,292,CALLE,HACIENDA LAS AMARILLAS,NA,NA,"522,,,",CALLE,VILLA DE LA ASUNCION,4,16,18,22,16:18 p. m.,false,false,9,ninguna,1 HOMBRE VISTE PLAYERA ROJA PANTALON MEZCLILLA CASCO COLOR ROJO,NA,H,M,8,0,N,N,0,0,false,0,MOTOCICLETA,MOTOCICLETA,3,celular,0,0,false,1,1,0,NA,NA,0,NA,2,PARADO,NO,MUJER,915,-102.24592266,21.88401472
250889316,0,30446,ROBO PERSONA,ND,5,2025-05-06,19,2,1,FRACCIONAMIENTO,JOSE LOPEZ PORTILLO,175,175,CALLE,JOSE CALVILLO,NA,NA,",,,",CALLE,GENERAL JUVENTINO ESPINOZA,2,20,26,23,20:26 p. m.,false,false,9,ninguna,1 HOMBRE CONDUCTOR DE DIDI,ND,H,M,8,0,N,N,0,0,false,0,COCHE,KWID COLOR GRIS OSCURO PLACAS INICIAN AXD,"3,26,28","celular,bolso,dinero",10000,10000,false,1,1,0,NA,NA,0,NA,1,PARADO,NO,MUJER,916,-102.32389533,21.85127280
250899315,0,30446,ROBO PERSONA,ND,5,2025-05-08,19,4,1,COLONIA,ALTAVISTA,234,234,CALLE,CARLOS SAGREDO,NA,NA,",,,",CALLE,GUILLERMO PRIETO,6,8,51,19,08:51 a. m.,false,false,9,ninguna,1 HOMBRE VISTE DE AZUL,ND,H,H,8,0,N,N,0,0,false,0,N,N,3,celular,0,0,false,1,1,0,NA,NA,0,NA,1,PARADO,NO,HOMBRE,917,-102.30578395,21.89285011
250907847,0,50301,ROBO PERSONA,ND,5,2025-05-09,19,5,1,FRACCIONAMIENTO,VILLAS DEL RIO,416,416,AVENIDA,VILLAS DEL RIO,NA,NA,",,,",CALLE,JOSE E FEMAT GUTIERREZ,3,15,11,21,15:11 p. m.,false,false,9,ninguna,1 HOMBRE CONDUCTOR DE TAXI,ND,H,M,0,0,N,N,0,0,false,0,TAXI,TAXI NUMERO ECO 3087,"12,31,38","ropa,mochila,otros",0,0,false,1,1,0,NA,NA,0,NA,1,PARADO,NO,MUJER,918,-102.24301354,21.93947095
250904813,0,30421,ROBO PERSONA,ND,5,2025-05-09,19,5,1,FRACCIONAMIENTO,HACIENDA SAN MARTIN,637,637,CALLE,HACIENDA LOS PORTONES,NA,NA,"110,,,",CALLE,PORTON DE SAN JUAN,5,1,54,25,01:54 a. m.,false,true,4,fuego,ND,ND,ND,M,8,0,N,N,0,0,false,0,N,N,"3,26,28","celular,bolso,dinero",800,2800,false,1,6,0,NA,NA,0,NA,1,TRANSITANDO,NO,MUJER,919,-102.27496634,21.79404525
250905266,0,30422,ROBO PERSONA,ND,5,2025-05-09,19,5,1,COLONIA,DEL CARMEN,236,236,CALLE,LA LUZ,NA,NA,",,,",CALLE,LIBERTAD,1,5,38,26,05:38 a. m.,false,false,9,ninguna,2 HOMBRES UNO VISTE CHAMARRA NEGRA Y PANTALON NEGRO EL OTRO VITE CHAMARRA NEGRA CON PANTALON NEGRO,ND,H,H,8,0,N,N,0,0,false,0,N,N,"3,26,28","celular,bolso,dinero",0,0,false,1,1,0,NA,NA,0,NA,1,ND,NO,HOMBRE,920,-102.29944343,21.88911020
250911621,0,30421,ROBO PERSONA,ND,5,2025-05-09,19,5,5,LOCALIDAD,MIRAVALLE,1019,1019,CARRETERA,53 PASO BLANCO,NA,NA,",,,",CALLE,DEL ROSARIO,7,23,31,24,23:31 p. m.,false,true,1,cortante,2 HOMBRES,EL NENUCO Y EL COCHILA,H,H,8,0,N,N,0,0,false,0,N,N,"12,28,29","ropa,dinero,cartera",1800,1800,false,1,2,0,NA,NA,0,NA,1,ND,SI,HOMBRE,921,-102.31522895,21.97088743
250912775,0,30421,ROBO PERSONA,ND,5,2025-05-10,19,6,1,COLONIA,MORELOS,611,611,AVENIDA,HEROE DE NACOZARI NORTE,NA,NA,",,,",AVENIDA,DE LA CONVENCION DE 1914 NORTE,3,2,43,25,02:43 a. m.,false,true,3,contusa,ND,ND,ND,H,8,0,N,N,0,0,false,0,N,N,39,sin datos,0,0,false,1,2,0,NA,NA,0,NA,1,ND,NO,HOMBRE,922,-102.28882995,21.90216313
250913066,0,30422,ROBO PERSONA,FERIA,5,2025-05-10,19,6,1,ESPECIAL,ZONA FERIAL,583,583,ANDADOR,ANDADOR DE LA FERIA,NA,NA,",,,",CALLE,JOSE F ELIZONDO SUR,2,3,43,26,03:43 a. m.,false,false,9,ninguna,ND,ND,ND,H,8,0,N,N,0,0,false,0,N,N,3,celular,0,0,false,23,1,4274,NA,NA,0,NA,1,TRANSITANDO,NO,HOMBRE,923,-102.30154058,21.87652663
250913374,0,30422,ROBO PERSONA,ND,5,2025-05-10,19,6,1,FRACCIONAMIENTO,EL DORADO 1A SECCION,159,159,AVENIDA,AGUASCALIENTES SUR,NA,NA,",,,",CALLE,RAFAEL RAMIREZ,2,4,53,26,04:53 a. m.,false,false,9,ninguna,4 HOMBRES,ND,H,H,8,0,N,N,0,0,false,0,N,N,"12,28,40","ropa,dinero,tarjeta",500,500,false,1,2,0,NA,NA,0,NA,1,ND,NO,HOMBRE,924,-102.30215955,21.85958855
250913791,250913713,30422,ROBO PERSONA,ND,5,2025-05-10,19,6,5,LOCALIDAD,CORRAL DE BARRANCOS,951,951,CALLE,CAMINO REAL,NA,NA,",,,",CALLE,PRIMAVERA,7,3,21,26,03:21 a. m.,false,false,9,ninguna,1 HOMBRE 1 MUJER,ND,A,H,8,0,N,N,0,0,false,0,N,N,"3,15,28","celular,joyeria,dinero",30000,150000,false,1,1,0,NA,NA,0,NA,1,PARADO,NO,HOMBRE,925,-102.32981648,21.94526651
250915307,0,30422,ROBO PERSONA,ND,5,2025-05-10,19,6,1,COLONIA,TIERRA Y LIBERTAD,655,655,CALLE,FELIPE ANGELES,NA,NA,"94,,,",CALLE,ARTURO GAMIZ,4,12,54,21,12:54 p. m.,false,false,9,ninguna,1 MUJER ESTATURA BAJA CON TATUAJES VISTE SHORT MEZCLILLA,ND,H,M,8,0,N,N,0,0,false,0,N,N,3,celular,0,0,false,1,1,0,NA,NA,0,NA,1,PARADO,NO,HOMBRE,926,-102.20609196,21.85601402
250915743,0,30422,ROBO PERSONA,ND,5,2025-05-10,19,6,1,FRACCIONAMIENTO,MORELOS I,598,598,AVENIDA,AGUASCALIENTES SUR,NA,NA,",,,",AVENIDA,HEROE INMORTAL,5,14,18,21,14:18 p. m.,false,false,9,ninguna,1 HOMBRE CON CUBREBOCAS,ND,H,H,8,0,N,N,0,0,false,0,COCHE,COCHE NISSSAN COLOR ROJO PLACAS AEP820F,28,dinero,2380,2380,false,1,1,0,NA,NA,0,NA,1,TRANSITANDO,NO,HOMBRE,927,-102.26955328,21.85979606
250918725,0,30421,ROBO PERSONA,ND,5,2025-05-10,19,6,1,FRACCIONAMIENTO,"VILLA DE NUESTRA SEÑORA DE LA ASUNCION, SECTOR ESTACION",354,354,CALLE,FRANCISCO DE J  HERRERA L,NA,NA,"1014,,,",CALLE,CELESTINO LOPEZ SANCHEZ,3,21,20,23,21:20 p. m.,false,true,13,"cortante,contusa",10 HOMBRES,ND,H,H,8,0,N,N,0,0,false,0,N,N,"3,29","celular,cartera",0,0,false,1,1,0,NA,NA,0,NA,1,ND,NO,HOMBRE,928,-102.25673833,21.94240172
250918939,0,30421,ROBO PERSONA,ND,5,2025-05-10,19,6,1,FRACCIONAMIENTO,LAS CUMBRES,218,218,CALLE,SIERRA DE NACOZARI,NA,NA,",,,",AVENIDA,SIGLO XXI,3,21,28,23,21:28 p. m.,false,true,1,cortante,2 HOMBRES,ND,H,H,8,0,N,N,1,0,true,0,N,N,31,mochila,0,0,false,1,1,0,NA,NA,0,NA,1,TRANSITANDO,NO,HOMBRE,929,-102.25965493,21.91077096
250919764,0,30422,ROBO PERSONA,FERIA,5,2025-05-10,19,6,1,BARRIO,BARRIO SAN MARCOS,85,85,CALLE,ARTURO J PANI,NA,NA,",,,",CALLE,NIETO,1,22,53,24,22:53 p. m.,false,false,9,ninguna,ND,ND,ND,H,8,0,N,N,0,0,false,0,N,N,"29,40","cartera, tarjeta",0,0,false,23,13,4281,NA,NA,0,NA,1,TRANSITANDO,NO,HOMBRE,930,-102.30397527,21.87795305
250921302,0,30422,ROBO PERSONA,FERIA,5,2025-05-11,19,7,1,ESPECIAL,ZONA FERIAL,583,583,ANDADOR,ANDADOR DE LA FERIA,NA,NA,",,,",CALLE,JOSE F ELIZONDO SUR,2,1,9,21,01:09 a. m.,false,false,9,ninguna,ND,ND,ND,M,8,0,N,N,0,0,false,0,N,N,3,celular,0,0,false,23,13,4281,NA,NA,0,NA,1,TRANSITANDO,NO,MUJER,931,-102.30254121,21.87668284
250921658,250924715,30422,ROBO PERSONA,FERIA,5,2025-05-11,19,7,1,COLONIA,LAS FLORES,266,266,CALLE,LOS LAURELES,NA,NA,",,,",CALLE,JAZMINES,2,1,42,25,01:42 a. m.,false,false,9,ninguna,ND,ND,ND,H,0,0,N,N,0,0,false,0,N,N,3,celular,0,0,false,23,13,4282,NA,NA,0,NA,1,TRANSITANDO,NO,HOMBRE,932,-102.30172500,21.87574912
250921801,0,30422,ROBO PERSONA,FERIA,5,2025-05-11,19,7,1,ESPECIAL,ZONA FERIAL,583,583,ANDADOR,ANDADOR DE LA FERIA,NA,NA,",,,",CALLE,JOSE F ELIZONDO,2,1,55,25,01:55 a. m.,false,false,9,ninguna,ND,ND,ND,M,8,0,N,N,0,0,false,0,N,N,3,celular,0,0,false,23,13,4284,NA,NA,0,NA,1,ND,NO,MUJER,933,-102.30336752,21.87607398
250922895,0,30422,ROBO PERSONA,FERIA,5,2025-05-11,19,7,1,ESPECIAL,ZONA FERIAL,583,583,ANDADOR,ANDADOR DE LA FERIA,NA,NA,",,,",CALLE,JOSE F ELIZONDO SUR,2,3,0,25,03:00 a. m.,false,false,9,ninguna,ND,ND,ND,M,8,0,N,N,0,0,false,0,N,N,3,celular,0,0,false,23,13,4285,NA,NA,0,NA,1,TRANSITANDO,NO,MUJER,934,-102.30266565,21.87633758
250924042,0,30421,ROBO PERSONA,ND,5,2025-05-11,19,7,1,FRACCIONAMIENTO,LOMAS DEL CHAPULIN,463,463,CALLE,CELEDONIA,NA,NA,",,,",CALLE,ACUYO,5,9,47,20,09:47 a. m.,false,true,3,contusa,2 HOMBRES,ND,H,M,8,0,N,N,0,0,false,0,MOTOCICLETA,MOTOCICLETA,"26,28,29","bolso,dinero,cartera",5000,5000,false,1,1,0,NA,NA,0,NA,1,PARADO,NO,MUJER,935,-102.24342182,21.85754643
250924863,0,30422,ROBO PERSONA,ND,5,2025-05-11,19,7,1,FRACCIONAMIENTO,LOMAS DE VISTABELLA,339,339,CALLE,VISTA DEL AMANECER,NA,NA,"114,,,",CALLE,VISTA DE LA LOMA,5,12,28,21,12:28 p. m.,false,false,9,ninguna,ND,ND,ND,H,8,0,N,N,0,0,false,0,N,N,3,celular,0,0,false,1,20,0,NA,NA,0,NA,1,TRANSITANDO,NO,HOMBRE,936,-102.25883698,21.84460559
250925683,0,30421,ROBO PERSONA,ND,5,2025-05-11,19,7,1,FRACCIONAMIENTO,C.N.O.P. ORIENTE,687,687,BOULEVARD,GUADALUPANO,NA,NA,",,,",CALLE,PROFESOR JOSE ANTONIO VELARDE,3,15,1,21,15:01 p. m.,false,false,9,cortante,1 HOMBRE VISTE PLAYERA NEGRA PANTALON MEZCLILLA TENIS NEGROS,ND,H,H,8,0,N,N,0,0,false,0,N,N,"3,29","celular,cartera",0,6000,false,1,1,0,NA,NA,0,NA,1,TRANSITANDO,NO,HOMBRE,937,-102.26804545,21.90358627
250929328,0,30422,ROBO PERSONA,ND,5,2025-05-11,19,7,1,FRACCIONAMIENTO,VISTAS DE ORIENTE,353,353,CALLE,GRAN CAÑON 138,NA,NA,",,,",CALLE,GRAN CAÑON,4,22,42,24,22:42 p. m.,false,false,9,ninguna,2 MENORES EDAD APROX 13 AÑOS UNO VISTE CHAMARRA ROJO CON NEGRO EL OTRO SUDERA COLOR AZUL,ND,H,H,8,0,N,N,0,0,false,0,N,N,3,celular,0,8800,false,1,1,0,NA,NA,0,NA,1,ND,NO,HOMBRE,938,-102.23600000,21.87893538
250930698,0,30422,ROBO PERSONA,FERIA,5,2025-05-12,20,1,1,ESPECIAL,ZONA FERIAL,583,583,CALLE,JOSE F ELIZONDO,NA,NA,",,,",ANDADOR,ANDADOR DE LA FERIA,2,2,48,25,02:48 a. m.,false,false,9,ninguna,ND,ND,ND,H,8,0,N,N,0,0,false,0,N,N,3,celular,0,0,false,23,13,0,NA,NA,0,NA,1,TRANSITANDO,NO,HOMBRE,939,-102.30128666,21.87634699
250932178,250931100,30421,ROBO PERSONA,ND,5,2025-05-12,20,1,1,COMUNIDAD,EL GIGANTE (ARELLANO),46P,0,CARRETERA,45 LEON AGUASCALIENTES,NA,NA,",,,",CALLE,ND,2,1,0,25,01:00 a. m.,false,true,13,"cortante,contusa",3 HOMBRES,ND,H,H,8,0,N,N,0,0,false,0,N,N,"3,29","celular,cartera",0,0,false,1,1,0,NA,NA,0,NA,1,PARADO,SI,HOMBRE,940,-102.28342507,21.78491873
250932236,0,30422,ROBO PERSONA,ND,5,2025-05-12,20,1,5,COLONIA,LA ESCALERA,1064,1064,PROLONGACION,NIAGARA,NA,NA,",,,",AVENIDA,CIRCUNVALACION A SOLIDARIDAD,7,10,29,20,10:29 a. m.,false,false,9,ninguna,1 HOMBRE,ND,ND,H,8,0,N,N,0,0,false,0,N,N,28,dinero,850,850,false,1,1,0,NA,NA,0,NA,1,PARADO,NO,HOMBRE,941,-102.34515899,21.97435732
250932479,0,30421,ROBO PERSONA,ND,5,2025-05-12,20,1,1,FRACCIONAMIENTO,RODOLFO LANDEROS GALLEGOS,226,115,CALLE,MARTHA ROSALBA MALDONADO JIMENEZ,NA,NA,",,,",CALLE,PAZ ROMO DEL VIVAR,3,11,17,20,11:17 a. m.,false,true,1,cortante,1 HOMBRE VISTE SHORT NEGRO Y PLAYERA NEGRA TIENE TATUAJES EN LA CARA,nd,H,H,8,0,N,N,0,0,false,0,N,N,28,dinero,0,0,false,1,1,0,NA,NA,0,NA,1,PARADO,NO,HOMBRE,942,-102.25330744,21.90361972
250933728,0,30422,ROBO PERSONA,MARIPOSA,5,2025-05-12,20,1,1,FRACCIONAMIENTO,PILAR BLANCO,142,142,CALLE,DEL FAISAN,NA,NA,",,,",CALLE,AGUILA,2,14,29,21,14:29 p. m.,false,false,9,ninguna,1 HOMBRE VISTE PLAYERA COLOR CAFE CLARO PANTALON AZUL CACHUCHA OSCURA,ND,H,H,8,0,N,N,0,0,false,0,N,N,14,bicicleta,0,1000,false,1,1,0,NA,NA,0,NA,1,ND,NO,HOMBRE,943,-102.29756754,21.85039191
250900305,0,30446,ROBO PERSONA,MARIPOSA,5,2025-05-08,19,4,1,FRACCIONAMIENTO,LOS PERICOS,287,287,AVENIDA,POLIDUCTO,NA,NA,",,,",CALLE,SAN ISIDRO,4,13,17,21,13:17 p. m.,false,false,9,ninguna,1 HOMBRE,N,H,H,8,0,N,N,0,0,false,0,N,N,14,bicicleta,0,1000,false,1,2,0,NA,NA,0,NA,1,ND,NO,HOMBRE,944,-102.24795242,21.90314017
250900773,0,30446,ROBO PERSONA,ND,5,2025-05-08,19,4,1,FRACCIONAMIENTO,VILLA MONTAÑA,601,601,CALLE,MATEO HERNANDEZ VAZQUEZ,NA,NA,"1118,,,",CALLE,CONSTITUCIONALISTAS,3,14,46,21,14:46 p. m.,false,false,9,ninguna,1 HOMBRE VISTE DE NEGRO,ND,H,M,8,0,N,N,0,0,false,0,N,N,3,celular,0,0,false,1,1,0,NA,NA,0,NA,1,PARADO,NO,MUJER,945,-102.26511570,21.93883893
250903274,0,30446,ROBO PERSONA,ND,5,2025-05-08,19,4,11,RURAL,EL CARDONAL,1323,1323,CALLE,PITAHAYA,NA,NA,",,,",CALLE,EL MEZQUITE,7,21,30,24,21:30 p. m.,false,false,9,ninguna,ND,ND,ND,M,8,0,N,N,0,0,false,0,N,N,3,celular,0,0,false,1,1,0,NA,NA,0,NA,1,PARADO,NO,MUJER,946,-102.26358766,22.03725400
250907749,0,30446,ROBO PERSONA,ND,5,2025-05-09,19,5,1,FRACCIONAMIENTO,MORELOS II,188,188,CALLE,JEFES INSURGENTES,NA,NA,"138,,,",AVENIDA,HEROE INMORTAL,5,14,55,21,14:55 p. m.,false,false,9,ninguna,1 HOMBRE,ND,H,M,8,0,N,N,0,0,false,0,N,N,2,computo,0,20000,false,1,2,0,NA,NA,0,NA,2,PARADO,NO,MUJER,947,-102.26975370,21.85263008
250914885,0,30446,ROBO PERSONA,ND,5,2025-05-10,19,6,1,FRACCIONAMIENTO,MODERNO,521,521,CALLE,26 DE MARZO,NA,NA,",,,",CALLE,TLAXCALA,6,11,30,20,11:30 a. m.,false,false,9,ninguna,ND,ND,ND,M,8,0,N,N,0,0,false,0,N,N,3,celular,0,0,false,1,1,0,NA,NA,0,NA,2,PARADO,NO,MUJER,948,-102.31337198,21.88381969
250915360,0,30446,ROBO PERSONA,MARIPOSA,5,2025-05-10,19,6,1,FRACCIONAMIENTO,LOS BOSQUES,298,298,CALLE,MONTES HIMALAYA,NA,NA,"409,,,",CALLE,VALLE DE GUADALUPE,6,13,4,21,13,false,false,9,ninguna,ND,ND,H,H,8,0,N,N,0,0,false,0,M,M,14,bicicleta,0,0,false,1,1,0,NA,NA,0,NA,2,PARADO,NO,HOMBRE,949,-102.30742528,21.92255686
250915854,0,30446,ROBO PERSONA,ND,5,2025-05-10,19,6,1,COLONIA,ZONA CENTRO,501,501,CALLE,VENUSTIANO CARRANZA,NA,NA,",,,",CALLE,MARIANO MATAMOROS,1,14,35,21,14:35 p. m.,false,false,9,ninguna,ND,ND,ND,H,8,0,N,N,0,0,false,0,N,N,"26,28,40","bolso,dinero,tarjeta",8000,8000,false,1,1,0,NA,NA,0,NA,1,PARADO,NO,HOMBRE,950,-102.29992956,21.88024154
250917557,0,30446,ROBO PERSONA,MARIPOSA,5,2025-05-10,19,6,2,COLONIA,LA SIERRA,770,770,AVENIDA,JESUS MACIAS RANGEL,NA,NA,",,,",CALLE,JOSEFA ORTIZ DE DOMINGUEZ,7,18,33,22,18:33 p. m.,false,false,9,ninguna,1 HOMBRE TEZ BLANCA TATUADO,EL TIRICO,H,H,8,0,N,N,0,0,false,0,N,N,14,bicicleta,0,0,false,1,1,0,NA,NA,0,NA,1,PARADO,NO,HOMBRE,951,-102.06638942,22.09772105
250928974,0,30446,ROBO PERSONA,MARIPOSA,5,2025-05-11,19,7,5,COLONIA,EL CALVARIO,1044,1044,AVENIDA,CIRCUNVALACION A SOLIDARIDAD,NA,NA,",,,",AVENIDA,EL CHICHIMECO,7,22,38,24,22:38 p. m.,false,false,9,ninguna,ND,ND,ND,H,8,0,N,N,0,0,false,0,N,N,14,bicicleta,0,10000,false,1,1,0,NA,NA,0,NA,1,PARADO,NO,HOMBRE,952,-102.33988491,21.97334897
250913936,0,30463,ROBO PERSONA,MARIPOSA,5,2025-05-10,19,6,5,FRACCIONAMIENTO,VILLA YOLANDA,945,945,PRIVADA,LOS ARQUITOS,NA,NA,",,,",CALLE,AGUA AZUL,7,4,12,26,04:12 a. m.,false,false,9,ninguna,1 HOMBRE ESTATURA ALTO COMPLEXIN DELGADA VISTE DE NEGRO,ND,H,H,8,0,N,N,0,0,false,0,N,N,14,bicicleta,0,0,false,1,1,0,NA,NA,0,NA,1,PARADO,NO,HOMBRE,953,-102.34963697,21.95886813
114220028,0,30421,ROBO PERSONA,ND,5,2025-05-08,19,4,11,FRACCIONAMIENTO,MONTEVERDE,1340R,0,CALLE,GRENOVIA,NA,NA,",,,",CALLE,CABUYA,7,12,37,21,12:37 p. m.,false,true,10,otras,1 HOMBRE,ND,H,M,8,0,N,N,0,0,false,0,N,N,3,celular,0,0,false,1,1,0,NA,NA,0,NA,1,ND,NO,MUJER,954,-102.25246602,21.96077735
250937400,0,30421,ROBO PERSONA,ND,5,2025-05-12,20,1,1,FRACCIONAMIENTO,RODOLFO LANDEROS GALLEGOS,226,226,AVENIDA,RODOLFO LANDEROS GALLEGOS,NA,NA,",,,",AVENIDA,SIGLO XXI,4,22,40,24,22:40 p. m.,false,true,3,contusa,ND,ND,ND,H,8,0,N,N,0,0,false,0,N,N,3,celular,0,0,false,1,1,0,NA,NA,0,NA,2,PARADO,NO,MENOR,955,-102.25416563,21.90182995
250939512,0,30422,ROBO PERSONA,MARIPOSA,5,2025-05-13,20,2,1,FRACCIONAMIENTO,LOS PERICOS,287,287,CALLE,CULTURA OTOMI SUR,NA,NA,",,,",AVENIDA,RODOLFO LANDEROS GALLEGOS,4,11,11,20,11:11 a. m.,false,false,9,ninguna,2 HOMBRES,ND,H,H,8,0,N,N,0,0,false,0,N,N,14,bicicleta,0,0,false,1,1,0,NA,NA,0,NA,1,TRANSITANDO,NO,HOMBRE,956,-102.24617796,21.90424491
250941112,0,30422,ROBO PERSONA,MARIPOSA,5,2025-05-13,20,2,1,ESPECIAL,PARQUE LA PONA,524,524,AVENIDA,ALAMEDA,NA,NA,",,,",CALLE,BEETOVHEN,4,16,41,22,16:41 p. m.,false,false,9,ninguna,2 HOMBRES UNO VISTE CAMISA NEGRA PANTALON GRIS EL ORTO CAMISA BLANCA PANTALON AZUL CLARO,ND,H,H,8,0,N,N,0,0,false,0,N,N,14,bicicleta,0,0,false,1,1,0,NA,NA,0,NA,1,PARADO,NO,HOMBRE,957,-102.26940383,21.88475133
250942152,0,30421,ROBO PERSONA,ND,5,2025-05-13,20,2,1,FRACCIONAMIENTO,JARDINES DE LA CRUZ,256,256,AVENIDA,DE LAS PALMAS,NA,NA,",,,",AVENIDA,PASEO DE LA CRUZ,5,20,1,23,20:01 p. m.,false,true,3,contusa,1 HOMBRE VISTE DE NEGRO Y TRAE UN CASCO,ND,H,M,8,0,N,N,0,0,false,0,N,N,3,,0,2800,false,1,1,0,NA,NA,0,NA,1,TRANSITANDO,NO,MUJER,958,-102.27220679,21.87349300
250942311,250943239,30421,ROBO PERSONA,ND,5,2025-05-13,20,2,1,FRACCIONAMIENTO,PERIODISTAS,204,204,AVENIDA,POLIDUCTO,NA,NA,",,,",AVENIDA,MARIANO HIDALGO,5,19,34,23,19:34 p. m.,false,true,1,cortante,2 HOMBRES VISTEN DE NEGRO UNO TRAE CACHUCHA ROJA,ND,H,H,8,0,N,N,1,0,true,0,MOTOCICLETA,MOTOCICLETA ITALIKA COLOR NEGRO,"29,31","cartera,mochila",0,0,false,1,1,0,NA,NA,0,NA,1,ND,NO,HOMBRE,959,-102.25314606,21.85036978
250942618,0,30422,ROBO PERSONA,ND,5,2025-05-13,20,2,1,FRACCIONAMIENTO,PARRAS,224,224,AVENIDA,AGUASCALIENTES NORTE,NA,NA,",,,",CALLE,PARRAS,3,21,2,23,21:02 p. m.,false,false,9,ninguna,1 HOMBRE VISTE PLAYERA NEGRA Y CASCO NEGRO,ND,H,M,8,0,N,N,0,0,false,0,MOTOCICLETA,MOTOCICLETA MOTOCROSS 125 COLOR NEGRA,3,celular,0,28000,false,1,1,0,NA,NA,0,NA,1,PARADO,NO,MENOR,960,-102.27888391,21.91470859
250943897,0,30421,ROBO PERSONA,ND,5,2025-05-14,20,3,1,FRACCIONAMIENTO,RODOLFO LANDEROS GALLEGOS,226,226,AVENIDA,SIGLO XXI,NA,NA,",,,",AVENIDA,RODOLFO LANDEROS GALLEGOS,3,1,35,25,01:35 a. m.,false,true,2,punzante,6 HOMBRES,ND,H,H,8,0,N,N,0,0,false,0,N,N,28,dinero,600,600,false,1,1,0,NA,NA,0,NA,1,ND,NO,HOMBRE,961,-102.25438430,21.90193799
250944458,0,30421,ROBO PERSONA,ND,5,2025-05-14,20,3,1,FRACCIONAMIENTO,LOMAS DEL MIRADOR II,333,333,CALLE,LOMA DE LA PLATA,NA,NA,",,,",CALLE,JUANA DE ARCO,5,7,2,19,07:02 a. m.,false,true,1,cortante,2 HOMBRES CON EL ROSTRO CUBIERTO,ND,H,H,8,0,N,N,0,0,false,0,N,N,3,celular,0,5000,false,1,1,0,NA,NA,0,NA,1,ND,NO,HOMBRE,962,-102.25871697,21.84902984
250923453,0,30422,ROBO PERSONA,ND,5,2025-05-11,19,7,1,FRACCIONAMIENTO,FRACC SAN MARCOS,148,148,AVENIDA,AGUASCALIENTES PONIENTE,NA,NA,",,,",CALLE,ND,6,5,55,26,05:55 a. m.,false,false,9,ninguna,15 HOMBRES,ND,H,H,8,0,N,N,0,0,false,0,N,N,"3,12,15,28,29,","celular,ropa,joyeria,dinero,cartera,casco",0,0,false,1,1,0,NA,NA,0,NA,1,TRANSITANDO,NO,HOMBRE,963,-102.31820615,21.87833277
250940354,0,30446,ROBO PERSONA,ND,5,2025-05-13,20,2,1,FRACCIONAMIENTO,VALLE DE LAS TROJES,137,137,BOULEVARD,LUIS DONALDO COLOSIO,NA,NA,",,,",CALLE,GENERAL IGNACIO ZARAGOZA,6,14,26,21,14:26 p. m.,false,false,9,ninguna,ND,ND,ND,M,8,0,N,N,0,0,false,0,N,N,26,bolso,0,0,false,1,1,0,NA,NA,0,NA,1,PARADO,NO,MUJER,964,-102.30463919,21.92489708
250941650,0,30446,ROBO PERSONA,MARIPOSA,5,2025-05-13,20,2,1,FRACCIONAMIENTO,JARDINES DE LA CRUZ,256,256,CALLE,POPOCATEPETL,NA,NA,"112,,,",CALLE,CEDRO,5,18,21,22,18:21 p. m.,false,false,9,ninguna,1 HOMBRE VISTE PLAYERA NEGRA PANTALON OSCURO,ND,H,H,8,0,N,N,0,0,false,0,N,N,"3,11,14,31","celular,herramienta,bicicleta,mochila",0,0,false,1,1,0,NA,NA,0,NA,1,PARADO,NO,HOMBRE,965,-102.27043526,21.87681870
250938726,0,50301,ROBO PERSONA,MARIPOSA,5,2025-05-10,19,6,5,CONDOMINIO,RUISEÑORES II,1023,1023,CALLE,AGUILA,NA,NA,",,,",CALLE,FAISAN,7,7,47,19,07:47 a. m.,false,false,9,ninguna,1 HOMBRE,ND,H,H,8,2,N,N,0,0,false,0,N,N,14,bicicleta,0,0,false,1,1,0,NA,NA,0,NA,1,PARADO,NO,HOMBRE,966,-102.33166456,21.96791115
250915773,0,50301,ROBO PERSONA,ND,5,2025-05-10,19,6,10,RURAL,SANTA ROSA (EL HUIZACHE),1287,1287,CALLE,PEDRO MARTINEZ,NA,NA,"212,,,",CALLE,SANTOS GARCIA,7,14,23,21,14:23 p. m.,false,false,9,ninguna,ND,ND,ND,H,8,0,N,N,0,0,false,0,N,N,29,cartera,0,0,false,1,1,0,NA,NA,0,NA,1,ND,NO,HOMBRE,967,-102.02134482,21.93458606
250944865,0,30421,ROBO PERSONA,ND,5,2025-05-14,20,3,1,FRACCIONAMIENTO,NAZARIO ORTIZ GARZA,222,222,AVENIDA,SIGLO XXI,NA,NA,",,,",BOULEVARD,GUADALUPANO,3,9,20,20,09:20 a. m.,true,true,1,cortante,ND,ND,ND,M,8,0,N,N,0,0,false,0,N,N,3,celular,0,0,false,1,4,0,NA,NA,0,NA,1,PARADO,NO,MUJER,968,-102.25660899,21.90702534
250946222,0,30421,ROBO PERSONA,ND,5,2025-05-14,20,3,1,FRACCIONAMIENTO,PILAR BLANCO,142,142,ANDADOR,FAISAN,NA,6MH,"2,,,",CALLE,DEL FAISAN,2,14,0,21,14:00 p. m.,true,true,13,"cortante,contusa",4 HOMBRES,ND,H,H,8,0,N,N,1,0,false,0,N,N,"3,29","celular,cartera",0,0,false,1,1,0,NA,NA,0,NA,1,ND,NO,HOMBRE,969,-102.29831427,21.85104570
250948010,0,30421,ROBO PERSONA,ND,5,2025-05-14,20,3,1,FRACCIONAMIENTO,MUNICIPIO LIBRE,223,223,CALLE,ESFUERZO NACIONAL,NA,NA,",,,",AVENIDA,POLIDUCTO,4,18,36,22,18:36 p. m.,true,true,34,"contusa,fuego",2 HOMBRES AMBOS COMPLEXION DELGADA,ND,H,H,8,0,N,N,0,0,false,0,N,N,3,celular,0,0,false,1,1,0,NA,NA,0,NA,1,PARADO,NO,HOMBRE,970,-102.24707846,21.89717822
250948735,0,30422,ROBO PERSONA,ND,5,2025-05-14,20,3,1,FRACCIONAMIENTO,OJOCALIENTE III,191,191,CALLE,EL MOCHO,NA,NA,",,,",AVENIDA,POLIDUCTO,4,20,52,23,20:52 p. m.,false,false,9,ninguna,ND,ND,ND,H,8,0,N,N,0,0,false,0,N,N,3,celular,0,12000,false,1,1,0,NA,NA,0,NA,1,PARADO,NO,HOMBRE,971,-102.24304749,21.87744430
250946114,0,30446,ROBO PERSONA,ND,5,2025-05-14,20,3,1,FRACCIONAMIENTO,JARDINES DE LA CRUZ,256,256,AVENIDA,DE LA CONVENCION DE 1914 ORIENTE,NA,NA,"501,,,",CALLE,PASEO DE LA CRUZ,5,13,33,21,13:33 p. m.,false,true,3,contusa,1 HOMBRE VISTE DE NEGRO Y TRAE CACHUCHA NEGRA,ND,H,M,8,0,N,N,0,0,false,0,N,N,15,joyeria,0,0,false,1,1,0,NA,NA,0,NA,2,PARADO,NO,MUJER,972,-102.27092871,21.87333598
250946269,0,30446,ROBO PERSONA,ND,5,2025-05-14,20,3,1,FRACCIONAMIENTO,VILLA MONTAÑA,601,601,CALLE,MONTE QUIRINAL,NA,NA,"114,,,",CALLE,MONTES DE TOLEDO,3,14,9,21,14:09 p. m.,false,false,9,ninguna,1 HOMBRE CONDUCTOR DE IN DRIVE,ND,H,M,8,0,N,N,0,0,false,0,IN DRIVE,COCHE IN DRIVE NISSAN MARCH COLOR PLATA PLACAS AFN902F,3,celular,0,0,false,23,1,4300,NA,NA,0,NA,1,PARADO,NO,MUJER,973,-102.25541148,21.94694486
250951760,0,30446,ROBO PERSONA,MARIPOSA,5,2025-05-15,20,4,1,FRACCIONAMIENTO,ESPAÑA,171,171,AVENIDA,AGUASCALIENTES PONIENTE,NA,NA,",,,",CALLE,ESPAÑA,2,9,38,20,09:38 a. m.,false,false,9,ninguna,ND,ND,ND,H,8,0,N,N,0,0,false,0,N,N,14,bicicleta,0,0,false,1,1,0,NA,NA,0,NA,1,PARADO,NO,HOMBRE,974,-102.31666627,21.86080391
250947435,0,50305,ROBO PERSONA,ND,5,2025-05-14,20,3,1,FRACCIONAMIENTO,LAS VIÑAS,230,230,CIRCUITO,DE LA UVA,NA,NA,",,,",CIRCUITO,DE LAS PARRAS,3,17,6,22,17:06 p. m.,true,false,9,ninguna,1 HOMBRE,EL CEJON,H,M,8,0,N,N,0,0,false,0,N,N,26,bolso,0,0,false,1,2,0,NA,NA,0,NA,1,PARADO,NO,MUJER,975,-102.28194531,21.89948641
250954146,0,30421,ROBO PERSONA,ND,5,2025-05-15,20,4,1,FRACCIONAMIENTO,BENITO PALOMINO DENA,220,220,CALLE,GILBERTO LOPEZ VELARDE,NA,NA,"509,,,",CALLE,LICENCIADO MIGUEL ROMO MEDINA,3,17,10,22,17:10 p. m.,false,true,1,cortante,ND,ND,ND,H,3,0,N,N,0,0,false,0,N,N,3,celular,0,0,false,1,1,0,NA,NA,0,NA,1,PARADO,NO,HOMBRE,976,-102.25068868,21.91732167
250954706,250954328,30421,ROBO PERSONA,ND,5,2025-05-13,20,2,1,FRACCIONAMIENTO,LOMAS DEL CHAPULIN,463,463,AVENIDA,POLIDUCTO,NA,NA,",,,",CALLE,ARROYO,5,21,0,23,21:00 p. m.,false,true,1,cortante,2 HOMBRES,ND,H,A,8,0,N,N,0,0,false,0,N,N,"3,28,29","celular,dinero,cartera",1700,41700,false,23,1,4303,NA,NA,0,NA,1,PARADO,NO,AMBOS,977,-102.24560157,21.85985116
250957393,0,30421,ROBO PERSONA,ND,5,2025-05-16,20,5,1,FRACCIONAMIENTO,LOMAS DEL AJEDREZ,462,462,AVENIDA,POLIDUCTO,NA,NA,",,,",AVENIDA,AJEDRECISTAS,5,0,47,25,0.47,false,true,4,fuego,2 HOMBRES UNO VISTE DE NEGRO CON GORRA TRAE UNA EXPANSION EN LA OREJA,ND,H,H,8,0,N,N,0,0,false,0,N,N,"3,29","celular,cartera",0,7000,false,1,1,0,NA,NA,0,NA,1,ND,NO,HOMBRE,978,-102.25466787,21.84658158
250959426,0,30422,ROBO PERSONA,ND,5,2025-05-16,20,5,1,BARRIO,GUADALUPE,502,502,CALLE,ARROYO DE LOS ARELLANO,NA,NA,"208,,,",PRIVADA,EL CARMEN,1,11,52,20,11:52 a. m.,false,false,9,ninguna,1 HOMBRE VISTE PANTALON MEXCLILLA NEGRO CAMISA AZUL Y GORRA NEGRA,ND,H,H,8,0,N,N,0,0,false,0,N,N,3,celular,0,0,false,23,1,4311,NA,NA,0,NA,1,TRANSITANDO,NO,HOMBRE,979,-102.30760910,21.88975599
250962884,0,30421,ROBO PERSONA,ND,5,2025-05-16,20,5,1,NO APLICA,DESARROLLO ESPECIAL EL COBANO,534,534,AVENIDA,AGUASCALIENTES ORIENTE,NA,NA,",,,",AVENIDA,PENSADORES MEXICANOS ORIENTE,3,20,39,23,20:39 p. m.,false,true,1,cortante,2 HOMBRES,ND,H,H,8,0,N,N,0,0,false,0,N,N,"3,29,38","celular,cartera,otros",0,0,false,23,1,4315,NA,NA,0,NA,1,PARADO,NO,HOMBRE,980,-102.27341030,21.90991180
250963131,0,30421,ROBO PERSONA,ND,5,2025-05-16,20,5,1,FRACCIONAMIENTO,MUNICIPIO LIBRE,223,223,CALLE,MIGUEL ANGEL BARBERENA VEGA,NA,NA,",,,",CALLE,COMERCIANTES,4,21,7,23,21:07 p. m.,false,true,1,cortante,1 HOMBRE VISTE PLAYERA GRIS,ND,H,M,8,0,N,N,0,0,false,0,BICICLETA,BICICLETA,3,celular,0,0,false,1,1,0,NA,NA,0,NA,1,PARADO,NO,MUJER,981,-102.26562571,21.89608367
250964349,0,30421,ROBO PERSONA,ND,5,2025-05-16,20,5,1,FRACCIONAMIENTO,EL DORADO 1A SECCION,159,159,AVENIDA,AGUASCALIENTES USR,NA,NA,",,,",CALLE,DOCTOR GUILLERMO RAMIREZ VALDEZ,2,23,6,24,23:06 p. m.,false,true,1,cortante,3 HOMBRES UNO DE ESTATURA BAJA TEZ MORENO OTRO CON BARBA TODOS DE COMPLEXION DELGADA,ND,H,H,8,0,N,N,0,0,false,0,CAMIONETA,CAMIONETA COLOR VERDE OSCURO PARECIDA AL JEEP CHEROKEE,"2,3,31","computo,celular,mochila",0,0,false,1,1,0,NA,NA,0,NA,1,PARADO,NO,HOMBRE,982,-102.30245055,21.85973120
250964649,0,30421,ROBO PERSONA,ND,5,2025-05-16,20,5,1,CONDOMINIO HORIZONTAL,LA HOJARASCA,431,431,BOULEVARD,GUADALUPANO,NA,NA,",,,",AVENIDA,POLIDUCTO,3,23,49,24,23:49 p. m.,false,true,3,contusa,6 HOMBRES,ND,H,H,8,0,N,N,0,0,false,0,N,N,12,ropa,0,1200,false,1,1,0,NA,NA,0,NA,1,TRANSITANDO,NO,MENOR,983,-102.25185910,21.91244783
250966599,0,30421,ROBO PERSONA,ND,5,2025-05-17,20,6,1,COLONIA,OJO DE AGUA,621,621,AVENIDA,DE LA CONVENCION DE 1914 SUR,NA,NA,",,,",AVENIDA,FERROCARRIL,5,6,12,19,06:12 a. m.,false,true,3,contusa,3 HOMBRES UNO VISTE BERMUDA NEGRA GORRA AZUL CHAMARRA OSCURA DE 25 A 30 AÑOS DE EDAD TRAE UN TATUAJE EN EN LA PIERNA EZQ,ND,H,H,3,0,N,N,0,0,false,0,N,N,29,cartera,0,1000,false,23,1,4318,NA,NA,0,NA,1,TRANSITANDO,NO,HOMBRE,984,-102.27808540,21.86767127
250969839,0,30421,ROBO PERSONA,ND,5,2025-05-17,20,6,1,FRACCIONAMIENTO,ESPAÑA,171,171,AVENIDA,AGUASCALIENTES PONIENTE,NA,NA,",,,",CALLE,GALICIA,2,16,40,22,16:40 p. m.,false,true,3,contusa,1 HOMBRES VISTEN CON PANTALON MEZCLILLA UNO PLAYERA ROJA OTRO AXUL Y EL OTRO CAFE,ND,H,H,8,0,N,N,0,0,false,0,N,N,3,celular,0,0,false,1,1,0,NA,NA,0,NA,1,ND,NO,HOMBRE,985,-102.31763620,21.86432917
250971015,0,30421,ROBO PERSONA,ND,5,2025-05-17,20,6,1,FRACCIONAMIENTO,RESIDENCIAL LOS PIRULES,300,300,AVENIDA,LICENCIADO ADOLFO RUIZ CORTINES,NA,NA,",,,",AVENIDA,AGUASCALIENTES PONIENTE,2,19,28,23,19:28 p. m.,false,true,10,otra,2 HOMBRES UNO VISTE PLAYERA NEGRA,ND,H,M,8,0,N,N,0,0,false,0,N,N,2,celular,0,1500,false,1,25,0,NA,NA,0,NA,1,ND,NO,MUJER,986,-102.31943745,21.87073210
250971440,0,30422,ROBO PERSONA,ND,5,2025-05-17,20,6,1,FRACCIONAMIENTO,"VILLA DE NUESTRA SEÑORA DE LA ASUNCION, SECTOR GUADALUPE",342,342,AVENIDA,JOSE DE JESUS GONZALEZ GARCIA,NA,NA,",,,",CALLE,ERMITA DE SAN SEBASTIAN,3,20,10,23,20:10 p. m.,false,false,9,ninguna,1 HOMBRE,ND,H,M,8,0,N,N,0,0,false,0,N,N,3,celular,0,0,false,1,1,0,NA,NA,0,NA,1,PARADO,NO,MENOR,987,-102.25996357,21.93143816
250971753,0,30422,ROBO PERSONA,ND,5,2025-05-17,20,6,1,FRACCIONAMIENTO,JARDINES DE LA CRUZ,256,256,AVENIDA,ADOLFO LOPEZ MATEOS ORIENTE,NA,NA,",,,",CALLE,ALAMO,5,20,59,23,20:59 p. m.,false,false,9,ninguna,1 HOMBRE VISTE SUDADERA NEGRA EDAD APROX 20 AÑOS,ND,H,M,8,0,N,N,0,0,false,0,N,N,3,celular,0,11000,false,1,1,0,NA,NA,0,NA,1,ND,NO,MUJER,988,-102.27445751,21.87802565
250973510,0,30421,ROBO PERSONA,ND,5,2025-05-17,20,6,1,FRACCIONAMIENTO,NATURA,371,371,CALLE,JOSE CONTRERAS ESPARZA,NA,NA,",,,",CALLE,CELESTINO LOPEZ SANCHEZ,3,11,27,20,11:27 a. m.,false,true,13,"cortante,contusa",2 HOMBRES UNO VISTE PLAYERA BLANCA Y EL OTRO CHAMARRA NEGRA,ND,H,H,8,0,N,N,0,0,false,0,N,N,3,celular,0,0,false,1,1,0,NA,NA,0,NA,1,TRANSITANDO,NO,HOMBRE,989,-102.24847164,21.93533727
250979217,0,30421,ROBO PERSONA,MARIPOSA,5,2025-05-18,20,7,1,FRACCIONAMIENTO,VILLAS DEL PILAR I,491,491,AVENIDA,SIGLO XXI,NA,NA,",,,",CALLE,BELISARIO DOMINGUEZ,2,14,52,21,14:52 p. m.,false,true,3,contusa,1 HOMBRE VISTE CAMISA BLANCA GORRA AZUL,ND,H,H,8,0,N,N,0,0,false,0,N,N,14,BICICLETA,0,0,true,1,10,0,NA,NA,0,NA,1,PARADO,NO,HOMBRE,990,-102.30806490,21.84538439
250981905,0,30421,ROBO PERSONA,ND,5,2025-05-18,20,7,1,NO APLICA,VIÑEDOS DEL SUR,633,633,CALLE,ESTANISLAO DIAZ SORIA,NA,NA,",,,",CALLE,EDMUNDO BAEZ,5,21,30,23,21:30 p. m.,false,true,1,cortante,5 HOMBRES UNO VISTE DE BLANCO TRAEN PASAMONTAÑAS Y CUBREBOCAS,ND,H,H,8,0,N,N,0,0,false,0,N,N,"3,28","celular,dinero",1000,3000,false,1,1,0,NA,NA,0,NA,1,ND,NO,HOMBRE,991,-102.27521339,21.80655726
250983822,0,30422,ROBO PERSONA,ND,5,2025-05-19,21,1,1,FRACCIONAMIENTO,EL DORADO 1A SECCION,159,159,AVENIDA,AGUASCALIENTES SUR,NA,NA,",,,",AVENIDA,LAS AMERICAS,2,0,58,25,00:58 a. m.,false,false,9,ninguna,2 HOMBRES UNO VISTE PLAYERA AZUL PANTALON MEZCLILLA,ND,H,H,8,0,N,N,0,0,false,0,MOTOCICLETA,MOTOCICLETA,"15,38,53","joyeria,otros,casco",0,0,false,1,1,0,NA,NA,0,NA,1,ND,NO,HOMBRE,992,-102.30095270,21.86051425
250984062,0,30422,ROBO PERSONA,ND,5,2025-05-19,21,1,5,FRACCIONAMIENTO,LOMAS DEL VALLE,929,929,AVENIDA,CIRCUNVALACION A SOLIDARIDAD,NA,NA,",,,",AVENIDA,ADOLFO LOPEZ MATEOS,7,0,23,25,00:23 a. m.,false,false,9,ninguna,2 HOMBRES UNO VISTE CAMISA GRIS PANTALON NEGRO,EL JAPER Y EL TACHO,H,M,8,0,N,N,0,0,false,0,N,N,"26,28","bolso,dinero",3200,3200,false,1,1,0,NA,NA,0,NA,1,ND,NO,MUJER,993,-102.34524942,21.95262212
250959056,0,30446,ROBO PERSONA,MARIPOSA,5,2025-05-16,20,5,5,FRACCIONAMIENTP,VISTAS DEL SAUZ,1053,1053,CALLE,OLMO,NA,NA,",,,",CALLE,ARROYO SAN EMILION,7,10,31,20,10:31 a. m.,false,false,9,ninguna,ND,ND,ND,H,8,0,N,N,0,0,false,0,N,N,14,bicicleta,0,0,false,1,1,0,NA,NA,0,NA,1,PARADO,NO,HOMBRE,994,-102.33846506,21.95244012
250959101,0,30446,ROBO PERSONA,MARIPOSA,5,2025-05-16,20,5,1,CONDOMINIO,HACIENDA SAN MARCOS,635,635,AVENIDA,HACIENDA SANTORAL,NA,NA,",,,",AVENIDA,HERPOE INMORTAL,5,10,43,20,10:43 a. m.,false,false,9,ninguna,ND,ND,ND,H,8,0,N,N,0,0,false,0,N,N,14,bicicleta,0,5000,false,1,1,0,NA,NA,0,NA,1,PARADO,NO,HOMBRE,995,-102.26344554,21.80629268
250961533,0,30446,ROBO PERSONA,MARIPOSA,5,2025-05-16,20,5,1,FRACCIONAMIENTO,MIRADOR DE LAS CULTURAS II,340,340,CALLE,LOMA DEL HALCON,NA,NA,"122,,,",CALLE,LOMA DEL AGUILA,3,17,7,22,17:07 p. m.,false,false,9,ninguna,ND,ND,ND,M,8,0,N,N,0,0,false,0,N,N,14,mariposa,0,0,false,1,6,0,NA,NA,0,NA,1,PARADO,NO,MUJER,996,-102.24722981,21.91128728
250969202,0,30446,ROBO PERSONA,ND,5,2025-05-17,20,6,5,FRACCIONAMIENTO,LA MISION,977,977,CALLE,PARAJE,NA,NA,",,,",CALLE,PRADERA,7,15,28,21,15:28 p. m.,false,false,9,ninguna,1 HOMBRE VISTE SUDADERA BLNACA PANTALON MEZCLILLA,ND,H,H,8,0,N,N,0,0,false,0,CAMIONETA,CAMIONETA TIPO VAN COLOR MORADO,3,celular,0,0,false,1,1,0,NA,NA,0,NA,1,PARADO,NO,HOMBRE,997,-102.33241792,21.96443083
250979771,0,30446,ROBO PERSONA,ND,5,2025-05-18,20,7,1,FRACCIONAMIENTO,LA FUENTE,257,257,AVENIDA,LAS AMERICAS,NA,NA,"402,,,",CALLE,VALPARAISO,2,16,23,22,16:23 p. m.,false,false,9,ninguna,1 HOMBRE VISTE PLAYERA BLANCA PANTALON MEZCLILLA NEGRO,ND,H,M,8,0,N,N,0,0,false,0,N,N,3,celular,0,12000,false,1,1,0,NA,NA,0,NA,2,PARADO,NO,MUJER,998,-102.30145814,21.87172411
250980207,0,30446,ROBO PERSONA,ND,5,2025-05-18,20,1,1,FRACCIONAMIENTO,C.T.M.,213,213,CALLE,FELIPE CARRILLO PUERTO,NA,NA,",,,",CALLE,FIDEL VELAZQUEZ,3,17,32,22,17:32 p. m.,false,true,10,otras,1 HOMBRE VISTE CAMISA BLANCA PANTALON MEZCLILLA,ND,H,M,8,0,N,N,0,0,false,0,N,N,3,celular,0,6000,false,1,2,0,NA,NA,0,NA,1,ND,NO,MUJER,999,-102.28090660,21.90079182
250981320,0,30446,ROBO PERSONA,ND,5,2025-05-18,20,7,1,BARRIO,REVOLUCION,676,676,AVENIDA,REVOLUCION,NA,NA,",,,",CARRETERA,70 OJUELOS AGUASCALIENTES,5,19,47,23,19:47 p. m.,false,false,9,ninguna,HOMBRES,LOS TRISTES,H,H,8,0,N,N,0,0,false,0,N,N,6,tecnologia,0,7000,false,1,1,0,NA,NA,0,NA,1,PARADO,NO,HOMBRE,1000,-102.18779839,21.84896132
64220029,0,30422,ROBO PERSONA,ND,5,2025-05-04,18,7,6,FRACCIONAMIENTO,PLUTARCO ELIAS CALLES,1114,1114,CALLE,INGENIERO ALFONSO BERNAL SAHAGUN,NA,NA,",,,",CALLE,ISIDRO CALERA,7,0,22,25,00:22 a. m.,false,false,9,ninguna,3 HOMBRES,EL HIGUILLO,H,ND,8,0,N,N,0,0,false,0,N,N,"15,28,29","joyeria,dinero,cartera",1400,1400,false,1,1,0,NA,NA,0,NA,1,TRANSTIANDO,NO,ND,1001,-102.28586694,22.14374287
250896373,0,30421,ROBO PERSONA,ND,5,2025-05-07,19,3,6,RURAL,MIGUEL ALEMAN (SECADORA),1142R,0,CARRETERA,45 AGUASCALIENTES ZACATECAS,NA,NA,",,,",N,N,7,21,0,23,21:00 p. m.,false,true,1,cortante,2 HOMBRES COMPLEXION DELGADA VESTIMENTA OSCURA,ND,H,H,8,0,N,N,0,0,false,0,N,N,"3,28,40","celular,dinero,tarjeta",300,300,false,1,1,0,NA,NA,0,NA,1,PARADO,SI,HOMBRE,1002,-102.28238015,22.12215206
64220031,0,30422,ROBO PERSONA,ND,5,2025-05-10,19,6,6,COLONIA,PROGRESO SUR,1131,1123,CALLE,GUADALUPE DELGADO DE LIRA,NA,NA,",,,",CALLE,GREGORIO DELGADO DE LIRA,7,9,13,20,09:13 a. m.,false,false,9,ninguna,1 HOMBRE VISTE CHAMARRA CAMUFLAJE COLOR VERDE,EL CHIMBO,H,ND,8,0,N,N,0,0,false,0,N,N,3,celular,0,0,false,1,1,0,NA,NA,0,NA,1,ND,NO,ND,1003,-102.28231818,22.14392420
114220032,0,30422,ROBO PERSONA,ND,5,2025-05-17,20,6,11,NINGUNO,DESARROLLO AGROPECUARIO LA TRINIDAD,1317,1317,CARRETERA,71 LUIS MOYA,NA,NA,",,,",AVENIDA,FERROCARRIL,7,15,57,22,15:57 p. m.,false,false,9,ninguna,1 HOMBRE CON VESTIMENTA OSCURA CON LA CARA TAPADA,ND,H,ND,8,0,N,N,0,0,false,0,MOTOCICLETA,MOTOCICLETA COLOR NEGRO SIN PLACAS,28,dinero,0,0,false,1,1,0,NA,NA,0,NA,1,TRANSITANDO,SI,HOMBRE,1004,-102.26696428,22.06046591
250902038,0,30904,ROBO PERSONA,ND,5,2025-05-08,19,4,1,NO APLICA,DESARROLLO ESPECIAL PARQUE ECOLOGICO EL CEDAZO,586,586,AVENIDA,AGUASCALIENTES ORIENTE,NA,NA,",,,",AVENIDA,PASEO DE OJOCALIENTE,5,18,27,22,18:27 p. m.,false,false,9,ninguna,ND,ND,ND,H,8,0,N,N,0,0,false,0,N,N,3,celular,0,0,false,1,1,0,NA,NA,0,NA,1,ND,NO,HOMBRE,1005,-102.25456682,21.86933295
250965235,0,50102,ROBO PERSONA,ND,5,2025-05-17,20,6,5,FRACCIONAMIENTO,LA CUESTA,923,923,CALLE,CUESTA DE SALVATIERRA,NA,NA,",,,",CALLE,CUESTA DE OCCIDENTE,7,1,10,25,01:10 a. m.,false,true,3,contusa,5 HOMBRES,ND,H,A,8,0,N,N,0,0,false,0,N,N,53,casco,0,0,false,1,1,0,NA,NA,0,NA,1,PARADO,NO,AMBOS,1006,-102.33649501,21.97479006
250986678,0,30422,ROBO PERSONA,ND,5,2025-05-19,21,1,1,FRACCIONAMIENTO,BENITO PALOMINO DENA,220,220,CALLE,ROBERTO JEFKINS RANGEL,NA,NA,",,,",CALLE,DOCTOR FRANCISCO GUEL JIMENEZ,3,12,23,21,12:23 p. m.,false,false,9,ninguna,ND,ND,ND,M,8,0,N,N,0,0,false,0,N,N,"3,26,28,29","celular,bolso,dinero,cartera",500,500,false,1,6,0,NA,NA,0,NA,1,PARADO,NO,MUJER,1007,-102.25035161,21.91520588
250989331,0,30421,ROBO PERSONA,ND,5,2025-05-19,21,1,1,COLONIA,GREMIAL,613,613,AVENIDA,MANUEL GOMEZ MORIN,NA,NA,",,,",CALLE,NORBERTO GOMEZ HORNEDO,6,19,51,23,19:51 p. m.,false,true,10,otras,1 HOMBRE,ND,H,M,8,0,N,N,0,0,false,0,N,N,3,celular,0,0,true,1,10,0,NA,NA,0,NA,1,PARADO,NO,MUJER,1008,-102.28517313,21.89758598
250989926,0,30422,ROBO PERSONA,ND,5,2025-05-19,21,1,1,FRACCIONAMIENTO,VILLA LOMA DORADA,75,75,CALLE,VILLA CLARA,NA,NA,"607,,,",CALLE,VILLA SERRANA,3,21,22,24,21:22 p. m.,false,false,9,ninguna,1 HOMBRE VISTE CHAMARRA Y CASCO NEGROS,ND,H,M,8,0,N,N,0,0,false,0,MOTOCICLETA,MOTOCICLETA COLOR GRIS,3,celular,0,0,false,1,1,0,NA,NA,0,NA,1,PARADO,NO,MUJER,1009,-102.24750817,21.92735621
250987009,0,30446,ROBO PERSONA,MARIPOSA,5,2025-05-19,21,1,5,CONDOMINIO,LOS ALAMOS,1024,1024,CALLE,A LA RINCONADA,NA,NA,",,,",CALLE,GAVILAN,7,12,20,21,12:20 p. m.,false,false,9,ninguna,1 HOMBRE,ND,H,M,8,0,N,N,0,0,false,0,N,N,14,bicicleta,0,6000,false,1,1,0,NA,NA,0,NA,1,PARADO,NO,MUJER,1010,-102.32722012,21.96668335
250987598,0,30446,ROBO PERSONA,MARIPOSA,5,2025-05-19,21,1,1,CONDOMINIO HORIZONTAL,DESARROLLO ECOLOGICO DEL CLUB CAMPESTRE,180,180,AVENIDA,GUADALUPE GONZALEZ,NA,NA,",,,",AVENIDA,EUGENIO GARZA SADA,6,19,33,23,19:33 p. m.,false,false,9,ninguna,1 HOMBRE VISTE DE NEGRO,EL RAFAEL,H,H,8,0,N,N,0,0,false,0,N,N,14,bicicleta,0,0,false,1,1,0,NA,NA,0,NA,1,PARADO,NO,HOMBRE,1011,-102.32538093,21.90973628
250999513,0,30446,ROBO PERSONA,ND,5,2025-05-21,21,3,1,NO APLICA,DESARROLLO ESPECIAL BULEVAR A ZACATECAS,609,609,BOULEVARD,A ZACATECAS,NA,NA,",,,",AVENIDA,ARROYO EL MOLINO,3,9,32,20,09:32 a. m.,false,false,9,ninguna,ND,ND,ND,H,8,0,N,N,0,0,false,0,N,N,"28,29,30,31","dinero,cartera,llaves,mochila",0,2800,false,1,1,0,NA,NA,0,NA,2,PARADO,NO,HOMBRE,1012,-102.29063988,21.92486144
251000254,0,30422,ROBO PERSONA,ND,5,2025-05-21,21,3,1,FRACCIONAMIENTO,JOSE LOPEZ PORTILLO,175,175,CALLE,JOSE MARIA BOCANEGRA,NA,NA,",,,",CALLE,DOCTOR JESUS ROMO ARMERIA,2,12,4,21,12:04 p. m.,false,false,9,ninguna,3 MUJERES,ND,M,M,8,0,N,N,0,0,false,0,N,N,3,celular,0,0,false,1,1,0,NA,NA,0,NA,1,ND,NO,MUJER,1013,-102.32132650,21.85279927
251002535,0,30422,ROBO PERSONA,ND,5,2025-05-21,21,3,1,FRACCIONAMIENTO,MORELOS II,188,188,CALLE,30 DE SEPTIEMBRE,NA,NA,",,,",AVENIDA,HEROE INMORTAL,5,18,33,22,18:33 p. m.,false,false,9,ninguna,1 HOMBRE,ND,H,M,8,1,N,N,0,0,false,0,N,N,3,celular,0,0,true,1,10,0,NA,NA,0,NA,1,ND,NO,MUJER,1014,-102.26911318,21.85132632
251004399,0,30421,ROBO PERSONA,ND,5,2025-05-21,21,3,1,CONDOMINIO,RESIDENCIAL LAS PLAZAS,605,605,AVENIDA,SIGLO XXI,NA,NA,",,,",AVENIDA,CONSTITUCION,3,22,15,24,22:15 p. m.,false,true,14,"cortante,fuego",2 HOMBRES UNO VISTE PLAYERA NEGRA TRAE UNA CAPUCHA,ND,H,H,8,0,N,N,0,0,false,0,N,N,"3,6,28","celular,tecnologia,dinero",0,15500,false,1,1,0,NA,NA,0,NA,1,ND,NO,HOMBRE,1015,-102.27912130,21.94187035
250824000,0,30907,ROBO PERSONA,ND,4,2025-04-28,18,1,1,FRACCIONAMIENTO,VILLA DE LAS FUENTES,385,385,CALLE,CULTURA CHINANTECA,NA,NA,",,,",AVENIDA,VILLAS DE LAS FUENTES,3,6,9,19,06:09 a. m.,false,true,10,otras,HOMBRES,ND,H,H,8,0,N,N,0,0,false,0,N,N,3,celular,0,0,false,1,57,0,NA,NA,0,NA,1,NE,NO,HOMBRE,1016,-102.23676341,21.91397764
250793926,0,30907,ROBO PERSONA,ND,4,2025-04-24,17,4,5,FRACCIONAMIENTO,PASEOS DE J. GOMEZ PORTUGAL,915R,0,CARRETERA,PANAMERICANA,NA,NA,",,,",N,N,7,20,22,23,22:22 p. m.,false,true,4,fuego,13 HOMBRES,ND,H,H,8,0,N,N,0,0,false,0,N,N,"3,28,30","celular,dinero,llaves",21000,21000,false,1,1,0,NA,NA,0,NA,2,PARADO,SI,VARIOS,1017,-102.28727262,22.00478470
250766264,0,10208,ROBO PERSONA,ND,4,2025-04-20,16,7,1,FRACCIONAMIENTO,JOSE GUADALUPE PERALTA GAMEZ,334,334,CALLE,ALBERTO VEGA LEYVA,NA,NA,",,,",CALLE,OFELIA SORIANO ESQUIVEL,4,21,25,23,21:25 p. m.,false,true,1,cortante,VARIOS HOMBRES,ND,H,H,8,0,N,N,1,0,false,0,N,N,"3,28","celular,dinero",0,0,false,1,1,0,NA,NA,0,NA,1,ND,NO,MENOR,1018,-102.23270828,21.86644484
250912943,0,30904,ROBO PERSONA,ND,5,2025-05-10,19,6,1,UNIDAD HABITACIONAL,LAZARO CARDENAS,259,259,AVENIDA,PASEO DE LA CRUZ,NA,NA,",,,",AVENIDA,FERROCARRIL,5,3,12,26,03:12 a. m.,false,false,9,ninguna,3 HOMBRES VISTEN DE NEGRO,ND,H,H,8,0,N,N,0,0,false,0,N,N,39,sin datos,0,0,false,1,57,0,NA,NA,0,NA,1,ND,NO,HOMBRE,1019,-102.27821349,21.87366946
250914237,0,30904,ROBO PERSONA,ND,5,2025-05-10,19,6,1,ESPECIAL,ZONA FERIAL,583,583,ANDADOR,ANDADOR DE LA FERIA,ND,ND,",,,",CALLE,JOS EF ELIZONDO SUR,2,27,0,27,sin datos,false,false,9,ninguna,ND,ND,ND,M,8,0,N,N,0,0,false,0,N,N,3,celular,0,6000,false,1,1,0,NA,NA,0,NA,1,TRANSITANDO,NO,MUJER,1020,-102.30324715,21.87574255
250640630,0,30907,ROBO PERSONA,ND,4,2025-04-03,14,4,1,COMUNIDAD,NORIAS DE OJOCALIENTE,14,14,CALLE,OJO DE TIGRE,NA,NA,"216,,,",CALLE,MALAQUITA,4,23,36,24,23:36 p. m.,false,false,9,ninguna,2 MUJERES,LA JESICA Y LA DANIELA,M,M,8,0,N,N,0,0,false,0,N,N,"3,31","celular,mochila",0,0,false,1,1,0,NA,NA,0,NA,1,PARADO,NO,MUJER,1021,-102.21330814,21.88973047
250869183,0,30422,ROBO PERSONA,FERIA,5,2025-05-04,18,7,1,BARRIO,BARRIO SAN MARCOS,85,85,CALLE,ARTURO J PANI,NA,NA,",,,",CALLE,MANUEL M PONCE,1,1,30,25,01:30 a. m.,false,false,9,ninguna,ND,ND,ND,H,8,0,N,N,0,0,false,0,N,N,3,celular,0,40000,false,23,1,4254,NA,NA,0,NA,1,TRANSITANDO,NO,HOMBRE,1022,-102.30408706,21.87873639
14220033,0,30422,ROBO PERSONA,FERIA,5,2025-05-11,19,7,1,ESPECIAL,ZONA FERIAL,583,583,ANDADOR,ANDADOR DE LA FERIA,NA,NA,",,,",CALLE,LOS LAURELES,2,5,19,26,05:19 a. m.,false,false,9,ninguna,1 HOMBRE ESTATURA ALTO COMPLEXION DELGADA TEZ MORENO,ND,H,H,8,0,N,N,0,0,false,0,N,N,3,celular,0,6000,false,23,1,4286,NA,NA,0,NA,2,PARADO,NO,HOMBRE,1023,-102.30146524,21.87608956
14220034,0,30422,ROBO PERSONA,FERIA,5,2025-05-12,20,1,1,ESPECIAL,ZONA FERIAL,583,583,CALLE,RAFAEL RODRIGUEZ,NA,NA,",,,",ANDADOR,ANDADOR DE LA FERIA,2,2,43,25,02:43 a. m.,false,false,9,ninguna,2 HOMBRES,ND,H,H,8,0,N,N,0,0,false,0,N,N,3,celular,0,3000,false,1,23,4293,NA,NA,0,NA,2,PARADO,NO,HOMBRE,1024,-102.30769061,21.87421179
251010937,0,30421,ROBO PERSONA,ND,5,2025-05-22,21,3,1,CONDOMINIO HORIZONTAL,LA HOJARASCA,431R,0,AVENIDA,POLIDUCTO,NA,NA,",,,",BOULEVARD,GUADALUPANO,3,22,13,24,22:13 p. m.,false,true,1,machete,ND,ND,ND,H,8,0,N,N,1,0,false,0,N,N,"12,31","ropa,mochila",0,0,false,1,1,0,NA,NA,0,NA,1,ND,NO,HOMBRE,1025,-102.25026618,21.91153682
251011686,0,30421,ROBO PERSONA,ND,5,2025-05-23,21,5,1,FRACCIONAMIENTO,CASABLANCA,625,625,CALLE,VIVERO DEL JAZMIN,NA,NA,"203,,,",CALLE,CASA BLANCA,5,0,42,25,22:42 p. m.,false,true,1,cortante,1 HOMBRE TRAE UNA GORRA ROJA,ND,H,H,8,0,N,N,0,0,false,0,N,N,"28,29","dinero,cartera",10000,10000,false,1,1,0,NA,NA,0,NA,1,PARADO,NO,HOMBRE,1026,-102.27545136,21.85464960
251011995,0,30422,ROBO PERSONA,ND,5,2025-05-23,21,5,1,UNIDAD HABITACIONAL,POTREROS DEL OESTE,167,167,ANDADOR,DEL SOL,NA,NA,",,,",CALLE,CANARIO,2,1,53,25,01:53 a. m.,false,false,9,ninguna,ND,ND,ND,A,8,0,N,N,0,0,false,0,N,N,"3,15","celular,joyeria",0,0,false,1,1,0,NA,NA,0,NA,1,ND,NO,AMBOS,1027,-102.29919873,21.84307700
251012908,0,30421,ROBO PERSONA,ND,5,2025-05-23,21,5,1,FRACCIONAMIENTO,VERSALLES II,164,164,CALLE,GENERAL FORTUNATO MAYCOTE,NA,NA,",,,",CALLE,GREGORIO GIACINTI,2,6,40,19,06:40 a. m.,false,true,1,cortante,1 HOMBRE TRAE UN SOMBRERO Y USA CUBREBOCAS,ND,H,M,8,0,N,N,0,0,false,0,BICICLETA,BICICLETA,3,celular,0,0,false,1,1,0,NA,NA,0,NA,1,TRANSITANDO,NO,MENOR,1028,-102.31162020,21.85657497
251007864,0,30446,ROBO PERSONA,MARIPOSA,5,2025-05-22,21,4,1,FRACCIONAMIENTO,FUENTES DE LA ASUNCION,495,495,AVENIDA,HEROE DE NACOZARI SUR,NA,NA,",,,",AVENIDA,AGUASCALIENTES SUR,5,14,27,21,14:27 p. m.,false,false,9,ninguna,ND,ND,ND,H,8,0,N,N,0,0,false,0,N,N,14,bibicleta,0,0,false,1,1,0,NA,NA,0,NA,1,PARADO,NO,HOMBRE,1029,-102.28285096,21.86028216
250931711,0,30904,ROBO PERSONA,MARIPOSA,5,2025-05-12,20,1,1,FRACCIONAMIENTO,REAL DE HACIENDAS,307,307,AVENIDA,HACIENDA JOSE MARIA MORELOS,NA,NA,"226,,,",CALLE,HACIENDA MIMIAHUAPAN,4,8,21,19,08:21 a. m.,false,false,9,ninguna,ND,ND,ND,H,8,0,N,N,0,0,false,0,N,N,"3,14,38","celular,bicicleta,otros",0,0,false,1,1,0,NA,NA,0,NA,1,PARADO,NO,HOMBRE,1030,-102.24445051,21.89101549
250940410,0,30904,ROBO PERSONA,ND,5,2025-05-13,20,2,1,ESPECIAL,ZONA FERIAL,583,583,ANDADOR,ANDADOR DE LA FERIA,NA,NA,",,,",CALLE,ND,2,14,34,21,14:34 p. m.,false,false,9,ninguna,ND,ND,ND,M,8,0,N,N,0,0,false,0,N,N,3,celular,0,0,false,1,1,0,NA,NA,0,NA,1,PARADO,NO,MUJER,1031,-102.30305786,21.87553996
250944192,0,30904,ROBO PERSONA,ND,5,2025-05-14,20,3,1,FRACCIONAMIENTO,VERSALLES II,164,164,AVENIDA,AGUASCALIENTES SUR,NA,NA,",,,",AVENIDA,DE LOS MAESTROS,2,3,54,26,03:54 a. m.,false,false,9,ninguna,2 HOMBRES 1 MUJER,ND,A,M,8,0,N,N,0,0,false,0,N,N,3,celular,0,0,false,1,1,0,NA,NA,0,NA,1,ND,NO,MUJER,1032,-102.31390710,21.85910426
251013073,0,30422,ROBO PERSONA,ND,5,2025-05-23,21,5,1,FRACCIONAMIENTO,EJIDO CUMBRES,210,210,CALLE,SIERRA MIL CRUCES,NA,NA,",,,",CALLE,SIERRA DE SAN CRISTOBAL,3,8,8,19,08:08 a. m.,false,true,10,otras,ND,ND,ND,H,8,0,N,N,0,0,false,0,N,N,3,celular,0,0,false,23,1,4344,NA,NA,0,NA,1,PARADO,NO,MUJER,1033,-102.25397571,21.91189599
251016463,0,30421,ROBO PERSONA,ND,5,2025-05-23,21,5,1,FRACCIONAMIENTO,NATURA,371,371,CALLE,TALIO,NA,NA,"109,,,",AVENIDA,SALVADOR RANGEL LOPEZ,3,18,30,22,18:30 p. m.,false,true,1,cortante,2 HOMBRES UNO VISTE PLAYERA GRIS PANTALON  NEGRO,ND,H,H,8,0,N,N,0,0,false,0,N,N,3,celular,0,0,false,1,1,0,NA,NA,0,NA,1,ND,NO,MENOR,1034,-102.25175924,21.93595383
251021734,0,30422,ROBO PERSONA,ND,5,2025-05-24,21,6,1,FRACCIONAMIENTO,PERIODISTAS,204,204,AVENIDA,MARIANO HIDALGO,NA,NA,",,,",AVENIDA,MARGARITA MAZA DE JUAREZ,5,13,3,21,13:03 p. m.,false,false,9,ninguna,HOMBRES,ND,H,H,8,0,N,N,0,0,false,0,N,N,12,ropa,0,0,false,1,1,0,NA,NA,0,NA,1,ND,NO,HOMBRE,1035,-102.24555204,21.85028738
251021983,0,30422,ROBO PERSONA,ND,5,2025-05-24,21,6,1,BARRIO,BARRIO SAN MARCOS,85,85,CALLE,MANUEL M PONCE,NA,NA,",,,",CALLE,ENRIQUE FERNANDEZ LEDEZMA,1,13,22,21,13:22 p. m.,false,false,9,nignuna,1 HOMBRE,ND,H,M,8,0,N,N,0,0,false,0,COCHE,COCHE COLOR ROJO,"3,26,28","celular,bolso,dinero",2000,2000,false,1,1,0,NA,NA,0,NA,1,PARADO,NO,MUJER,1036,-102.30238629,21.87927955
251024834,0,30421,ROBO PERSONA,ND,5,2025-05-24,21,6,1,FRACCIONAMIENTO,LOMAS DEL AJEDREZ,462,462,AVENIDA,POLIDUCTO,NA,NA,",,,",AVENIDA,AJEDRECISTAS,5,20,35,23,20:35 p. m.,false,true,1,cortante,2 HOMBRES UNO VISTE CHAMARRA BLANCA CON PALIACAT ROBO EL OTRO VISTE DE NEGRO,ND,H,A,8,0,N,N,0,0,false,0,N,N,"3,6,29","celular,tecnologia,cartera",0,0,false,23,1,4354,NA,NA,0,NA,1,ND,NO,AMBOS,1037,-102.25596639,21.84578324
251025339,0,30422,ROBO PERSONA,ND,5,2025-05-24,21,6,1,FRACCIONAMIENTO,JOSE GUADALUPE PERALTA GAMEZ,334,334,CALLE,SALVADOR AGUILERA PADILLA,NA,NA,",,,",AVENIDA,PROCERES DE LA ENSEÑANZA,4,21,46,24,21:46 p. m.,false,true,3,contusa,1 HOMBRE,LUIS DANIEL 21 AÑOS,H,H,8,0,N,N,0,0,false,0,N,N,15,joyeria,0,0,false,1,1,0,NA,NA,0,NA,1,PARADO,NO,MENOR,1038,-102.23758541,21.87114238
251025699,0,30421,ROBO PERSONA,ND,5,2025-05-24,21,6,1,FRACCIONAMIENTO,MUNICIPIO LIBRE,223,223,CALLE,ESCUDO,NA,NA,",,,",AVENIDA,POLIDUCTO,4,22,28,24,22:28 p. m.,false,true,4,fuego,1 HOMBRE VISTE CAMISA SIN MANGAS COLOR BLANCA PANS NEGRO,ND,H,H,8,0,N,N,0,0,false,0,N,N,3,celular,0,0,false,1,1,0,NA,NA,0,NA,1,ND,NO,HOMBRE,1039,-102.24681102,21.89697729
251025707,0,30421,ROBO PERSONA,ND,5,2025-05-24,21,6,1,FRACCIONAMIENTO,VALLE DE LOS CACTUS,360,360,CALLE,HENEQUEN,NA,NA,",,,",CALLE,GARAMBULLO,4,22,28,24,22:28 p. m.,false,true,1,cortante,ND,ND,ND,H,8,0,N,N,0,0,false,0,N,N,39,sin datos,0,0,false,1,1,0,NA,NA,0,NA,1,ND,NO,HOMBRE,1040,-102.23026625,21.87119313
251033612,0,30421,ROBO PERSONA,ND,5,2025-05-25,21,7,1,FRACCIONAMIENTO,PASEOS DE SAN ANTONIO,634,634,CALLE,TERMOLI,NA,NA,",,,",AVENIDA,PASEOS DE SAN ANTONIO,5,20,10,23,20:10 p. m.,false,true,1,cortante,1 HOMBRE TRAE UN TATUAJE EN EL CUELLO,NA,H,H,8,0,N,N,0,0,false,0,N,N,"12,28","ropa,dinero",300,300,false,1,1,0,NA,NA,0,NA,1,NO,NO,HOMBRE,1041,-102.27270600,21.81073466
251034020,0,30421,ROBO PERSONA,ND,5,2025-05-25,21,7,1,FRACCIONAMIENTO,ESPAÑA,171,171,AVENIDA,AGUASCALIENTES PONIENTE,NA,NA,",,,",CALLE,BURGOS,2,21,1,23,21:01 p. m.,false,true,1,cortante,1 HOMBRE VISTE PLAYERA NEGRA PANTALON MEZCLILLA CUANTES DE CALAVERA,ND,H,H,8,0,N,N,0,0,false,0,BICICLETA,BICICLETA COOR NEGRO,3,celular,0,2500,false,1,1,0,NA,NA,0,NA,1,PARADO,NO,HOMBRE,1042,-102.31767367,21.86582718
251034874,0,30422,ROBO PERSONA,ND,5,2025-05-25,22,1,1,FRACCIONAMIENTO,OJO DE AGUA INFONAVIT,622,622,CALLE,CASA BLANCA,NA,NA,",,,",CALLE,COAHUILA,5,22,29,24,22:29 p. m.,false,false,9,ninguna,1 HOMBRE COMPLEXION DELGADO TEZ MORENO,ND,H,H,8,0,N,N,0,0,false,0,N,N,31,mochila,0,0,false,1,1,0,NA,NA,0,NA,1,PARADO,NO,HOMBRE,1043,-102.27867597,21.86227529
251035881,0,30422,ROBO PERSONA,ND,5,2025-05-26,22,1,1,FRACCIONAMIENTO,ESPAÑA,171,171,AVENIDA,DE LOS MAESTROS,NA,NA,",,,",CALLE,VIZCAYA,2,0,27,25,00:27 a. m.,false,false,9,ninguna,1 HOMBRE JOVEN VISTE GORRA ROJA Y SUDADERA GRIS,ND,H,H,8,0,N,N,0,0,false,0,N,N,3,celular,0,0,false,1,1,0,NA,NA,0,NA,1,ND,NO,HOMBRE,1044,-102.30976073,21.86653221
251035940,0,30422,ROBO PERSONA,ND,5,2025-05-26,22,1,1,FRACCIONAMIENTO,"VILLA DE NUESTRA SEÑORA DE LA ASUNCION, SECTOR GUADALUPE",342,342,CALLE,PORFIRIO PADILLA ENRIQUE,NA,NA,"351,,,",CALLE,GERARDO MACIAS,3,0,36,25,00:36 a. m.,false,false,9,ninguna,3 HOMBRES,ND,H,H,8,0,N,N,0,0,false,0,MOTOCICLETA,MOTOCICLETA,12,ropa,0,0,false,1,1,0,NA,NA,0,NA,1,PARADO,NO,MUJER,1045,-102.25546927,21.92805513
250959780,0,30904,ROBO PERSONA,MARIPOSA,5,2025-05-16,20,5,1,FRACCIONAMIENTO,ESPAÑA,171,171,AVENIDA,AGUASCALIENTES PONIENTE,NA,NA,",,,",CALLE,ESPAÑA,2,12,55,21,12:55 p. m.,false,false,9,ninguna,1 HOMBRE JOVEN,ND,H,H,8,0,N,N,0,0,false,0,N,N,14,bicicleta,0,0,false,1,2,0,NA,NA,0,NA,1,PARADO,NO,HOMBRE,1046,-102.31659427,21.86069958
250960341,0,30904,ROBO PERSONA,ND,5,2025-05-16,20,5,1,FRACCIONAMIENTO,LAS CUMBRES,218,218,CALLE,SIMON CALZADA LOERA,NA,NA,",,,",CALLE,CUATRO MILPAS,3,14,29,21,14:29 p. m.,false,false,9,ninguna,1 HOMBRE VISTE DE ROBO,ND,H,H,8,1,N,N,0,0,false,0,N,N,39,sin datos,0,0,false,1,1,0,NA,NA,0,NA,1,ND,NO,HOMBRE,1047,-102.26588220,21.91123799
250986554,0,30904,ROBO PERSONA,ND,5,2025-05-18,20,7,1,UNIDAD HABITACIONAL,POTREROS DEL OESTE,167,167,CALLE,CANARIO,NA,NA,",,,",AVENIDA,SIGLO XXI,2,23,40,24,23:40 p. m.,false,true,1,cortante,1 HOMBRE VISTE DE CAMISA AZUL,ND,H,H,8,0,N,N,0,0,false,0,N,N,15,joyeria,0,0,false,1,17,0,NA,NA,0,NA,1,ND,NO,HOMBRE,1048,-102.29916290,21.84510932
250998507,0,30904,ROBO PERSONA,ND,5,2025-05-21,21,3,1,FRACCIONAMIENTO,HACIENDAS DE AGUASCALIENTES,530,530,CALLE,HACIENDA SAN JOSE DE GUADALUPE,NA,NA,",,,",AVENIDA,HACIENDA DE OJOCALIENTE,4,3,43,26,3.43,false,false,9,ninguna,1 HOMBRE,ND,H,M,8,0,N,N,0,0,false,0,N,N,3,celular,0,0,false,1,2,0,NA,NA,0,NA,1,ND,NO,MUJER,1049,-102.24573359,21.88910479
251037981,0,30422,ROBO PERSONA,ND,5,2025-05-26,22,1,1,FRACCIONAMIENTO,RODOLFO LANDEROS GALLEGOS,226,226,CALLE,REINAS DE LA FERIA,NA,NA,"241,,,",CALLE,MARIA LUISA MIER,4,9,45,20,09:45 a. m.,false,false,9,ninguna,1 HOMBRE VISTE SUDADERA NEGRA PANTALON MEZCLILLA CASCO NEGRO,ND,H,M,8,0,N,N,0,0,false,0,MOTOCICLETA,MOTOCICLETA COLOR BLANCA,"3,26,28,29,40","celular,bolso,dinero,cartera,tarjeta",2100,2100,false,1,1,0,NA,NA,0,NA,1,TRANSITANDO,NO,MUJER,1050,-102.25711329,21.89915078
251042260,0,30421,ROBO PERSONA,ND,5,2025-05-26,22,1,1,FRACCIONAMIENTO,RANCHO SANTA MONICA,384,384,CALLE,LA PAZ 201,NA,NA,"117,,,",CALLE,LA PAZ 202,2,21,20,23,21:20 p. m.,false,true,4,fuego,2 HOMBRES UNO VISTE SUDADERA ROJA Y GORRA,ND,H,H,8,0,N,N,0,0,false,0,MOTOCICLETA,MOTOCICLETA COLOR NEGRO SIN PLACAS,3,celular,0,0,false,1,1,0,NA,NA,0,NA,1,TRANSITANDO,NO,MENOR,1051,-102.32243450,21.83637147
251042443,0,30421,ROBO PERSONA,ND,5,2025-05-26,22,1,1,FRACCIONAMIENTO,EL DORADO 1A SECCION,159,159,CALLE,CORDOBA,NA,NA,"431,,,",CALLE,ALASKA,2,21,35,24,21:35 p. m.,false,true,4,fuego,2 HOMBRES UNO VISTE CHAMARRA NEGRA CON CASCO Y EL OTRO CHAMARRA GRIS SIN CASCO,BS,H,H,8,0,N,N,0,0,false,0,MOTOCICLETA,MOTOCICLETA COLOR NEGRO,6,tecnologia,0,2000,false,1,1,0,NA,NA,0,NA,1,TRANSITANDO,NO,HOMBRE,1052,-102.30470822,21.85998751
251042636,0,30421,ROBO PERSONA,ND,5,2025-05-26,22,1,1,FRACCIONAMIENTO,MIRADOR DE LAS CULTURAS II,340,340,CALLE,LOMA DE LAS CALANDRIAS,NA,NA,",,,",CALLE,CULTURA MAYA,3,22,9,24,22:09 p. m.,false,true,1,cortante,2 HOMBRES UNO VISTE SUDADERA Y PANTALON GRIS OTRO VISTE PANTALON COLOR NEGRO,ND,H,H,8,0,N,N,0,0,false,0,N,N,"3,28,31","celular,dinero,mochila",0,0,false,1,1,0,NA,NA,0,NA,1,PARADO,NO,HOMBRE,1053,-102.24061114,21.91422086
251028205,0,30446,ROBO PERSONA,ND,5,2025-05-25,21,7,1,SIN TIPO,DESARROLLO ESPECIAL DEL ALBA,652,652,BOULEVARD,LICENCIADO ADOLFO RUIZ CORTINES,NA,NA,"102,,,",BOULEVARD,JUAN PABLO II,2,2,53,25,02:53 a. m.,false,false,9,ninguna,1 HOMBRE VISTE DE MANERA SUCIA,ND,H,M,8,0,N,N,0,0,false,0,N,N,3,celular,0,0,false,1,1,0,NA,NA,0,NA,1,PARADO,NO,MUJER,1054,-102.32496678,21.87180833
251029001,0,30446,ROBO PERSONA,ND,5,2025-05-25,21,7,1,FRACCIONAMIENTO,MIRADOR DE LAS CULTURAS II,340,340,CALLE,CULTURA YUMANA 404,NA,NA,"6,,,",AVENIDA,RODOLFO LANDEROS,3,2,58,25,02:58 a. m.,false,false,9,ninguna,ND,ND,ND,H,8,0,N,N,0,0,false,0,N,N,3,celular,0,0,false,1,1,0,NA,NA,0,NA,1,PARADO,NO,HOMBRE,1055,-102.23480796,21.91091336
250998174,0,30904,ROBO PERSONA,ND,5,2025-05-21,21,3,1,COLONIA,EL RIEGO,291,291,AVENIDA,DE LA ESPIGA,NA,NA,",,,",CALLE,VAINA,4,1,42,25,01:42 a. m.,false,false,9,ninguna,4 HOMBRES UNO VISTE SUDADERA ROJA OTRO TRAE UN PERO,ND,H,H,0,0,1,N,0,0,false,0,N,N,39,sin datos,0,0,false,1,1,0,NA,NA,0,NA,1,ND,NO,ND,1056,-102.24892696,21.89334949
251010004,0,30904,ROBO PERSONA,MARIPOSA,5,2025-05-21,21,3,1,FRACCIONAMIENTO,EL DORADO 1A SECCION,159,159,AVENIDA,AGUASCALIENTES SUR,NA,NA,",,,",AVENIDA,QUINTA,2,20,17,23,20:17 p. m.,false,true,4,fuego,1 HOMBRE,ND,H,H,8,0,N,N,0,0,false,0,N,N,14,bicicleta,0,0,false,1,1,0,NA,NA,0,NA,1,TRANSITNADO,NO,MENOR,1057,-102.30086560,21.86048810
251037101,0,30420,ROBO PERSONA,ND,5,2025-05-26,22,1,1,FRACCIONAMIENTO,NAZARIO ORTIZ GARZA,222,222,AVENIDA,SIGLO XXI,NA,NA,",,,",BOULEVARD,GUADALUPANO,4,5,17,26,05:17 a. m.,false,false,9,ninguna,ND,ND,ND,H,8,0,N,N,0,0,false,0,N,N,36,"celular,tecnologia",0,0,false,1,2,0,NA,NA,0,NA,1,PARADO,NO,HOMBRE,1058,-102.25709505,21.90663067
114220135,0,30422,ROBO PERSONA,ND,5,2025-05-20,21,2,11,FRACCIONAMIENTO,LA RIBERA,1340,1340,CALLE,CULHUACAN,NA,NA,",,,",CALLE,TIZAPAN,7,0,5,25,00:05 a. m.,false,false,9,ninguna,2 HOMBRES,ND,H,ND,8,0,N,N,0,0,false,0,MOTOCICLETA,MOTOCICLETA,3,celular,0,0,false,1,1,0,NA,NA,0,NA,1,ND,NO,ND,1059,-102.25151408,21.95785756
14220036,0,30422,ROBO PERSONA,MARIPOSA,5,2025-05-27,22,2,1,COLONIA,LOS BARANDALES DE SAN JOSE,301,301,CALLE,J JESUS ORNELAS,NA,NA,"108,,,",CALLE,N,2,9,28,20,09:28 a. m.,false,false,9,ninguna,1 HOMBRE,JUAN FERDINANDO ANGUIANO 45 AÑOS,H,H,8,0,N,N,0,0,false,0,N,N,14,bicicleta,0,0,false,1,1,0,NA,NA,0,NA,1,ND,NO,HOMBRE,1060,-102.32217354,21.84493733
251047317,0,30421,ROBO PERSONA,MARIPOSA,5,2025-05-27,22,2,1,FRACCIONAMIENTO,OJOCALIENTE I,190,190,CALLE,EL TERRITORIO,NA,NA,",,,",CALLE,JESUS TERAN,4,17,59,22,17:59 p. m.,false,true,10,otras,ND,ND,ND,H,8,0,N,N,0,0,false,0,N,N,14,bicicleta,0,0,false,1,1,0,NA,NA,0,NA,1,PARADO,NO,HOMBRE,1061,-102.25298458,21.88573725
251048429,0,30422,ROBO PERSONA,ND,5,2025-05-27,22,2,1,ESPECIAL,TEATRO AGUASCALIENTES,492R,0,BOULEVARD,JOSE MARIA CHAVEZ,NA,NA,",,,",AVENIDA,AGUASCALIENTES SUR,5,20,27,23,20:27 p. m.,false,false,9,ninguna,1 HOMBRE VISTE PLAYERA DEL MONTERREY SHORT NEGRO COMPLEXION DELGADO ESTATURA ALTO TEZ MORENO,ND,H,H,8,0,N,N,0,0,false,0,N,N,"31,38","mochila,otros",0,0,false,1,1,0,NA,NA,0,NA,1,TRANSITANDO,NO,HOMBRE,1062,-102.29236741,21.85768143
251049905,0,30421,ROBO PERSONA,ND,5,2025-05-28,22,3,5,FRACCIONAMIENTO,MANANTIALES DEL PIÑAR,927,927,CALLE,MANANTIALES DEL PINAR,NA,NA,",,,",CALLE,CERRADA PINAR DEL VALLE,7,0,8,25,00:08 a. m.,false,true,14,"cortante,fuego",1 HOMBRE VISTE DE NEGRO TRAE UNA CACHUCHA,EL ADOBE,H,H,8,0,N,N,0,0,false,0,N,N,28,dinero,0,0,false,1,1,0,NA,NA,0,NA,1,ND,NO,HOMBRE,1063,-102.35075716,21.95646927
251050558,0,30422,ROBO PERSONA,ND,5,2025-05-28,22,3,1,BARRIO,BARRIO SAN MARCOS,85,85,CALLE,RINCON,NA,NA,",,,",CALLE,IGNACIO LOMAS,1,3,55,26,03:55 a. m.,false,false,9,ninguna,1 HOMBRE,ND,H,H,8,0,N,N,0,0,false,0,N,N,3,celular,0,30000,false,1,1,0,NA,NA,0,NA,1,PARADO,NO,HOMBRE,1064,-102.30726403,21.87881217
251046272,0,30446,ROBO PERSONA,RATON,5,2025-05-27,22,2,1,FRACCIONAMIENTO,VERSALLES II,164,164,CALLE,GREGORIO GIANCINTI LOPEZ,NA,NA,",,,",CALLE,BELISARIO DOMINGUEZ,2,14,55,21,14:55 p. m.,false,false,9,ninguna,1 HOMBRE VISTE PANTALON NEGRO CAMISA BLANCA,ND,H,H,8,0,N,N,0,0,false,0,MOTOCICLETA,MOTOCICELTA,3,celular,0,0,false,1,1,0,NA,NA,0,NA,2,PARADO,NO,HOMBRE,1065,-102.30663628,21.85602440
251049444,0,30446,ROBO PERSONA,MARIPOSA,5,2025-05-27,22,2,1,FRACCIONAMIENTO,OJOCALIENTE III,191,191,AVENIDA,SAN GABRIEL,NA,NA,",,,",AVENIDA,SIGLO XXI,4,23,8,25,23:08 p. m.,false,false,9,ninguna,ND,ND,ND,H,8,0,N,N,0,0,false,0,N,N,14,bicicleta,0,0,false,1,1,0,NA,NA,0,NA,1,PARADO,NO,HOMBRE,1066,-102.24603216,21.87341867
251052673,0,30421,ROBO PERSONA,ND,5,2025-05-28,22,3,1,FRACCIONAMIENTO,LOMAS DEL AJEDREZ,462,462,AVENIDA,POLIDUCTO,NA,NA,"721,,,",AVENIDA,AJEDRECISTAS,5,14,7,21,14:07 p. m.,false,false,9,ninguna,1 HOMBRE,LALO,H,M,8,0,N,N,0,0,false,0,MOTOCICLETA,MOTOCICLETA,3,celular,0,0,false,1,1,0,NA,NA,0,NA,1,TRANSITANDO,NO,MUJER,1067,-102.25567429,21.84651730
251055989,0,30421,ROBO PERSONA,ND,5,2025-05-28,22,3,1,FRACCIONAMIENTO,BENITO JUAREZ,212,212,CALLE,NAZARIO ORTIZ GARZA,NA,NA,",,,",CALLE,VALLE DE LOS REYES,4,23,22,24,23:22 p. m.,false,true,3,contusa,1 HOMBRE,ND,H,H,8,0,N,N,0,0,false,0,N,N,"15,28,29","joyeria,dinero,cartera",200,2200,false,1,1,0,NA,NA,0,NA,1,TRANSITANDO,NO,HOMBRE,1068,-102.27228366,21.90001852
251057260,0,30421,ROBO PERSONA,ND,5,2025-05-29,22,4,1,COMUNIDAD,NORIAS DE OJOCALIENTE,14,14,CALLE,GRANATE,NA,NA,",,,",CALLE,GEMA,4,7,46,19,07:46 a. m.,false,true,3,contusa,2 HOMBRES COMPLEXION DELGADA EDAD APROX 20 AÑOS TEZ MORENO UNO VISTE CAMISA BLANCA EL POTRO CAMISA NEGRA,ND,H,H,8,0,N,N,0,0,false,0,N,N,"28,31","dinero,mochila",0,2500,false,1,1,0,NA,NA,0,NA,1,TRANSITANDO,NO,HOMBRE,1069,-102.21905435,21.88793583
251053171,0,30446,ROBO PERSONA,MARIPOSA,5,2025-05-28,22,3,1,COLONIA,MARTINEZ DOMINGUEZ,514,514,BOULEVARD,JOSE MARIA CHAVEZ,NA,NA,",,,",CALLE,VALENTE QUINTANA,2,15,30,22,15:30 p. m.,false,false,9,ninguna,ND,ND,ND,H,8,0,N,N,0,0,false,0,N,N,14,bicicleta,0,0,false,1,1,0,NA,NA,0,NA,1,PARADO,NO,HOMBRE,1070,-102.29336295,21.85460180
251054659,0,30446,ROBO PERSONA,ND,5,2025-05-28,22,3,1,FRACCIONAMIENTO,BULEVAR,156,156,BOULEVARD,JOSE MARIA CHAVEZ,NA,NA,",,,",CALLE,HERNAN GONZALEZ,2,20,7,23,20:07 p. m.,false,false,9,ninguna,ND,ND,ND,H,8,0,N,N,0,0,false,0,N,N,3,celular,0,6000,false,1,1,0,NA,NA,0,NA,1,PARADO,NO,HOMBRE,1071,-102.29455488,21.86812666
251057732,0,30421,ROBO PERSONA,ND,5,2025-05-29,22,4,5,COLONIA,LA CARDONA,944,944,CALLE,LA CARDONA,NA,NA,",,,",CALLE,SAN MIGUEL,7,9,42,20,09:42 a. m.,false,true,3,contusa,1 HOMBRE,ND,H,H,8,0,N,N,0,0,false,0,N,N,39,Sin datos,0,0,false,1,1,0,NA,NA,0,NA,1,PARADO,NO,HOMBRE,1072,-102.33038528,21.95946756
251060300,0,30422,ROBO PERSONA,ND,5,2025-05-29,22,4,1,FRACCIONAMIENTO,"VILLA DE NUESTRA SEÑORA DE LA ASUNCION, SECTOR GUADALUPE",342,342,CALLE,JOSE A FEMAT GUTIERREZ,NA,NA,",,,",CALLE,MARIA DE JESUS GONZALEZ,3,17,9,22,17:09 p. m.,false,false,9,ninguna,3 PERSONAS 1 MUJER UNO VISTE PLAYERA BLANCA LA MUJER VESTIDO BLANCO,ND,A,M,8,0,N,N,0,0,false,0,N,N,12,ropa,0,0,false,1,1,0,NA,NA,0,NA,1,TRANSITANDO,NO,MUJER,1073,-102.25454912,21.93276883
251060760,0,30446,ROBO PERSONA,ND,5,2025-05-29,22,4,1,FRACCIONAMIENTO,LAS AMERICAS,262,262,CALLE,REPUBLICA DE BRASIL,NA,NA,",,,",AVENIDA,DE LA CONVENCION SUR,2,18,56,22,18:56 p. m.,false,false,9,ninguna,1 HOMBRE,ND,H,M,5,0,N,N,0,0,false,0,N,N,3,celular,0,0,false,1,1,0,NA,NA,0,NA,1,PARADO,NO,MUJER,1074,-102.29951271,21.86615004
251122001,0,30422,ROBO PERSONA,ND,6,2025-06-07,23,6,1,SUBDIVISION,RESIDENCIAL SAN PEDRO,170,170,CALLE,GRANEROS,NA,NA,",,,",CALLE,MONTE NEGRO,6,16,2,22,16:02 p. m.,false,false,9,ninguna,2 HOMBRES AMBOS VISTEN CON CAMISA NEGRA NO TRAEN CASCO Y SE TAPAN LA CARA CON UNA BANDA Y GORRAS,ND,H,M,8,0,N,N,0,0,false,0,MOTOCICLETA,MOTOCICLETA,"3,26,28,29,30,40","celular,bolso,dinero,cartera,llaves,tarjetas",0,9000,false,23,1,4405,NA,NA,0,NA,1,PARADO,NO,MUJER,1075,-102.31041417,21.92688739
251030828,0,30904,ROBO PERSONA,ND,5,2025-05-25,21,7,5,FRACCIONAMIENTO,PASEOS DE AGUASCALIENTES,930,930,CALLE,ND,NA,NA,",,,",CALLE,ND,7,27,0,27,Sin datos,false,false,9,ninguna,ND,ND,ND,M,8,0,N,N,0,0,false,0,N,N,3,celular,0,12000,false,1,1,0,NA,NA,0,NA,2,PARADO,NO,MUJER,1076,-102.29033897,21.96744511
251065064,0,30422,ROBO PERSONA,ND,5,2025-05-30,22,5,1,COLONIA,ZONA CENTRO,501,501,CALLE,VENUSTIANO CARRANZA,NA,NA,",,,",CALLE,GENERAL VICENTE GUERRERO,1,12,40,21,12:40 p. m.,false,false,9,ningunaa,2 MUJERES UNA VISTE BLUSA ROJA Y LA OTRA BLUSA COLOR OSCURO,ND,M,H,8,0,N,N,0,0,false,0,N,N,"3,15,26,28","celular,joyeria,bolso,dinero",15000,20000,false,1,1,0,NA,NA,0,NA,1,PARADO,NO,HOMBRE,1077,-102.29958140,21.88030653
251065146,0,30422,ROBO PERSONA,ND,5,2025-05-30,22,5,5,COLONIA,EJIDAL,926,926,CALLE,CONSTITUCION,NA,NA,"101,,,",CALLE,FELIPE ANGELES,7,13,0,21,13:00 p. m.,false,false,9,ninguna,1 HOMBRE,ND,H,H,8,0,N,N,0,0,false,0,MOTOCICLETA,MOTOCICLETA COLOR ROJO,"28,29","dinero,cartera",800,800,false,1,1,0,NA,NA,0,NA,1,PAADO,NO,HOMBRE,1078,-102.35123717,21.96407046
251071463,0,30421,ROBO PERSONA,MARIPOSA,5,2025-05-31,22,6,1,FRACCIONAMIENTO,LOS PERICOS,287,287,CALLE,CULTURA OTOMI SUR,NA,NA,",,,",CALLE,SANTA TERESA,3,9,19,20,09:19 a. m.,false,true,10,otras,2 HOMBRES UNO VISTE PLAYERA COLOR CLARO PANTALON NEGRO LLEVA UNA EXPANSION EN UNO D ELOS LOBULOS DE LAS OREJAS,ND,H,H,8,0,N,N,0,0,false,0,N,N,"3,14","celular,bicicleta",0,4700,false,1,1,0,NA,NA,0,NA,1,TRANSITANDO,NO,HOMBRE,1079,-102.24627077,21.90681990
251074672,0,30421,ROBO PERSONA,ND,5,2025-05-31,22,6,1,FRACCIONAMIENTO,"VILLA DE NUESTRA SEÑORA DE LA ASUNCION, SECTOR ESTACION",354,354,CALLE,FEDERICO MENDEZ,NA,NA,",,,",CALLE,GERONIMO DE LA CUEVA,3,19,28,23,19:28 p. m.,false,true,1,cortante,3 HOMBRES UNO VISTE PLAYERA NEGRA DEL LOS CHICAGO Y PANTALON AZUL OTRO PLAYERA Y SHORT NEGROS OTRO PLAYERA BLANCA PANTAL,ND,H,H,8,0,N,N,0,0,false,0,N,N,"3,12","celular,gorra",0,0,false,1,1,0,NA,NA,0,NA,1,TRANSITANDO,NO,HOMBRE,1080,-102.25832710,21.93542627
251076890,0,30422,ROBO PERSONA,ND,5,2025-05-31,22,6,1,FRACCIONAMIENTO,LAS CUMBRES,218,218,CALLE,AURORA ESPINOZA,NA,NA,",,,",CALLE,MA GUADALUPE RUIZ DE CHAVEZ PINALES,3,23,55,24,23:55 p. m.,false,true,1,cortante,1 HOMBRE ENCAPUCHADO,ND,H,H,8,0,N,N,0,0,false,0,N,N,"3,28,29","celular,dinero,cartera",3000,3000,false,1,1,0,NA,NA,0,NA,1,PARADO,NO,HOMBRE,1081,-102.26286355,21.91034228
251078910,0,30421,ROBO PERSONA,ND,6,2025-06-01,22,7,1,FRACCIONAMIENTO,VALLE DEL BICENTENARIO,464,464,CALLE,RIBERA MAGADALENA,NA,NA,",,,",CALLE,RIVERA DEL SOL ORIENTE,4,3,48,26,03:48 a. m.,false,true,3,contusa,8 HOMBRES,ND,H,H,3,0,N,N,0,0,false,0,COCHE,COCHE CAMARO COLOR ROJO,"3,29,31","celular,cartera,mochila",0,0,false,1,1,0,NA,NA,0,NA,1,PARADO,NO,HOMBRE,1082,-102.22529982,21.87307156
251084333,0,30422,ROBO PERSONA,ND,6,2025-06-01,22,7,1,NO APLICA,DESARROLLO ESPECIAL SYDSA,466,466,AVENIDA,AGUASCALIENTES PONIENTE,NA,NA,",,,",AVENIDA,LICENCIADO ADOLFO RUIZ CORTINES,2,21,50,24,21:50 p. m.,false,true,1,cortante,3 HOMBRES,ND,H,H,8,0,N,N,0,0,false,0,N,N,"2,3,12,26,31","computo,celular,ropa,bolso,mochila",0,0,false,1,1,0,NA,NA,0,NA,1,ND,NO,HOMBRE,1083,-102.31835338,21.87106349
251086028,0,30421,ROBO PERSONA,ND,6,2025-06-02,23,1,1,FRACCIONAMIENTO,"VILLA DE NUESTRA SEÑORA DE LA ASUNCION, SECTOR GUADALUPE",342,342,CALLE,JOSE RUIZ ESPARZA VEGA,NA,NA,",,,",CALLE,JOSE DE JESUS GONZALEZ GARCIA,3,2,12,25,02:12 a. m.,false,true,1,cortante,2 HOMBRES,ND,H,H,8,0,N,N,0,0,false,0,N,N,3,celular,0,4500,true,1,10,0,NA,NA,0,NA,1,ND,NO,HOMBRE,1084,-102.25755863,21.93015054
251086462,0,30421,ROBO PERSONA,ND,6,2025-06-02,23,1,11,FRACCIONAMIENTO,MONTEVERDE,1340R,0,CALLE,CULHUACAN,NA,NA,",,,",CALLE,GRENOVIA,7,5,35,26,05:35 a. m.,false,true,4,fuego,1 HOMBRE,ND,H,H,8,0,N,N,0,0,false,0,N,N,"3,28,29,40","celular,dinero,cartera,mochila",2000,7000,false,1,1,0,NA,NA,0,NA,1,ND,NO,HOMBRE,1085,-102.25366610,21.96055591
251066837,0,30446,ROBO PERSONA,MARIPOSA,5,2025-05-30,22,5,1,COLONIA,LA FE,241,241,CALLE,PLATEROS,NA,NA,"221,,,",CALLE,CONCEPCION AGUAYO,1,18,6,22,18:06 p. m.,false,false,9,ninguna,ND,ND,ND,H,8,0,N,N,0,0,false,0,N,N,14,bicicleta,0,8000,false,1,1,0,NA,NA,0,NA,1,PARADO,NO,HOMBRE,1086,-102.29371607,21.89128762
251083431,0,30446,ROBO PERSONA,ND,6,2025-06-01,22,7,1,FRACCIONAMIENTO,OJOCALIENTE I,190,190,AVENIDA,AGUASCALIENTES ORIENTE,NA,NA,",,,",CALLE,COTORINAS,4,19,58,23,19:58 p. m.,false,false,9,ninguna,ND,ND,H,M,8,0,N,N,0,0,false,0,N,N,"3,29,30","celular,cartera,llaves",0,0,false,1,1,0,NA,NA,0,NA,1,ND,NO,MUJER,1087,-102.25869504,21.88294613
251086527,0,30446,ROBO PERSONA,ND,6,2025-06-02,23,1,1,FRACCIONAMIENTO,MORELOS I,598,598,CALLE,HERMANOS GALEANA,NA,NA,",,,",CALLE,JEFES INSURGENTES,5,430,26,26,04:30 a. m.,false,false,9,ninguna,ND,ND,ND,H,8,0,N,N,0,0,false,0,N,N,"3,12,28,30","celular,ropa,dinero,llaves",1200,1200,false,1,1,0,NA,NA,0,NA,1,PARADO,NO,HOMBRE,1088,-102.26377038,21.85397460
251052774,0,30904,ROBO PERSONA,ND,5,2025-05-28,22,3,1,FRACCIONAMIENTO,SOLIDARIDAD III,194,194,AVENIDA,POLIDUCTO,NA,NA,",,,",CALLE,ADOLFO DE LA HUERTA,5,14,27,21,14:27 p. m.,false,false,9,ninguna,5 HOMBRES UNO VISTE DE NEGRO OTRO CAMISETA BLANCA Y BERMUDA NEGRA,ND,H,ND,8,0,N,N,0,0,false,0,N,N,39,sin datos,0,0,false,1,2,0,NA,NA,0,NA,1,TRANSITANDO,NO,ND,1089,-102.24883626,21.85642174
251064075,0,30462,ROBO PERSONA,ND,5,2025-05-30,22,5,1,FRACCIONAMIENTO,JARDINES DE SANTA ELENA 2A SECCION,143,143,CALLE,REPUBLICA DE PERU,NA,NA,"500,,,",CALLE,LIMA,2,5,50,19,07:50 a. m.,false,true,3,contusa,2 HOMBRES,ND,H,H,8,0,N,N,0,0,false,0,ND,ND,"2,3,29,31","computo,celular,cartera,mochila",0,0,false,1,1,0,NA,NA,0,NA,1,TRANSITANDO,NO,HOMBRE,1090,-102.30803595,21.86557148
250948935,0,31112,ROBO PERSONA,ND,5,2025-05-14,20,3,3,COLONIA,LIBERAL,785,785,CALLE,MELCHOR OCAMPO,NA,NA,"415,,,",CALLE,JUAN ALVAREZ,7,21,4,23,21:04 p. m.,false,true,14,"cortante,fuego",3 HOMBRES UNO DE ELLOS CON TATUAJES DOS DE COMPLEXION DELGADA ESTATURA ALTO,ND,H,H,8,0,N,N,0,0,false,0,N,N,"3,12,28,29","celular,ropa,dinero,cartera",2195,2195,false,1,1,0,NA,NA,0,NA,1,PARADO,NO,HOMBRE,1091,-102.71845235,21.84317749
250981992,0,31112,ROBO PERSONA,ND,5,2025-05-18,20,7,1,COLONIA,OLIVARES SANTANA,649,649,CALLE,AURELIO GONZALEZ,NA,NA,",,,",CALLE,BENITO DIAZ,6,21,46,24,21:46 p. m.,false,true,3,contusa,30 HOMBRES,ND,H,H,8,0,N,N,0,0,false,0,N,N,"3,12","celular,ropa",0,0,false,1,13,0,NA,NA,0,NA,1,ND,NO,HOMBRE,1092,-102.31374489,21.89426576
251089186,0,30422,ROBO PERSONA,ND,6,2025-06-02,23,1,1,FRACCIONAMIENTO,CLAUSTROS LOMA DORADA,343,343,BOULEVARD,GUADALUPANO,NA,NA,",,,",CALLE,LOMA DORADA,3,15,39,22,15:39 p. m.,false,false,9,ninguna,2 HOMBRES UNO VISTE PANTALON MEZCLILLA CHAMARRA AZUL EL OTRO CHAMARRA ROSA PANTALON MEZCLILLA,ND,H,H,8,0,N,N,0,0,false,0,N,N,3,celular,0,0,false,1,1,0,NA,NA,0,NA,1,ND,NO,MENOR,1093,-102.24352232,21.92008553
251089585,0,30422,ROBO PERSONA,ND,6,2025-06-02,23,1,1,FRACCIONAMIENTO,LOS LAURELES II,531,531,AVENIDA,RODOLFO LANDEROS GALLEGOS,NA,NA,"1463,,,",CALLE,GRANO,4,17,5,22,17:05 p. m.,false,false,9,ninguna,1 HOMBRE,ND,H,H,8,0,N,N,0,0,false,0,N,N,3,celular,0,0,false,1,1,0,NA,NA,0,NA,1,TRANSITANDO,NO,MENOR,1094,-102.23958118,21.90671158
251091318,0,30421,ROBO PERSONA,ND,6,2025-06-02,23,1,1,FRACCIONAMIENTO,MIRADOR DE LAS CULTURAS,323,323,CALLE,CULTURA MAYA,NA,NA,"119,,,",CALLE,CULTURA TOLTECA,3,21,47,24,21:47 p. m.,false,true,3,contusa,2 HOMBRES TRAIAN PAÑUELOS EN LA CARA,ND,H,H,8,0,N,N,1,0,false,0,N,N,15,joyeria,0,0,false,1,1,0,NA,NA,0,NA,1,ND,NO,MENOR,1095,-102.24338382,21.90650512
251092370,0,30421,ROBO PERSONA,ND,6,2025-06-03,23,1,1,FRACCIONAMIENTO,MORELOS I,598,598,AVENIDA,HEROE INMORTAL,NA,NA,",,,",AVENIDA,SIGLO XXI,5,1,15,25,01:15 a. m.,false,true,3,contusa,ND,ND,ND,H,8,0,N,N,0,0,false,0,N,N,3,celular,0,0,false,1,1,0,NA,NA,0,NA,1,TRANSITANDO,NO,HOMBRE,1096,-102.26925617,21.85235664
251092382,0,30421,ROBO PERSONA,ND,6,2025-06-03,23,2,1,FRACCIONAMIENTO,VILLA TERESA,283,283,CALLE,PAULINO N MARTI,NA,NA,"301,,,",CALLE,CARITATIVAS,3,1,20,25,01:20 a. m.,false,true,3,contusa,4 PERSONAS UNO VISTE PLAYERA VERDE OTRO PLAVERA NEGRA,ND,H,H,8,0,N,N,1,0,false,0,N,N,"3,12,31","celular,ropa,mochila",0,0,false,1,1,0,NA,NA,0,NA,1,ND,NO,HOMBRE,1097,-102.28093250,21.92089771
251090364,0,50305,ROBO PERSONA,ND,6,2025-06-02,22,7,1,FRACCIONAMIENTO,PASEOS DE SAN ANTONIO,634,634,AVENIDA,PASEOS DE SAN ANTONIO,NA,NA,",,,",CALLE,PARMA,5,19,16,23,19:16 p. m.,false,false,9,ninguna,1 HOMBRE VISTE DE NEGRO,ND,H,M,8,0,N,N,0,0,false,0,MOTOCICLETA,MOTOCICLETA COLOR NEGRO,"26,28","bolso,dinero",3000,3000,false,1,1,0,NA,NA,0,NA,1,ND,NO,MUJER,1098,-102.27525448,21.81130322
251091637,0,50305,ROBO PERSONA,ND,6,2025-06-02,23,1,1,FRACCIONAMIENTO,EJIDO CUMBRES,210,210,CALLE,MONTE DE LAS CRUCES,NA,NA,",,,",AVENIDA,POLIDUCTO,3,22,29,24,22:29 p. m.,false,false,9,ninguna,ND,ND,ND,M,8,0,N,N,0,0,false,0,N,N,39,sin datos,0,0,false,1,2,0,NA,NA,0,NA,1,TRANSITANDO,NO,MUJER,1099,-102.25193648,21.91161097
251076035,0,50301,ROBO PERSONA,TRANSPORTISTA,5,2025-05-31,22,6,11,RURAL,LA CASITA,1330,1330,CARRETERA,25 RIVIER SAN MARCOS,NA,NA,",,,",CALLE,J REFUGIO PONCE E,7,20,30,23,20:30 p. m.,false,true,3,contusa,3 PERSONAS VISTEN COLOR OSCURO,ND,ND,H,8,0,N,N,0,0,false,0,N,N,"3,15,29,38","celular,joyeria,cartera,otros",0,0,false,1,1,0,NA,NA,0,NA,1,PARADO,SI,HOMBRE,1100,-102.26705085,21.96942216
64210036,0,30421,ROBO PERSONA,ND,5,2025-05-25,21,7,6,RURAL,LAS ANIMAS,1145R,0,CARRETERA,45 AGUASCALIENTES ZACATECAS,NA,NA,",,,",N,N,7,4,6,26,04:06 a. m.,false,true,3,contusa,1 HOMBRE EDAD APROX 35 A 38 AÑOS VISTE SUDADERA NEGRA PANTALON MEZCLILLA AZUL,ND,H,A,8,0,N,N,0,0,false,0,N,N,"3,28,29","celular,dinero,cartera",2000,11000,false,1,1,0,NA,NA,0,NA,1,PARADO,SI,AMBOS,1101,-102.27687002,22.10965698
64220037,0,30422,ROBO PERSONA,ND,5,2025-05-27,22,2,6,COLONIA,ZONA CENTRO,1130,1130,CALLE,HEROICO COLEGIO MILITAR,NA,NA,",,,",CALLE,PLUTARCO ELIAS CALLES,7,15,54,22,15:54 p. m.,false,false,9,ninguna,1 HOMBRE VISTE CAMISA COLOR TINTO 1 MUJER VISTE BLUSA COLOR ROSA CON ESTAMPADOS FLORALES Y PANTALON MEZCLILLA,ND,A,M,8,0,N,N,0,0,false,0,N,N,"26,28","bolso,dinero",7000,7000,false,1,1,0,NA,NA,0,NA,1,PARADO,NO,MUJER,1102,-102.27829582,22.14768028
114220038,0,30422,ROBO PERSONA,MARIPOSA,5,2025-05-30,22,5,11,FRACCIONAMIENTO,SAN JOSE DE BUENAVISTA,1311,1311,CALLE,URUGUAY,NA,NA,"607,,,",CALLE,DAVID HERNANDEZ LUGO,7,22,25,24,22:25 p. m.,false,false,9,ninguna,ND,ND,ND,ND,8,0,N,N,0,0,false,0,N,N,14,bicicleta,0,0,false,1,1,0,NA,NA,0,NA,1,PARADO,NO,ND,1103,-102.27035103,22.07166065
114220039,0,30422,ROBO PERSONA,ND,5,2025-05-31,22,6,11,COLONIA,MACARIO J. GOMEZ,1334,1334,CALLE,LAUREL,NA,NA,",,,",ND,ND,7,22,25,25,22:25 p. m.,false,false,9,ninguna,ND,ND,ND,ND,8,0,N,N,0,0,false,0,N,N,"3,15,28,29","celular,joyeria,dinero,cartera",1800,1800,false,1,1,0,NA,NA,0,NA,1,PARADO,NO,ND,1104,-102.25387774,21.98012222
251093727,0,30421,ROBO PERSONA,ND,6,2025-06-03,23,2,1,FRACCIONAMIENTO,VISTA MONTAÑA,601R,0,AVENIDA,GERONIMO DE LA CUEVA,NA,NA,",,,",CALLE,PUERTO DE ENSENADA,3,20,52,20,10:52 a. m.,false,true,1,cortante,2 HOMBRES UNO DE ELLOS VISTE DE SHORT,ND,H,H,8,0,N,N,0,0,false,0,MOTOCICLETA,MOTOCICLETA COLOR NEGRO,28,dinero,150,150,false,1,1,0,NA,NA,0,NA,1,TRANSITANDO,NO,HOMBRE,1105,-102.24938221,21.94037089
251096517,0,30421,ROBO PERSONA,MARIPOSA,6,2025-06-03,23,2,1,FRACCIONAMIENTO,ESPAÑA,171,171,CALLE,ARAGON,NA,NA,",,,",AVENIDA,AGUASCALIENTES PONIENTE,2,19,23,23,19:23 p. m.,false,true,13,"cortante,contusa",4 HOMBRES UNO DE ELLOS VISTE CAMISA NEGRA CON ROJO CON UN  TORO ROJO,ND,H,H,8,0,N,N,0,0,false,0,N,N,14,bicicleta,0,7000,false,1,1,0,NA,NA,0,NA,1,TRANSITANDO,NO,HOMBRE,1106,-102.31730652,21.86527025
251097487,0,30422,ROBO PERSONA,ND,6,2025-06-03,23,2,1,FRACCIONAMIENTO,POZO BRAVO SUR,558,558,AVENIDA,CONSTITUCION,NA,NA,",,,",CALLLE,POZO DE LA HACIENDA,3,21,42,24,21:42 p. m.,false,false,9,ninguna,1 HOMBRE VISTE SUDADERA AZUL CASCO NEGRO,ND,H,H,8,0,N,N,0,0,false,0,MOTOCICLETA,MOTOCICLETA PULSAR COLOR GRIS,3,celular,0,9000,false,1,1,0,NA,NA,0,NA,1,PARADO,NO,HOMBRE,1107,-102.28398576,21.92703035
251097826,0,30421,ROBO PERSONA,ND,6,2025-06-03,23,2,1,FRACCIONAMIENTO,EJIDO CUMBRES,210,210,AVENIDA,POLIDUCTO,NA,NA,",,,",CALLE,PICACHO ORIENTE,3,22,21,24,22:21 p. m.,false,true,1,cortante,ND,ND,ND,H,8,0,N,N,0,0,false,0,N,N,"3,26,28","celular,bolso,dinero",150,150,false,1,1,0,NA,NA,0,NA,1,PARADO,NO,HOMBRE,1108,-102.25157753,21.91084312
251065758,0,30904,ROBO PERSONA,ND,5,2025-05-30,22,5,1,FRACCIONAMIENTO,VILLA LOMA DORADA,75,75,CALLE,VILLA TORALLA,NA,NA,"140,,,",CALLE,CULTURA OTOMI,3,14,59,21,14:59 p. m.,false,false,9,ninguna,ND,ND,ND,H,8,0,N,N,0,0,false,0,N,N,39,sin datos,0,0,false,1,2,0,NA,NA,0,NA,1,ND,NO,HOMBRE,1109,-102.24586254,21.92368145
251102941,0,30421,ROBO PERSONA,TRANSPORTISTA,6,2025-06-04,23,3,6,RURAL,SAN LUIS DE LETRAS,1143,1143,CARRETERA,45 AGUASCALIENTES ZACATECAS,NA,NA,",,,",CALLE,FRANCISCO MENDEZ REYES,7,19,4,23,19:04 p. m.,false,true,2,punzante,2 HOMBRES AMBOS VISTEN DE SHORT UNO DE ELLOS SIN CAMISA,ND,H,H,8,0,N,N,0,0,false,0,N,N,"3,28","celular,dinero",1800,1800,false,1,1,0,NA,NA,0,NA,1,PARADO,SI,HOMBRE,1110,-102.28966956,22.13886678
251102974,0,30422,ROBO PERSONA,ND,6,2025-06-04,23,3,1,UNIDAD HABITACIONAL,POTREROS DEL OESTE,167,167,CALLE,CANARIO,NA,NA,",,,",ANDADOR,DEL RAYO,2,19,14,23,19:14 p. m.,false,false,9,ninguna,1 HOMBRE,ND,H,M,8,0,N,N,0,0,false,0,N,N,3,celular,0,0,false,1,1,0,NA,NA,0,NA,1,TRANSITANDO,NO,MUJER,1111,-102.29913306,21.84470381
251105784,0,30422,ROBO PERSONA,ND,6,2025-06-05,23,4,5,COLONIA,CENTRO,938,938,CALLE,IGNACIO LOPEZ RAYON,NA,NA,",,,",CALLE,JULIO CADENA,7,5,55,26,05:55 a. m.,false,true,13,"cortante,contusa",2 HOMBRES AMBOS VISTEN DE NEGRO CON CUBREBOCAS BLANCO,ND,H,M,8,0,N,N,0,0,false,0,N,N,36,"celular,tecnologia",0,11000,false,1,1,0,NA,NA,0,NA,1,TRANSITANDO,NO,MUJER,1112,-102.34150357,21.96432215
251106208,251106200,30421,ROBO PERSONA,ND,6,2025-06-05,23,4,5,FRACCIONAMIENTO,LOMAS DEL VALLE,929,929,CALLE,VALLE DE AGUASCALIENTES,NA,NA,",,,",CALLE,VALLE DE LAS DELICIAS,7,8,29,19,08:29 a. m.,false,true,10,otras,2 HOMBRES VISTEN DE NEGRO,ND,H,H,8,0,N,N,0,0,false,0,N,N,3,celular,0,2000,false,1,1,0,NA,NA,0,NA,1,TRANSITANDO,NO,HOMBRE,1113,-102.34366231,21.95351054
251101711,0,30446,ROBO PERSONA,MARIPOSA,6,2025-06-04,23,3,1,FRACCIONAMIENTO,OJOCALIENTE I,190,190,CALLE,JALTOMATE,NA,NA,"631,,,",CALLE,PLAZUELA R,4,15,37,22,15:37 p. m.,false,false,9,ninguna,1 HOMBRE 1 MUJER QUE VISTE BLUSA ROSA SHORT AZUL,ND,A,H,8,0,N,N,0,0,false,0,N,N,14,bicicleta,0,0,false,1,1,0,NA,NA,0,NA,1,PARADO,NO,HOMBRE,1114,-102.25156211,21.88168860
251095053,0,30904,ROBO PERSONA,ND,6,2025-06-03,23,2,1,VIÑEDOS,SAN FELIPE,8,8,AVENIDA,GREY YUNGARI,NA,NA,"115,,,",CALLE,SAN EMILION,6,15,14,21,15:14 p. m.,false,false,9,ninguna,1 HOMBRE VISTE CHALECO NEGRO PANTALON COLOR CAFE,ND,H,M,8,0,N,N,0,0,false,0,N,N,31,mochila,0,0,false,1,2,0,NA,NA,0,NA,1,PARADO,NO,MUJER,1115,-102.36566329,21.88436566
251107749,0,30421,ROBO PERSONA,ND,6,2025-06-05,23,4,1,CONDOMINIO HORIZONTAL,LA HOJARASCA,431,431,BOULEVARD,GUADALUPANO,NA,NA,",,,",CIRCUITO,DE LOS ALAMOS,3,14,7,21,14:07 p. m.,false,true,1,cortante,2 HOMBRES UNO VISTE DE NEGRO EL OTRO PLAYERA BLANCA,JOSE REFUGIO DELGADILLO CARMONA,H,H,8,1,N,N,0,0,false,0,N,N,"3,31","celular,mochila",0,0,false,1,4,0,NA,NA,0,NA,1,ND,NO,HOMBRE,1116,-102.25051987,21.91301836
251107948,0,30422,ROBO PERSONA,MARIPOSA,6,2025-06-05,23,5,1,FRACCIONAMIENTO,VILLA DE LA LOMA,336,336,CALLE,LOMA DEL PUMA,NA,NA,",,,",CALLE,LOMA DEL JABALI,3,14,23,21,14:21 p. m.,false,false,9,ninguna,3 HOMBRES,ND,H,H,8,0,N,N,0,0,false,0,N,N,"3,14,42","celular,bicicleta,instrumentos musicales",0,0,false,1,1,0,NA,NA,0,NA,1,PARADO,NO,MENOR,1117,-102.24736933,21.91214744
251108618,0,30421,ROBO PERSONA,ND,6,2025-06-05,23,4,11,RURAL,PARQUE INDUSTRIAL SAN FRANCISCO (PISF),1327,1327,CARRETERA,45 AGUASCALIENTES ZACATECAS,NA,NA,",,,",CARRETERA,A LA ESCONDIDA,7,16,23,22,16:23 p. m.,false,true,1,cortante,2 HOMBRES UNO VISTE PLAYERA NEGRA Y EL OTRO PLAYERA GRIS AMBOS PANTALON DE MEZCLILLA,ND,H,H,8,0,N,N,0,0,false,0,N,N,28,dinero,370,370,false,1,2,0,NA,NA,0,NA,1,ND,SI,HOMBRE,1118,-102.28110056,22.03362807
251109103,0,30421,ROBO PERSONA,MARIPOSA,6,2025-06-05,23,4,1,SIN TIPO,NINGUNO,673,673,N,N,NA,NA,",,,",N,N,3,18,15,22,18:15 p. m.,false,true,1,cortante,2 HOMBRES AMBOS VISTEN DE NEGRO TRAEN CUBREBOCAS Y GORRA,ND,H,H,8,0,N,N,0,0,false,0,N,N,14,mariposa,0,0,false,23,1,4402,NA,NA,0,NA,1,TRANSITANDO,NO,HOMBRE,1119,-102.25647320,21.92125664
251110260,0,30422,ROBO PERSONA,ND,6,2025-06-05,23,4,1,FRACCIONAMIENTO,PARRAS,224,224,CALLE,CARDENAL,NA,NA,",,,",AVENIDA,AGUASCALIENTES NORTE,3,21,41,24,21:41 p. m.,false,false,9,ninguna,1 HOMBRE,ND,H,M,8,0,N,N,0,0,false,0,MOTOCICLETA,MOTOCICLETA COLOR NEGRO,3,celular,0,0,false,1,1,0,NA,NA,0,NA,1,PARADO,NO,MUJER,1120,-102.27767431,21.91451441
251114029,0,30421,ROBO PERSONA,ND,6,2025-06-06,23,5,1,COMUNIDAD,COYOTES,10,10,CALLE,PEREZ PRADO,NA,NA,"67,,,",CALLE,CIPRES,2,14,20,21,14:20 p. m.,false,true,3,contusa,1 MUJER,ND,M,M,3,0,N,N,0,0,false,0,N,N,3,celular,0,0,false,1,1,0,NA,NA,0,NA,1,PARADO,NO,MUJER,1121,-102.34128690,21.87011381
251113283,0,30421,ROBO PERSONA,ND,6,2025-06-06,23,5,1,FRACCIONAMIENTO,MIRADOR DE LAS CULTURAS II,340,340,AVENIDA,CULTURA PAME,NA,NA,"345,,,",AVENIDA,LOMA DEL CARDENAL,3,12,3,21,12:03 p. m.,false,true,1,cortante,1 HOMBRE VISTE PLAYERA BLACA TIPO POLO EDAD APROX 30 AÑOS,ND,H,H,8,1,N,N,0,0,false,0,N,N,3,celular,0,0,false,1,1,0,NA,NA,0,NA,1,ND,NO,HOMBRE,1122,-102.23809300,21.91137800
251114252,0,30422,ROBO PERSONA,ND,6,2025-06-06,23,5,1,FRACCIONAMIENTO,MORELOS I,598,598,CALLE,JEFES INSURGENTES,NA,NA,"814,,,",CALLE,22 DE DICIEMBRE,5,14,52,21,14:52 p. m.,false,false,9,ninguna,2 HOMBRES,ND,H,H,8,0,N,N,0,0,false,0,N,N,"3,29","celular,cartera",0,0,false,1,1,0,NA,NA,0,NA,1,TRANSITANDO,NO,HOMBRE,1123,-102.25826526,21.85542901
251119292,0,30422,ROBO PERSONA,ND,6,2025-06-07,23,6,1,FRACCIONAMIENTO,INSURGENTES,161,161,CALLE,DOCTOR FRANCISCO VAZQUEZ GOMEZ,NA,NA,"118,,,",CALLE,DOCTOR MARIANO AZUELA,2,6,58,19,06:58 a. m.,false,false,9,ninguna,ND,ND,ND,H,8,0,N,N,0,0,false,0,N,N,3,celular,0,20000,false,1,1,0,NA,NA,0,NA,1,ND,NO,HOMBRE,1124,-102.31373252,21.85372989
251122001,0,30422,ROBO PERSONA,ND,6,2025-06-07,23,6,1,SUBDIVISION,RESIDENCIAL SAN PEDRO,170,170,CALLE,GRANEROS,NA,NA,",,,",CALLE,MONTE NEGRO,6,16,2,22,16:02 p. m.,false,false,9,ninguna,2 HOMBRES AMBOS VISTEN CON CAMISA NEGRA NO TRAEN CASCO Y SE TAPAN LA CARA CON UNA BANDA Y GORRAS,ND,H,M,8,0,N,N,0,0,false,0,MOTOCICLETA,MOTOCICLETA,"3,26,28,29,30,40","celular,bolso,dinero,cartera,llaves,tarjetas",0,9000,false,23,1,4405,NA,NA,0,NA,1,PARADO,NO,MUJER,1125,-102.31041417,21.92688739
251122965,0,30422,ROBO PERSONA,ND,6,2025-06-07,23,6,1,FRACCIONAMIENTO,JARDINES DE LA CONVENCION 1A SECCION,497,497,CALLE,JOSE ISABEL ROBLES,NA,NA,"111,,,",AVENIDA,DE LA CONVENCION DE 1914 UR,5,18,35,22,18:35 p. m.,false,true,3,contusa,1 HOMBRE VISTE PAYERA ROJA EDAD APROX 35 A 40 AÑOS,ND,H,H,8,0,N,N,0,0,false,0,BICICLETA,BICICLETA,"3,29","celular,cartera",0,1200,false,23,1,4406,NA,NA,0,NA,1,ND,NO,HOMBRE,1126,-102.27485085,21.86834462
251123348,0,30421,ROBO PERSONA,ND,6,2025-06-07,23,6,1,FRACCIONAMIENTO,OJOCALIENTE III,191,191,CALLE,CHURUBUSCO,NA,NA,",,,",CALLE,CAÑADA GRANDE,4,19,41,23,19:41 p. m.,false,true,34,"contusa,fuego",2 HOMBRES UNO VISTE CAMISA BLANCA CON NEGRO Y PANTALON NEGRO,ND,H,H,8,0,N,N,1,0,false,0,N,N,"3,28,31","celular,dinero,mochila",2500,2500,false,1,1,0,NA,NA,0,NA,1,PARADO,NO,HOMBRE,1127,-102.24453200,21.88151300
251123589,0,30421,ROBO PERSONA,MARIPOSA,6,2025-06-07,23,6,1,UNIDAD HABITACIONAL,POTREROS DEL OESTE,167,167,AVENIDA,SIGLO XXI,NA,NA,"405,,,",CALLE,CANARIO,2,20,10,23,20:10 p. m.,false,true,1,cortante,2 HOMBRES UNO VISTE SHORT NEGRO SANDALIAS SIN CAMISA EDAD 18 A 20 AÑOS,DANIEL,H,H,8,0,N,N,0,0,false,0,MOTOCICLETA,MOTOCICLETA CROSS COLOR VERDE CON NEGRO,"3,14,15","celular,bicicleta,joyeria",0,12800,false,1,1,0,NA,NA,0,NA,1,TRANSITANDO,NO,MENOR,1128,-102.29849201,21.84498028
251128814,0,30421,ROBO PERSONA,ND,6,2025-06-08,23,7,1,FRACCIONAMIENTO,INSURGENTES,161,161,CALLE,ABRAHAM GONZALEZ,NA,NA,",,,",CALLE,GENERAL CESAREO CASTRO,2,4,54,26,04:54 a. m.,false,true,13,"cortante,contusa",4 HOMBRES,EL TOTIS DE 25 AÑOS,H,H,8,0,N,N,0,0,false,0,N,N,"15,28","joyeria,dinero",800,2350,false,1,2,0,NA,NA,0,NA,1,TRANSITANDO,NO,HOMBRE,1129,-102.31457448,21.85133999
251128921,0,30422,ROBO PERSONA,MARIPOSA,6,2025-06-08,23,7,1,ESPECIAL,TRES CENTURIAS ESPECIAL,614,614,AVENIDA,MANUEL GOMEZ MORIN,NA,NA,",,,",CALLE,GENERAL ENRIQUE ESTRADA,4,5,53,26,05:53 a. m.,false,true,1,cortante,1 HOMBRE VISTE CHALECO AZUL MARINO PANTALON MEZCLILLA PASAMONTAÑAS,ND,H,H,8,0,N,N,0,0,false,0,N,N,"14,28,29,31","bicicleta,dinero,cartera,mochila",1700,1700,false,1,1,0,NA,NA,0,NA,1,TRANSITANDO,NO,HOMBRE,1130,-102.28407942,21.89422924
251135209,0,30422,ROBO PERSONA,ND,6,2025-06-08,23,7,1,COLONIA,MARTINEZ DOMINGUEZ,514,514,BOULEVARD,JOSE MARIA CHAVEZ,NA,NA,",,,",CALLE,VALENTE QUINTANA,2,23,33,24,23:11 p. m.,false,false,9,ninguna,1 HOMBRE COMPLEXION ROBUSTA VISTE CAMISA BLANCA PANTALON MEZCLILLA,ND,H,M,8,0,N,N,0,0,false,0,BICICLETA,BICICLETA COLOR ROSA,"28,29","dinero,cartera",5500,5500,false,1,1,0,RETIRO,BANORTE,1,VILLASUNCION,1,TRANSITANDO,NO,MUJER,1131,-102.29284883,21.85210363
251136426,0,30421,ROBO PERSONA,ND,6,2025-06-09,24,1,1,FRACCIONAMIENTO,JOSE LOPEZ PORTILLO,175,175,CALLE,SOBERANA CONVENCION MILIT REVOLUCIONARIA,NA,NA,"308,,,",CALLE,PRESBITERO ANTONIO HERNANDEZ GALLEGOS,2,2,1,25,02:01 a. m.,false,true,1,cortante,ND,ND,ND,H,8,0,N,N,1,0,false,0,N,N,"3,15","celular,joyeria",0,0,false,1,1,0,NA,NA,0,NA,1,ND,NO,HOMBRE,1132,-102.31825431,21.85575932
251137064,0,30421,ROBO PERSONA,ND,6,2025-06-09,24,1,1,CONJUNTO HABITACIONAL,VILLA TAURINA,390,390,AVENIDA,SIGLO XXI,NA,NA,",,,",CALLE,ARROYO,5,4,36,26,04:36 a. m.,false,true,1,cortante,1 HOMBRE TRAE LENTES VISTE DE NEGRO COMPLEXION DELGADA,ND,H,H,8,0,N,N,0,0,false,0,N,N,39,sin datos,0,0,false,1,1,0,NA,NA,0,NA,1,PARADO,NO,HOMBRE,1133,-102.24811696,21.86221409
251114176,0,30446,ROBO PERSONA,ND,6,2025-06-06,23,5,1,NO APLICA,DESARROLLO ESPECIAL PARQUE ECOLOGICO EL CEDAZO,586,586,CALLE,CERRO DEL LA JOYA,NA,NA,"304,,,",AVENIDA,ANTARES,5,14,32,21,14:32 p. m.,false,false,9,ninguna,1 HOMBRE,ND,H,H,8,0,N,N,0,0,false,0,N,N,3,celular,0,0,false,1,1,0,NA,NA,0,NA,2,PARADO,NO,HOMBRE,1134,-102.26267625,21.87226635
251115428,0,30446,ROBO PERSONA,ND,6,2025-06-06,23,5,1,FRACCIONAMIENTO,EJIDO CUMBRES,210,210,CALLE,SIERRA MADRE DEL SUR,NA,NA,",,,",CALLE,SIERRA DE APATZINGAN,3,18,35,22,18:35 p. m.,false,false,9,ninguna,ND,ND,ND,H,8,0,N,N,0,0,false,0,N,N,"3,28,29,31,40","celular,dinero,cartera,mochila,tarjeta",150,150,false,1,1,0,NA,NA,0,NA,1,PARADO,NO,HOMBRE,1135,-102.25060819,21.90763311
251120709,0,30446,ROBO PERSONA,MARIPOSA,6,2025-06-07,23,6,1,COLONIA,EL LLANITO,251,251,CALLE,8 DE MAYO,NA,NA,"103,,,",AVENIDA,LICENCIADO ADOLFO LOPEZ MATEOS ORIENTE,1,12,28,21,12:28 p. m.,false,false,9,ninguna,ND,ND,ND,H,8,0,N,N,0,0,false,0,N,N,14,bicicleta,0,0,false,1,1,0,NA,NA,0,NA,1,PARADO,NO,HOMBRE,1136,-102.28490454,21.87867843
251121575,0,30446,ROBO PERSONA,ND,6,2025-06-07,23,6,1,FRACCIONAMIENTO,LOMAS DEL CHAPULIN,463,463,CALLE,ARROYO,NA,NA,",,,",AVENIDA,SIGLO XXI,5,13,59,21,13:59 p. m.,false,false,9,ninguna,1 HOMBRE,ND,H,M,8,0,N,N,0,0,false,0,N,N,29,cartera,0,0,false,1,1,0,NA,NA,0,NA,2,PARADO,NO,MUJER,1137,-102.24783526,21.86217888
251123062,0,30446,ROBO PERSONA,MARIPOSA,6,2025-06-07,23,6,7,BARRIO,CENTRO HISTORICO,1173,117,CALLE,ZARAGOZA,NA,NA,",,,",CALLE,LICENCIADO FRANCISCO PRIMO VERDAD,7,18,54,22,18:54 p. m.,false,false,9,ninguna,1 HOMBRE,EL OCHO,H,M,8,0,N,N,0,0,false,0,N,N,14,bicicleta,0,0,false,1,1,0,NA,NA,0,NA,1,PARADO,NO,MUJER,1138,-102.32385242,22.22936270
251118791,0,30427,ROBO PERSONA,TRANSPORTISTA,6,2025-06-07,23,6,11,FRACCIONAMIENTO,SANTA BARBARA,1313,1313,CARRETERA,71 LUIS MOYA,NA,NA,",,,",CALLE,SANTA BARBARA,7,3,35,26,03:35 a. m.,false,true,4,fuego,2 HOMBRES UNO TRAE UNA PAÑOLETA ROJA CUBRIENDOLE EL ROSTRO Y SUDADERA NEGRA,ND,H,H,8,0,N,N,0,0,false,0,N,N,28,dinero,400,400,false,1,1,0,NA,NA,0,NA,1,PARADO,SI,HOMBRE,1139,-102.26247771,22.06078186
251142351,0,30421,ROBO PERSONA,ND,6,2025-06-09,24,1,5,COLONIA,VISTA HERMOSA,1047,1047,CAMINO,A LOS ARQUITOS,NA,NA,",,,",CALLE,AGUA AZUL,7,21,11,23,21:11 p. m.,false,true,10,sin datos,2 HOMBRES,ND,H,H,8,0,N,N,0,0,false,0,N,N,"3,28","celular,dinero",1000,1000,false,1,1,0,NA,NA,0,NA,1,ND,NO,HOMBRE,1140,-102.34921121,21.95869315
251111448,0,30907,ROBO PERSONA,ND,6,2025-06-06,23,5,11,RANCHO,EL TIRON (EL PROGRESO),1327R,0,CARRETERA,45 AGUASCALIENTES ZACATECAS,NA,NA,",,,",N,N,7,1,30,25,01:30 a. m.,false,false,9,ninguna,1 HOMBRE,ND,H,M,5,0,N,N,0,0,false,0,N,N,40,tarjeta,0,0,false,1,1,0,NA,NA,0,NA,1,ND,SI,MUJER,1141,-102.27325745,22.04481641
251144958,0,30421,ROBO PERSONA,ND,6,2025-06-10,24,2,1,FRACCIONAMIENTO,RODOLFO LANDEROS GALLEGOS,226,226,CALLE,PAZ ROMO DEL VIVAR,NA,NA,"608,,,",CALLE,ELVIA ALICIA MEDRANO PARADA,3,9,53,20,09:53 a. m.,false,true,3,contusa,1 HOMBRE,ALEJANDRO CRUZ MEDINA,H,M,8,0,N,N,0,0,false,0,N,N,3,celular,0,0,false,1,1,0,NA,NA,0,NA,1,PARADO,NO,MUJER,1142,-102.25459918,21.90327176
251146599,0,30421,ROBO PERSONA,ND,6,2025-06-10,24,2,1,FRACCIONAMIENTO,JOSE GUADALUPE PERALTA GAMEZ,334,334,CALLE,ISABEL JIMENEZ DIAZ,NA,NA,"515,,,",CALLE,J JESUS AGUILERA PALOMINO,4,14,49,21,14:49 p. m.,false,true,4,fuego,1 HOMBRE TRAE AUDIFONOS,ND,H,M,8,0,N,N,0,0,false,0,MOTOCICLETA,MOTOCICLETA COLOR BLANCO,3,celular,0,0,false,1,1,0,NA,NA,0,NA,1,ND,NO,MUJER,1143,-102.23520092,21.87047176
251106200,0,30904,ROBO PERSONA,ND,6,2025-06-05,23,4,5,FRACCIONAMIENTO,LOMAS DEL VALLE,929,929,AVENIDA,CIRCUNVALACION A SOLIDARIDAD,NA,NA,",,,",CALLE,ADOLFO LOPEZ MATEOS,7,8,37,19,08:37 a. m.,false,false,9,ninguna,2 HOMBRES,ND,H,H,8,0,N,N,0,0,false,0,N,N,3,celular,0,2000,false,1,1,0,NA,NA,0,NA,1,ND,NO,HOMBRE,1144,-102.34510277,21.95265330
251091316,0,30904,ROBO PERSONA,MARIPOSA,6,2025-06-02,23,1,1,FRACCIONAMIENTO,LOMAS DE ORIENTE I,672,672,CALLE,JUAN JOSE ARREOLA,NA,NA,",,,",CALLE,SIERRA DE SAN BERNARDINO,3,21,46,24,21:46 p. m.,false,true,13,"cortante,contusa",2 HOMBRES,ND,H,H,8,0,N,N,0,0,false,0,N,N,"3,14,29","celular,bicicleta,cartera",0,0,false,1,1,0,NA,NA,0,NA,1,ND,NO,HOMBRE,1145,-102.25624317,21.91373717
14220040,0,30422,ROBO PERSONA,ND,6,2025-06-10,24,2,1,FRACCIONAMIENTO,RESIDENCIAL LOS PIRULES,300,300,CALLE,PIRULERO,NA,NA,",,,",CALLE,PAPIRO,2,8,48,19,08:48 a. m.,false,false,9,ninguna,1 HOMBRE,LUIS ANGEL PEREZ TORRES 25 AÑOS,H,M,8,1,N,N,0,0,false,0,N,N,3,celular,0,0,false,1,4,0,NA,NA,0,NA,1,ND,NO,MUJER,1146,-102.32092280,21.86924616
251153018,0,30421,ROBO PERSONA,ND,6,2025-06-11,24,3,1,FRACCIONAMIENTO,PIRAMIDES,626,626,AVENIDA,FERROCARRIL,NA,NA,",,,",CALLE,TAJIN,5,16,9,22,16:09 p. m.,false,true,1,cortante,1 HOMBRE TEZ BLANCA ESTATURA MEDIA COMPLEXION ROBUSTA SIN CAMISA VISTE PANTALON MEZCLILLA,ND,H,H,8,0,N,N,0,0,false,0,N,N,3,celular,0,0,false,1,1,0,NA,NA,0,NA,1,PARADO,NO,HOMBRE,1147,-102.27772404,21.84982635
251153584,0,30421,ROBO PERSONA,ND,6,2025-06-11,24,3,1,FRACCIONAMIENTO,BALCONES DE ORIENTE,376,376,AVENIDA,VALLARTA,NA,NA,",,,",CALLE,SAN FRANCISCO DE LOS VIVEROS,4,18,13,22,18:13 p. m.,false,false,9,ninguna,2 HOMBRES UNO VISTE PLAYERA BLANCA Y EL OTRO PLAYERA ROJA,ND,H,M,8,0,N,N,0,0,false,0,N,N,3,celular,0,0,false,1,1,0,NA,NA,0,NA,1,ND,NO,MUJER,1148,-102.23676873,21.88372060
251153067,0,30446,ROBO PERSONA,ND,6,2025-06-11,24,3,1,CONDOMINIO,OJOCALIENTE INEGI,576,576,CALLE,LOS CONOS,NA,E1B,"202,,,",CALLE,LAS NORIAS,4,15,56,22,15:56 p. m.,false,false,9,ninguna,ND,ND,ND,H,8,0,N,N,0,0,false,0,N,N,"3,28,29,40","celular,dinero,cartera,tarjeta",1400,4400,false,1,1,0,NA,NA,0,NA,2,PARADO,NO,HOMBRE,1149,-102.25133300,21.87750212
251115865,0,50305,ROBO PERSONA,ND,6,2025-06-06,23,5,1,FRACCIONAMIENTO,JOSE GUADALUPE PERALTA GAMEZ,334,334,CALLE,SALUD,NA,NA,",,,",CALLE,ISABEL JIMENEZ DIAZ,4,19,44,23,19:44 p. m.,false,true,1,cortante,ND,ND,ND,H,8,0,N,N,0,0,false,0,N,N,3,celular,0,0,false,1,1,0,NA,NA,0,NA,1,ND,NO,HOMBRE,1150,-102.23401564,21.86800988
251116072,0,30904,ROBO PERSONA,ND,6,2025-06-05,23,4,3,COLONIA,LA FORTUNA,817,817,CALLE,SAN PABLO,NA,NA,"204,,,",CALLE,LOMA BONITA,7,27,0,27,sin datos,false,false,9,ninguna,1 HOMBRE EDAD PAROX 19 AÑOS,ND,H,M,8,0,N,N,0,0,false,0,N,N,3,celular,0,0,false,1,1,0,NA,NA,0,NA,1,ND,NO,MUJER,1151,-102.66949984,21.87693838
14220041,0,30422,ROBO PERSONA,ND,6,2025-06-11,24,3,1,FRACCIONAMIENTO,BULEVAR,156,156,BOULEVARD,JOSE MARIA CHAVEZ,NA,NA,",,,",CALLE,HERNAN GONZALEZ,5,19,16,23,19:16 p. m.,false,false,9,ninguna,1 HOMBRE,RAUL ALEJANDRO MARTINEZ GARCIA 39 AÑOS,H,H,8,1,N,N,0,0,false,0,N,N,40,tarjeta,0,0,false,2,4,0,NA,NA,0,NA,2,PARADO,NO,HOMBRE,1152,-102.29454632,21.86800418
251134051,0,30307,ROBO PERSONA,ND,6,2025-06-08,23,7,1,NO APLICA,DESARROLLO ESPECIAL VILLASUNCION,560,560,AVENIDA,ASGUASCALIENTES SUR,NA,NA,",,,",PROLONGACION,PASEO DE LA ASUNCION,2,21,23,23,21:23 p. m.,false,false,9,ninguna,ND,ND,ND,M,8,0,N,N,0,0,false,0,N,N,3,celular,0,0,false,1,1,0,NA,NA,0,NA,1,PARADO,NO,MUJER,1153,-102.29850185,21.85964680
251160594,0,30421,ROBO PERSONA,ND,6,2025-06-12,24,4,1,FRACCIONAMIENTO,CIRCUNVALACION NORTE,243,243,AVENIDA,DE LA CONVENCION DE 1914 PONIENTE,NA,NA,",,,",CALLE,ROBLE,6,20,47,23,20:47 p. m.,false,true,1,cortante,ND,ND,ND,H,8,0,N,N,0,0,false,0,N,N,39,sin datos,0,0,false,1,1,0,NA,NA,0,NA,1,ND,NO,HOMBRE,1154,-102.29982038,21.89853744
251161035,0,30422,ROBO PERSONA,ND,6,2025-06-12,24,4,11,FRACCIONAMIENTO,SAN JOSE DEL BARRANCO,1301,1301,CALLE,LIBERTAD,NA,NA,",,,",CALLE,BIENESTAR,7,22,1,24,22:01 p. m.,false,false,9,ninguna,2 HOMBRES UNO VISTE CHAMARRA NEGRA,ND,H,H,8,0,N,N,0,0,false,0,N,N,6,tecnologÝa,0,0,false,1,1,0,NA,NA,0,NA,1,TRANSITANDO,NO,MENOR,1155,-102.26018868,22.06720865
251161224,0,30421,ROBO PERSONA,ND,6,2025-06-12,24,4,1,FRACCIONAMIENTO,HACIENDA EL COBANO,217,217,CALLE,CAMINO AL COBANO,NA,NA,",,,",CALLE,MAPLE,3,22,11,24,22:11 p. m.,false,true,1,cortante,3 HOMBRES,ND,H,H,3,0,N,N,0,0,false,0,N,N,"3,26,28","celular,bolso,dinero",0,0,false,1,2,0,NA,NA,0,NA,1,ND,NO,HOMBRE,1156,-102.27530184,21.90784984
251161366,0,30421,ROBO PERSONA,ND,6,2025-06-12,24,4,7,BARRIO,DE CHORA,1153,1153,CALLE,LICENCIADO FRANCISCO PRIMO VERDAD,NA,NA,",,,",CALLE,COLIMA,7,22,39,24,22:39 p. m.,false,true,1,cortante,3 HOMBRES SIN CAMISA LA USARON COMO CAPUCHA,ND,H,M,8,0,N,N,0,0,false,0,N,N,"3,26,28,40","celular,bolso,dinero,tarjeta",5000,5000,false,1,1,0,NA,NA,0,NA,1,TRANSITANDO,NO,MUJER,1157,-102.32644249,22.22869274
251161798,0,30446,ROBO PERSONA,MARIPOSA,6,2025-06-12,24,4,1,FRACCIONAMIENTO,MIRADOR DE LAS CULTURAS,323,323,AVENIDA,CULTURA OTOMI 301,NA,NA,",,,",AVENIDA,CULTURA OTOMI,3,23,47,24,23:47 p. m.,false,false,9,ninguna,1 HOMBRE VISTE PLAYERA BLANCA CAMISA DE CUADROS CAFE PANTALON MEZCLILLA,ND,H,H,8,0,N,N,0,0,false,0,N,N,14,bicicleta,0,6000,false,1,1,0,NA,NA,0,NA,1,PARADO,NO,HOMBRE,1158,-102.24582284,21.90823112
251139003,0,30904,ROBO PERSONA,ND,6,2025-06-05,23,4,1,NO APLICA,DESARROLLO ESPECIAL OJOCALIENTE,578,578,CALLE,LOS CONOS,NA,NA,",,,",AVENIDA,AGUASCALIENTES ORIENTE,4,12,42,21,12:42 p. m.,false,false,9,ninguna,ND,ND,ND,H,8,0,N,N,0,0,false,0,N,N,6,tecnologia,0,0,false,1,6,0,NA,NA,0,NA,1,PARADO,NO,HOMBRE,1159,-102.25480619,21.87657262
251133852,0,30904,ROBO PERSONA,MARIPOSA,6,2025-06-08,23,7,5,COLONIA,CENTRO,938,938,CALLE,SAN MIGUEL,NA,NA,",,,",CALLE,NUEVA,7,20,55,23,20:55 p. m.,false,false,9,ninguna,HOMBRES,BANDALOS DEL BARRIO 15,H,H,8,0,N,N,0,0,false,0,N,N,14,mariposa,0,0,false,1,1,0,NA,NA,0,NA,1,TRANSITANDO,NO,HOMBRE,1160,-102.34132511,21.96206522
251128857,0,30904,ROBO PERSONA,ND,6,2025-06-08,23,7,1,BARRIO,BARRIO SAN MARCOS,85,85,CALLE,NIETO,NA,NA,",,,",CALLE,MONROY,1,4,39,26,04:39 a. m.,false,false,9,ninguna,ND,ND,ND,M,8,0,N,N,0,0,false,0,N,N,"3,26","celular,bolso",0,28000,false,1,1,0,NA,NA,0,NA,1,ND,NO,MUJER,1161,-102.30471531,21.87739898
251159837,0,30904,ROBO PERSONA,ND,6,2025-06-12,24,4,1,CONDOMINIO,HACIENDA SAN MARCOS,635,635,CALLE,HACIENDA SANTORAL,NA,NA,",,,",CALLE,MISION DE SAN MARGARITO FLORES GARCIA,5,19,4,23,19:04 p. m.,false,false,9,ninguna,ND,ND,ND,H,8,0,N,N,0,0,false,0,N,N,28,dinero,3000,3000,false,1,1,0,NA,NA,0,NA,1,ND,NO,HOMBRE,1162,-102.27032528,21.80528128
251158911,0,30904,ROBO PERSONA,ND,6,2025-06-12,24,4,1,FRACCIONAMIENTO,SOL NACIENTE,449,449,CALLE,KIOTO,NA,NA,"116,,,",CALLE,YOKOHAMA,4,16,2,22,16:02 p. m.,false,false,9,ninguna,1 HOMBRE 1 MUJER,LORENA IBARRA CARMONA,A,M,8,0,N,N,0,0,false,0,N,N,"28,29,31","dinero,cartera,mochila",60,60,false,1,1,0,NA,NA,0,NA,1,PARADO,NO,MUJER,1163,-102.22936030,21.87180188
251165293,0,30422,ROBO PERSONA,ND,6,2025-06-13,24,5,1,COLONIA,MACIAS ARELLANO,608,608,CALLE,CAMINO AL COBANO,NA,NA,",,,",CALLE,C,3,16,10,22,16:10 p. m.,false,false,9,ninguna,1 HOMBRE,ND,H,H,8,0,N,N,0,0,false,0,MOTOCICLETA,MOTOCICLETA,"28,29,40","dinero,cartera,tarjeta",200,200,false,1,1,0,NA,NA,0,NA,1,PARADO,NO,HOMBRE,1164,-102.28271185,21.90548744
251167032,0,30421,ROBO PERSONA,NA,6,2025-06-13,24,5,1,FRACCIONAMIENTO,NATURA,371,371,CALLE,GERONIMO DE LA CUEVA,NA,NA,",,,",CALLE,DEFERICO MENDEZ,3,21,28,23,21:28 p. m.,false,true,1,cortante,3 HOMBRES CON PASAMONTAÑAS UNO VISTE CON SHORT COLOR VERDE OTRO CAMUFLAJEADO,ND,H,H,8,0,N,N,0,0,false,0,N,N,"3,12","celular,ropa",0,0,false,1,1,0,NA,NA,0,NA,1,PARADO,NO,HOMBRE,1165,-102.25676658,21.93472731
251169405,0,30421,ROBO PERSONA,MARIPOSA,6,2025-06-14,24,6,1,FRACCIONAMIENTO,SAN JORGE,322,322,CALLE,IXTLAHUATL,NA,NA,",,,",CALLE,MIGUEL HIDALGO Y COSTILLA,5,4,45,26,04:45 a. m.,false,true,1,cortante,2 HOMBRE UNO ERA TRASVESTI Y EL OTRO VISTE CON CHAMARRA AZUL,ND,H,H,8,0,N,N,0,0,false,0,N,N,"14,28,31","bicicleta,dinero,mochila",5000,5000,false,1,1,0,NA,NA,0,NA,1,TRANSITANDO,NO,HOMBRE,1166,-102.23828462,21.86302105
251172987,0,30422,ROBO PERSONA,ND,6,2025-06-14,24,6,1,BARRIO,LA SALUD,499,499,CALLE,JOSEFA ORTIZ DE DOMINGUEZ,NA,NA,",,,",AVENIDA,AYUNTAMIENTO,5,11,30,20,11:30 a. m.,false,false,9,ninguna,ND,ND,ND,H,8,0,N,N,0,0,false,0,N,N,3,celular,0,0,false,2,2,0,NA,NA,0,NA,1,PARADO,NO,MENOR,1167,-102.28726074,21.87022451
251176827,0,30421,ROBO PERSONA,ND,6,2025-06-15,24,7,1,COLONIA,BUENOS AIRES,235,235,CALLE,CARLOS SAGREDO,NA,NA,",,,",CALLE,OCEANIA,6,3,0,26,03:00 a. m.,false,true,3,contusa,8 PERSONAS UNO DE ELLOS EDAD APROX 14 AÑOS TATUADO DE LA CARA,ND,H,H,8,0,N,N,1,0,false,0,N,N,"3,28,31","celular,dinero,mochila",200,4200,false,1,1,0,NA,NA,0,NA,1,TRASITANDO,NO,HOMBRE,1168,-102.30844560,21.89581225
251180980,0,30421,ROBO PERSONA,ND,6,2025-06-15,24,7,1,COLONIA,GREMIAL,613,613,CALLE,CARLOS M LOPEZ,NA,NA,",,,",CALLE,J DE JESUS CONSUELO,6,18,10,22,18:10 p. m.,false,true,1,cortante,2 HOMBRES,ND,H,H,8,0,N,N,0,0,false,0,N,N,"28,29,40","dinero,cartera,tarjeta",800,800,false,1,1,0,NA,NA,0,NA,1,PARADO,NO,HOMBRE,1169,-102.28720393,21.89996170
251182369,0,30421,ROBO PERSONA,ND,6,2025-06-15,24,7,1,FRACCIONAMIENTO,PINTORES MEXICANOS,671,671,AVENIDA,SIGLO XXI,NA,NA,",,,",CALLE,FRIDA KAHLO,3,21,11,23,21:11 p. m.,false,true,3,contusa,3 HOMBRES UNO VISTE PLAYERA BLANCA OTRO PLAYERA NEGRA,ND,H,H,8,0,N,N,0,0,false,0,N,N,"3,12,29,50","celular,ropa,cartera,alimentos",0,0,false,1,1,0,NA,NA,0,NA,1,TRANSITANDO,NO,HOMBRE,1170,-102.26181363,21.91796751
251182676,0,30422,ROBO PERSONA,MARIPOSA,6,2025-06-15,24,7,1,ESPECIAL,TRES CENTURIAS ESPECIAL,614,614,AVEIDA,MANUEL GOMEZ MORIN,NA,NA,",,,",AVENIDA,HEROICO COLEGIO MILITAR,3,21,56,24,21:56 p. m.,false,true,1,cortante,3 HOMBRES EDAD APROX 20 AÑOS CON LA CARA CUBIERTA CON CUBREBOCAS Y CON CACHUCHA,ND,H,H,8,0,N,N,0,0,false,0,N,N,"14,26,28","bicicleta,bolso,dinero",0,0,false,1,1,0,NA,NA,0,NA,1,TRANSITANDO,NO,HOMBRE,1171,-102.28382929,21.89856074
251182921,0,30421,ROBO PERSONA,ND,6,2025-06-15,24,7,1,FRACCIONAMIENTO,VILLAS DEL PILAR I,491,491,AVENIDA,PASEO DE LA ASUNCION,NA,NA,",,,",AVENIDA,SIGLO XXI,2,22,21,24,22:21 p. m.,false,true,1,cortante,5 HOMBRES 2 VISTEN CAMISA AZUL UNO CON PANTALON MEZCLILLA Y EL OTRO PANTALON NEGRO,ND,H,H,8,0,N,N,0,0,false,0,N,N,53,casco,0,1400,false,1,1,0,NA,NA,0,NA,1,TRANSITANDO,NO,HOMBRE,1172,-102.30160928,21.84558936
251184689,0,30421,ROBO PERSONA,MARIPOSA,6,2025-06-16,25,1,5,NINGUNO,AMPLIACION CAÑADA,907,907,CALLE,OJO DE AGUA,NA,NA,"754,B,,",CALLE,OJO DE AGUA,7,2,8,25,02:08 a. m.,false,true,1,cortante,1 HOMBRE VISTE CAMISA A CUADROS Y SHOORT DE MEZCLILLA,LA BRUJA,H,M,8,0,N,N,0,0,false,0,N,N,"14,28","bicicleta,dinero",200,200,false,1,1,0,NA,NA,0,NA,1,ND,NO,HOMBRE,1173,-102.35403646,21.96078858
251185014,0,30422,ROBO PERSONA,ND,6,2025-06-16,25,1,1,UNIDAD HABITACIONAL,POTREROS DEL OESTE,167,167,AVENIDA,SIGLO XXI,NA,NA,",,,",CALLE,CANARIO,2,3,49,26,03:49 a. m.,false,true,10,sin datos,6 HOMBRES,LOS BARANDALES EL JUANITO Y EL RUGA,H,H,8,0,N,N,0,0,false,0,N,N,12,ropa,0,0,false,1,1,0,NA,NA,0,NA,1,ND,NO,HOMBRE,1174,-102.29898889,21.84505885
251173668,0,30446,ROBO PERSONA,ND,6,2025-06-14,24,6,1,FRACCIONAMIENTO,LOMAS DEL CAMPESTRE II,131,131,BOULEVARD,LUIS DONALDO COLOSIO,NA,NA,",,,",BOULEVARD,LICENCIADO MIGUEL DE LA MADRID HURTADO,6,20,2,23,20:02 p. m.,false,false,9,ninguna,1 HOMBRE,ND,H,M,8,0,N,N,0,0,false,0,N,N,29,cartera,0,0,false,1,1,0,NA,NA,0,NA,1,PARADO,NO,MUJER,1175,-102.31717821,21.92460834
251174609,0,30446,ROBO PERSONA,MARIPOSA,6,2025-06-14,24,6,5,FRACCIONAMIENTO,STACIA,930R,0,CALLE,ACAMANTE,NA,NA,",,,",AVENIDA,PASEOS DE AGUASCALIENTES,7,21,52,24,21:52 p. m.,false,false,9,ninguna,1 HOMBRE VISE DE NEGRO Y DE ASPECTO PEPENADOR,ND,H,M,8,0,N,N,0,0,false,0,N,N,14,bicicleta,0,0,false,1,1,0,NA,NA,0,NA,1,PARADO,NO,MUJER,1176,-102.30280873,21.96863103
251178752,0,30446,ROBO PERSONA,ND,6,2025-06-15,24,7,1,FRACCIONAMIENTO,INSURGENTES,161,161,CALLE,BELISARIO DOMINGUEZ,NA,NA,",,,",AVENIDA,DE LA CONVENCION,2,11,58,20,11:58 a. m.,false,false,9,ninguna,MUJERES,LAS PACHECO,M,M,8,0,N,N,0,0,false,0,N,N,"3,28,29,40","celular,dinero,cartera,tarjeta",1000,1000,false,1,2,0,NA,NA,0,NA,1,PARADO,NO,MUJER,1177,-102.30741538,21.85120015
251179042,0,30446,ROBO PERSONA,ND,6,2025-06-15,24,7,1,FRACCIONAMIENTO,LAS AMERICAS,262,262,AVENIDA,QUINTA,NA,NA,",,,",AVENIDA,DE LA CONVENCION DE 1914 SUR,2,12,45,21,12:45 p. m.,false,false,9,ninguna,1 MUJER,ND,M,M,8,0,N,N,0,0,false,0,N,N,"26,28,40","bolso,dinero,tarjeta",4000,4000,false,2,13,0,NA,NA,0,NA,2,PARADO,NO,MUJER,1178,-102.29831682,21.86595559
251165571,0,30446,ROBO PERSONA,ND,6,2025-06-11,24,3,1,COLONIA,BUENOS AIRES,235,235,CALLE,CARLOS SAGREDO,NA,NA,",,,",CALLE,SAN ANTONIO,6,0,0,25,03:00 a. m.,false,false,9,ninguna,ND,ND,ND,H,8,0,N,N,0,0,false,0,N,N,3,celular,0,17000,false,1,1,2,NA,NA,0,NA,2,PARADO,NO,HOMBRE,1179,-102.30978213,21.89742758
251186237,0,30421,ROBO PERSONA,ND,6,2025-06-16,25,1,1,FRACCIONAMIENTO,BULEVARES 1A SECCION,157,157,AVENIDA,PROFESOR ENRIQUE OLIVARES SANTANA,NA,NA,"437,,,",CALLE,EUGENIO ALCALA,2,10,22,20,10:22 a. m.,false,true,1,cortante,PERSONAS CON CASCO NEGRO,ND,H,H,8,0,N,N,0,0,false,0,MOTOCICLETA,MOTOCICLETA COLOR ROJO CON NEGRO,36,"celular,tecnologia",0,10000,false,23,1,4433,NA,NA,0,NA,1,ND,NO,HOMBRE,1180,-102.30362369,21.85402695
251188570,0,30422,ROBO PERSONA,MARIPOSA,6,2025-06-16,25,1,5,LOCALIDAD,EL LLANO,1068,1068,CALLE,GUSTAVO DIAZ ORDAZ,NA,NA,",,,",PRIVADA,SEGUNDA DIAZ ORDAZ,7,18,25,22,18:25 p. m.,false,false,9,ninguna,1 HOMBRE VISTE SUDADERA VERDE LIMON PANTALON MEZCLILLA,ND,H,H,8,0,N,N,0,0,false,0,N,N,14,bicicleta,0,2000,false,1,1,0,NA,NA,0,NA,1,PARADO,NO,HOMBRE,1181,-102.31951543,21.94108391
251189003,0,30421,ROBO PERSONA,ND,6,2025-06-16,25,1,1,FRACCIONAMIENTO,VILLA LAS PALMAS,346,346,CALLE,VILLA OBREGON,NA,NA,",,,",CALLE,VILLA FLORES,5,19,27,23,19:27 p. m.,false,true,1,cortante,2 HOMBRES NO VISTE CAMISA AMRILLA EL OTRO CAMISA BLANCA,ND,H,H,8,0,N,N,0,0,false,0,N,N,"3,31,38","celular,mochila,otros",0,7000,false,1,1,0,NA,NA,0,NA,1,PARADO,NO,HOMBRE,1182,-102.23254657,21.85895565
251190015,0,30421,ROBO PERSONA,ND,6,2025-06-16,25,1,1,FRACCIONAMIENTO,CIRCUNVALACION NORTE,243,243,CALLE,PINO,NA,NA,"502,,,",CALLE,PROFESOR EDMUNDO GAMEZ OROZCO,6,22,11,24,22:11 p. m.,false,true,13,"cortante,contusa",1 HOMBRE,ANGELTADEO CABRERA LOZANO 16 AÑOS,H,H,8,2,N,N,1,0,false,0,N,N,28,dinero,3000,3000,false,1,4,0,NA,NA,0,NA,1,ND,NO,HOMBRE,1183,-102.29643666,21.89681757
251190527,0,30421,ROBO PERSONA,MARIPOSA,6,2025-06-16,25,1,6,BARRIO,PALO ALTO,1128,1128,CALLE,FRANCISCO I MADERO,NA,NA,"7,,,",CALLE,EMILIANO ZAPATA,7,23,36,24,23:36 p. m.,false,false,9,ninguna,VARIOS HOMBRES,LOS HIJOS DE LOS BAÑADOS EL TATAY,H,H,8,0,N,N,0,0,false,0,COCHE,COCHE COLOR GRIS,14,bicicleta,0,0,true,1,10,0,NA,NA,0,NA,1,TRANSITANDO,NO,MENOR,1184,-102.27338518,22.14197879
251187455,0,30446,ROBO PERSONA,ND,6,2025-06-16,25,1,1,COLONIA,MIRAVALLE,239,239,CALLE,FELIPE RUIZ DE CHAVEZ,NA,NA,"614,,,",CALLE,JOSE MARIA ELIZALDE,6,15,6,21,15:06 p. m.,false,false,9,ninguna,ND,ND,ND,H,8,0,N,N,0,0,false,0,N,N,3,celular,0,0,false,1,1,0,NA,NA,0,NA,2,PARADO,NO,HOMBRE,1185,-102.31135941,21.89130085
251189294,0,30446,ROBO PERSONA,ND,6,2025-06-16,25,1,5,COLONIA,CENTRO (MARGARITAS),961,961,CALLE,NUEVA,NA,NA,",,,",CALLE,VENUSTIANO CARRANZA,7,20,27,23,20:27 p. m.,false,false,9,ninguna,1 HOMBRE VISTE PLAYERA CAFE MATE Y CACHUCHA CAFE CON ROJO,ND,H,H,8,0,N,N,0,0,false,0,N,N,3,celular,0,17000,true,1,10,0,NA,NA,0,NA,1,PARADO,NO,HOMBRE,1186,-102.29086493,21.99872487
251190083,0,50102,ROBO PERSONA,ND,6,2025-06-16,25,1,1,FRACCIONAMIENTO,VILLA DE LA LOMA,336,336,CALLE,LOMA DEL PUMA,NA,NA,"108,,,",CALLE,LOMA DEL HALCON,3,22,20,24,22:20 p. m.,false,true,1,cortante,2 HOMBRES,ND,H,H,8,0,N,N,0,0,false,0,N,N,28,dinero,300,300,false,1,57,0,NA,NA,0,NA,1,ND,NO,HOMBRE,1187,-102.24772772,21.91136977
64220038,0,30422,ROBO PERSONA,MARIPOSA,6,2025-06-03,23,2,6,COLONIA,ZONA CENTRO,1130,1130,CALLE,PONCIANO ARRIAGA,NA,NA,"04,,,",CALLE,MELCHOR OCAMPO,7,15,13,21,15:13 p. m.,false,false,9,ninguna,ND,ND,ND,H,8,0,N,N,0,0,false,0,N,N,14,bicicleta,0,2500,false,1,1,0,NA,NA,0,NA,1,PARADO,NO,ND,1188,-102.27603814,22.14578359
64220039,0,30422,ROBO PERSONA,ND,6,2025-06-08,23,7,6,RURAL,SAN LUIS DE LETRAS,1143,1143,CALLE,FRANCISCO REYES MENDEZ,NA,NA,",,,",CARRETERA,AGUASCALIENTES ZACATECAS,7,15,55,22,15:55 p. m.,false,false,9,ninguna,1 HOMBRE,EL TORTAS,H,ND,8,0,N,N,0,0,false,0,N,N,"3,11","celular,heramienta",0,16000,false,1,1,0,NA,NA,0,NA,1,TRANSITANDO,NO,ND,1189,-102.29302638,22.13715431
251150135,0,50102,ROBO PERSONA,ND,6,2025-06-11,24,3,1,FRACCIONAMIENTO,BENITO PALOMINO DENA,220,220,CALLE,ROBERTO JEFKINS RANGEL,NA,NA,",,,",CALLE,DOCTOR FRANCISCO GUEL JIMENEZ,3,2,23,25,02:23 a. m.,false,false,9,ninguna,1 MUJER,CRISTINA MACIAS HERNANDEZ,M,H,8,0,N,N,0,0,false,0,N,N,"28,31","dinero,mochila",500,500,false,1,14,0,NA,NA,0,NA,1,ND,NO,HOMBRE,1190,-102.25033179,21.91510795
74220042,0,30422,ROBO PERSONA,ND,6,2025-06-11,24,3,7,BARRIO,CENTRO HISTORICO,1173,1173,CALLE,HOMBRES ILUSTRES,NA,NA,",,,",CALLE,MORELOS,7,0,31,25,00:31 a. m.,false,false,9,ninguna,1 MUJER,PAOLA NAVARRO,M,M,8,0,N,N,0,0,false,0,N,N,"3,26,28","celular,bolso,dinero",38000,39000,true,1,10,0,NA,NA,0,NA,2,PARADO,NO,MUJER,1191,-102.32157920,22.22897252
64220043,0,30422,ROBO PERSONA,ND,6,2025-06-12,24,4,6,CARRETERA,45 AGUASCALIENTES ZACATECAS KM 25,1145R,0,CARRETERA,45 AGUASCALIENETES ZACATECAS,25,NA,",,,",N,N,7,21,22,23,21:22 p. m.,false,false,9,ninguna,2 HOMBRES COMLEXION DELGADA VISTEN DE OSCURO UNO DE ELLOS TRAE UNA GORRA COLOR BLANCO,N,H,H,8,0,N,N,0,0,false,0,N,N,"3,28,29,40","celular,dinero,cartera,tarjeta",800,8800,false,1,1,0,NA,NA,0,NA,1,ND,SI,HOMBRE,1192,-102.27753968,22.11119695
114220044,0,30422,ROBO PERSONA,ND,6,2025-06-11,24,3,11,ESTACION,CHICALOTE,1319,1319,CARRETERA,101 CHICALOTE LA ESCONDIDA,NA,NA,",,,",CARRETERA,85 VIÑEDOS RIVIER CHICALOTE,7,21,34,24,21:34 p. m.,false,false,9,ninguna,2 HOMBRES,ND,H,H,8,0,N,N,0,0,false,0,N,N,"3,28","celular,dinero",2000,2000,false,1,1,0,NA,NA,0,NA,1,ND,SI,HOMBRE,1193,-102.25613582,22.01586694
114220045,0,30422,ROBO PERSONA,ND,6,2025-06-12,24,4,11,FRACCIONAMIENTO,SAN JOSE DEL BARRANCO,1301,1301,CALLE,SEGURIDAD PUBLICA,NA,NA,",,,",CALLE,OTTO GRANADOS ROLDAN,7,22,12,24,22:12 p. m.,false,false,9,ninguna,ND,ND,ND,ND,8,0,N,N,0,0,false,0,N,N,6,tecnologia,0,0,false,1,1,0,NA,NA,0,NA,1,ND,NO,ND,1194,-102.26354963,22.06871761
251192471,0,30422,ROBO PERSONA,ND,6,2025-06-17,25,2,1,FRACCIONAMIENTO,EL PUERTECITO,407,407,AVENIDA,JOSE E FEMAT GUTIERREZ,NA,NA,",,,",CALLE,DEL PUERTO,3,11,29,20,11:29 a. m.,false,false,9,ninguna,1 HOMBRE,ND,H,H,8,0,N,N,0,0,false,0,N,N,"3,28","celular,dinero",0,0,false,1,2,0,NA,NA,0,NA,1,ND,NO,HOMBRE,1195,-102.24614341,21.93644806
251195861,0,30421,ROBO PERSONA,ND,6,2025-06-17,25,2,1,FRACCIONAMIENTO,VILLA DE LAS NORIAS,435,435,CALLE,VALLE DE LAS NORIAS,NA,NA,",,,",CALLE,NORIAS DE ABARAN,4,21,45,24,21:45 p. m.,false,true,3,contusa,2 HOMBRES,ND,H,H,8,0,N,N,0,0,false,0,N,N,3,celular,0,5000,false,1,1,0,NA,NA,0,NA,1,PARADO,NO,HOMBRE,1196,-102.22651653,21.87998627
251196092,0,30421,ROBO PERSONA,ND,6,2025-06-17,25,2,11,LOCALIDAD,EX-VIÑEDOS GUADALUPE,1307,1307,CARRETERA,45 AGUASCALIENTES ZACATECAS,NA,NA,",,,",AVENIDA,FERROCARRIL,3,22,42,24,22:42 p. m.,false,true,4,fuego,2 HOMBRES UNO VISTE SUDADERA NEGRA CON PAÑO BLANCO EL OTRO SUDADERA NARANJA CON PANTALON COLOR CLARO,ND,H,M,8,0,N,N,0,0,false,0,N,N,"3,29,40","celular,cartera,tarjeta",0,0,false,1,1,0,NA,NA,0,NA,1,TRANSITANDO,SI,MUJER,1197,-102.27760200,21.96081676
251196317,0,30421,ROBO PERSONA,MARIPOSA,6,2025-06-17,25,2,1,FRACCIONAMIENTO,ESPAÑA,171,171,AVENIDA,AGAUSCALIENTES PONIENTE,NA,NA,",,,",CALLE,ALAMOS,2,23,19,24,23:19 p. m.,false,true,3,contusa,1 HOMBRE,ND,H,H,8,0,N,N,0,0,false,0,N,N,14,bicicleta,0,0,false,1,1,0,NA,NA,0,NA,1,TRANSITANDO,NO,HOMBRE,1198,-102.31782707,21.86659857
251196715,0,30422,ROBO PERSONA,ND,6,2025-06-15,24,7,1,FRACCIONAMIENTO,BALCONES DE ORIENTE,376,376,CALLE,SAN FRANCISCO DE LOS VIVEROS,NA,NA,",,,",CALLE,SANTIAGO,4,27,0,27,Sin datos,false,false,9,ninguna,1 HOMBRE,ND,H,H,8,0,N,N,0,0,false,0,N,N,3,celular,0,0,false,1,1,0,NA,NA,0,NA,1,ND,NO,HOMBRE,1199,-102.23380853,21.88476520
251197263,0,30421,ROBO PERSONA,ND,6,2025-06-18,25,3,1,FRACCIONAMIENTO,LOMAS DEL MIRADOR,306,306,CALLE,30 DE SEPTIEMBRE,NA,NA,",,,",CALLE,LOMA VERDE,5,6,37,19,06:37 a. m.,false,true,1,cortante,2 HOMBRES EDAD APROX 28 A 30 AÑOS,ND,H,H,8,0,N,N,0,0,false,0,N,N,"3,6,38","celular,tecnologia,otros",0,0,true,1,10,0,NA,NA,0,NA,1,TRANSITANDO,NO,HOMBRE,1200,-102.25670663,21.85010154
251198171,0,30446,ROBO PERSONA,TRANSPORTISTA,6,2025-06-18,25,3,1,FRACCIONAMIENTO,INSURGENTES,161,161,CALLE,GELERAL JESUS CARRANZA,NA,NA,",,,",CALLE,ABRAHAM GONZALEZ,2,10,40,20,10:40 a. m.,false,false,9,ninguna,ND,ND,ND,H,8,0,N,N,0,0,false,0,N,N,3,celular,0,0,true,1,10,0,NA,NA,0,NA,1,PARADO,NO,HOMBRE,1201,-102.30394582,21.84874277
251178216,0,60204,ROBO PERSONA,ND,6,2025-06-15,24,7,11,RURAL,LORETITO (CHARCO DEL TORO),1337,1337,CALLE,JOSE NUÑEZ,NA,NA,"227,,,",CALLE,VICENTE GUERRERO,7,2,0,25,02:00 a. m.,false,true,3,contusa,6 PERSONAS HOMBRES Y MUJERES,LE DIJERON QUE SON DEL CARTEL JALISCO,A,H,8,0,N,N,0,0,false,0,N,N,"3,29","celular,cartera",0,0,false,1,13,0,NA,NA,0,NA,1,PARADO,NO,HOMBRE,1202,-102.24326615,22.00152716
251200844,0,30421,ROBO PERSONA,ND,6,2025-06-18,25,3,1,COLONIA,NUEVA ESPAÑA,172,172,AVENIDA,DE LOS MAESTROS,NA,NA,",,,",CALLE,FRAY PEDRO DE GANTE,2,18,55,22,18:55 p. m.,false,true,4,fuego,1 HOMBRE VISTE SUDAERA GRIS Y SHORT NEGRO,ND,H,H,8,0,N,N,0,0,false,0,BICICLETA,BICICLETA,3,celular,0,7000,false,1,1,0,NA,NA,0,NA,1,TRANSITANDO,NO,HOMBRE,1203,-102.31568534,21.85653286
251207699,0,30421,ROBO PERSONA,ND,6,2025-06-19,25,4,1,FRACCIONAMIENTO,PROGRESO,209,209,CALLE,JUAN DOUGLAS,NA,NA,",,,",CALLE,J MARIO PANI,3,22,37,24,22:37 p. m.,false,true,3,contusa,5 HOMBRES,ND,H,H,8,0,N,N,0,0,false,0,N,N,"3,12","celular,ropa",0,3000,false,1,1,0,NA,NA,0,NA,1,TRANSITANDO,NO,MENOR,1204,-102.25910820,21.90838830
251206326,0,30446,ROBO PERSONA,ND,6,2025-06-19,25,4,1,FRACCIONAMIENTO,DEL VALLE 2A SECCION,150,150,CALLE,TOKIO,NA,NA,"504,,,",CALLE,PRAGA,6,18,37,22,18:37 p. m.,false,false,9,ninguna,ND,ND,H,M,8,0,N,N,0,0,false,0,N,N,3,celular,0,20000,false,1,1,0,NA,NA,0,NA,1,PARADO,NO,MUJER,1205,-102.32272872,21.87500705
251213933,0,30421,ROBO PERSONA,ND,6,2025-06-21,25,6,11,RURAL,PARQUE INDUSTRIAL SAN FRANCISCO (PISF),1327,1327,CARRETERA,32 A LA ESCONDIDA,NA,NA,",,,",CALLE,JAPON,7,0,7,25,00:07 a. m.,false,true,4,fuego,2 HOMBRES UNO VISTE CHAMARRA VERDE ESTA ENCAPUCHADO,ND,H,H,8,0,N,N,0,0,false,0,MOTOCICLETA,MOTOCICLETA TIPO CROSS,"3,6,12,29,31,40","celular,tecnologia,ropa,cartera,mochila,tarjeta",0,10000,false,1,1,0,NA,NA,0,NA,1,TRANSITANDO,SI,HOMBRE,1206,-102.27145934,22.03320689
251216975,0,30421,ROBO PERSONA,ND,6,2025-06-21,25,6,1,UNIDAD HABITACIONAL,IV CENTENARIO,618,618,PASAJE,PEDRO PARGA,NA,NA,"209,,,",PASAJE,PEDRO PARGA,5,15,36,22,15:36 p. m.,false,true,1,cortante,1 HOMBRE,ALEX EL CHOLO,H,M,5,0,N,N,0,0,false,0,N,N,3,celular,0,0,false,1,1,0,NA,NA,0,NA,1,PARADO,NO,MUJER,1207,-102.28015525,21.87209682
251224118,0,30421,ROBO PERSONA,MARIPOSA,6,2025-06-22,25,7,9,SIN TIPO,SAN ANTONIO,1237,1237,CALLE,PLUTARCO ELIAS CALLES,NA,NA,",,,",CALLE,ND,7,14,46,21,14:46 p. m.,false,false,9,ninguna,1 HOMBRE 1 MUJER,ND,A,M,8,0,N,N,0,0,false,0,N,N,14,bicicleta,0,0,false,1,2,0,NA,NA,0,NA,1,PARADO,NO,MUJER,1208,-102.24745760,22.22779063
251225351,0,30421,ROBO PERSONA,ND,6,2025-06-22,25,7,4,RURAL,LA PUNTA,892R,0,CALLE,VENUSTIANO CARRANZA,NA,NA,",,,",TERRECERIA,RUMBO A LA VINICOLA EL SECRETO,7,18,32,22,18:32 p. m.,false,true,1,cortante,1 HOMBRE VISTE PLAYERA AZUL CUBRIENDOSE LA CARA Y SHORT COLO ROJO,ND,H,H,8,0,N,N,1,0,false,0,N,N,3,celular,0,8000,false,1,1,0,NA,NA,0,NA,1,ND,NO,HOMBRE,1209,-102.29110620,22.31626295
251228363,0,30421,ROBO PERSONA,ND,6,2025-06-23,26,1,1,FRACCIONAMIENTO,MIRADORES DE SANTA ELENA,393,393,CALLE,PORTALES DE LA VILLA DE AGUASCALIENTES,NA,NA,"203,,,",CALLE,PORTAL DEL BARRIO DE LA SALUD,3,3,35,26,03:35 a. m.,false,false,9,ninguna,2 HOMBRES,ND,H,H,8,0,N,N,0,0,false,0,N,N,"12,15","ropa,joyeria",0,1000,false,1,1,0,NA,NA,0,NA,1,TRANSITANDO,NO,HOMBRE,1210,-102.24154512,21.91513043
251167529,0,30904,ROBO PERSONA,ND,6,2025-06-13,24,5,1,FRACCIONAMIENTO,OJOCALIENTE III,191,191,AVENIDA,POLIDUCTO,NA,NA,",,,",CALLE,LAS CUEVAS,4,22,43,24,22:43 p. m.,false,false,9,ninguna,ND,ND,ND,M,8,0,N,N,0,0,false,0,MOTOCICLETA,MOTOCICLETA COLOR VERDE NO TRAE CASCO,39,sin datos,0,0,false,1,2,0,NA,NA,0,NA,1,ND,NO,MUJER,1211,-102.24320572,21.88008312
251181511,0,30904,ROBO PERSONA,ND,6,2025-06-15,24,7,5,CONDOMINIO,VIÑA ANTIGUA,995,995,AVENIDA,SIGLO XXI,NA,NA,",,,",CALLE,VIÑA ANTIGUA,7,6,0,19,06:00 a. m.,false,true,3,contusa,1 HOMBRE,ND,H,H,8,0,N,N,0,0,false,0,N,N,3,celular,0,11500,true,1,10,0,NA,NA,0,NA,1,PARADO,NO,HOMBRE,1212,-102.31219489,21.94871357
251230400,0,30421,ROBO PERSONA,ND,6,2025-06-23,26,1,1,FRACCIONAMIENTO,VILLA MONTAÑA,601,601,CALLE,CONSTITUCIONALISTA,NA,NA,",,,",CALLE,MONTE PISSIS,3,14,13,21,14:13,false,false,9,ninguna,2 HOMBRES UNO VISTE DE NEGRO CON TENIS BLANCOS,ND,H,H,8,0,N,N,0,0,false,0,N,N,"3,12","celular,ropa",0,0,false,1,1,0,NA,NA,0,NA,1,TRANSITANDO,NO,HOMBRE,1213,-102.25787479,21.94338471
251230437,0,30422,ROBO PERSONA,ND,6,2025-06-23,26,1,1,COLONIA,COL SAN MARCOS,145,145,CALLE,VERACRUZ,NA,NA,",,,",CALLE,TALAMANTES,6,14,19,21,14:19,false,false,9,ninguna,1 HOMBRE 1 MUJER DE CABELLO TEÑIDO DE GUERO VISTE CHAQUETA Y PANTALON MEZCLILLA EL HOMBRE PLAYERA COLOR CREMA,ND,A,M,8,0,N,N,0,0,false,0,N,N,39,sin datos,0,0,false,1,1,0,NA,NA,0,NA,1,ND,NO,MUJER,1214,-102.31401560,21.87967822
251233323,0,30421,ROBO PERSONA,ND,6,2025-06-23,26,1,1,FRACCIONAMIENTO,"VILLA DE NUESTRA SEÑORA DE LA ASUNCION, SECTOR GUADALUPE",342,342,CALLE,FEDERICO MENDEZ,NA,NA,",,,",AVENIDA,GERONIMO DE LA CUEVA,3,22,5,24,22:05,false,true,1,cortante,2 HOMBRES UNO VISTE SUDADERA NEGRA CON LOGOTIPO DE JORDAN,ND,H,H,8,0,N,N,0,0,false,0,N,N,"3,28,29","celular,dinero,cartera",1500,4000,false,1,1,0,NA,NA,0,NA,1,TRANSITANDO,NO,HOMBRE,1215,-102.25677330,21.93442792
251233399,0,30422,ROBO PERSONA,ND,6,2025-06-23,26,1,1,FRACCIONAMIENTO,VALLE DE LOS CACTUS,360,360,CALLE,JOSE TRINIDAD VELA SALAS,NA,NA,",,,",CALLE,LECHUGUILLA,4,22,12,24,22:12,false,false,9,ninguna,2 HOMBRES UNO VISTE PIJAMA DE DINOSAURIO EL OTRO VISTE SUDADERA DE FIGURAS Y PANTALON GRIS,ND,H,H,8,0,N,N,0,0,false,0,BICICLETA,BICICLETA ROJA,"12,38","ropa, otros",0,2500,false,1,1,0,NA,NA,0,NA,1,ND,NO,HOMBRE,1216,-102.23052026,21.87451600
251238948,0,30421,ROBO PERSONA,ND,6,2025-06-24,26,2,1,FRACCIONAMIENTO,POZO BRAVO SUR,558,558,CALLE,POZO DEL RUBI,NA,NA,",,,",CALLE,POZO DE ZAFIRO,3,22,39,24,22:39,false,true,"1,4","cortante,fuego",1 HOMBRE Y 2 ADOLESCENTES EL ADULTO  VISTE SUDADERA CAFE PANTALON DESGASTADO,ND,H,H,8,0,N,N,0,0,false,0,MOTOCICLETA,MOTOCICLETA,"3,28,29","celular,dinero,cartera",1500,1500,false,1,1,0,NA,NA,0,NA,1,TRANSITANDO,NO,HOMBRE,1217,-102.28256685,21.92428071
251235220,0,30446,ROBO PERSONA,ND,6,2025-06-24,26,2,1,ESPECIAL,PARQUE NATURAL LOS GRINGOS,104,104,CALLE,GIGANTE,NA,NA,",,,",CALLE,ND,3,9,59,20,09:59,false,false,9,ninguna,ND,ND,ND,M,8,0,N,N,0,0,false,0,N,N,12,ropa,0,0,false,1,1,0,NA,NA,0,NA,1,PARADO,NO,MUJER,1218,-102.26391203,21.90764108
251236766,0,50102,ROBO PERSONA,ND,6,2025-06-24,26,2,1,FRACCIONAMIENTO,LOMAS DE BELLAVISTA,415,415,CALLE,CASIA ORIENTE,NA,NA,",,,",CALLE,BELLLAVISTA,3,15,26,21,15:26,true,true,3,contusa,1 HOMBRE VISTE VISTE SUDADERA NEGRA PANTS NEGRO Y CACHUCHA BLANCA,ND,H,H,8,0,N,N,0,0,false,0,N,N,39,sin datos,0,0,false,1,2,0,NA,NA,0,NA,1,TRANSITANDO,NO,HOMBRE,1219,-102.24169300,21.91841444
251148570,0,50107,ROBO PERSONA,ND,6,2025-06-10,24,2,5,FRACCIONAMIENTO,EL MEZQUITAL,902,902,CALLE,BAYA HONDA,NA,NA,"213,,,",CALLE,CARDENCHE,7,20,57,23,20:57,false,false,9,ninguna,1 HOMBRE,ANGEL NOE 22 AÑOS,H,M,5,0,N,N,0,0,false,0,N,N,3,celular,0,0,false,1,1,0,NA,NA,0,NA,1,PARADO,NO,MUJER,1220,-102.35592756,21.96612028
251241416,0,30422,ROBO PERSONA,ND,6,2025-06-25,26,3,6,COLONIA,PROGRESO NORTE,1126,1126,AVENIDA,CESAREO RUIZ REYES,NA,NA,"107,,,",CALLE,TEODORO OLIVARES NORTE,7,13,21,21,13:21,false,false,9,ninguna,2 MUJERES,LAS CHARANGAS,M,M,8,0,N,N,0,0,false,0,N,N,3,celular,0,4000,false,1,1,0,NA,NA,0,NA,1,PARADO,NO,MUJER,1221,-102.28251213,22.14864786
251244513,0,30421,ROBO PERSONA,ND,6,2025-06-26,26,4,1,COLONIA,GREMIAL,613,613,AVENIDA,HEROE DE NACOZARI NORTE,NA,NA,",,,",CALLE,ENRIQUE ESTRADA,6,0,2,25,00:02,false,true,1,cortante,1 HOMBRE ESTATURA APROX 170 CON TATUAJES EN LA CARA VISTE SUDADERA COLOR OSCURO CON CAPUCHA,ND,H,H,8,0,N,N,0,0,false,0,N,N,"3,6","celular,tecnologia",0,3000,false,1,1,0,NA,NA,0,NA,1,TRANSITANDO,NO,HOMBRE,1222,-102.28608989,21.89496991
251244519,0,30421,ROBO PERSONA,ND,6,2025-06-26,26,4,1,FRACCIONAMIENTO,POZO BRAVO SUR,558,558,CALLE,POZO DE NIQUEL,NA,NA,",,,",CALLE,POZO DEL AMBAR,3,22,50,24,22:50,false,false,9,ninguna,2 VISTEN DE NEGRO EDAD APROX 15 AÑOS,ND,H,H,8,0,N,N,0,0,false,0,MOTOCICLETA,MOTOCICLETA ITALIKA COLOR NEGRO,3,celular,0,5000,false,23,1,4463,NA,NA,0,NA,1,ND,NO,HOMBRE,1223,-102.27934531,21.92412341
251240583,0,30446,ROBO PERSONA,ND,6,2025-06-25,26,3,1,FRACCIONAMIENTO,INSURGENTES,161,161,CALLE,LUIS CABRERA,NA,NA,"314,,,",AVENIDA,DE LA CONVENCION,2,9,5,20,09:35,false,false,9,ninguna,ND,ND,ND,M,8,0,N,N,0,0,false,0,N,N,3,celular,0,0,false,1,1,0,NA,NA,0,NA,1,TRANSITANDO,NO,MUJER,1224,-102.30520206,21.84992536
251246969,0,30421,ROBO PERSONA,ND,6,2025-06-26,26,4,1,FRACCIONAMIENTO,INFONAVIT MORELOS,93,93,ANDADOR,TERCERO BONAMPAK,NA,NA,",,,",ANDADOR,TERCERO PALENQUE,5,14,32,21,14:32,false,true,3,contusa,4 HOMBRES UNO VISTE PLAYERA BLANCA CON DIBUJO DEL SOL AZTEKA AL FRENTE PANTALON MEZCLLLA TEZ MORENO CON BARBA COMPLEXION,GRUPO DELICTIVO LA UNION,H,H,8,0,N,N,0,0,false,0,N,N,3,celular,0,0,false,1,1,0,NA,NA,0,NA,1,TRANSITANDO,NO,HOMBRE,1225,-102.25585412,21.86298383
251249020,0,30422,ROBO PERSONA,ND,6,2025-06-26,26,4,1,BARRIO,LA PURISIMA,202,202,AVENIDA,ALAMEDA,NA,NA,",,,",CALLE,J REFUGIO REYES,1,20,33,23,20:33,false,false,9,ninguna,1 HOMBRE VISTE DE NEGRO TRAE UN CASCO,ND,H,H,8,0,N,N,0,0,false,0,MOTOCICLETA,MOTOCICLETA SIN PLACAS COLOR NEGRO,3,celular,0,0,false,1,1,0,NA,NA,0,NA,1,PARADO,NO,HOMBRE,1226,-102.28365634,21.88247736
251249702,0,30422,ROBO PERSONA,ND,6,2025-06-26,26,4,1,BARRIO,LA SALUD,499,499,AVENIDA,DELICIAS,NA,NA,",,,",AVENIDA,HEROE DE NACOZARI SUR,5,22,27,24,22:27,false,false,9,ninguna,1 HOMBRE TRAE UN CASCO NEGRO,ND,H,H,8,0,N,N,0,0,false,0,MOTOCICLETA,MOTOCICLETA COLOR NEGRO,3,celular,0,4500,false,1,1,0,NA,NA,0,NA,1,TRANSITANDO,NO,HOMBRE,1227,-102.28173333,21.86970391
251249806,0,30422,ROBO PERSONA,ND,6,2025-06-26,26,4,1,FRACCIONAMIENTO,CC ESPACIO,559,559,AVENIDA,TECNOLOGICO,NA,NA,",,,",AVENIDA,LICENCIADO ADOLFO LOPEZ MATEOS ORIENTE,4,22,16,24,22:16,false,false,9,ninguna,1 HOMBRE,ND,H,M,8,0,N,N,0,0,false,0,MOTOCICLETA,MOTOCICLETA,3,celular,0,0,false,1,1,0,NA,NA,0,NA,1,TRANSITANDO,NO,MUJER,1228,-102.26047815,21.87953441
251250892,0,30421,ROBO PERSONA,ND,6,2025-06-27,26,5,1,FRACCIONAMIENTO,"VILLA DE NUESTRA SEÑORA DE LA ASUNCION, SECTOR SAN MARCOS",580,580,AVENIDA,POLIDUCTO,NA,NA,",,,",CALLE,MICAELA DE AYALA,3,4,3,26,04:03,false,true,3,contusa,3 PERSONAS,ND,H,H,0,0,N,N,1,0,false,0,N,N,"3,28","celular,dinero",0,0,false,1,1,0,NA,NA,0,NA,1,TRANSITANDO,NO,HOMBRE,1229,-102.25867665,21.92648818
251256763,0,30422,ROBO PERSONA,ND,6,2025-06-28,26,6,1,FRACCIONAMIENTO,OJOCALIENTE I,190,190,CALLE,LAS CUMBRES,NA,NA,",,,",CALLE,ARELLANO,4,0,54,25,00:54,false,false,9,ninguna,ND,ND,ND,H,8,0,N,N,0,0,false,0,N,N,"3,29,31","celular,cartera,mochila",0,0,false,1,2,0,NA,NA,0,NA,1,ND,NO,ND,1230,-102.25104819,21.88383840
251259613,0,30422,ROBO PERSONA,ND,6,2025-06-28,26,6,1,FRACCIONAMIENTO,INSURGENTES,161,161,CALLE,DOCTOR MARIANO AZUELA,NA,NA,",,,",CALLE,BELISARIO DOMINGUEZ,2,14,20,21,14:20,false,false,9,ninguna,1 HOMBRE,ND,H,M,8,0,N,N,0,0,false,0,BICICLETA,BICICLETA,3,celular,0,0,false,1,1,0,NA,NA,0,NA,1,ND,NO,HOMBRE,1231,-102.30668877,21.85258780
251262982,0,30421,ROBO PERSONA,ND,6,2025-06-28,26,6,1,FRACCIONAMIENTO,"VILLA DE NUESTRA SEÑORA DE LA ASUNCION, SECTOR ENCINO",331,331,CALLE,ADORATRICES,NA,NA,",,,",CALLE,ANDRES LOPEZ,3,22,58,24,22:58,false,true,1,cortante,2 PERSONAS,ND,ND,M,8,0,N,N,0,0,false,0,MOTOCICLETA,MOTOCICLETA ITALIKA COLOR NEGRO,"3,26,28,30","celular,bolso,dinero,llaves",0,0,false,1,1,0,NA,NA,0,NA,1,PARADO,NO,MUJER,1232,-102.26576447,21.92408852
251264542,0,30421,ROBO PERSONA,ND,6,2025-06-29,26,6,1,FRACCIONAMIENTO,SOLIDARIDAD III,194,194,CALLE,MARIANO SALAS,NA,NA,",,,",AVENIDA,SIGLO XXI,5,1,42,25,01:42,false,true,3,contusa,1 HOMBRE VISTE PANTALON HOLGADO SUDADERA NEGRA COMPLEXION DELGADA TEZ MORENO TIEN UN TATUAJE DE LAGRIA EN UNA MEJILLA,ND,H,M,8,0,N,N,0,0,false,0,N,N,"3,28","celular,dinero",500,500,false,1,1,0,NA,NA,0,NA,1,TRANSITANDO,NO,MUJER,1233,-102.24843926,21.86073367
251265768,0,30422,ROBO PERSONA,ND,6,2025-06-29,26,7,1,BARRIO,BARRIO SAN MARCOS,85,85,CALLE,NIETO,NA,NA,",,,",CALLE,ARTURO J PANI,1,4,51,26,04:51,false,false,9,ninguna,PERSONAS,ND,ND,H,8,0,N,N,0,0,false,0,COCHE,COCHE NISSAN TSURU COLOR BLANCO,3,celular,0,0,false,23,1,4473,NA,NA,0,NA,1,PARADO,NO,HOMBRE,1234,-102.30359228,21.87788117
251265842,0,30421,ROBO PERSONA,ND,6,2025-06-29,26,7,1,FRACCIONAMIENTO,PUNTA DEL CIELO,535,535,AVENIDA,GUADALUPE,NA,NA,",,,",AVENIDA,PASEO DEL CIELO,6,5,27,26,05:27,false,true,1,cortante,3 HOMBRES,ND,H,A,8,0,N,N,0,0,false,0,N,N,39,sin datos,0,0,false,1,1,0,NA,NA,0,NA,1,TRANSITANDO,NO,AMBOS,1235,-102.35330983,21.90882290
251247227,0,30446,ROBO PERSONA,MARIPOSA,6,2025-06-26,26,4,5,COLONIA,VISTA HERMOSA,1047,1047,CALLE,HERNANDEZ,NA,NA,",,,",AVENIDA,SAN LORENZO,7,15,14,21,15:14,false,false,9,ninguna,ND,ND,ND,M,8,0,N,N,0,0,false,0,N,N,14,bicicleta,0,3000,false,1,1,0,NA,NA,0,NA,1,PARADO,NO,MUJER,1236,-102.34622337,21.95976262
251258521,0,30446,ROBO PERSONA,ND,6,2025-06-28,26,6,1,CABAÑAS,CABAÑAS AGUASCALIENTES,656R,0,CARRETERA,70 OJUELOS AGUASCALIENTES,NA,NA,",,,",TERRACERIA,NINGUNO,4,10,17,20,10:17,false,false,9,ninguna,ND,ND,ND,M,8,0,N,N,0,0,false,0,N,N,3,celular,0,3000,false,1,1,0,NA,NA,0,NA,1,PARADO,SI,MUJER,1237,-102.19090275,21.85519600
251260309,0,30446,ROBO PERSONA,ND,6,2025-06-28,26,6,1,FRACCIONAMIENTO,MISION DE SANTA LUCIA,350,350,AVENIDA,HEROE INMORTAL,NA,NA,",,,",CALLE,GENERAL MARIANO ESCOBEDO,5,16,5,22,16:05,false,false,9,ninguna,1 MUJER,ND,M,N,8,0,N,N,0,0,false,0,N,N,3,celular,0,0,false,1,1,0,NA,NA,0,NA,1,ND,NO,HOMBRE,1238,-102.26934856,21.84644961
251261408,0,30446,ROBO PERSONA,ND,6,2025-06-28,26,6,1,FRACCIONAMIENTO,LOS PERICOS,287,287,AVENIDA,RODOLFO LANDEROS GALLEGOS,NA,NA,"1209,,,",CALLE,CULTURA OTOMI SUR,4,19,8,23,19:08,false,false,9,ninguna,1 HOMBRE VISTE PLAYERA ROJO CON BLANCO Y PANTALON MEZCLILLA,ND,H,M,8,0,N,N,0,0,false,0,N,N,3,celular,0,0,false,1,1,0,NA,NA,0,NA,2,PARADO,NO,MUJER,1239,-102.24583546,21.90433241
251261448,0,30446,ROBO PERSONA,MARIPOSA,6,2025-06-28,26,6,5,FRACCIONAMIENTO,RINCONADA SAN MIGUELITO,897,897,CALLE,ANGELES,NA,NA,",,,",CALLE,SAN EZEQUIEL,7,19,15,23,19:15,false,false,9,ninguna,1 HOMBRE VISTE CAMISA AZUL,ND,H,H,8,0,N,N,0,0,false,0,N,N,14,bicicleta,0,0,false,1,1,0,NA,NA,0,NA,1,PARADO,NO,HOMBRE,1240,-102.33283673,21.95779591
251264054,0,30446,ROBO PERSONA,ND,6,2025-06-28,26,6,1,FRACCIONAMIENTO,ANEXO BENITO PALOMINO DENA (CUMBRES II),482,482,BOULEVARD,GUADALUPANO,NA,NA,",,,",CALLE,HIMBERTO GONZALEZ ARAUJO,3,23,48,24,23:48,false,false,9,ninguna,1 HOMBRE,ND,H,H,8,0,N,N,0,0,false,0,N,N,3,celular,0,0,false,1,2,0,NA,NA,0,NA,1,PARADO,NO,HOMBRE,1241,-102.24550109,21.91773393
251267079,0,30907,ROBO PERSONA,MARIPOSA,6,2025-06-29,26,7,1,FRACCIONAMIENTO,INSURGENTES,161,161,CALLE,ABRAHAM GONZALEZ,NA,NA,"702,,,",CALLE,GENERAL FEDERICO MONTES,2,11,52,20,11:52,false,false,9,ninguna,ND,ND,ND,M,8,0,N,N,0,0,false,0,N,N,14,bicicleta,0,0,true,1,10,0,NA,NA,0,NA,1,PARADO,NO,MUJER,1242,-102.31244970,21.85065846
251276596,0,30421,ROBO PERSONA,ND,6,2025-06-30,27,1,1,FRACCIONAMIENTO,"VILLA DE NUESTRA SEÑORA DE LA ASUNCION, SECTOR GUADALUPE",342,342,CALLE,JOSE E FEMAT GUTIERREZ,NA,NA,",,,",AVENIDA,JOSE DE JESUS GARCIA GONZALEZ,3,18,58,22,18:58,false,true,1,cortante,2 HOMBRES UNO VISTE CAMISA BLANCA PANTALON MEZCLILLA NEGRO EL OTRO SUDADERA ROJA Y SHORT GRIS,ND,H,H,8,0,N,N,0,0,false,0,N,N,"3,28,29","celular,dinero,cartera",500,500,false,1,1,0,NA,NA,0,NA,1,TRANSITANDO,NO,HOMBRE,1243,-102.25644829,21.92969373
251275500,0,30446,ROBO PERSONA,MARIPOSA,6,2025-06-30,27,4,1,FRACCIONAMIENTO,FIDEL VELAZQUEZ,216,216,CALLE,DE LAS FUENTES,NA,NA,"117,,,",AVENIDA,OJOCALIENTE,4,15,44,22,15:44,false,false,9,ninguna,ND,ND,ND,H,8,0,N,N,0,0,false,0,N,N,14,bicicleta,0,0,false,1,1,0,NA,NA,0,NA,1,PARADO,NO,HOMBRE,1244,-102.25759045,21.89114935
114220056,0,30422,ROBO PERSONA,MARIPOSA,6,2025-06-25,26,3,11,COLONIA,CENTRO,1308,1308,CALLE,FRANCISCO I MADERO PONIENTE,NA,NA,"101,1,,",CALLE,EMILIANO ZAPATA NORTE,7,21,22,23,21:22,false,false,9,ninguna,ND,ND,ND,ND,8,0,N,N,0,0,false,0,N,N,14,mariposa,0,0,false,1,1,0,NA,NA,0,NA,1,PARADO,NO,ND,1245,-102.27459958,22.07888681
114220057,0,30422,ROBO PERSONA,MARIPOSA,6,2025-06-28,26,6,11,COLONIA,CENTRO,1308,1308,CALLE,EMILIANO ZAPATA SUR,NA,NA,",,,",CALLE,EMILIO CARRANZA PONIENTE,7,15,46,22,15:46,false,false,9,ninguna,ND,ND,ND,ND,8,0,N,N,0,0,false,0,N,N,14,bicicleta,0,0,false,1,1,0,NA,NA,0,NA,1,PARADO,NO,ND,1246,-102.27477787,22.07786036
44220058,0,30422,ROBO PERSONA,ND,7,2025-07-01,27,2,4,COLONIA,CENTRO NORTE,881,881,CALLE,BENITO JUAREZ,NA,NA,",,,",CALLE,LUIS DONALDO COLOSIO,7,11,30,20,11:30,false,false,9,ninguna,1 HOMBRE,JESUS MIGUEL HERNANDEZ JUAREZ EDAD 37 AÑOS,H,ND,8,1,N,N,0,0,false,0,N,N,3,celular,0,0,false,1,4,0,NA,NA,0,NA,1,ND,NO,ND,1247,-102.30042135,22.37049524
251280351,0,30421,ROBO PERSONA,ND,7,2025-07-01,27,2,1,FRACCIONAMIENTO,PRADOS DEL SUR,537,537,AVENIDA,MAHATMA GANDHI,NA,NA,",,,",AVENIDA,AGUASCALIENTES SUR,2,11,17,20,11:17,false,true,3,contusa,2 HOMBRE UNO VISTE GORRA NEGRA SUDADERA AZUL MARINO PANTS AZUL MARINO AMBOS CON CUBREBOCAS,ND,H,H,8,0,N,N,0,0,false,0,BICICLETA,BICICLETA,"3,29","celular,cartera",0,0,false,1,1,0,NA,NA,0,NA,1,PARADO,NO,HOMBRE,1248,-102.29498849,21.85745935
251281305,0,30422,ROBO PERSONA,ND,7,2025-07-01,27,2,1,FRACCIONAMIENTO,"VILLA DE NUESTRA SEÑORA DE LA ASUNCION, SECTOR SAN MARCOS",580,580,CALLE,ANDRES DE LA TORRE,NA,NA,",,,",CALLE,CRISTOBAL DE TORRES,3,14,31,21,14:31,false,false,9,ninguna,3 HOMBRES,ND,H,H,8,3,N,N,0,0,false,0,N,N,12,ropa,0,0,false,1,4,0,NA,NA,0,NA,1,TRANSITANDO,NO,HOMBRE,1249,-102.26029791,21.92651660
251282522,0,30421,ROBO PERSONA,MARIPOSA,7,2025-07-01,27,2,1,FRACCIONAMIENTO,OJOCALIENTE I,190,190,AVENIDA,SIGLO XXI,NA,NA,",,,",CALLE,MONTOYA,4,18,10,22,18:10,false,true,10,otras,1 HOMBRE EDAD APROX 25 AÑOS ESTATURA APROX 172 VISTE CAMISA DE RAYAS COLOR ROSA,ND,H,H,8,0,N,N,0,0,false,0,N,N,14,bicicleta,0,0,false,1,1,0,NA,NA,0,NA,1,ND,NO,HOMBRE,1250,-102.25129810,21.88684921
251283455,0,30421,ROBO PERSONA,ND,7,2025-07-01,27,2,5,FRACCIONAMIENTO,SOLAR DE JONACATIQUE,896,896,AVENIDA,ALEJANDRO DE LA CRUZ SAUCEDO,NA,NA,",,,",CALLE,LUIS DONALDO COLOSIO,7,20,48,23,20:48,false,true,4,fuego,2 HOMBRES,ND,H,H,8,0,N,N,0,0,false,0,N,N,40,tarjetas,0,0,false,1,1,0,NA,NA,0,NA,1,PARADO,NO,HOMBRE,1251,-102.35398387,21.97210274
251280962,0,30446,ROBO PERSONA,MARIPOSA,7,2025-07-01,27,2,1,BARRIO,LA PURISIMA,202,202,AVENIDA,LICENCIADO ADOLFO LOPEZ MATEOS ORIENTE,NA,NA,",,,",CALLE,PODER LEGISLATIVO NORTE,1,13,32,21,13:32,false,false,9,ninguna,ND,ND,ND,H,8,0,N,N,0,0,false,0,N,N,14,bicicleta,0,0,false,1,1,0,NA,NA,0,NA,1,PARADO,NO,HOMBRE,1252,-102.28458057,21.87906025
251287851,0,30421,ROBO PERSONA,ND,7,2025-07-02,27,3,5,COLONIA,CENTRO,938,938,CALLE,ABASOLO,NA,NA,",,,",CALLE,MARIANO MATAMOROS,7,15,47,22,15:47,false,true,1,cortante,2 HOMBRES UNO VISTE SUETER ROSA PANTALON NEGRO,ND,H,M,8,0,N,N,0,0,false,0,N,N,"12,27,28,29,31","ropa,documentos,dinero,cartera,mochila",300,300,false,1,1,0,NA,NA,0,NA,1,TRANSITANDO,NO,MUJER,1253,-102.34852153,21.96449862
251290232,0,30421,ROBO PERSONA,ND,7,2025-07-03,27,4,1,FRACCIONAMIENTO,JESUS GOMEZ PORTUGAL,585,585,CALLE,ORION,NA,NA,"101,,,",CALLE,PEGASO,5,0,3,25,00:03,false,true,1,cortante,2 HOMBRES UNO VISTE PLAYERA BLANCA Y EL OTRO SUDADERA NEGRA PANTS VERDE,ND,H,H,8,0,N,N,0,0,false,0,N,N,"12,26,28","ropa,bolso,dinero",900,900,false,1,1,0,NA,NA,0,NA,1,ND,NO,HOMBRE,1254,-102.26701052,21.87191991
251289277,0,30446,ROBO PERSONA,MARIPOSA,7,2025-07-02,27,3,11,FRACCIONAMIENTO,PASEOS DE LA PROVIDENCIA,1320,1320,CALLE,PASEOS DE SANTA CLARA,NA,NA,"405,,,",CALLE,PASEOS DE SAN JOSE,7,21,18,23,21:18,false,false,9,ninguna,ND,ND,ND,H,8,0,N,N,0,0,false,0,N,N,14,bicicleta,0,0,false,1,1,0,NA,NA,0,NA,1,PARADO,NO,HOMBRE,1255,-102.27163540,22.02532989
251190687,0,30904,ROBO PERSONA,ND,6,2025-06-17,25,2,1,FRACCIONAMIENTO,"VILLA DE NUESTRA SEÑORA DE LA ASUNCION, SECTOR GUADALUPE",342,342,CALLE,GERONIMO DE LA CUEVA,NA,NA,",,,",CALLE,MACEDONIO RODRIGUEZ,3,0,26,25,00:26,false,true,1,cortante,4 PERSONAS,ND,H,H,8,0,N,N,0,0,false,0,N,N,39,sin datos,0,0,false,1,2,0,NA,NA,0,NA,1,TRANSITANDO,NO,HOMBRE,1256,-102.25758794,21.93393561
251166351,0,30904,ROBO PERSONA,ND,6,2025-06-13,24,5,1,FRACCIONAMIENTO,VERSALLES II,164,164,CALLE,INGENIERO JOSE ACEVES DE SANDI,NA,NA,",,,",CALLE,FRANCISCO CARRERA TORRES,2,19,31,23,19:31,true,false,9,ninguna,1 HOMBRE VISTE PLAYERA Y CACHUCHA AZUL,ND,H,M,8,0,N,N,0,0,false,0,BICICLETA,BICICLTA COLOR NEGRO,3,celular,0,0,false,1,2,0,NA,NA,0,NA,1,ND,NO,MUJER,1257,-102.30928897,21.85579019
251220279,0,30904,ROBO PERSONA,ND,6,2025-06-22,25,7,1,COLONIA,TIERRA Y LIBERTAD,655,655,CALLE,FRANCISCO VILLA,NA,NA,",,,",CALLE,ROSA DE GUADALUPE,4,0,40,25,00:40,false,true,4,fuego,10 PERSONAS,ND,ND,H,8,0,N,N,0,0,false,0,N,N,28,dinero,3000,3000,false,1,1,0,NA,NA,0,NA,1,TRANSITANDO,NO,HOMBRE,1258,-102.20789335,21.85721002
251218637,0,30307,ROBO PERSONA,ND,6,2025-06-21,25,6,1,BARRIO,LA SALUD,499,499,CALLE,PASEO DE LA CRUZ,NA,NA,",,,",CALLE,JOSEFA ORTIZ DE DOMINGUEZ,1,20,43,23,20:43,false,false,9,ninguna,HOMBRES,ND,H,M,8,0,N,N,0,0,false,0,CAMIONETA,CAMIONETA EXPLORER COLOR NEGRO,39,sin datos,0,0,false,1,2,0,NA,NA,0,NA,1,PARADO,NO,MUJER,1259,-102.28867399,21.87338622
251278618,0,30401,ROBO PERSONA,ND,7,2025-07-01,27,2,5,COLONIA,EL TORITO,1071,1071,AVENIDA,ALEJANDRO DE LA CRUZ SAUCEDO,NA,NA,",,,",CALLE,15 DE SEPTIEMBRE,7,0,37,25,00:37,false,true,10,otras,ND,ND,ND,H,8,0,N,N,0,0,false,0,N,N,"3,28,29","celular,dinero,cartera",150,3150,false,1,1,0,NA,NA,0,NA,1,PARADO,NO,HOMBRE,1260,-102.35416695,21.96958206
251299874,0,30422,ROBO PERSONA,MARIPOSA,7,2025-07-04,27,4,1,FRACCIONAMIENTO,LOS PERICOS,287,287,CALLE,ALFA Y OMEGA,NA,NA,"107,,,",CALLE,EL LIMBO,4,14,57,21,14:57,false,false,9,ninguna,2 HOMBRES TRAEN PASAMONTAÑAS UNO VISTE CAMISETA VERDE DE FLORES PANTALON AZUL CON TATUAJES EN LA CARA,ND,H,H,8,0,N,N,0,0,false,0,N,N,14,bicicleta,0,1300,false,1,1,0,NA,NA,0,NA,1,PARADO,NO,MENOR,1261,-102.24237535,21.90545280
251299894,0,30421,ROBO PERSONA,ND,7,2025-07-04,27,5,1,FRACCIONAMIENTO,PILAR BLANCO,142,142,CALLE,FAISAN,NA,NA,",,,",CALLE,AGUILA,2,15,19,21,15:19,false,true,10,Otros,1 HOMBRE,ND,H,H,8,0,N,N,0,0,false,0,N,N,3,celular,0,0,false,1,1,0,NA,NA,0,NA,1,PARADO,NO,HOMBRE,1262,-102.29725965,21.85032379
251300097,0,30421,ROBO PERSONA,ND,7,2025-07-04,27,5,11,NINGUNO,DESARROLLO ESPECIAL ESCOLAR,1316,1316,CALLE,VENUSTIANO CARRANZA,NA,NA,",,,",AVENIDA,JUAREZ NORTE,7,15,58,22,15:58,false,true,1,cortante,2 HOMBRES UNO VISTE PLAYERA BLANCA PANTALON MEZCLILLA EL PLAYERA GRIS Y SHORT NEGRO,ND,H,H,8,0,N,N,0,0,false,0,N,N,3,celular,0,4000,false,1,1,0,NA,NA,0,NA,1,TRNASITANDO,NO,MENOR,1263,-102.27194206,22.08344936
251301001,0,30422,ROBO PERSONA,ND,7,2025-07-04,27,5,1,COLONIA,PRIMAVERA,245,245,CALLE,LIBERATO SANTA CRUZ,NA,NA,",,,",CALLE,JOSE MARIA ARTEAGA,1,18,53,22,18:53,false,false,9,ninguna,2 HOMBRE UNO VISTE CAMISA ROJA Y EL POTRO CAMISA NEGRA CON CASCOS ROJO Y NARANJA,ND,H,M,8,0,N,N,0,0,false,0,MOTOCICLETA,MOTOCICLETA COLOR NEGRO,"26,28","bolso,dinero",0,0,false,1,1,0,NA,NA,0,NA,1,TRANSITANDO,NO,MUJER,1264,-102.29067284,21.89079060
251301374,0,30422,ROBO PERSONA,ND,7,2025-07-04,27,5,1,BARRIO,LA PURISIMA,202,202,PRIVADA,MARTE,NA,NA,",,,",CALLE,DIANA,1,20,7,23,20:07,false,false,9,ninguna,1 HOMBRE TRAE UN CASCO NEGRO Y GUANTES ROJOS,ND,H,M,8,0,N,N,0,0,false,0,MOTOCICLETA,MOTOCICLETA COLOR NEGRO DE CARRERAS,3,celular,0,7000,false,1,1,0,NA,NA,0,NA,1,TRANSITANDO,NO,MUJER,1265,-102.28442874,21.88132523
251301428,0,30421,ROBO PERSONA,MARIPOSA,7,2025-07-04,27,5,1,FRACCIONAMIENTO,LOS PERICOS,287,287,AVENIDA,POLIDUCTO,NA,NA,",,,",AVENIDA,RODOLFO LANDEROS GALLEGOS,4,20,8,23,20:08,false,true,4,fuego,3 HOMBRES UNO VISTE SUDADERA BLANCA PANTALON MESCLILLA Y CACHUCHA EL OTRO SUDADERA NEGRA Y TRAE UN MORRAL ND,ND,H,H,8,0,N,N,0,0,false,0,N,N,14,bicicleta,0,1000,false,23,1,4484,NA,NA,0,NA,1,ND,NO,HOMBRE,1266,-102.24801945,21.90346567
251304781,0,30422,ROBO PERSONA,MARIPOSA,7,2025-07-05,27,6,5,COLONIA,EJIDAL,926,926,CALLE,VICENTE GUERRERO,NA,NA,",,,",CALLE,20 DE NOVIEMBRE,7,20,26,23,20:26,false,false,9,ninguna,ND,ND,ND,H,8,0,N,N,0,0,false,0,N,N,"3,14","celular,bicicleta",0,0,false,1,1,0,NA,NA,0,NA,1,TRANSITANDO,NO,HOMBRE,1267,-102.35317910,21.96829138
251308664,0,30421,ROBO PERSONA,ND,7,2025-07-05,27,6,1,COLONIA,HEROES,648,648,CALLE,JUAN DE LA BARRERA,NA,NA,",,,",AVENIDA,ALAMEDA,4,20,23,23,20:23,false,true,10,otras,10 HOMBRES,ND,H,H,8,0,N,N,0,0,false,0,N,N,12,ropa,0,0,false,1,1,0,NA,NA,0,NA,1,TRANSITANDO,NO,HOMBRE,1268,-102.27698345,21.88304538
251311125,0,30421,ROBO PERSONA,ND,7,2025-07-06,27,7,1,FRACCIONAMIENTO,NAZARIO ORTIZ GARZA,222,222,CALLE,INGENIERO MANUEL GARCIA MARTINEZ,NA,NA,"204,,",CALLE,AGUSTIN PRADILLO,4,1,1,25,01:01,false,true,1,cortante,3 HOMBRES,ND,H,H,8,0,N,N,1,0,true,0,N,N,"3,28,40","celula,dinero,tarjeta",0,0,false,1,1,0,NA,NA,0,NA,1,PARADO,NO,HOMBRE,1269,-102.26527856,21.90377683
251316085,0,30422,ROBO PERSONA,ND,7,2025-07-06,27,7,1,FRACCIONAMIENTO,JOSE LOPEZ PORTILLO,175,175,CALLE,PROFESOR RICARDO GARCIA MENDOZA,NA,NA,",,,",CALLE,CORONEL VALENTE ARTEAGA,2,17,59,22,17:59,false,false,9,ninguna,1 HOMBRE,EL PINOCHO,H,H,8,0,N,N,0,0,false,0,N,N,"11,28,31","herramienta,dinero,mochila",270,270,false,1,1,0,NA,NA,0,NA,1,TRANSITANDO,NO,HOMBRE,1270,-102.32515630,21.85624547
251318600,0,30421,ROBO PERSONA,ND,7,2025-07-07,28,1,1,FRACCIONAMIENTO,PASEO DE LOS CACTUS,410,410,CALLE,CABUYA,NA,NA,"214,,,",CALLE,FRAILEA,4,0,14,25,00:14,false,true,1,cortante,5 HOMBRES 4 VISTEN DE NEGRO Y 1  DE BLANCO,ND,H,H,8,0,N,N,0,0,false,0,N,N,"3,12,15,29","celular,ropa,joyeria,cartera",500,500,false,1,1,0,NA,NA,0,NA,1,TRANSITANDO,NO,HOMBRE,1271,-102.23322573,21.87560978
251319688,0,30422,ROBO PERSONA,ND,7,2025-07-07,28,1,1,FRACCIONAMIENTO,INSURGENTES,161,161,AVENIDA,PASEO DE LA ASUNCION,NA,NA,"101,,,",CALLE,DOROTEO ARANGO,2,4,43,26,04:43,false,false,9,ninguna,1 HOMBRE,OSCAR GERAR PEÑA MONTOYA 27 AÑOS,H,H,8,0,N,N,0,0,false,0,N,N,"15,30","joyeria,llaves",0,15000,false,1,1,0,NA,NA,0,NA,1,PARADO,NO,HOMBRE,1272,-102.30102455,21.85260960
251319850,0,30421,ROBO PERSONA,ND,7,2025-07-07,28,1,1,BARRIO,BARRIO SAN MARCOS,85,85,CALLE,ANTONIO ARIAS BERNAL,NA,NA,",,,",CALLE,JESUS F CONTRERAS,1,5,39,26,05:39,false,true,1,cortante,ND,ND,ND,H,8,0,N,N,1,0,true,0,N,N,"3,29","celular,cartera",0,0,false,1,1,0,NA,NA,0,NA,1,PARADO,NO,HOMBRE,1273,-102.30380631,21.88003858
251294463,0,30446,ROBO PERSONA,ND,7,2025-07-03,27,4,5,COLONIA,LA CAÑADA,1062,1062,CALLE,BENIGNO CHAVEZ,NA,NA,",,,",AVENIDA,SOLIDARIDAD,7,18,15,22,18:15,false,false,9,ninguna,1 PERSONA,ND,ND,M,8,0,N,N,0,0,false,0,MOTOCICLETA,MOTOCICELTA,"26,30","bolso,llaves",0,0,false,1,1,0,NA,NA,0,NA,1,PARADO,NO,MUJER,1274,-102.35517056,21.95512467
251306076,0,30446,ROBO PERSONA,MARIPOSA,7,2025-07-05,27,6,1,FRACCIONAMIENTO,JOSE LOPEZ PORTILLO,175,175,CALLE,ROSALIA MONROY,NA,NA,",,,",CALLE,PROFESOR J GUADALUPE PERALTA,2,13,38,21,13:38,false,false,9,ninguna,1 HOMBRE ESTAURA 175 TEZ MORENO VISTE PLAYERA NEGRA PANTALON MEZCLILLA,JOAN,H,H,8,0,N,N,0,0,false,0,N,N,14,bicicleta,0,14000,false,1,1,0,NA,NA,0,NA,1,PARADO,NO,HOMBRE,1275,-102.32183059,21.84839517
251308980,0,30446,ROBO PERSONA,MARIPOSA,7,2025-07-05,27,6,1,FRACCIONAMIENTO,"VILLA DE NUESTRA SEÑORA DE LA ASUNCION, SECTOR GUADALUPE",342,342,CALLE,JOSE E FEMAT GUTIERREZ,NA,NA,",,,",CALLE,MARIA DE JESUS GONZALEZ,3,21,0,23,21:00,false,false,9,ninguna,ND,ND,H,H,8,0,N,N,0,0,false,0,N,N,14,bicicleta,0,0,false,1,1,0,NA,NA,0,NA,1,PARADO,NO,HOMBRE,1276,-102.25446624,21.93264256
251315829,0,30446,ROBO PERSONA,ND,7,2025-07-06,27,7,1,COLONIA,GREMIAL,613,613,CALLE,GENERAL MIGUEL BARRAGAN,NA,NA,"917,,,",CALLE,ESPERANZA,1,17,47,22,17:47,false,false,9,ninguna,1 HOMBRE VISTE SUDADERA COLOR GRIS PANTALON MEZCLILLA,ND,H,M,8,0,N,N,0,0,false,0,N,N,"26,28,29,40","bolso,dinero,cartera,tarjeta",0,0,false,1,2,0,NA,NA,0,NA,1,PARADO,NO,MUJER,1277,-102.29034362,21.89340295
251321585,0,30422,ROBO PERSONA,ND,7,2025-07-07,28,1,1,FRACCIONAMIENTO,VALLE DE LOS CACTUS,360,360,CALLE,JOSE TRINIDAD VELA SALAS,NA,NA,",,,",CALLE,PASEO DE LA BIZNAGA,4,13,34,21,13:34,false,false,9,ninguna,1 HOMBRE VISTE PLAYERA NEGRA CON LETRAS ROJAS PANTALON MEZCLILLA TENIS BLANCOS,ND,H,M,8,0,N,N,0,0,false,0,N,N,"15,26,28","joyeria,bolso,dinero",0,0,false,1,1,0,NA,NA,0,NA,1,TRANSITANDO,NO,MUJER,1278,-102.23480073,21.87282314
251322462,0,30421,ROBO PERSONA,MARIPOSA,7,2025-07-07,28,1,5,COLONIA,LA ESCALERA,1064,1064,PRIVADA,CALICANTO,NA,NA,"107,,,",CALLE,VISTA ALEGRE,7,15,54,22,15:54,false,true,1,cortante,2 HOMBRES ENCAPUCHADOS,ND,H,H,8,0,N,N,0,0,false,0,N,N,14,bicicleta,0,0,false,1,1,0,NA,NA,0,NA,1,ND,NO,HOMBRE,1279,-102.34787714,21.96913222
251323766,0,30421,ROBO PERSONA,ND,7,2025-07-07,28,1,1,COLONIA,2 DE OCTUBRE,14R,0,CALLE,16 DE SEPTIEMBRE,NA,NA,",,,",CALLE,15 DE SEPTIEMBRE,4,19,16,23,19:16,false,true,"1,3","cortante,contusa",2 HOMBRES,ND,H,H,8,0,N,N,1,0,false,0,N,N,"12,28","ropa,dinero",500,500,false,1,1,0,NA,NA,0,NA,1,ND,NO,HOMBRE,1280,-102.21219401,21.89581111
251324106,0,30422,ROBO PERSONA,ND,7,2025-07-07,28,1,1,COLONIA,ZONA CENTRO,501,501,CALLE,GENERAL ALVARO OBREGON,NA,NA,"447,,,",CALLE,GRECIA,1,20,39,23,20:39,false,false,9,ninguna,1 HOMBRE,ND,H,M,8,0,N,N,0,0,false,0,MOTOCICLETA,MOTOCICLETA,3,celular,0,0,false,1,1,0,NA,NA,0,NA,1,ND,NO,MUJER,1281,-102.28981260,21.88914796
251325018,0,30421,ROBO PERSONA,ND,7,2025-07-07,28,7,5,COLONIA,EL TORITO,1071,1071,CALLE,LUIS DONALDO COLOSIO,NA,NA,",,,",CALLE,CRISTOBAL COLON,7,21,7,23,21:07,false,true,4,fuego,ND,ND,ND,H,8,0,N,N,0,0,false,0,N,N,3,celular,0,0,false,1,1,0,NA,NA,0,NA,1,ND,NO,HOMBRE,1282,-102.35509664,21.97137139
251326375,0,30446,ROBO PERSONA,ND,7,2025-07-08,28,2,1,FRACCIONAMIENTO,NATURA,371,371,CALLE,FEDERICO MENDEZ,NA,NA,"314,,,",CALLE,PERICO,3,9,8,20,09:08,false,false,9,ninguna,1 HOMBRE,ND,H,H,8,0,N,N,0,0,false,0,N,N,3,celular,0,0,false,1,1,0,NA,NA,0,NA,2,PARADO,NO,HOMBRE,1283,-102.25268054,21.93232141
251289472,0,30904,ROBO PERSONA,MARIPOSA,7,2025-07-02,27,3,11,FRACCIONAMIENTO,PASEOS DE LA PROVIDENCIA,1320,1320,CALLE,PASEOS DE SANTA ELENA,NA,NA,"412,,,",CALLE,PASEOS DE SAN JOSE,7,21,11,23,21:11,false,false,9,ninguna,ND,ND,ND,H,8,0,N,N,0,0,false,0,N,N,14,bicicleta,0,16000,false,1,1,0,NA,NA,0,NA,1,PARADO,NO,HOMBRE,1284,-102.27284357,22.02569308
114220059,0,30422,ROBO PERSONA,ND,7,2025-07-05,27,6,11,COLONIA,ZONA CENTRO,1308,1308,AVENIDA,BENITO JUAREZ,NA,NA,",,,",CALLE,EMILIO CARRANZA PONIENTE,7,15,47,22,15:47,false,false,9,ninguna,ND,ND,ND,ND,8,0,N,N,0,0,false,0,N,N,3,celular,0,0,false,1,1,0,NA,NA,0,NA,1,ND,NO,ND,1285,-102.27276650,22.07779381
64220060,0,30422,ROBO PERSONA,ND,6,2025-06-22,25,7,6,FRACCIONAMIENTO,VALLE DEL VIVERO,1120,1120,CALLE,ND,NA,NA,",,,",CALLE,ND,7,2,57,25,02:57,false,true,8,sin datos,2 HOMBRES VESTIMENTA OSCURA ENCAPUCHADOS,ND,H,M,8,0,N,N,0,0,false,0,MOTOCICLETA,MOTOCICLETA ITALIKA COLOR ROJO,28,dinero,550,550,false,1,1,0,NA,NA,0,NA,1,TRANSITANDO,NO,MENOR,1286,-102.28328144,22.15140213
64220061,0,30422,ROBO PERSONA,ND,6,2025-06-28,26,6,6,COLONIA,ZONA CENTRO,1130,1130,CALLE,FILOMENO MATA,NA,NA,",,,",CALLE,ND,7,14,23,21,14:23,false,false,9,ninguna,2 HOMBRES UNO DE COMPLEXION ROBUSTA ESTATURA 165 TEZ MORENO VISTE DE NEGRO,ND,H,M,8,0,N,N,0,0,false,0,N,N,28,dinero,12000,12000,false,1,1,0,NA,NA,0,NA,1,TRANSITANDO,NO,MUJER,1287,-102.27955632,22.14662909
251329839,0,30421,ROBO PERSONA,ND,7,2025-07-08,28,2,1,FRACCIONAMIENTO,BENITO PALOMINO DENA,220,220,CALLE,ROBERTO JEFKINS RANGEL,NA,NA,",,,",CALLE,JOSE MEDINA,3,21,16,23,21:16,false,true,10,otras,1 HOMBRE USA CASCO NEGRO,ND,H,H,8,0,N,N,0,0,false,0,MOTOCICLETA,MOTOCICELTA COLOR NEGRO,3,celular,0,0,false,1,1,0,NA,NA,0,NA,1,PARADO,NO,MENOR,1288,-102.25097074,21.91461720
251331501,0,30422,ROBO PERSONA,ND,7,2025-07-09,28,3,1,FRACCIONAMIENTO,PROGRESO,209,209,CALLE,JUAN DOMINGUEZ,NA,NA,",,,",CALLE,JUAN DOUGLAS,3,7,43,19,07:43,false,false,9,ninguna,1 HOMBRE,EL GUICHO,ND,H,8,0,N,N,0,0,false,0,N,N,3,celular,0,0,false,1,1,0,NA,NA,0,NA,1,PARADO,NO,HOMBRE,1289,-102.26404155,21.90656345
251333867,0,30422,ROBO PERSONA,ND,7,2025-07-09,28,3,1,NO APLICA,DESARROLLO ESPECIAL PARQUE ECOLOGICO EL CEDAZO,586,586,AVENIDA,PASEO DE LA CRUZ,NA,NA,",,,",CALLE,ESTRELLA POLAR,5,15,57,22,15:57,false,false,9,ninguna,2 HOMBRES CON CAPUCHA UNO VISTE PLAYERA AZUL PANTALON VERDE,ND,H,H,8,0,N,N,0,0,false,0,N,N,3,celular,0,0,false,1,1,0,NA,NA,0,NA,1,PARADO,NO,HOMBRE,1290,-102.26424668,21.87570841
251344111,0,30421,ROBO PERSONA,ND,7,2025-07-11,28,5,5,FRACCIONAMIENTO,VILLAS DE MONTECASINO,1041,1041,CALLE,PASEO DE MONTECASINO,NA,NA,",,,",CALLE,OAOA OABLO VI NORTE,7,9,33,20,09:33,false,true,4,fuego,1 HOMBRE EDAD APROX 33 AÑOS ESTATURA 170 TEZ BLANCA VISTE PLAYERA CAFE Y PANTALON MEZCLILLA,ND,H,M,8,2,N,N,0,0,false,0,MOTOCICLETA,MOTOCICLETA COLOR AZUL MARINO,"3,6,12,29,31,40","celular,tecnologia,ropa,cartera,mohila,tarjeta",0,5000,false,1,4,0,NA,NA,0,NA,1,TRANSITANDO,NO,MUJER,1291,-102.30755548,21.99587029
251347957,0,30422,ROBO PERSONA,NA,7,2025-07-11,28,5,1,FRACCIONAMIENTO,MIRADOR DE LAS CULTURAS II,340,340,AVENIDA,CULTURA NAZCA,NA,NA,",,,",CALLE,LOMA DE LAS CALANDRIAS,3,21,50,24,21:50,false,false,9,ninguna,1 HOMBRE VISTE DE NEGRO TRAE UN CASCO NEGRO,ND,H,M,8,0,N,N,0,0,false,0,MOTOCICLETA,MOTOCICLETA COLOR NEGRO,3,celular,0,3000,false,1,1,0,NA,NA,0,NA,1,TRANSITANDO,NO,MUJER,1292,-102.24357066,21.91408141
251349776,0,30421,ROBO PERSONA,ND,7,2025-07-12,28,6,1,FRACCIONAMIENTO,LOMAS DEL COBANO,277,277,CALLE,OSA MENOR,NA,NA,"1025,,,",CALLE,LOMA CHICA,3,2,1,25,02:01,false,true,1,cortante,2 HOMBRES UNO VISTE SUDADERA GRIS Y OTRO SUDADERA BLANCA,ND,H,M,8,0,N,N,0,0,false,0,N,N,3,celular,0,0,false,1,1,0,NA,NA,0,NA,1,TRANSITANDO,NO,MUJER,1293,-102.27430755,21.90367172
251353008,0,30422,ROBO PERSONA,ND,7,2025-07-12,28,6,1,FRACCIONAMIENTO,BALCONES DE ORIENTE,376,376,CALLE,SAN FRANCISCO DE LOS VIVEROS,NA,NA,",,,",AVENIDA,POLIDUCTO,4,16,48,22,16:48,false,true,10,otras,2 HOMBRES UNO USA LENTES CON CACHUCHA COLOR ESTATURA ALTO COMPLEXION DELGADO EL OTRO VISTE PLAYERA BEIGE PANTALON AZUL C,ND,H,H,8,0,N,N,0,0,false,0,N,N,"6,15,31","tecnologia,joyeria,mochila",0,2000,false,1,1,0,NA,NA,0,NA,1,TRANSITANDO,NO,MENOR,1294,-102.24267365,21.88154001
251356261,0,30421,ROBO PERSONA,ND,7,2025-07-13,28,7,1,FRACCIONAMIENTO,LA LOMITA,270,270,CALLE,PALMA ABANICO,NA,NA,",,,",CALLE,PALMA PALMIRA,5,0,28,25,00:28,false,true,1,cortante,ND,ND,H,M,8,0,N,N,1,0,false,0,N,N,"3,26,28","celular,bolso,dinero",1000,1000,false,1,1,0,NA,NA,0,NA,1,ND,NO,MUJER,1295,-102.23988779,21.86102614
251358171,0,30421,ROBO PERSONA,ND,7,2025-07-13,28,7,1,FRACCIONAMIENTO,BALCONES DE ORIENTE,376,376,CALLE,SAN FRANCISCO DE LOS VIVEROS,NA,NA,"12,,,",AVENIDA,VALLARTA,4,4,51,26,04:51,false,true,3,contusa,ND,ND,ND,H,6,0,N,N,0,0,false,0,N,N,3,celular,0,0,false,1,1,0,NA,NA,0,NA,1,ND,NO,HOMBRE,1296,-102.23660108,21.88379124
251358338,0,30421,ROBO PERSONA,ND,7,2025-07-13,28,7,1,FRACCIONAMIENTO,BENITO PALOMINO DENA,220,220,CALLE,DOCTOR ALFONSO RODRIGUEZ FRANCO,NA,NA,",,,",BOULEVARD,GUADALUPANO,3,6,1,19,06:01,true,true,1,cortante,2 HOMBRES UNO VISTE CHAMARRA BLANCA Y EL OTRO CHAMARRA ROJA,ND,H,H,8,0,N,N,0,0,false,0,N,N,3,celular,0,5000,false,1,1,0,NA,NA,0,NA,1,ND,NO,HOMBRE,1297,-102.24582125,21.91732878
251360055,0,30421,ROBO PERSONA,ND,7,2025-07-13,28,7,1,FRACCIONAMIENTO,"VILLA DE NUESTRA SEÑORA DE LA ASUNCION, SECTOR SAN MARCOS",580,580,AVENIDA,POLIDUCTO,NA,NA,",,,",CALLE,VALLE DE LOS ROMEROS,3,13,38,21,13:38,false,true,2,cortante,1 HOMBRE VISTE CAMISETA BLANCA PANTALOS NEGRO DE ASPECTO PEPENADOR,NA,H,H,8,1,N,N,0,0,false,0,N,N,3,celular,0,1000,false,1,4,0,NA,NA,0,NA,1,ND,NO,HOMBRE,1298,-102.26598100,21.93051836
251363587,0,30421,ROBO PERSONA,ND,7,2025-07-13,28,7,1,FRACCIONAMIENTO,LOS PIRULES,101,101,ANDADOR,CLAVELES,NA,NA,",,,",ANDADOR,BUGAMBILIAS,2,22,25,24,22:25,false,true,1,cortante,VARIOS HOMBRES,ND,H,H,8,0,N,N,0,0,false,0,N,N,"3,12","calular,ropa",0,6000,false,1,1,0,NA,NA,0,NA,1,ND,NO,HOMBRE,1299,-102.31938740,21.86817643
251363622,0,30421,ROBO PERSONA,ND,7,2025-07-13,28,7,1,FRACCIONAMIENTO,CERRO ALTO,696,696,CALLE,CERRO DEL PIÑAR,NA,NA,",,,",AVENIDA,SIGLO XXI,3,22,28,24,22:28,false,true,"1,3","cortante,contusa",1 HOMBRE VISTE PLAYERA Y BERMUDA NEGROS TRAE UNA MOCHILA DE PIEL COLOR NEGRO,ND,H,H,8,0,N,N,1,0,false,0,N,N,"3,30,31","celular,llaves,mochila",0,0,false,1,1,0,NA,NA,0,NA,1,TRANSITANDO,NO,HOMBRE,1300,-102.26144329,21.91627536
251365338,0,30421,ROBO PERSONA,MARIPOSA,7,2025-07-14,29,1,5,LOCALIDAD,CORRAL DE BARRANCOS,951,951,BOULEVARD,MIGUEL DE LA MADRID,NA,NA,",,,",CALLE,PRIMAVERA,7,5,30,26,05:30,false,true,10,otras,2 HOMBRES VISTEN DE NEGRO Y ESTABAN ENCAPUCHADOS,ND,H,H,8,0,N,N,0,0,false,0,N,N,14,bicicleta,0,7000,false,1,1,0,NA,NA,0,NA,1,TRANSITANDO,NO,HOMBRE,1301,-102.32860860,21.94414459
251345490,0,30446,ROBO PERSONA,RATON,7,2025-07-11,28,5,1,FRACCIONAMIENTO,RODOLFO LANDEROS GALLEGOS,226,226,CALLE,VIRGINIA OFELIA MARTINEZ,NA,NA,"105,,,",CALLE,ALICIA DIAZ DE LEON,4,14,44,21,14:44,false,false,9,ninguna,1 HOMBRE VISTE PLAYERA BLANCA PANTALON MEZCLILLA,ND,H,M,8,0,N,N,0,0,false,0,MOTOCICLETA,MOTOCICLETA COLOR GRIS CON CAJA DE REPARTO COLOR NEGRO,3,celular,0,8500,false,1,1,0,NA,NA,0,NA,1,PARADO,NO,MUJER,1302,-102.25240788,21.90024293
251349363,0,30446,ROBO PERSONA,ND,7,2025-07-12,28,6,1,FRACCIONAMIENTO,RODOLFO LANDEROS GALLEGOS,226,226,CALLE,ESTHELA ALDANA,NA,NA,"510,,,",CALLE,ELENA CUELLAR AJURIA,4,0,42,25,00:42,false,false,9,ninguna,3 HOMBRES,ND,H,H,8,0,N,N,0,0,false,0,N,N,3,celular,0,0,false,1,1,0,NA,NA,0,NA,1,TRANSITANDO,NO,HOMBRE,1303,-102.25201749,21.90193808
251351381,0,30446,ROBO PERSONA,MARIPOSA,7,2025-07-12,28,6,5,FRACCIONAMIENTÓ,VILLA CAMPESTRE,976,976,CALLE,ALBURQUEQUE,NA,NA,"207,,,",CALLE,MONTGRI,7,11,44,20,11:44,false,false,9,ninguna,ND,ND,ND,M,8,0,N,N,0,0,false,0,N,N,14,bicicleta,0,4500,false,1,1,0,NA,NA,0,NA,1,PARADO,NO,MUJER,1304,-102.32411793,21.94928635
251355181,0,10208,ROBO PERSONA,ND,7,2025-07-12,28,6,1,COLONIA,LAS FLORES,266,266,CALLE,AMAPOLAS,NA,NA,"219,,,",CALLE,LAURELES,2,22,29,24,22:29,false,true,"1,3","cortante,contusa",VARIOS HOMBRES,ND,H,H,8,0,N,N,1,0,false,0,N,N,3,celular,0,4000,false,1,53,0,NA,NA,0,NA,1,PARADO,NO,HOMBRE,1305,-102.30675627,21.87207932
251365331,0,30446,ROBO PERSONA,MARIPOSA,7,2025-07-14,29,1,5,FRACCIONAMIENTO,VILLA NATTY,973,973,CERRADA,BELEN,NA,NA,"142,,,",CALLE,DE LA NATIVIDAD,7,20,0,23,20:00,false,false,9,ninguna,1 HOMBRE,ND,H,H,8,0,N,N,0,0,false,0,N,N,14,bicicleta,0,7000,false,1,1,0,NA,NA,0,NA,1,PARADO,NO,HOMBRE,1306,-102.31232937,21.94360435
251369637,0,30421,ROBO PERSONA,ND,7,2025-07-14,29,1,1,ESPECIAL,PARQUE LA PONA,524,524,AVENIDA,CANAL INTERCEPTOR,NA,NA,",,,",CALLE,BOAQUES DE LA ALAMEDA,4,20,0,23,20:00,false,true,1,cortante,2 HOMBRES AMBOS VISTEN DE NEGRO UNO CON PASAMONTAÑAS Y CON LOS BRAZOS TATUADOS,ND,H,H,8,0,N,N,0,0,false,0,N,N,3,celular,0,4000,false,1,1,0,NA,NA,0,NA,1,ND,NO,MENOR,1307,-102.26840541,21.88978372
251370309,0,30421,ROBO PERSONA,ND,7,2025-07-14,29,1,1,ESPECIAL,TRES CENTURIAS ESPECIAL,614,614,AVENIDA,MANUEL GOMEZ MORIN,NA,NA,",,,",CALLE,GENERAL ENRIQUE ESTRADA,4,22,2,24,22:02,false,true,4,fuego,1 HOMBRE VISTE CAMISA AZUL PALIACATE VERDE GORRA NEGRO CON ROJO,ND,H,H,8,0,N,N,0,0,false,0,N,N,"3,12,29,31","celular,ropa,cartera,mochila",0,0,false,1,1,0,NA,NA,0,NA,1,ND,NO,HOMBRE,1308,-102.28414499,21.89509490
251371552,0,30421,ROBO PERSONA,ND,7,2025-07-15,29,2,1,FRACCIONAMIENTO,EJIDO CUMBRES,210,210,CALLE,PAULA DE JESUS JIMENEZ YAÑEZ,NA,NA,",,,",CALLE,GUADALUPE ALVARADO,4,5,31,26,05:31,false,true,3,contusa,2 HOMBRES UNO VISTE SUDADERA ROJA Y EL OTRO SUDADERA AZUL MARINO,ND,H,H,8,0,N,N,0,0,false,0,N,N,"28,29","dinero,cartera",100,100,false,1,1,0,NA,NA,0,NA,1,TRANSITANDO,NO,HOMBRE,1309,-102.25706099,21.90397925
251367084,0,30446,ROBO PERSONA,ND,7,2025-07-14,29,1,1,COLONIA,BUENOS AIRES,235,235,CALLE,OCEANIA,NA,NA,",,,",CALLE,FERNANDO HERNANDEZ LEDEZMA,6,12,54,21,12:54,false,false,9,ninguna,ND,ND,ND,H,8,0,N,N,0,0,false,0,N,N,3,celular,0,0,false,1,1,0,NA,NA,0,NA,1,ND,NO,HOMBRE,1310,-102.30500779,21.89562855
251369763,0,30446,ROBO PERSONA,MARIPOSA,7,2025-07-14,29,1,1,FRACCIONAMIENTO,PASEOS DEL SUR,634,634,CALLE,LOMBARDIA,NA,NA,",,,",CALLE,PASEOS DEL ATARDECER,5,20,46,23,20:46,false,false,9,ninguna,1 HOMBRE VISTE PLAYERA NEGRA PANTALON MEZCLILLA,ND,H,H,8,0,N,N,0,0,false,0,N,N,14,bicicleta,0,0,false,1,1,0,NA,NA,0,NA,1,PARADO,NO,HOMBRE,1311,-102.27473754,21.81620920
251370799,0,30446,ROBO PERSONA,ND,7,2025-07-14,29,1,1,COLONIA,VICENTE GUERRERO,489,489,AVENIDA,VICENTE GUERRERO,NA,NA,"408,,,",CALLE,LEONA VICARIO,2,23,32,24,23:32,false,false,9,ninguna,HOMBRE CONDUCTOR DE UBER DE COMPLEXION ROBUSTA CON CALVICIE VISTE PLAYERA BLANCA PANTALON MEZCLILLA,ND,H,H,8,0,N,N,0,0,false,0,UBER,COCHE COLOR BLANCO,3,celular,0,12000,false,1,1,0,NA,NA,0,NA,1,PARADO,NO,HOMBRE,1312,-102.31217255,21.84688620
64220062,0,30422,ROBO PERSONA,ND,7,2025-07-04,27,5,6,RURAL,SANTIAGO,1137,1137,CALLE,VENUSTIANO CARRANZA,NA,NA,",,,",CALLE,BENITO JUAREZ,7,16,15,22,16:15,false,true,1,cortante,1 HOMBRE,EL TINTAN,H,H,8,0,N,N,0,0,false,0,N,N,3,celular,0,0,false,1,1,0,NA,NA,0,NA,1,ND,NO,MENOR,1313,-102.33705417,22.11400596
251352275,0,30904,ROBO PERSONA,ND,7,2025-07-12,28,6,1,FRACCIONAMIENTO,PASEOS DE SAN ANTONIO,634,634,AVENIDA,PASEOS DE SAN ANTONIO,NA,NA,",,,",CALLE,TRENTO,5,14,23,21,14:23,true,true,10,otras,1 HOMBRE TEZ BLANCA PELO NEGRO VISTE PLAYERA BLANCA PANTALON NEGRO,ND,H,H,8,0,N,N,0,0,false,0,MOTOCICLETA,MOTOCICLETA MOTOCROSS COLOR NEGRO,"3,28","celular,dinero",0,0,false,1,1,0,NA,NA,0,NA,1,TRANSITANO,NO,HOMBRE,1314,-102.27176890,21.81075655
251374872,0,30422,ROBO PERSONA,ND,7,2025-07-15,29,2,1,FRACCIONAMIENTO,MEXICO,624,624,CALLE,TABASCO,NA,NA,",,,",CALLE,TAMAULIPAS,5,18,5,22,18:05,false,false,9,ninguna,2 HOMBRES UNO DE ELLOS VISTE CACHUCHA SUDADERA CON CAPUCHA TIENE BARBA ESTATURA 165 EL OTRO VISTE CAMISA GRIS Y PANTALON,ND,H,H,8,0,N,N,0,0,false,0,N,N,3,celular,0,0,false,1,1,0,NA,NA,0,NA,1,ND,NO,HOMBRE,1315,-102.28119154,21.85773824
251376806,0,30421,ROBO PERSONA,ND,7,2025-07-16,29,3,1,COLONIA,OJO DE AGUA,621,621,AVENIDA,DE LA CONVENCION DE 1914 SUR,NA,NA,",,,",AVENIDA,FERROCARRIL,5,0,0,25,00:00,false,true,1,conrtante,2 HOMBRES UNO VISTE SUDADERA NEGRA OTRO SUDADERA AMARILLA AMBOS DE COMPLEXIO DELGADA,ND,H,H,8,0,N,N,0,0,false,0,N,N,"29,31","cartera,mochila",0,0,false,1,1,0,NA,NA,0,NA,1,ND,NO,HOMBRE,1316,-102.27816410,21.86770088
251376885,0,30422,ROBO PERSONA,ND,7,2025-07-16,29,3,1,FRACCIONAMIENTO,MUJERES ILUSTRES,457,457,AVENIDA,POLIDUCTO,NA,NA,",,,",CALLE,JOSE MARIA DOLORES JIMENEZ Y MURO,5,0,18,25,00:18,false,false,9,minguna,3 HOMBRES VISTEN CHAMARRAS TIPO ROMPE VIENTOS,ND,H,H,8,0,N,N,0,0,false,0,N,N,3,celular,0,9000,false,1,1,0,NA,NA,0,NA,1,ND,NO,HOMBRE,1317,-102.25284135,21.84988206
251377268,0,30421,ROBO PERSONA,ND,7,2025-07-16,29,3,1,FRACCIONAMIENTO,OJOCALIENTE III,191,191,CALLE,SAN FRANCISCO DE LOS VIVEROS,NA,NA,",,,",AVENIDA,SIGLO XXI,4,3,22,26,03:26,true,true,1,cortante,3 HOMBRES UNO VISTE SUDADERA NEGRA PANTALON BLANCO,ND,H,H,8,0,N,N,0,0,false,0,N,N,39,sin datos,0,0,false,1,2,0,NA,NA,0,NA,1,ND,NO,HOMBRE,1318,-102.24808627,21.87973478
251377503,251377621,30421,ROBO PERSONA,ND,7,2025-07-16,29,3,1,CONDOMINIO,JARDINES DEL LAGO,178R,0,BOULEVARD,JUAN PABLO II,NA,NA,",,,",CALLE,LOMAS ALTAS,2,6,31,19,06:31,true,true,1,cortante,1 HOMBRE VISTE PANTALON CORTO DE MILITAR SUDADERA AZUL Y TRAE MOCHILA,JUAN CARLOS AMADOR 20 AÑOS DOMICILIO CORRAL DE BARRANCOS JESUS MARIA,H,M,8,1,N,N,0,0,false,0,N,N,15,joyeria,0,0,true,1,4,0,NA,NA,0,NA,1,TRANSITANDO,NO,HOMBRE,1319,-102.34229405,21.85877254
251382363,0,30421,ROBO PERSONA,ND,7,2025-07-16,29,3,1,COLONIA,TIERRA Y LIBERTAD,655,655,CALLE,RUBEN JARAMILLO,NA,NA,"114,,,",CALLE,FRANCISCO VILLA,4,21,30,24,21:30,false,true,4,fuego,1 HOMBRE,JOSE SALVADOR GUERRERO GARCIA ALIAS EL MOCO,H,H,8,0,N,N,0,0,false,0,N,N,11,herramienta,0,0,false,0,0,0,NA,NA,0,NA,1,ND,NO,HOMBRE,1320,-102.20684030,21.85819749
251382850,0,30421,ROBO PERSONA,ND,7,2025-07-16,29,3,1,FRACCIONAMIENTO,LAS CUMBRES,218,218,CALLE,PICACHO ORIENTE,NA,NA,"609,,,",CALLE,GUADALUPE SERNA DIAZ,3,22,49,24,22:49,false,true,8,otras,1 HOMBRE,EL CHINO,H,H,3,0,N,N,0,0,false,0,N,N,3,celular,0,4000,false,1,1,0,NA,NA,0,NA,1,TRANSITANDO,NO,HOMBRE,1321,-102.26211226,21.90958072
251375406,0,30446,ROBO PERSONA,ND,7,2025-07-15,29,2,1,FRACCIONAMIENTO,EJIDO CUMBRES,210,210,BOULEVARD,GUADALUPANO,NA,NA,",,,",AVENIDA,POLIDUCTO,3,20,7,23,20:07,false,false,9,ninguna,1 HOMBRE,ND,H,H,3,0,N,N,0,0,false,0,N,N,6,tecnologia,0,0,false,1,1,0,NA,NA,0,NA,1,PARADO,NO,HOMBRE,1322,-102.25220820,21.91225097
251379879,0,30446,ROBO PERSONA,MARIPOSA,7,2025-07-16,29,3,1,COLONIA,SAN PEDRO,89,89,CALLE,QUERIDO MOHENO,NA,NA,"217,,,",CALLE,ESTANISLAO MEDINA,2,15,2,21,15:02,false,false,9,ninguna,ND,ND,ND,H,8,0,N,N,0,0,false,0,N,N,14,bicicleta,0,0,false,1,2,0,NA,NA,0,NA,1,PARADO,NO,HOMBRE,1323,-102.29599489,21.84304000
251380547,0,30446,ROBO PERSONA,MARIPOSA,7,2025-07-16,29,3,1,FRACCIONAMIENTO,LOMA BONITA,176,176,CALLE,HEROES DE CHAPULTEPEC,NA,NA,"123,,,",CALLE,ARTICULO 123,2,17,10,22,17:10,false,false,9,ninguna,ND,ND,H,H,8,0,N,N,0,0,false,0,N,N,14,bicicleta,0,0,false,1,2,0,NA,NA,0,NA,1,PARADO,NO,HOMBRE,1324,-102.33949131,21.85520059
251381751,0,30446,ROBO PERSONA,ND,7,2025-07-16,29,3,5,COLONIA,EL TORITO,1071,1071,AVENIDA,ALEJANDRO DE LA CRUZ SAUCEDO,NA,NA,",,,",CALLE,15 DE SEPTIEMBRE,7,20,1,23,20:01,false,false,9,ninguna,1 MUJER,LA CHUYA,M,H,5,0,N,N,0,0,false,0,N,N,3,celular,0,1500,false,1,1,0,NA,NA,0,NA,1,PARADO,NO,HOMBRE,1325,-102.35409736,21.96979985
251384836,0,30446,ROBO PERSONA,MARIPOSA,7,2025-07-17,29,4,1,FRACCIONAMIENTO,CASABLANCA,625,625,CALLE,TENOCHTITLAN,NA,NA,"217,,,",CALLE,CASA BLANCA,5,11,0,20,11:00,false,false,9,ninguna,ND,ND,ND,M,8,0,N,N,0,0,false,0,N,N,14,bicicleta,0,0,false,1,2,0,NA,NA,0,NA,1,PARADO,NO,MUJER,1326,-102.27495438,21.85669340
251319437,0,30907,ROBO PERSONA,ND,7,2025-07-07,28,1,9,COMUNIDAD,CALDERA,754R,0,CARRETERA,4 CARBONERAS VILLA JUAREZ,4,NA,",,,",CALLE,N,7,2,44,25,02:44,false,true,"1,4","cortante,fuego",6 HOMBRES Y 4 MUJERES,ND,A,H,8,0,N,N,0,0,false,0,COCHE Y CAMIONETA,COCHE CHALANGER CLOR GRIS Y CAMIONETA EXPLORER COLOR NEGRO,28,dinero,2000,2000,false,1,1,0,NA,NA,0,NA,1,PARADO,SI,HOMBRE,1327,-102.20740234,22.16341812
251354675,0,50305,ROBO PERSONA,TRANSPORTISTA,7,2025-07-12,28,6,1,COLONIA,OJO DE AGUA,621,621,AVENIDA,DE LA CONVENCION DE 1914 SUR,NA,NA,",,,",AVENIDA,FERROCARRIL,5,19,43,23,19:43,false,false,9,ninguna,2 HOMBRES UNO VISTE PLAYERA AZUL PANTALON MEZCLILLA EL OTRO PLAYERA CREMA PANTALON BLANCO,ND,H,H,8,0,N,N,0,0,false,0,N,N,"3,28","celular,dinero",3000,4800,false,1,1,0,NA,NA,0,NA,1,PARADO,NO,HOMBRE,1328,-102.27777312,21.86781960
251350280,0,50102,ROBO PERSONA,TRANSPORTISTA,7,2025-07-12,28,6,6,RURAL,MIGUEL ALEMAN (SECADORA),1142,1142,CARRETERA,45 AGUASCALIENTES ZACATECAS,28,NA,",,,",CALLE,N,7,5,39,26,05:39,false,false,9,ninguna,2 HOMBRES UNO VISTE SUDADERA GRIS EL OTRO VISTE SUDADERA GUINDA,ND,H,H,8,0,N,N,0,0,false,0,N,N,28,dinero,500,500,false,1,1,0,NA,NA,0,NA,1,PARADO,SI,HOMBRE,1329,-102.28311956,22.12368386
251385157,0,30422,ROBO PERSONA,ND,7,2025-07-17,29,4,1,FRACCIONAMIENTO,"VILLA DE NUESTRA SEÑORA DE LA ASUNCION, SECTOR GUADALUPE",342,342,CALLE,CELIA MARIA MARTINEZ,NA,NA,"304,A,,",CALLE,FELIPE DE UREÑA,3,11,59,20,11:59,false,false,9,ninguna,1 HOMBRE,ND,H,M,8,0,N,N,0,0,false,0,N,N,3,celular,0,0,false,1,1,0,NA,NA,0,NA,1,ND,NO,MUJER,1330,-102.25365308,21.93140437
251386518,0,30422,ROBO PERSONA,ND,7,2025-07-17,29,4,1,FRACCIONAMIENTO,OJOCALIENTE III,191,191,CALLE,SAN PEDRO,NA,NA,",,,",CALLE,SAN FRANCISCO DE LOS VIVEROS,4,16,24,22,16:24,false,false,9,ninguna,1 HOMBRE VISTE PLAYERA COLOR BLANCA PANTALON BLANCO,ND,H,M,8,0,N,N,0,0,false,0,N,N,3,celular,0,5000,false,1,1,0,NA,NA,0,NA,1,PARADO,NO,MUJER,1331,-102.24579923,21.88037482
251387265,0,30421,ROBO PERSONA,ND,7,2025-07-17,29,4,1,EJIDO,SALTO DE OJOCALIENTE,181,181,CALLE,GENERAL IGNACIO ALLENDE,NA,NA,",,,",CALLE,CASCAN,5,18,39,22,18:39,false,true,"1,3","cortante,contusa",2 HOMBRES UNO VISTE CHALECO AZUL MARINO GORRA BLANCA CON ROJO EL OTR VISTE DE NEGRO,ND,H,H,8,0,N,N,0,0,false,0,N,N,"15,28,29","joyeria,dinero,cartera",800,2600,false,1,1,0,NA,NA,0,NA,1,PARADO,NO,HOMBRE,1332,-102.24920254,21.86578973
251388317,0,30421,ROBO PERSONA,ND,7,2025-07-17,29,4,5,NINGUNO,LADRILLERA,974,974,CALLE,ZARAGOZA,NA,NA,",,,",AVENIDA,SIGLO XXI,7,20,31,23,20:31,false,true,"3,8","contusa,otras",1 HOMBRE,ND,H,H,8,0,N,N,1,0,true,0,BICICLETA,BICICLETA,"3,38","celular,otros",0,0,false,1,1,0,NA,NA,0,NA,1,TRANSITANDO,NO,HOMBRE,1333,-102.30854187,21.94574104
251389577,0,30421,ROBO PERSONA,ND,7,2025-07-17,29,4,1,FRACCIONAMIENTO,VILLA LAS PALMAS II,365,365,CALLE,VILLA OBREGON,NA,NA,",,,",CALLE,VILLA ALEJANDRA,5,23,1,24,23:01,false,true,3,contusa,ND,ND,ND,H,8,0,N,N,1,0,false,0,N,N,"3,12,15","celular,ropa,joyeria",0,0,false,1,1,0,NA,NA,0,NA,1,ND,NO,HOMBRE,1334,-102.23207637,21.86282026
251386698,0,30446,ROBO PERSONA,DESPENSA,7,2025-07-17,29,4,1,FRACCIONAMIENTO,INSURGENTES,161,161,CALLE,GENERAL JULIAN MEDINA,NA,NA,"910,,,",CALLE,SERAPIO RENDON,2,16,53,22,16:53,false,false,9,ninguna,1 HOMBRE VISTE PLAYERA GRIS,ND,H,M,8,0,N,N,0,0,false,0,MOTOCICLETA,MOTOCICLETA ITLAIKA COLOR BLANCO,3,celular,0,0,false,1,1,0,NA,NA,0,NA,1,PARADO,NO,HOMBRE,1335,-102.30710399,21.84672481
251392329,0,30422,ROBO PERSONA,ND,7,2025-07-18,29,5,1,NO APLICA,DESARROLLO ESPECIAL OJOCALIENTE,578,578,CALLE,LOS CONOS,NA,NA,",,,",AVENIDA,AGUASCALIENTES ORIENTE,4,13,5,21,13:05,true,false,9,ninguna,2 MUJERES,ND,M,H,8,2,N,N,0,0,false,0,N,N,"28,29,40","dinero,cartera,tarjeta",3000,3000,true,1,4,0,NA,NA,0,NA,1,PARADO,NO,HOMBRE,1336,-102.25390725,21.87679900
251392544,0,30422,ROBO PERSONA,ND,7,2025-07-18,29,5,5,COLONIA,LA LOMA,894,894,CALLE,FELICIANO MARTINEZ CRUZ,NA,NA,",,,",CALLE,HIGINIO CHAVEZ MARMOLEJO,7,13,27,21,13:27,false,true,1,cortante,1 HOMBRE,EL CHATO EL RATERO,H,H,8,0,N,N,0,0,false,0,BICICLETA,BICICLETA DESPINTADA,3,celular,0,1700,false,1,1,0,NA,NA,0,NA,1,PARADO,NO,HOMBRE,1337,-102.34862287,21.94930105
251392490,0,30446,ROBO PERSONA,ND,7,2025-07-16,29,3,9,COMUNIDAD,OJO DE AGUA DE LOS MONTES,1251,1251,CALLE,FRANCISCO I MADERO,NA,NA,",,,",CALLE,FRANCISCO JAVIER MINA,7,27,0,27,Sin datos,false,false,9,ninguna,ND,ND,ND,H,8,0,N,N,0,0,false,0,N,N,3,celular,0,0,false,1,1,0,NA,NA,0,NA,1,TRANSITANDO,NO,HOMBRE,1338,-102.18922015,22.29733671
251392780,0,30446,ROBO PERSONA,ND,7,2025-07-17,29,4,1,FRACCIONAMIENTO,MORELOS II,188,188,CALLE,MARIANO HIDALGO,NA,NA,",,,",CALLE,JOSE GONZALEZ CARRILLO,5,14,36,21,14:36,false,false,9,ninguna,1 mujer,ND,M,H,8,0,N,N,0,0,false,0,N,N,3,celular,0,8000,false,1,1,0,NA,NA,0,NA,2,PARADO,NO,MUJER,1339,-102.25662385,21.85142512
251395453,0,30422,ROBO PERSONA,ND,7,2025-07-18,29,5,5,CONDOMINIO,PASO DE ARGENTA,916,916,AVENIDA,PANAMERICANA,NA,NA,",,,",CALLE,MERCURIO,7,21,45,24,21:45,false,false,9,ninguna,ND,ND,ND,H,8,0,N,N,0,0,false,0,N,N,39,sin datos,0,0,false,1,1,0,NA,NA,0,NA,1,PARADO,NO,HOMBRE,1340,-102.28871795,21.99152050
251395512,0,30422,ROBO PERSONA,ND,7,2025-07-18,29,5,1,COMUNIDAD,EL MALACATE,25,25,CALLE,AMALAIA GOMEZ ZEPEDA,NA,NA,",,,",CALLE,N,5,21,52,24,21:52,false,true,10,otras,2 HOMBRES,ND,H,H,8,0,N,N,0,0,false,0,N,N,"3,31","celular,mochila",0,0,false,1,2,0,NA,NA,0,NA,1,TRANSITANDO,NO,HOMBRE,1341,-102.23842840,21.83629523
251395547,0,30421,ROBO PERSONA,ND,7,2025-07-18,29,5,5,FRACCIONAMIENTO,VALLE DE MARGARITAS,918,918,CALLE,CLAVEL,NA,NA,"202,,,",CALLE,ORQUIDEA,7,21,57,24,21:57,false,false,9,ninguna,ND,ND,H,M,8,0,N,N,0,0,false,0,N,N,"28,29","dinero,cartera",900,900,false,1,1,0,NA,NA,0,NA,1,TRANSITANDO,NO,MUJER,1342,-102.29060224,21.99087533
251395638,0,30422,ROBO PERSONA,ND,7,2025-07-18,29,5,5,FRACCIONAMIENTO,INFONAVIT MARGARITAS,912,912,CALLE,DEL TERCIOPELO,NA,NA,"165,,,",CALLE,ISIDRO RODRIGUEZ,7,22,9,24,22:09,false,false,9,ninguna,ND,ND,ND,H,8,0,N,N,0,0,false,0,N,N,39,sin datos,0,0,false,1,2,0,NA,NA,0,NA,1,ND,NO,HOMBRE,1343,-102.29164254,21.98852856
251396048,0,30421,ROBO PERSONA,ND,7,2025-07-18,29,5,5,COLONIA,OJOS DE AGUA,1050,1050,CALLE,SAN LORENZO,NA,NA,",,,",AVENIDA,ALEJANDRO DE LA CRUZ SAUCEDO,7,23,15,24,23:15,false,true,4,fuego,1 HOMBRE,ND,H,A,8,0,N,N,0,0,false,0,N,N,"3,15,29","celular,joyeria,cartera",0,0,false,1,1,0,NA,NA,0,NA,1,TRANSITANDO,NO,AMBOS,1344,-102.35414895,21.96100048
251396825,0,30421,ROBO PERSONA,ND,7,2025-07-19,29,6,1,ESPAECIAL,UGASA,540,540,CALLE,SILVESTRE GOMEZ,NA,NA,",,,",AVENIDA,UNIVESRSIDAD,6,1,34,25,01:34,false,true,3,cotusa,3 HOMBRES,ND,H,H,8,0,N,N,1,0,false,0,N,N,39,sin datos,0,0,false,1,1,0,NA,NA,0,NA,1,ND,NO,HOMBRE,1345,-102.31022635,21.90778824
251406272,0,30421,ROBO PERSONA,MARIPOSA,7,2025-07-20,29,7,1,COLONIA,FRANCISCO GUEL JIMENEZ,612,612,AVENIDA,MANUEL GOMEZ MORIN,NA,NA,",,,",AVENIDA,DE LA CONVENCION DE 1914 NORTE,3,8,40,19,08:40,false,true,10,otras,2 HOMBRES UNO PLAYERA DE AMERICANO COLOR BLANCO EL OTRO DE ESTATURA ALTO VISTE DE BLANCO,ND,H,H,8,0,N,N,0,0,false,0,N,N,14,bicicleta,0,0,false,1,1,0,NA,NA,0,NA,1,TRANSITANDO,NO,HOMBRE,1346,-102.28540642,21.90237632
251410539,0,30422,ROBO PERSONA,ND,7,2025-07-20,29,7,1,FRACCIONAMIENTO,LA FLORIDA I,443,443,CALLE,ACEITILLA,NA,NA,"241,,,",CALLE,MARTIN PESCADOR,3,21,7,23,21:07,false,true,1,cortante,3 HOMBRES UNO VISTA CACHUCHA BLANCA CAMMISA NEGRO Y TRAE PASAMONTAÑAS,ND,H,H,8,0,N,N,0,0,false,0,N,N,28,dinero,800,800,false,1,1,0,NA,NA,0,NA,1,TRANSITANDO,NO,HOMBRE,1347,-102.24236327,21.92297001
251410548,0,30421,ROBO PERSONA,MARIPOSA,7,2025-07-20,29,7,1,COMUNIDAD,SAN IGNACIO,536,536,CALLE,PASEOS DE LOS OLIVOS,NA,NA,"100,,,",CALLE,FRANCISCO VILLA,6,21,8,23,21:08,false,true,1,cortante,2 HOMBRES,EL PILLIN Y EL MICHEL,H,H,8,0,N,N,0,0,false,0,N,N,"12,14","ropa,bicicleta",0,8000,false,1,2,0,NA,NA,0,NA,1,PARADO,NO,HOMBRE,1348,-102.34157674,21.89034835
251399393,0,30446,ROBO PERSONA,ND,7,2025-07-19,29,6,1,COLONIA,ZONA CENTRO,501,501,CALLE,LICENCIADO BENITO JUAREZ,NA,NA,",,,",CALLE,UNION,1,13,18,21,13:18,false,false,9,ninguna,1 MUJER VISTE PLAYERA FLOREADA PANTALON MEZCLILLA,ND,M,M,8,0,N,N,0,0,false,0,N,N,"28,29,40","dinero,cartera,tarjeta",1000,1000,false,1,1,0,NA,NA,0,NA,1,PARADO,NO,MUJER,1349,-102.29652228,21.88457938
251399711,0,30446,ROBO PERSONA,ND,7,2025-07-19,29,6,1,COLONIA,ZONA CENTRO,501,501,CALLE,JUAN DE MONTORO,NA,NA,"104,,,",CALLE,CRISTOBAL COLON,1,14,9,21,14:09,false,false,9,ninguna,ND,ND,ND,M,8,0,N,N,0,0,false,0,N,N,"28,29,40","dinero,cartera,tarjeta",800,800,false,1,1,0,NA,NA,0,NA,1,PARADO,NO,MUJER,1350,-102.29527266,21.88052736
251401968,0,30446,ROBO PERSONA,ND,7,2025-07-19,29,6,1,COLONIA,OBRAJE,518,518,AVENIDA,LICENCIADO ADOLFO LOPEZ MATEOS PONIENTE,NA,NA,",,,",CALLE,JOSE F ELIZONDO SUR,1,19,58,23,19:58,false,false,9,ninguna,1 HOMBRE DE ASPECTO INDIGENTE,ND,H,H,8,1,N,N,0,0,false,0,N,N,3,celular,0,0,true,1,4,0,NA,NA,0,NA,1,PARADO,NO,HOMBRE,1351,-102.30102872,21.87713535
251406304,0,30446,ROBO PERSONA,MARIPOSA,7,2025-07-20,29,7,7,FRACCIONAMIENTO,LA ESTANCIA DE CHORA,1172R,0,AVENIDA,RUTA DE LA PLATA,NA,NA,",,,",CALLE,N,7,8,57,19,08:57,false,false,9,ninguna,1 MUJER,ND,M,H,5,0,N,N,0,0,false,0,N,N,14,bicicleta,0,0,false,1,2,0,NA,NA,0,NA,2,PARADO,NO,HOMBRE,1352,-102.30558149,22.23684874
251414047,0,30422,ROBO PERSONA,ND,7,2025-07-21,30,1,5,FRACCIONAMIENTO,SOLAR DE JONACATIQUE,896,896,AVENIDA,ALEJANDRO DE LA CRUZ SAUCEDO,NA,NA,",,,",CALLE,ND,7,11,48,20,11:48,false,false,9,ninguna,1 HOMBRE VISTE DE NEGRO,ND,H,M,8,0,N,N,0,0,false,0,MOTOCICLETA,MOTOCICELTA COLOR NEGRO,3,celular,0,15000,false,1,1,0,NA,NA,0,NA,1,TRANSITANDO,NO,MUJER,1353,-102.35398853,21.97248067
251414561,0,30421,ROBO PERSONA,ND,7,2025-07-21,30,1,1,BARRIO,TISCAREÑO,61,61,CARRETERA,77 ARELLANO EL RETOÑO,NA,NA,",,,",CALLE,FRESNO,5,13,27,21,13:27,false,true,1,cortante,ND,ND,H,H,8,0,N,N,0,0,false,0,N,N,"3,12","celular,gorra",0,11300,false,1,2,0,NA,NA,0,NA,1,PARADO,SI,HOMBRE,1354,-102.18809161,21.81769266
251414981,0,30422,ROBO PERSONA,ND,7,2025-07-21,30,1,1,FRACCIONAMIENTO,LOMAS DE SANTA ANITA,227,227,AVENIDA,AGUASCALIENTES ORIENTE,NA,NA,",,,",CALLE,ESFUERZO NACIONAL,4,14,43,21,14:43,false,false,9,ninguna,2 HOMBRES UNO VISTE CAMISA CAMISETA NEGRA Y EL OTRO GORRA ROJA,ND,H,H,8,0,N,N,0,0,false,0,COCHE,COCHE COLOR GRIS,3,celular,0,11000,false,1,1,0,NA,NA,0,NA,1,PARADO,NO,HOMBRE,1355,-102.26379420,21.89260805
251415628,0,30421,ROBO PERSONA,ND,7,2025-07-21,30,1,5,FRACCIONAMIENTO,POETAS MEXICANOS,1064R,0,CALLE,MOCTEZUMA,NA,NA,"208,,,",CALLE,TLACAETEL,7,16,46,22,16:46,false,true,3,contusa,3 HOMBRES VISTEN DE NEGRO UNO ESTA TATUADO DE LA CARA EDAD APROX 20 A 25 AÑOS,ND,H,H,8,0,N,N,0,0,false,0,MOTOCICLETA,MOTOCICLETA NEGRA,"3,15,28","celular,joyeria,dinero",250,4250,false,1,2,0,NA,NA,0,NA,1,ND,NO,MENOR,1356,-102.35884460,21.98019125
251418319,0,30421,ROBO PERSONA,ND,7,2025-07-21,30,1,1,FRACCIONAMIENTO,VILLA DE LAS FUENTES,385,385,AVENIDA,LOMA DEL CARDENAL,NA,NA,",,,",AVENIDA,VILLAS DE LAS FUENTES,3,23,10,24,23:10,false,true,10,sin datos,3 HOMBRES 1 MUJER,ND,A,H,8,0,N,N,0,0,false,0,N,N,"3,28","celular,dinero",700,9700,false,1,1,0,NA,NA,0,NA,1,TRANSITANDO,NO,HOMBRE,1357,-102.23985630,21.91126200
251421180,0,30422,ROBO PERSONA,ND,7,2025-07-22,30,2,1,COLONIA,ZONA CENTRO,501,501,CALLE,ALARCON,NA,NA,",,,",CALLE,EMILIANO ZAPATA,1,12,49,21,12:49,false,false,9,ninguna,1 HOMBRE VISTE PLAYERA BLANCA A RAYAS AMARILLAS PANTALON MEZCLILLA,ND,H,H,8,0,N,N,0,0,false,0,N,N,"28,29,40","dinero,cartera,tarjeta",1500,1500,false,1,1,0,NA,NA,0,NA,1,PARADO,NO,HOMBRE,1358,-102.29966822,21.88202322
251423845,0,30421,ROBO PERSONA,ND,7,2025-07-22,30,2,1,FRACCIONAMIENTO,GAMEZ,253,253,AVENIDA,HEROE DE NACOZARI SUR,NA,A,",,,",AVENIDA,LICENCIADO ADOLFO LOPEZ MATEOS ORIENTE,1,20,49,23,20:49,false,true,3,contusa,ND,ND,ND,M,8,0,N,N,0,0,false,0,N,N,3,celular,0,0,false,1,2,0,NA,NA,0,NA,1,PARADO,NO,MUJER,1359,-102.28140296,21.87834764
251424718,0,30422,ROBO PERSONA,ND,7,2025-07-22,30,2,1,FRACCIONAMIENTO,INFONAVIT MORELOS,93,93,CALLE,UXMAL,NA,NA,"115,,,",CALLE,DZILAM,5,22,57,24,22:57,false,true,1,cortante,2 HOMBRES 2 MUJERES,ND,H,H,8,0,N,N,0,0,false,0,N,N,"11,29,40","herramienta,cartera,tarjeta",0,0,false,1,1,0,NA,NA,0,NA,1,TRANSITANDO,NO,HOMBRE,1360,-102.25471437,21.86681112
251424790,0,30421,ROBO PERSONA,ND,7,2025-07-22,30,2,5,COLONIA,CENTRO,938,938,CALLE,CENTENARIO,NA,NA,",,,",CALLE,EMILIANO ZAPATA,7,23,8,24,23:08,false,true,1,cortante,2 HOMBRES,ND,H,H,8,0,N,N,0,0,false,0,N,N,3,celular,0,0,false,1,1,0,NA,NA,0,NA,1,ND,NO,HOMBRE,1361,-102.34394318,21.96134423
251425610,0,30421,ROBO PERSONA,ND,7,2025-07-23,30,3,1,UNIDAD HABITACIONAL,LAZARO CARDENAS,259,259,CALLE,SARH,NA,NA,",,,",CALLE,SAHOP,5,3,45,26,03:45,false,true,2,cortante,2 HOMBRES UNO VISTE SUDADERA NEGRA CON GORROEL OTRO SUDADERA ROJA MABOS TEZ MORENO,ND,H,H,8,0,N,N,0,0,false,0,N,N,3,celular,0,4000,false,1,1,0,NA,NA,0,NA,1,TRANSITANDO,NO,HOMBRE,1362,-102.27940739,21.87532109
251406759,0,30904,ROBO PERSONA,ND,7,2025-07-20,29,7,1,FRACCIONAMIENTO,PASEOS DE SAN ANTONIO,634,634,AVENIDA,RANCHO SAN ANTONIO,NA,NA,",,,",CALLE,TRENTO,5,9,40,20,09:40,false,false,9,ninguna,1 HOMBRE,ND,H,M,8,0,N,N,0,0,false,0,N,N,3,celular,0,0,false,1,1,0,NA,NA,0,NA,2,PARADO,NO,MUJER,1363,-102.27183164,21.81076227
251428950,0,30421,ROBO PERSONA,ND,7,2025-07-23,30,3,7,BARRIO,DE CHORA,1153,1153,CAÑÑE,MOTOLINEA PONIENTE,NA,NA,"928,,,",CALLE,MADROÑO DE LA CRUZ,7,18,42,22,18:42,false,true,1,cortante,1 HOMBRE,EL CACHAS,H,H,8,0,N,N,0,0,false,0,N,N,11,herramienta,0,0,false,1,6,0,NA,NA,0,NA,1,PARADO,NO,HOMBRE,1364,-102.32913258,22.23081295
251429790,0,30421,ROBO PERSONA,ND,7,2025-07-23,30,3,1,FRACCIONAMIENTO,"VILLA DE NUESTRA SEÑORA DE LA ASUNCION, SECTOR GUADALUPE",342,342,CALLE,FELIPE DE UREÑA,NA,NA,"121,,,",CALLE,JOSE E FEMAT GUTIERREZ,3,21,9,23,21:09,false,true,"3,4","contusa,fuego",1 HOMBRE VISTE PLAYERA AMARILLA PANTALON CAFE 1 MUJER VISTE PLAYERA NEGRA CHALECO DE MEZCLILLA Y SHORT,ND,A,M,8,0,N,N,0,0,false,0,N,N,"3,15","celular,joyeria",0,0,false,1,1,0,NA,NA,0,NA,1,PARADO,NO,MUJER,1365,-102.25704885,21.92705741
251430522,0,30421,ROBO PERSONA,ND,7,2025-07-23,30,3,1,FRACCIONAMIENTO,NATURA,371,371,CALLE,FEDERICO MENDEZ,NA,NA,",,,",AVENIDA,GERONIMO DE LA CUEVA,3,23,5,24,23:05,false,true,1,cortante,1 HOMBRE VISTE CON ROPA CAMUFLAGEADA,ND,H,H,8,0,N,N,0,0,false,0,N,N,"12,28,29","ropa,dinero,cartera",2000,2000,false,1,1,0,NA,NA,0,NA,1,ND,NO,HOMBRE,1366,-102.25656661,21.93444262
251430674,0,30421,ROBO PERSONA,MARIPOSA,7,2025-07-23,30,3,1,FRACCIONAMIENTO,NAZARIO ORTIZ GARZA,222,222,CALLE,GENERAL GUADALUPE J RIVERA,NA,NA,"306,,,",AVENIDA,AGUSTIN MEJIA,3,23,27,24,23:27,false,true,1,cortante,2 HOMBRES,ND,H,H,8,1,N,N,0,0,false,0,N,N,14,bicicleta,0,7000,false,1,4,0,NA,NA,0,NA,1,ND,NO,HOMBRE,1367,-102.26488791,21.90490743
251431130,0,30421,ROBO PERSONA,ND,7,2025-07-24,30,4,1,FRACCIONAMIENTO,SAN ANGEL II,422,422,CALLE,PALMA ALEJANDRA,NA,NA,",,,",CALLE,PALMA SANTA MARIA,5,1,38,25,01:38,false,true,"1,3","cortante,contusa",2 HOMBRES UNO VISTE SUDADERA NEGRA,ND,H,A,8,0,N,N,2,0,false,0,N,N,3,celular,0,0,false,1,1,0,NA,NA,0,NA,1,PARADO,NO,AMBOS,1368,-102.23906956,21.86378266
251431173,0,30421,ROBO PERSONA,ND,7,2025-07-24,30,4,1,FRACCIONAMIENTO,"VILLA DE NUESTRA SEÑORA DE LA ASUNCION, SECTOR ESTACION",354,354,CALLE,JESUS GARCIA CORONA,NA,NA,",,,",AVENIDA,VALLE DE LOS ROMEROS,3,1,54,24,01:54,false,true,"1,3","cortante,contusa",3 HOMBRES UNO VISTE CHAMARRA CREMA CON LETRAS CAFE LOS OTROS CHAMARRA BLANCA PANTALON MEZCLILLA,ND,H,H,8,0,N,N,0,0,false,0,N,N,"12,29,38","ropa,cartera,otros",0,0,false,1,1,0,NA,NA,0,NA,1,ND,NO,HOMBRE,1369,-102.25890099,21.94014860
251393852,0,30907,ROBO PERSONA,ND,7,2025-07-18,29,5,1,COLONIA,OJO DE AGUA,621,621,AVENIDA,DELICIAS,NA,NA,",,,",AVENIDA,MARIANO ESCOBEDO,5,18,12,22,18:12,false,true,1,cortante,2 HOMBRES 1 MUJER,ND,A,H,8,0,N,N,0,0,false,0,N,N,"3,28","celular,dinero",0,0,false,1,1,0,NA,NA,0,NA,1,PARADO,NO,HOMBRE,1370,-102.27713553,21.86607043
251427666,0,30446,ROBO PERSONA,ND,7,2025-07-23,30,3,1,FRACCIONAMIENTO,LA ESTRELLA,207,207,CALLE,ORION,NA,NA,"402,,,",CALLE,LIBRA,3,14,18,21,14:18,false,false,9,ninguna,1 HOMBRE VISTE PLAYERA AZUL PANTALON MEZCLILLA TRAE UN CASCO,ND,H,M,8,0,N,N,0,0,false,0,MOTOCICLETA,MOTOCICLETA COLOR PLATA,3,celular,0,7000,false,1,1,0,NA,NA,0,NA,1,PARADO,NO,MUJER,1371,-102.28026270,21.90288184
251434898,0,30446,ROBO PERSONA,TRANSPORTISTA,7,2025-07-24,30,4,5,LOCALIDAD,SAN ANTONIO DE LOS HORCONES,1032,1032,CARRETERA,18 JESUS MARIA PALOMAS,NA,NA,",,,",CARRETERA,28 JESUS GOMEZ PORTUGAL SAN ANTONIO DE LOS HORCONES,7,19,13,23,19:13,false,false,9,ninguna,1 MUJER VISTE CHAMARRA CAFE PANTALON AZUL TIENE TATUAJES EN EL CUELLO,ND,M,H,5,0,N,N,0,0,false,0,N,N,"28,29","dinero,cartera",1200,1200,false,1,1,0,NA,NA,0,NA,1,PARADO,SI,HOMBRE,1372,-102.33258092,21.99503298
251415848,0,30904,ROBO PERSONA,ND,7,2025-07-21,30,1,5,LOCALIDAD,CORRAL DE BARRANCOS,951,951,BOULEVARD,MIGUEL DE LA MADRID HURTADO,NA,NA,",,,",CALLE,MISION DE SAN JOSE,7,17,20,22,17:20,false,false,9,ninguna,2 MUJERES,ND,M,M,8,0,N,N,0,0,false,0,N,N,"28,29,40","dinero,cartera,tarjeta",600,600,false,1,2,0,NA,NA,0,NA,1,TRANSITANDO,NO,MUJER,1373,-102.32963878,21.94570817
251413552,0,30904,ROBO PERSONA,MARIPOSA,7,2025-07-20,29,7,5,COLONIA,EL TORITO,1071,1071,AVENIDA,ALEJANDRO DE LA CRUZ,NA,NA,",,,",CALLE,15 DE SEPTIEMBRE,7,27,0,27,27,false,false,9,ninguna,1 HOMBRE VISTE DE NEGRO,EL COMINO,H,H,8,0,N,N,0,0,false,0,N,N,14,bicicleta,0,0,false,1,2,0,NA,NA,0,NA,1,PARADO,NO,HOMBRE,1374,-102.35420940,21.96944140
251426768,0,50301,ROBO PERSONA,ND,7,2025-07-09,28,3,1,COLONIA,EL LLANITO,251,251,AVENIDA,LICENCIADO ADOLFO LOPEZ MATEOS ORIENTE,NA,NA,",,,",CALLE,ND,1,27,0,27,Sin datos,false,false,9,ninguna,ND,ND,ND,H,8,0,N,N,0,0,false,0,N,N,3,celular,0,0,false,1,1,0,NA,NA,0,NA,1,ND,NO,HOMBRE,1375,-102.28873347,21.87922970
251444480,0,30446,ROBO PERSONA,ND,7,2025-07-26,30,6,5,FRACCIONAMIENTO,BUENAVISTA,1070R,0,CALLE,DE LA FLOR,NA,NA,"215,,,",CALLE,BUENAVISTA,7,5,39,26,05:39,false,false,9,ninguna,2 PERSONAS,ND,H,M,8,0,N,N,0,0,false,0,N,N,3,celular,0,6000,false,1,1,0,NA,NA,0,NA,1,ND,NO,MUJER,1376,-102.35753189,21.97313251
251446972,0,30446,ROBO PERSONA,ND,7,2025-07-26,30,6,1,COLONIA,SAN PEDRO,89,89,CALLE,EMILIO BARRASA,NA,NA,",,,",CALLE,ROSAURA ZAPATA,2,14,42,21,14:42,false,false,9,ninguna,1 HOMBRE VISTE PLAYERA ROJA Y CASCO CERRADO,ND,H,M,8,0,N,N,0,0,false,0,MOTOCICLETA,MOTOCICLETA HONDA CARGO COLOR GRIS,3,celular,0,0,false,1,1,0,NA,NA,0,NA,2,PARADO,NO,MUJER,1377,-102.29508831,21.84196431
251449795,0,30446,ROBO PERSONA,ND,7,2025-07-26,30,6,1,FRACCIONAMIENTO,LAS VIÑAS,230,230,CALLE,DE LA VENDIMIA,NA,NA,"305,,,",CALLE,DE LA MOLIENDA,3,22,5,24,22:05,false,false,9,ninguna,ND,ND,ND,H,8,0,N,N,0,0,false,0,N,N,31,mochila,0,0,false,1,1,0,NA,NA,0,NA,1,PARADO,NO,HOMBRE,1378,-102.28360631,21.90046992
251453315,0,30446,ROBO PERSONA,ND,7,2025-07-27,30,7,1,FRACCIONAMIENTO,CIRCUNVALACION NORTE,243,243,CALLE,SAUCE,NA,NA,"109,,,",CALLE,PROFESOR EDMUNDO GAMEZ OROZCO,6,8,17,19,08:17,false,false,9,ninguna,ND,ND,ND,8,0,0,N,N,0,0,false,0,N,N,3,celular,0,0,false,1,1,0,NA,NA,0,NA,2,PARADO,NO,HOMBRE,1379,-102.29744128,21.89695998
251454890,0,30446,ROBO PERSONA,ND,7,2025-07-27,30,7,11,FRACCIONAMIENTO,LA RIBERA,1340,1340,CALLE,CAJITITLAN,NA,NA,"201,,,",CALLE,RIBERA DE CHAPALA,7,14,38,21,14:38,false,false,9,NINGUNA,1 MUJER,ND,M,H,8,0,N,N,0,0,false,0,N,N,3,celular,0,0,false,1,13,0,NA,NA,0,NA,1,PARADO,NO,HOMBRE,1380,-102.25120327,21.95441362
251459962,0,30446,ROBO PERSONA,ND,7,2025-07-28,31,1,1,FRACCIONAMIENTO,"VILLA DE NUESTRA SEÑORA DE LA ASUNCION, SECTOR ENCINO",331,331,PROLONGACION,ADORATRICES,NA,NA,",,,",AVENIDA,SIGLO XXI,3,3,37,26,03:37,false,true,1,cortante,1 HOMBRE ENCAPUCHADO VISTE SUDADERA ROJA,ND,H,M,9,0,N,N,0,0,false,0,N,N,3,celular,0,0,false,1,1,0,NA,NA,0,NA,2,PARADO,NO,MUJER,1381,-102.26423283,21.92523918
251460791,0,30446,ROBO PERSONA,MARIPOSA,7,2025-07-28,31,1,1,FRACCIONAMIENTO,INFONAVIT MORELOS,93,93,CALLE,PORMERA BONAMPAK,NA,NA,"112,C,,",CALLE,HUNUCMA,5,0,0,5,00:00 A 06:00,false,false,9,ninguna,ND,ND,ND,H,8,0,N,N,0,0,false,0,N,N,14,bicicleta,0,6500,false,1,1,0,NA,NA,0,NA,1,PARADO,NO,HOMBRE,1382,-102.25542808,21.86112694
251461408,0,30446,ROBO PERSONA,ND,7,2025-07-28,31,1,1,ESPECIAL,CENTENARIO HOSPITAL HIDALGO,614R,0,AVENIDA,MANUEL GOMEZ MORIN,NA,NA,",,,",CALLE,GENERAL ENRIQUE ESTRADA,4,11,37,20,11:37,false,false,9,ninguna,ND,ND,ND,M,8,0,N,N,0,0,false,0,N,N,28,dinero,4500,4500,false,1,1,0,NA,NA,0,NA,2,PARADO,NO,MUJER,1383,-102.28387389,21.89484540
251464170,0,30446,ROBO PERSONA,ND,7,2025-07-28,31,1,1,COLONIA,ZONA CENTRO,501,501,CALLE,5 DE MAYO,NA,NA,"626,,,",CALLE,JESUS MARIA,1,19,53,23,19:53,false,false,9,ninguna,ND,ND,ND,M,8,0,N,N,0,0,false,0,N,N,"2,29,31","computo,cartera,mochila",0,25000,false,1,1,0,NA,NA,0,NA,2,PARADO,NO,MUJER,1384,-102.29586229,21.88870927
251468087,0,30446,ROBO PERSONA,MARIPOSA,7,2025-07-29,31,2,1,FRACCIONAMIENTO,LOS PERICOS,287,287,CALLE,SANTA CLARA,NA,NA,"122,,,",CALLE,CULTURA CHICHIMECA,3,13,3,21,13:03,false,false,9,ninguna,HOMBRES DE ASPECTO CHOLO,ND,H,H,8,0,N,N,0,0,false,0,N,N,14,bicicleta,0,0,false,1,6,0,NA,NA,0,NA,1,PARADO,NO,HOMBRE,1385,-102.24570821,21.90582701
251468890,0,30446,ROBO PERSONA,MARIPOSA,7,2025-07-29,31,2,5,CONDOMINIO,RUISEÑORES,1022,1022,CALLE,RUISEÑOR,NA,NA,"98,,,",CALLE,GORRION,7,15,3,21,15:03,false,false,9,ninguna,2 HOMBRES UNO VISTE CAMISA MORADA Y PANTALON AZUL,ND,H,H,8,0,N,N,0,0,false,0,N,N,14,bicicleta,0,0,false,1,1,0,NA,NA,0,NA,1,PARADO,NO,HOMBRE,1386,-102.32993864,21.96801082
251481044,0,30446,ROBO PERSONA,MARIPOSA,7,2025-07-31,31,4,11,PI,PARQUE INDUSTRIAL DEL VALLE DE AGUASCALIENTES,1356,1356,AVENIDA,MUNICIPIO DE JESUS MARIA,NA,NA,"112,,,",CALLE,MUNICIPIO DE CALVILLO,7,12,39,21,12:39,false,false,9,ninguna,1 HOMBRE VISTE SUDADERA NEGRA SHORT COLOR VERDE MILITAR,ND,H,H,8,0,N,N,0,0,false,0,N,N,14,bicicleta,0,0,false,1,1,0,NA,NA,0,NA,2,PARADO,NO,HOMBRE,1387,-102.28266545,21.96208845
251483691,0,30446,ROBO PERSONA,MARIPOSA,7,2025-07-31,31,4,1,FRACCIONAMIENTO,SAN SEBASTIAN,73,73,CALLE,MISION DE SAN MARGARITO FLORES GARCIA,NA,NA,",,,",CALLE,SAN SEBASTIAN,5,20,28,23,20:28,true,false,9,ninguna,1 HOMBRE SIN CAMISA CON PANTALON DE MEZCLILLA,ND,H,H,8,0,N,N,0,0,false,0,N,N,14,bicicleta,0,0,true,1,10,0,NA,NA,0,NA,1,PARADO,NO,HOMBRE,1388,-102.27162342,21.81864920
251487767,0,30446,ROBO PERSONA,MARIPOSA,8,2025-08-01,31,5,1,FRACCIONAMIENTO,INSURGENTES,161,161,CALLE,DOCTOR MARIANO AZUELA,NA,NA,",,,",CALLE,INGENIERO PASTOR ROUAIX,2,13,21,21,13:21,false,false,9,ninguna,1 HOMBRE VISTE CAMISA AZUL CON BLANCO Y PANTALON NEGRO,ND,H,H,5,0,N,N,0,0,false,0,N,N,14,bicicleta,0,0,false,1,1,0,NA,NA,0,NA,1,PARADO,NO,HOMBRE,1389,-102.30517921,21.85216487
251494457,0,30446,ROBO PERSONA,ND,8,2025-08-02,31,6,1,BARRIO,GUADALUPE,502,502,CALLE,VALENTIN GOMEZ FARIAS,NA,NA,"247,,,",CALLE,LIBERTAD,1,11,56,20,11:56,false,false,9,ninguna,2 HOMBRES UNO VISTE CHAMARRA Y PANTALON MEZCLILLA,ND,H,M,8,0,N,N,0,0,false,0,N,N,29,cartera,0,0,false,1,1,0,NA,NA,0,NA,2,PARADO,NO,MUJER,1390,-102.30003265,21.88492896
251495559,0,30446,ROBO PERSONA,MARIPOSA,8,2025-08-02,31,6,1,FRACCIONAMIENTO,"VILLA DE NUESTRA SEÑORA DE LA ASUNCION, SECTOR SAN MARCOS",580,580,AVENIDA,SIGLO XXI,NA,NA,",,,",CALLE,GERONIMO DE LA CUEVA,3,15,17,21,15:17,false,false,9,ninguna,ND,ND,ND,H,8,0,N,N,0,0,false,0,N,N,14,bicicleta,0,14000,false,1,1,0,NA,NA,0,NA,1,PARADO,NO,HOMBRE,1391,-102.26771423,21.92893683
251501858,0,30446,ROBO PERSONA,ND,8,2025-08-03,31,7,1,FRACCIONAMIENTO,LAS AMERICAS,262,262,AVENIDA,DE LA CONVENCION DE 1914 SUR,NA,NA,",,,",AVENIDA,QUINTA,2,2,29,25,02:29,false,false,9,ninguna,ND,ND,ND,H,8,0,N,N,0,0,false,0,N,N,38,otros,0,0,false,1,1,0,NA,NA,0,NA,2,PARADO,NO,HOMBRE,1392,-102.29849606,21.86594488
251505144,0,30446,ROBO PERSONA,MARIPOSA,8,2025-08-03,31,7,1,FRACCIONAMIENTO,JOSE LOPEZ PORTILLO,175,175,CALLE,DOCTOR SALVADOR GALLARDO,NA,NA,"103,,,",CALLE,ROSALIA MONROY,2,17,59,22,17:59,false,false,9,ninguna,2 HOMBRES,ND,H,H,8,0,N,N,0,0,false,0,N,N,14,bicicleta,0,0,false,1,1,0,NA,NA,0,NA,1,PARADO,NO,MENOR,1393,-102.32225394,21.84780589
251505864,0,30446,ROBO PERSONA,ND,8,2025-08-03,31,7,1,NO APLICA,DESARROLLO ESPECIAL BULEVAR A ZACATECAS,609,609,AVENIDA,AGUASCALIENTES NORTE,NA,NA,",,,",BOULEVARD,A ZACATECAS,3,15,0,21,15:00,false,false,9,ninguna,ND,ND,ND,M,8,0,N,N,0,0,false,0,N,N,29,cartera,0,0,false,1,1,0,NA,NA,0,NA,2,PARADO,NO,MUJER,1394,-102.28911533,21.91796912
251509606,0,30446,ROBO PERSONA,ND,8,2025-08-04,32,1,5,COLONIA,MARTINEZ ANDRADE,921,921,AVENIDA,ALDAMA,NA,NA,",,,",AVENIDA,SAN LORENZO,7,5,13,26,05:13,false,false,9,ninguna,1 HOMBRE,ND,H,M,8,0,N,N,0,0,false,0,N,N,"3,28,29","celular,dinero,cartera",800,9800,false,1,1,0,NA,NA,0,NA,1,TRANSITANDO,NO,MUJER,1395,-102.34449198,21.95920117
251510412,0,30446,ROBO PERSONA,ND,8,2025-08-04,32,1,1,FRACCIONAMIENTO,HACIENDAS DE AGUASCALIENTES,530,530,CALLE,HACIENDA DE SAN BLAS,NA,NA,"149,,,",CALLE,HACIENDA MEXICO,4,10,7,20,10:07,false,false,9,ninguna,1 HOMBRE VISTE CAMISA NEGRA TRAE CASCO,ND,H,H,8,0,N,N,0,0,false,0,MOTOCICLETA,MOTOCICLETA COLOR BLANCA,3,celular,0,0,false,1,1,0,NA,NA,0,NA,1,PARADO,NO,HOMBRE,1396,-102.25143763,21.89056163
251517407,0,30446,ROBO PERSONA,MARIPOSA,8,2025-08-05,32,2,1,FRACCIONAMIENTO,MUNICIPIO LIBRE,223,223,CALLE,PROSPERIDAD,NA,NA,"540,,,",CALLE,VISTA HERMOSA,4,23,28,21,12:28,false,false,9,ninguna,ND,ND,ND,H,8,0,N,N,0,0,false,0,N,N,14,bicicleta,0,0,false,1,1,0,NA,NA,0,NA,1,PARADO,NO,HOMBRE,1397,-102.25087859,21.89548519
251519686,0,30446,ROBO PERSONA,MARIPOSA,8,2025-08-05,32,2,11,RURAL,PUERTECITO DE LA VIRGEN,1333,1333,CALLE,16 DE SEPTIEMBRE,NA,NA,"113,,,",CALLE,ENRIQUE OLIVARES SANTANA,7,18,54,22,18:54,false,false,9,ninguna,1 HOMBRE VISTE CAMISA A CUADROS COLOR NEGRO CON BLANCO PANTALON MEZCLILLA,ND,H,H,8,0,N,N,0,0,false,0,N,N,14,bicicleta,0,0,false,1,1,0,NA,NA,0,NA,1,PARADO,NO,HOMBRE,1398,-102.27099621,21.96067097
251525972,0,30446,ROBO PERSONA,ND,8,2025-08-06,32,3,1,COLONIA,ALTAVISTA,234,234,CALLE,RAFAEL ARELLANO,NA,NA,"1001,,,",CALLE,FELIPE RUIZ DE CHAVEZ,6,19,21,23,19:21,false,false,9,ninguna,1 MUJER,ND,M,H,8,0,N,N,0,0,false,0,N,N,3,celular,0,5000,false,1,1,0,NA,NA,0,NA,1,PARADO,NO,HOMBRE,1399,-102.30818120,21.89385120
251526201,0,30446,ROBO PERSONA,MARIPOSA,8,2025-08-06,32,3,1,FRACCIONAMIENTO,LA ESTRELLA,207,207,CALLE,LEO,NA,NA,",,,",CALLE,CAN MAYOR,3,19,52,23,19:52,false,false,9,ninguna,1 HOMBRE SUDADERA GRIS PANTALON MEZCLILLA,ND,H,H,8,0,N,N,0,0,false,0,N,N,14,bicicleta,0,0,false,1,1,0,NA,NA,0,NA,1,PARADO,NO,HOMBRE,1400,-102.27839126,21.90203693
251527231,251527458,30446,ROBO PERSONA,ND,8,2025-08-06,32,3,1,FRACCIONAMIENTO,EL PLATEADO,548,548,AVENIDA,CANAL INTERCEPTOR,NA,NA,",,,",AVENIDA,FUNDICION,6,22,10,24,22:10,false,false,9,ninguna,ND,ND,ND,M,8,0,N,N,0,0,false,0,N,N,3,celular,0,0,false,1,1,0,NA,NA,0,NA,2,PARADO,NO,MUJER,1401,-102.29660316,21.90746952
251553017,0,30446,ROBO PERSONA,ND,8,2025-08-10,32,7,1,FRACCIONAMIENTO,JARDINES DEL SOL,623,623,AVENIDA,AGUASCALIENTES SUR,NA,NA,",,,",CALLE,MARIANO ESCOBEDO,5,17,3,22,17:03,false,false,9,ninguno,ND,ND,ND,H,8,0,N,N,0,0,false,0,N,N,"3,38","celular,otros",0,6000,false,1,1,0,NA,NA,0,NA,2,PARADO,NO,HOMBRE,1402,-102.27542069,21.86043258
251456519,0,30504,ROBO PERSONA,ND,7,2025-07-27,30,7,1,BARRIO,LA PURISIMA,202,202,AVENIDA,LICENCIADO ADOLFO LOPEZ MATEOS ORIENTE,NA,NA,",,,",AVENIDA,HEROE DE NACOZARI NORTE,1,17,18,22,17:18,false,true,10,otras,1 HOMBRE,DANIEL IVAN MARTIN CARDONA 23 AÑOS,H,M,5,0,N,N,0,0,false,0,N,N,"3,29,30","celular,cartera,llaves",0,25000,true,1,10,0,NA,NA,0,NA,1,ND,NO,MUJER,1403,-102.28200654,21.87875661
251462812,0,50107,ROBO PERSONA,ND,7,2025-07-28,31,1,5,FRACCIONAMIENTO,ARBOLEDAS PASO BLANCO,933,933,CALLE,CHAMPAÑA,NA,NA,"330,,,",CALLE,ROBLE,7,16,11,22,16:11,false,true,1,cortante,HOMBRES,ND,H,H,4,0,N,N,0,0,false,0,N,N,3,celular,0,0,false,1,1,0,NA,NA,0,NA,1,ND,NO,HOMBRE,1404,-102.30101094,21.96378091
251443334,0,50305,ROBO PERSONA,ND,7,2025-07-26,30,6,7,FRACCIONAMIENTO,JOSE LUIS MACIAS,1155,1155,CALLE,HEROICO COLEGIO MILITAR,NA,NA,",,,",CALLE,DOLORES HIDALGO,7,1,8,25,01:08,false,false,9,ninguna,2 HOMBRES,ND,H,H,0,0,N,N,0,0,false,0,N,N,39,sin datos,0,0,false,1,2,0,NA,NA,0,NA,1,ND,NO,HOMBRE,1405,-102.31793317,22.23298816
251446385,0,50305,ROBO PERSONA,ND,7,2025-07-26,30,6,1,FRACCIONAMIENTO,NATURA,371,371,CALLE,JOSE DE JESUS GONZALEZ GARCIA,NA,NA,",,,",CALLE,FEDERICO MENDEZ,3,11,0,20,11:00,false,false,9,ninguna,1 HOMBRE,ND,H,H,8,0,N,N,0,0,false,0,COCHE,COCHE NISSAN SENTRA COLOR GRIS OSCURO PLACAS ACH941E,3,celular,0,0,false,1,1,0,NA,NA,0,NA,1,PARADO,NO,HOMBRE,1406,-102.24873949,21.92880931
251550067,0,50305,ROBO PERSONA,ND,8,2025-08-10,32,7,1,COLONIA,COL SAN MARCOS,145,145,AVENIDA,AGUASCALIENTES PONIENTE,NA,NA,",,,",CALLE,AQUILES ELOURDUY,6,5,43,26,05:43,false,true,1,cortante,2 HOMBRES EDAD APROXIMADA ENTRE 25 Y 28 AÑOS,ND,H,H,8,0,N,N,1,0,false,0,N,N,"3,11,15","celular,herramienta,joyeria",0,0,false,1,1,0,NA,NA,0,NA,1,TRANSITANDO,NO,HOMBRE,1407,-102.31782763,21.88054583
14220062,0,30422,ROBO PERSONA,ND,8,2025-08-01,31,5,1,FRACCIONAMIENTO,LAS AMERICAS,262,262,AVENIDA,DE LA CONVENCION DE 1914 SUR,NA,NA,",,,",AVENIDA,QUINTA,2,21,1,23,21:01,false,false,9,ninguna,1 HOMBRE,DANIEL ALEJANDRO MARMOLEJO SOLEDAD 30 AÑOS,H,H,8,1,N,N,0,0,false,0,N,N,3,celular,0,2000,false,1,1,0,NA,NA,0,NA,1,ND,NO,HOMBRE,1408,-102.29835730,21.86589484
54220065,0,30422,ROBO PERSONA,ND,8,2025-08-01,31,5,5,FRACCIONAMIENTO,CHICAHUALES I,1056,1056,AVENIDA,CIRCUNVALACION SOLIDARIDAD,NA,NA,",,,",CALLE,FELICIANO MARTINEZ CRUZ,7,6,0,19,06:00,false,false,9,ninguna,1 HOMBRE,ERIK ROJAS SALAZAR 30 AÑOS,H,H,8,1,N,N,0,0,false,0,N,N,3,celular,0,0,false,1,4,0,NA,NA,0,NA,1,ND,NO,HOMBRE,1409,-102.34795133,21.95171443
64220066,0,30422,ROBO PERSONA,MARIPOSA,7,2025-07-28,31,1,6,COLONIA,5 DE MAYO,1115,1115,CALLE,FELIPE ANGELES,NA,NA,",,,",CALLE,IGNACIO RAMIREZ,7,16,36,22,16:36,false,false,9,ninguna,1 HOMBRE,EL CHOLO,H,M,8,0,N,N,0,0,false,0,N,N,14,bicicleta,0,0,false,1,1,0,NA,NA,0,NA,1,PARADO,NO,HOMBRE,1410,-102.27556103,22.14202688
64220067,0,30422,ROBO PERSONA,ND,7,2025-07-27,30,7,6,COLONIA,ZONA CENTRO,1130,1130,CALLE,VENUSTIANO CARRANZA,NA,NA,",,,",CALLE,VALENTIN GOMEZ FARIAS,7,22,9,24,22:09,false,true,10,otras,4 HOMBRES,ND,H,H,8,0,N,N,0,0,false,0,BICICLETA,BICICLETA,"3,29","celular,cartera",0,0,false,1,1,0,NA,NA,0,NA,1,TRANSITANDO,NO,HOMBRE,1411,-102.27623127,22.14885164
64220067,0,30422,ROBO PERSONA,ND,7,2025-07-26,30,6,6,FRACCIONAMIENTO,VERGEL DEL VALLE,1123,1123,CIRCUITO,DEL MOSTO,NA,NA,"165,,,",CIRCUITO,DEL MOSTO,7,1,54,25,01:54,false,false,9,ninguna,1 HOMBRE,EL VENENO,H,M,8,0,N,N,0,0,false,0,N,N,3,celular,0,0,false,1,1,0,NA,NA,0,NA,1,ND,NO,MUJER,1412,-102.28894147,22.15061268
64220068,0,30422,ROBO PERSONA,MARIPOSA,7,2025-07-21,30,1,6,FRACCIONAMIENTO,VERGEL DEL VALLE,1123,1123,CIRCUITO,PARRAS,NA,NA,",,,",CIRCUITO,PARRAS,7,0,14,25,00:14,false,false,9,ninguna,ND,ND,ND,H,8,0,N,N,0,0,false,0,N,N,14,bicicleta,0,0,false,1,1,0,NA,NA,0,NA,1,PARADO,NO,HOMBRE,1413,-102.28697543,22.14934491
64220069,0,30422,ROBO PERSONA,ND,7,2025-07-25,30,5,6,COLONIA,FRANCISCO VILLA,1127,1127,CALLE,20 DE NOVIEMBRE,NA,NA,"91,,,",CALLE,ALVARO OBREGON,7,14,35,21,14:35,false,false,9,ninguna,1 HOMBRE,EL PECHERAS,H,H,8,0,N,N,0,0,false,0,N,N,28,dinero,3000,3000,false,1,1,0,NA,NA,0,NA,1,PARADO,NO,HOMBRE,1414,-102.27096061,22.14831894
64220069,0,30422,ROBO PERSONA,ND,7,2025-07-11,28,5,6,BARRIO,CARBONERAS,1118,1118,CALLE,NIÑOS HEROES,NA,NA,",,,",CALLE,BENITO JUAREZ,7,21,25,23,21:25,false,false,9,ninguna,3 HOMBRES ENCAPUCHADOS,NA,H,M,8,0,N,N,0,0,false,0,N,N,"3,26,28,29,40","celular,bolso,dinero,cartera,tarjeta",0,16000,false,1,1,0,NA,NA,0,NA,1,TRANSITANDO,NO,MUJER,1415,-102.27113177,22.14594018
251442614,0,30421,ROBO PERSONA,ND,7,2025-07-25,30,5,7,FRACCIONAMIENTO,VALLE DEL REAL,115R,0,CALLE,HEROICO COLEGIO MILITAR,NA,NA,",,,",CALLE,REAL DE ANGELES,7,23,53,24,23:53,false,true,1,cortante,2 HOMBRES,ND,H,ND,8,0,N,N,0,0,false,0,BICICLETA,BICICLETA,"27,28,29","documentos,dinero,cartera",2800,2800,false,1,1,0,NA,NA,0,NA,1,ND,NO,ND,1416,-102.31633679,22.23294957
251442420,0,30421,ROBO PERSONA,ND,7,2025-07-25,30,5,1,FRACCIONAMIENTO,VILLA MONTAÑA,601,601,CALLE,CERRO TAITA,NA,NA,",,,",CALLE,MONTE OKU,3,23,17,24,23:17,false,true,3,contusa,3 HOMBRES UNO VISTE SUDADERA COLOR GRIS OTRO SUDADERA COLOR AZUL MARINO,ND,H,H,8,0,N,N,0,0,false,0,N,N,"3,12,28,29","celular,ropa,dinero,cartera",0,10000,false,1,1,0,NA,NA,0,NA,1,TRANSITANDO,NO,HOMBRE,1417,-102.26227937,21.94174896
251443871,0,30421,ROBO PERSONA,ND,7,2025-07-26,30,6,6,FRACCIONAMIENTO,PLUTARCO ELIAS CALLES,1114,1114,CALLE,VAZQUEZ DEL MERCADO,NA,NA,",,,",CALLE,MARIA DE LUNA,7,2,51,25,02:51,false,true,3,contusa,1 HOMBRE VISTE PLAYERA MEGRA PANTALON VERDE MILITAR TENIS BLANCOS,ND,H,M,8,0,N,N,0,0,false,0,N,N,28,dinero,800,800,false,1,1,0,NA,NA,0,NA,1,TRANSITANDO,NO,MUJER,1418,-102.29043732,22.14573833
251451618,0,30421,ROBO PERSONA,MARIPOSA,7,2025-07-27,30,7,1,FRACCIONAMIENTO,LOS PERICOS,287,287,AVENIDA,POLIDUCTO,NA,NA,",,,",CALLE,SAN PABLO,4,1,40,25,01:40,false,true,"1,3","cortante,contusa",3 HOMBRES UNO VISTE SUDADERA COLOR ROJO EDAD APROX 20 A 30 AÑOS,ND,H,H,8,0,N,N,0,0,false,0,N,N,14,bicicleta,0,4000,false,1,1,0,NA,NA,0,NA,1,TRANSITANDO,NO,HOMBRE,1419,-102.24719220,21.89987874
251452890,0,30421,ROBO PERSONA,ND,7,2025-07-27,30,7,1,FRACCIONAMIENTO,LOMAS DE ORIENTE I,672,672,CALLE,LOMAS DEL MIRADOR,NA,NA,"125,,,",CALLE,JUAN JOSE ARREOLA,3,5,20,26,05:20,false,true,8,sin datos,2 HOMBRES,ND,H,H,8,0,N,N,0,0,false,0,N,N,"12,31","ropa,mochila",0,0,false,1,1,0,NA,NA,0,NA,1,PARADO,NO,HOMBRE,1420,-102.25449011,21.91446090
251454651,0,30421,ROBO PERSONA,ND,7,2025-07-27,30,7,1,FRACCIONAMIENTO,VILLA SUR,630,630,CAVENIDA,JOSE MARIA ESCRIVA DE BALAGUER,NA,NA,",,,",CALLE,FLOR DE NOCHE BUENA,5,13,56,21,13:56,false,true,4,fuego,1 HOMBRE VISTE PANTALON MEZCLILLA TRAE UN CASCO COLOR BLANCOCHALECO AZUL MARINO,ND,H,M,8,0,N,N,0,0,false,0,MOTOCICLETA,MOTOCICLETA COLOR ROJO,3,celular,0,0,false,1,1,0,NA,NA,0,NA,1,TRANSITANDO,NO,MUJER,1421,-102.27678700,21.82366652
251455224,0,30421,ROBO PERSONA,ND,7,2025-07-27,30,7,1,CONDOMINIO,CENTRAL DE ABASTOS,169,169,BOULEVARD,JOSE MARIA CHAVEZ,NA,N,",,,",CALLLE,DEL ABASTO,2,15,19,21,15:19,false,true,1,cortante,3 HOMBRES TRAEN LA CARA TAPADA,EL DANY,H,M,8,0,N,N,0,0,false,0,N,N,3,celular,0,0,false,1,2,0,NA,NA,0,NA,1,TRANSITANDO,NO,MUJER,1422,-102.28855934,21.83089688
251458442,0,30421,ROBO PERSONA,ND,7,2025-07-27,30,7,11,FRACCIONAMIENTO,SAN JOSE DEL BARRANCO,1301,1301,CALLE,LIBERTAD,NA,NA,"204,,,",AVENIDA,LICENCIADO OTTO GRANADOS ROLDAN,7,23,28,24,23:28,false,true,3,contusa,ND,ND,ND,H,8,0,N,N,1,0,true,0,N,N,"3,29","celular,cartera",0,0,false,1,2,0,NA,NA,0,NA,1,TRANSITANDO,NO,MENOR,1423,-102.26029634,22.06876390
251459287,0,30422,ROBO PERSONA,ND,7,2025-07-28,31,1,1,FRACCIONAMIENTO,INSURGENTES,161,161,CALLE,ABRAHAM GONZALEZ,NA,NA,"503,,,",CALLE,GENERAL MARTIN ESPINOZA SANCHEZ,2,1,11,25,01:11,false,false,9,ninguna,1 HOMBRE,ND,H,H,8,0,N,N,0,0,false,0,N,N,12,ropa,0,600,false,1,2,0,NA,NA,0,NA,1,PARADO,NO,HOMBRE,1424,-102.31334440,21.85094830
251465231,0,30422,ROBO PERSONA,ND,7,2025-07-28,31,1,1,FRACCIONAMIENTO,VERSALLES II,164,164,CALLE,INGENIERO JOSE ACEVES DIAZ DE SANDI,NA,NA,"314,,,",CALLE,GENERAL FORTUNATO MAYCOTTE,2,22,19,24,22:19,false,false,9,ninguna,2 HOMBRES,ND,H,H,8,0,N,N,0,0,false,0,BICICLETA,BICICLETA,3,celular,0,0,false,1,1,4549,NA,NA,0,NA,1,PARADO,NO,HOMBRE,1425,-102.31217110,21.85605184
251468323,0,30422,ROBO PERSONA,ND,7,2025-07-29,31,2,7,BARRIO,CENTRO HISTORICO,1173,1173,CALLE,FRANCISCO I MADERO,NA,NA,",,,",CALLE,MORELOS,7,13,39,21,13:39,false,false,9,ninguna,1 HOMBRE COMPLEXION DELAGADA TEZ MORENO,ND,H,H,8,0,N,N,0,0,false,0,N,N,28,dinero,400,400,false,1,1,0,NA,NA,0,NA,1,PARADO,NO,MENOR,1426,-102.32123575,22.23013439
251469534,0,30421,ROBO PERSONA,ND,7,2025-07-29,31,2,1,FRACCIONAMIENTO,LOS LAURELES,70,70,CALLE,EL LAUREL PONIENTE,NA,NA,",,,",CALLE,EL LAUREL SUR,4,16,38,22,16:38,false,true,1,cortante,1 HOMBRE EDAD APROX 19 AÑOS VOSTE CAMISA ROJA Y SHORT,ND,H,M,5,0,N,N,0,0,false,0,N,N,"3,30","celular,llaves",0,0,false,1,1,0,NA,NA,0,NA,1,PARADO,NO,MUJER,1427,-102.24109941,21.90219397
251470659,0,30422,ROBO PERSONA,ND,7,2025-07-29,31,2,5,COLONIA,BENIGNO CHAVEZ,1051,1051,CALLE,ELEUTERIO LOPEZ,NA,NA,",,,",CALLE,TEODORO OLIVARES,7,19,29,23,19:29,false,false,9,ninguna,1 HOMBRE VISTE CAMISA BLANCA,ND,H,M,8,0,N,N,0,0,false,0,N,N,"28,29","dinero,cartera",800,800,false,1,1,0,NA,NA,0,NA,1,TRANSITANDO,NO,MUJER,1428,-102.34214460,21.95523309
251484821,0,30421,ROBO PERSONA,ND,7,2025-07-31,31,4,5,FRACCIONAMIENTO,CHICAHUALES II,1058,1058,CALLE,SAN ANTONIO DE LOS HORCONES,NA,NA,"224,,,",CALLE,FELICIANO MARTINEZ CRUZ,7,23,11,24,23:11,false,true,4,fuego,1 HOMBRE VISTE CAMISA DE TIRANTES SHORT COLOR ROJO,ND,H,H,8,0,N,N,0,0,false,0,N,N,3,celular,0,3000,false,1,1,0,NA,NA,0,NA,1,TRANSITANDO,NO,HOMBRE,1429,-102.34971068,21.94395904
251485582,0,30421,ROBO PERSONA,ND,8,2025-08-01,31,5,1,CONDOMINIO,OJOCALIENTE INEGI,576,576,CALLE,LOS CONOS,NA,NA,",,,",CALLE,LAS CUMBRES,4,1,27,25,01:27,false,true,1,cortante,1 HOMBRE VISTE SUDADERA Y BERMUDA NEGROS,ND,H,M,8,0,N,N,0,0,false,0,N,N,"31,32","mochila,medicamento",0,0,false,1,1,0,NA,NA,0,NA,1,TRANSITANDO,NO,MUJER,1430,-102.24978604,21.87809850
251490346,0,30422,ROBO PERSONA,ND,8,2025-08-01,31,5,1,COLONIA,DEL TRABAJO,246,246,AVENIDA,DE LA CONVENCION DE 1914 ORIENTE,NA,NA,",,,",CALLE,57,4,20,16,23,20:16,false,false,9,ninguna,ND,ND,ND,H,8,1,N,N,0,0,false,0,N,N,3,celular,0,0,true,1,10,0,NA,NA,0,NA,1,PARADO,NO,HOMBRE,1431,-102.27303934,21.88660832
251490659,0,30422,ROBO PERSONA,ND,8,2025-08-01,31,5,1,COLONIA,ZONA CENTRO,501,501,CALLE,GENERAL IGNACIO ZARAGOZA,NA,NA,",,,",CALLE,PEDRO PARGA,1,21,4,23,21:04,false,false,9,ninguna,1 HOMBRE VISTE TODO DE NEGRO,ND,H,A,8,0,N,N,0,0,false,0,MOTOCICLETA,MOTOCICLETA COLOR NEGRO,3,celular,0,12000,false,1,1,0,NA,NA,0,NA,1,PARADO,NO,AMBOS,1432,-102.29154434,21.88555567
251491229,0,30422,ROBO PERSONA,ND,8,2025-08-01,31,5,1,FRACCIONAMIENTO,LOS PERICOS,287,287,AVENIDA,POLIDUCTO,NA,NA,",,,",CALLE,SAN PATRICIO,4,22,28,24,22:28,false,false,9,ninguna,1 HOMBRE TIENE TATUAJES EN EL CUELLO,EL HUEVO,H,H,8,0,N,N,0,0,false,0,N,N,3,celular,0,2500,false,1,1,0,NA,NA,0,NA,1,TRANSITANDO,NO,HOMBRE,1433,-102.24673973,21.89790890
251498780,0,30421,ROBO PERSONA,ND,8,2025-08-02,31,6,1,COLONIA,OJO DE AGUA,621,621,AVENIDA,FERROCARRIL,NA,NA,",,,",PRIVADA,SEGUNDA DELICIAS,5,23,17,24,23:17,false,true,1,cortante,1 HOMBRE SIN CAMISA VISTE PANTALON MEZCLILLA,ND,H,H,8,0,N,N,0,0,false,0,N,N,"3,28,29,40","celular,dinero,cartera,tarjetas",2800,2800,false,1,2,0,NA,NA,0,NA,1,ND,NO,HOMBRE,1434,-102.27773387,21.86513590
251499963,0,30421,ROBO PERSONA,ND,8,2025-08-03,31,7,1,FRACCIONAMIENTO,ESPAÑA,171,171,CALLE,MALAGA,NA,NA,",,,",AVENIDA,DE LOS MAESTROS,2,1,17,25,01:17,false,true,1,cortante,3 HOMBRES UNO DE ELLOS CON CUBREBOCAS COLOR NEGRO,ND,H,H,8,0,N,N,0,0,false,0,N,N,"12,26","ropa,bolsa",0,0,false,1,2,0,NA,NA,0,NA,1,TRANSITANDO,NO,HOMBRE,1435,-102.31288810,21.86149128
251500140,0,30422,ROBO PERSONA,ND,8,2025-08-03,31,7,1,FRACCIONAMIENTO,LOMAS DEL AJEDREZ,462,462,AVENIDA,POLIDUCTO,NA,NA,",,,",AVENIDA,AJEDRECISTAS,5,1,32,25,01:32,false,true,8,otras,ND,ND,ND,H,8,0,N,N,0,0,false,0,N,N,"3,15","celular,joyeria",0,0,false,1,2,0,NA,NA,0,NA,1,TRANSITANDO,NO,HOMBRE,1436,-102.25574227,21.84630455
251504362,0,30422,ROBO PERSONA,ND,8,2025-08-03,31,7,1,FRACCIONAMIENTO,INSURGENTES,161,161,AVENIDA,DE LA CONVENCION,NA,NA,",,,",AVENIDA,DE LOS MAESTROS,2,15,44,22,15:44,false,false,9,ninguna,1 HOMBRE VISTE CAMISETA A CUADROS DE COLORES PANTALON COLOR CAFE,ND,H,M,8,0,N,N,0,0,false,0,N,N,29,cartera,0,0,false,1,2,0,NA,NA,0,NA,1,TRANSITANDO,NO,MUJER,1437,-102.31689794,21.85406966
251507017,0,30421,ROBO PERSONA,MARIPOSA,8,2025-08-03,31,7,1,FRACCIONAMIENTO,EL SOL,244,244,CALLE,NORBERTO GOMEZ HORNEDO,NA,NA,",,,",CALLE,SAUCE,6,21,48,24,21:48,false,true,3,contusa,HOMBRES,ND,H,A,8,0,N,N,0,0,false,0,N,N,"3,14","celular,bicicleta",0,25000,false,1,1,0,NA,NA,0,NA,1,ND,NO,AMBOS,1438,-102.29618722,21.89299408
251508656,0,30421,ROBO PERSONA,ND,8,2025-08-04,32,1,1,FRACCIONAMIENTO,LOS PIRULES,101,101,COULEVARD,SAN MARCOS,NA,NA,",,,",CALLE,ND,2,0,34,25,00:34,false,true,3,contusa,2 HOMBRES 1 MUJER VISTE LEGGIN ESTAMPADO COLOR NEGRO Y BLANCO,ND,A,H,8,0,N,N,0,0,false,0,N,N,"3,15,28,29","celular,joyeria,dinero,cartera",1500,5000,false,1,2,0,NA,NA,0,NA,1,PTRANSITANDO,NO,HOMBRE,1439,-102.31929628,21.86617927
251509714,0,30421,ROBO PERSONA,ND,8,2025-08-04,32,1,11,FRACCIONAMIENTO,REVOLUCION,1310,1310,AVENIDA,BENITO JUAREZ,NA,NA,",,,",CALLE,INDEPENDENCIA ORIENTE,7,5,47,26,05:47,false,true,1,cortante,3 HOMBRES,ND,H,H,8,0,N,N,0,0,false,0,N,N,"3,29","celular,cartera",0,0,false,1,2,0,NA,NA,0,NA,1,TRANSITANDO,NO,HOMBRE,1440,-102.27210276,22.07943788
251511951,0,30421,ROBO PERSONA,ND,8,2025-08-04,32,1,1,FRACCIONAMIENTO,VILLA DE LA LOMA,336,336,CALLE,CULTURA OTOMI,NA,NA,"510,,,",CALLE,CULTURA GUAYCURAS,3,15,24,21,15:24,false,true,3,contusa,2 HOMBRES UNO VISTE CHALECO COLOR CREMA CACHUCAH ROJA TRAEL UN ARETE EN EL POMULO EL OTRO TRAE CASCO,ND,H,H,8,0,N,N,0,0,false,0,MOTOCICLETA,MOTOCICLETA COLOR BLANCA CON NARANJA TIPO ITALIKA,"12,15","ropa,joyeria",0,0,false,1,1,0,NA,NA,0,NA,1,ND,NO,MENOR,1441,-102.24624257,21.91136976
251514426,0,30422,ROBO PERSONA,ND,8,2025-08-04,32,1,5,COLONIA,DEPORTIVA,895,895,CALLE,AGUA AZUFRADA,NA,NA,",,,",CALLE,GUZMAN,7,22,19,24,22:19,false,false,9,ninguna,6 HOMBRES,ND,H,H,8,0,N,N,0,0,false,0,BICICLETA,BICICLETA,"3,12,28","celular,ropa,dinero",2000,2000,false,1,2,0,NA,NA,0,NA,1,ND,NO,HOMBRE,1442,-102.33998706,21.95967450
251515840,0,30422,ROBO PERSONA,ND,8,2025-08-05,32,2,1,COLONIA,EL RIEGO,291,291,AVENIDA,SIGLO XXI,NA,NA,",,,",AVENIDA,ALAMEDA,4,5,17,26,05:17,false,false,9,ninguna,VARIOS HOMBRES,ND,H,H,8,0,N,N,0,0,false,0,N,N,3,celular,0,0,false,1,1,0,NA,NA,0,NA,1,PARADO,NO,HOMBRE,1443,-102.25356514,21.89239645
251519170,251519198,30421,ROBO PERSONA,MARIPOSA,8,2025-08-05,32,2,1,FRACCIONAMIENTO,PASEOS DEL SUR,634R,0,AVENIDA,FERROCARRIL,NA,NA,",,,",CALLE,ND,5,17,34,22,17:34,false,true,1,cortante,3 HOMBRES UNO VISTE PLAYERA BLANCA,ND,H,H,8,0,N,N,0,0,false,0,N,N,14,bicicleta,0,1000,false,1,1,0,NA,NA,0,NA,1,TRANSITANDO,NO,HOMBRE,1444,-102.27665537,21.81771326
251521201,0,30421,ROBO PERSONA,ND,8,2025-08-05,32,2,1,COLONIA,FRANCISCO GUEL JIMENEZ,612,612,AVENIDA,MANUEL GOMEZ MORIN,NA,NA,"105,,,",CALLE,CAMINO AL COBANO,3,22,22,24,22:22,false,true,1,cortante,1 HOMBRE VISTE CAMISA TIPO POLO COLOR CAQUI PANTALON ASCURO,ND,H,M,8,0,N,N,0,0,false,0,BICICLETA,BICICLETA COLOPR NEGRO,3,celular,0,25000,false,1,1,0,NA,NA,0,NA,1,TRANSITANDO,NO,MUJER,1445,-102.28583318,21.90408985
251521310,0,30421,ROBO PERSONA,ND,8,2025-08-05,32,2,1,CONDOMINIO,LA PALOMA,319,319,AVENIDA,PASEO DE LA SOLEDAD,NA,NA,",,,",AVENIDA,INDEPENDENCIA,6,22,43,24,22:43,false,true,1,cortante,4 HOMBRES,ND,H,M,8,0,N,N,0,0,false,0,MOTOCICLETA,MOTOCICLETA,3,celular,0,3000,false,1,1,0,NA,NA,0,NA,1,TRANSITANDO,NO,MUJER,1446,-102.29925071,21.93116303
251521486,0,30421,ROBO PERSONA,ND,8,2025-08-05,32,2,1,FRACCIONAMIENTO,RODOLFO LANDEROS GALLEGOS,226,226,AVENIDA,POLIDUCTO,NA,NA,",,,",AVENIDA,RODOLFO LANDEROS GALLEGOS,4,22,54,24,22:54,false,true,3,contusa,10 PERSONAS,ND,H,H,8,0,N,N,1,0,true,0,N,N,"3,28,29,40","celular,dinero,cartera,tarjetas",800,4800,false,1,57,0,NA,NA,0,NA,1,TRANSITANDO,NO,HOMBRE,1447,-102.24833072,21.90319604
251524598,0,30422,ROBO PERSONA,ND,8,2025-08-06,32,3,1,FRACCIONAMIENTO,VERSALLES II,164,164,CALLE,ENRIQUE B REBSAMEN,NA,NA,",,,",CALLE,FRANCISCO CARRERA TORRES,2,15,32,22,15:32,true,true,1,cortante,1 HOMBRE VISTE DE NEGRO CON CAPUCHA,ND,H,A,8,0,N,N,0,0,false,0,N,N,3,celular,0,0,false,1,6,0,NA,NA,0,NA,1,ND,NO,AMBOS,1448,-102.30891217,21.85687970
251525695,0,30422,ROBO PERSONA,ND,8,2025-08-06,32,3,1,BARRIO,EL ENCINO,517,517,CALLE,SEMERIA,NA,NA,"102,,,",CALLE,MIER Y PESADO,1,18,39,22,18:39,false,false,9,ninguna,1 HOMBRE VISTE CAMISA A CUADROS CACHUCHA NEGRA PANTALON MEZCLILLA,ND,H,M,8,0,N,N,0,0,false,0,N,N,"3,26,28,40","celular,bolso,dinero,tarjeta",3000,7000,false,1,1,0,NA,NA,0,NA,1,TRANSITANDO,NO,MUJER,1449,-102.29141658,21.87376070
251526973,0,30421,ROBO PERSONA,ND,8,2025-08-06,32,3,1,FRACCIONAMIENTO,ESPAÑA,171,171,AVENIDA,AGUASCALIENTES PONIENTE,NA,NA,",,,",CALLE,ESPAÑA,2,21,42,24,21:42,false,true,3,contusa,2 HOMBRES 1 MUJER,ND,A,H,8,0,N,N,0,0,false,0,N,N,3,celular,0,0,false,1,1,0,NA,NA,0,NA,1,TRANSITANDO,NO,MENOR,1450,-102.31655718,21.86063163
251528105,0,30421,ROBO PERSONA,ND,8,2025-08-06,32,3,1,FRACCIONAMIENTO,VILLAS DEL RIO,416,416,CALLE,RIO MANITOBA,NA,NA,"107,,,",CALLE,JOSE E FEMAT GUTIERREZ,3,23,51,24,23:51,false,true,8,otras,1 HOMBRE SUDADERA AZUL BERMUDA MEZCLILLA,EL CHUCO,H,H,8,0,N,N,0,0,false,0,N,N,3,celular,0,3000,false,1,26,0,NA,NA,0,NA,1,PARADO,NO,MUJER,1451,-102.24211073,21.93823923
251529100,0,30421,ROBO PERSONA,ND,8,2025-08-07,32,4,5,COLONIA,FLORES MAGON,947,947,AVENIDA,CIRCUNVALACION A SOLIDARIDAD,NA,NA,",,,",AVENIDA,SAN MIGUEL,7,6,11,19,06:11,false,true,1,cortante,2 HOMBRES VISTEN SUDADERA OSCURA,ND,H,M,8,0,N,N,0,0,false,0,BICICLETA,BICICLETA,"3,31","celular,mochila",0,0,false,1,2,0,NA,NA,0,NA,1,ND,NO,MUJER,1452,-102.33660985,21.96134886
251532037,0,30421,ROBO PERSONA,MARIPOSA,8,2025-08-07,32,4,1,FACCIONAMIENTO,CUMBRES III,674,674,CALLE,TAMARINDO,NA,NA,"211,,,",CALLE,CEREZA,3,17,57,22,17:57,false,true,3,contusa,6 HOMBRES,CHUY EL FRENTON,H,H,8,0,N,N,0,0,false,0,N,N,14,bicicleta,0,0,false,1,1,0,NA,NA,0,NA,1,ND,NO,HOMBRE,1453,-102.23790823,21.91739823
251532981,0,30421,ROBO PERSONA,ND,8,2025-08-07,32,4,1,FRACCIONAMIENTO,LOS PERICOS,287,287,AVENIDA,RODOLFO LANDEROS GALLEGOS,NA,NA,"1113,,,",AVENIDA,POLIDUCTO,4,20,51,23,20:51,false,true,10,sin datos,ND,ND,ND,H,8,0,N,N,0,0,false,0,N,N,39,sin datos,0,0,false,1,2,0,NA,NA,0,NA,1,ND,NO,HOMBRE,1454,-102.24743859,21.90392631
251533751,0,30422,ROBO PERSONA,MARIPOSA,8,2025-08-07,32,4,1,FRACCIONAMIENTO,C.N.O.P. ORIENTE,687,687,AVENIDA,AGUASCALIENTES ORIENTE,NA,NA,",,,",CALLE,PASCUAL CORNEJO,3,23,9,24,23:09,false,false,9,ninguna,ND,ND,ND,H,8,0,N,N,0,0,false,0,N,N,14,bicicleta,0,0,false,2,1,0,NA,NA,0,NA,1,TRANSITANDO,NO,HOMBRE,1455,-102.27018910,21.90433082
251541565,0,30421,ROBO PERSONA,ND,8,2025-08-09,32,6,1,FRACCIONAMIENTO,MUJERES ILUSTRES,457,457,CALLE,FRANCISCA ALVAREZ TOSTADO,NA,NA,"111,,,",CALLE,DE LA ALIANZA,5,5,10,26,05:10,false,false,9,ninguna,2 HOMBRES UNO VISTE CHAMARRA AZUL Y EO OTRO CHAMARRA ROJA CON NEGRO,ND,H,H,8,0,N,N,0,0,false,0,N,N,"3,28,29,31","celular,dinero,cartera,mochila",300,2300,false,1,2,0,NA,NA,0,NA,1,ND,NO,HOMBRE,1456,-102.25360773,21.84768354
251545181,0,30421,ROBO PERSONA,MARIPOSA,8,2025-08-09,32,6,1,FRACCIONAMIENTO,PASOS DE SAN ANTONIO,634,634,AVENIDA,FERROCARRIL,NA,NA,",,,",AVENIDA,RANCHO SAN ANTONIO,5,17,0,22,17:00,false,true,4,fuego,2 HOMBRES UNO VISTE CAMISA NEGRA Y BERMUDA EL OTRO PANTALON MEZCLILLA,ND,H,H,8,0,N,N,0,0,false,0,N,N,14,bicicleta,0,10000,true,1,10,0,NA,NA,0,NA,1,PARADO,NO,HOMBRE,1457,-102.27654199,21.81165017
251547184,0,30421,ROBO PERSONA,ND,8,2025-08-09,32,6,1,COLONIA,EL RIEGO,291,291,AVENIDA,POLIDUCTO,NA,NA,",,,",AVENIDA,ESPIGA,4,21,0,23,21:00,false,true,3,contusa,2 HOMBRES,ND,H,A,8,0,N,N,0,0,false,0,N,N,"3,6,15","celular,tecnologia,joyeria",0,0,false,1,1,0,NA,NA,0,NA,1,TRANSITANDO,NO,MENOR,1458,-102.24550588,21.89463768
251552592,0,30422,ROBO PERSONA,ND,8,2025-08-10,32,7,1,FRACCIONAMIENTO,RODOLFO LANDEROS GALLEGOS,226,226,CALLE,ESTHELA ALDANA,NA,NA,"614,,,",CALLE,PAZ ROMO DE VIVAR,3,16,2,22,16:02,false,false,9,ninguna,2 HOMBRES UNO VISTE GORRA ROJA Y EL OTRO GORRA GRIS,ND,H,H,8,0,N,N,0,0,false,0,N,N,"12,15","ropa,joyeria",0,1500,false,1,57,0,NA,NA,0,NA,1,PARADO,NO,HOMBRE,1459,-102.25256433,21.90299712
251553832,0,30421,ROBO PERSONA,ND,8,2025-08-10,32,7,5,COLONIA,LA CARDONA,944,944,CALLE,LA CARDONA,NA,NA,"111,,,",AVENIDA,SAN MIGUEL,7,19,22,23,19:22,false,true,1,cortante,1 HOMBRE VISTE CHALECO GRIS CON SHORT Y GUANTES TAPADO DE LA CARA,ND,H,H,8,0,N,N,1,0,false,0,N,N,3,celular,0,2500,false,1,1,0,NA,NA,0,NA,1,ND,NO,MENOR,1460,-102.33021682,21.95962316
251560651,0,30422,ROBO PERSONA,ND,8,2025-08-11,33,1,1,COLONIA,ZONA CENTRO,501,501,AVENIDA,FRANCISCO I MADERO,NA,NA,",,,",CALLE,5 DE MAYO,1,18,32,22,18:32,false,false,9,ninguna,1 HOMBRE VISTE CAMISA COLOR MENTA PANTALON VERDE TENIS NEGROS,ND,H,H,8,0,N,N,0,0,false,0,N,N,28,dinero,20000,20000,false,1,25,0,NA,NA,0,NA,1,PARADO,NO,HOMBRE,1461,-102.29645609,21.88110220
251560710,0,30422,ROBO PERSONA,ND,8,2025-08-11,33,1,1,FRACCIONAMIENTO,VILLAS DEL PILAR I,491,491,CALLE,SARA GARCIA,NA,NA,"208,,,",CALLE,ROSITA QUINTANA,2,18,37,22,18:37,false,false,9,ninguna,1 HOMBRE,EL MEMO,H,H,8,0,N,N,0,0,false,0,N,N,3,celular,0,0,false,1,1,0,NA,NA,0,NA,1,PARADO,NO,HOMBRE,1462,-102.30420286,21.84493797
251562040,0,30422,ROBO PERSONA,ND,8,2025-08-11,33,1,1,CONDOMINIO,HACIENDA SAN MARCOS,635,635,AVENIDA,HACIENDA SANTORAL,NA,NA,",,,",AVENIDA,DE LAS PRESAS,5,22,36,24,22:36,false,true,3,contusa,20 HOMBRES,ND,H,H,8,0,N,N,0,0,false,0,N,N,12,ropa,0,0,false,1,2,0,NA,NA,0,NA,1,TRANSITANDO,NO,HOMBRE,1463,-102.26688599,21.80642917
251562222,0,30421,ROBO PERSONA,ND,8,2025-08-11,33,1,1,COLONIA,OBRAJE,518,518,BOULEVARD,JOSE MARIA CHAVEZ,NA,NA,",,,",CALLE,ANAHUAC,1,23,8,24,23:08,false,true,1,cortante,2 HOMBRES UNO VISTE CHAMARRA Y PANTALON NEGROS EL OTRO PLAYERA Y PANTALON CAFE,ND,H,H,8,0,N,N,0,0,false,0,N,N,3,celular,0,5000,false,1,1,0,NA,NA,0,NA,1,PARADO,NO,HOMBRE,1464,-102.29515442,21.87240258
251563268,0,30422,ROBO PERSONA,ND,8,2025-08-12,33,2,1,FRACCIONAMIENTO,CERRO ALTO,696,696,CALLE,FRIDA KAHLO,NA,NA,"24,,,",CALLE,JUAN RULFO,3,2,38,25,02:38,false,true,8,otras,1 HOMBRE VISTE PLAYERA SUCIA PANTALON MEZCLILLA,ND,H,H,8,0,N,N,0,0,false,0,N,N,6,tecnologia,0,200,false,1,1,0,NA,NA,0,NA,1,PARADO,NO,HOMBRE,1465,-102.25904392,21.91726019
251562110,0,30422,ROBO PERSONA,ND,8,2025-08-11,33,1,1,BARRIO,LA ESTACION,203,203,CALLE,28 DE AGOSTO,NA,NA,",,,",CALLE,FRANCISCO I MADERO,1,22,46,24,22:46,false,false,9,ninguna,1 HOMBRE VISTE SUDADERA ROJA,ND,H,H,8,0,N,N,0,0,false,0,BICICLETA,BICICLETA,3,celular,0,0,false,1,1,0,NA,NA,0,NA,1,PARADO,NO,HOMBRE,1466,-102.28154858,21.88442900
251560016,0,30446,ROBO PERSONA,MARIPOSA,8,2025-08-11,33,1,1,FRACCIONAMIENTO,CIMA DEL CHAPULIN,567,567,CALLE,CIMA DEL CHAPULIN,NA,NA,"128,,,",CALLE,LOBELIA,5,16,36,22,16:36,false,false,9,ninguna,1 HOMBRE VISTE PLAYERA COLOR VERDE Y BERMUDA MEZCLILLA DESLAVADA,ND,H,H,8,0,N,N,0,0,false,0,N,N,14,bicicleta,0,0,false,1,1,4586,NA,NA,0,NA,1,PARADO,NO,HOMBRE,1467,-102.24682131,21.85651315
251533180,0,50102,ROBO PERSONA,ND,8,2025-08-07,32,4,1,FRACCIONAMIENTO,LOMAS DE SANTA ANITA,227,227,AVENIDA,DE LA CONVENCION DE 1914 ORIENTE,NA,NA,",,,",AVENIDA,JOSE H ESCOBEDO,4,21,27,23,21:27,false,false,9,ninguna,ND,ND,ND,M,8,0,N,N,0,0,false,0,MOTOCICLETA,MOTOCICLETA,3,celular,0,0,false,1,1,0,NA,NA,0,NA,1,PARADO,NO,MUJER,1468,-102.27502433,21.89210480
251540853,0,50102,ROBO PERSONA,ND,8,2025-08-09,32,6,5,COLONIA,BENIGNO CHAVEZ,1051,1051,CALLE,TOMAS DE LUNA,NA,NA,",,,",CALLE,TEODORO OLIVARES,7,1,35,25,01:35,true,false,9,ninguna,HOMBRES,ND,H,H,8,0,N,N,0,0,false,0,N,N,39,sin datos,0,0,false,1,2,0,NA,NA,0,NA,1,PARADO,NO,HOMBRE,1469,-102.34250760,21.95421460
251560183,0,50102,ROBO PERSONA,ND,8,2025-08-11,33,1,1,FRACCIONAMIENTO,"VILLA DE NUESTRA SEÑORA DE LA ASUNCION, SECTOR ALAMEDA",330,330,CALLE,VALLE DE LOS ROMEROS,NA,NA,",,,",CALLE,RODRIGO RINCON GALLARDO,3,17,12,22,17:12,false,true,1,cortante,2 HOMBRES UNO VISTE CAMISA GRIS PANTLAON GRIS ESTATURA BAJA EL OTRO PLAYERA NEGRA PANTALON AZUL,ND,H,H,8,0,N,N,0,0,false,0,N,N,11,herramientas,0,1000,false,1,1,0,NA,NA,0,NA,1,PARADO,NO,HOMBRE,1470,-102.26409485,21.93379706
64220072,0,30422,ROBO PERSONA,ND,8,2025-08-02,31,6,6,FRACCIONAMIENTO,BOSQUES DE PABELLON,1125R,0,CALLE,GLADIOLA,NA,NA,",,,",CALLE,ND,7,11,51,20,11:51,false,false,9,ninguna,ND,ND,ND,ND,8,0,N,N,0,0,false,0,N,N,3,celular,0,0,false,1,1,0,NA,NA,0,NA,1,ND,NO,ND,1471,-102.28587775,22.15419268
251567385,0,30421,ROBO PERSONA,ROBO PERSONA,8,2025-08-12,33,2,1,FRACCIONAMIENTO,ESPAÑA,171,171,AVENIDA,AGUASCALIENTES PONIENTE,NA,NA,",,,",CALLE,GALICIA,2,17,48,22,17:48,false,true,1,cortante,1 HOMBRE 1 MUJER,ND,A,H,8,0,N,N,0,0,false,0,MOTOCICLETA,MOTOCICLETA COLOR NEGRO,28,dinero,700,700,false,1,1,0,NA,NA,0,NA,1,TRANSITANDO,NO,HOMBRE,1472,-102.31743693,21.86437383
251569148,0,30422,ROBO PERSONA,ND,8,2025-08-12,33,2,1,FRACCIONAMIENTO,PASEO DE LOS CACTUS,410,410,CALLE,CABUYA,NA,NA,"209,,,",CALLE,ELOISA BARBOSA CHAVEZ,4,22,33,24,22:33,false,false,9,ninguna,ND,ND,ND,H,8,0,N,N,0,0,false,0,N,N,3,celular,0,0,false,1,1,0,NA,NA,0,NA,1,PARADO,NO,HOMBRE,1473,-102.23310108,21.87553097
251569374,0,30421,ROBO PERSONA,MARIPOSA,8,2025-08-12,33,2,1,FRACCIONAMIENTO,INFONAVIT MORELOS,93,93,CALLE,PLAZA QUINTA BONAMPAK,NA,NA,"504,,,",CALLE,DZILAM,5,23,43,24,23:43,true,true,1,cortante,2 HOMBRES UNO VISTE PLAYERA DE BEIS BOL AZUL PANTALON GRIS EL OTRO PLAYERA NEGRA PANTALON GRIS,ND,H,H,8,0,N,N,0,0,false,0,N,N,14,bicicleta,0,0,false,1,1,0,NA,NA,0,NA,1,TRANSITANDO,NO,HOMBRE,1474,-102.25376463,21.86581044
251570874,0,30422,ROBO PERSONA,ND,8,2025-08-13,33,3,1,FRACCIONAMIENTO,VILLA TERESA,283,283,CALLE,CAPUCHINAS,NA,NA,",,,",CALLE,PAULINO N MARTI,3,8,17,19,08:17,true,false,9,ninguna,ND,ND,ND,H,8,0,N,N,0,0,false,0,N,N,31,mochila,0,0,false,1,2,0,NA,NA,0,NA,1,ND,NO,HOMBRE,1475,-102.28122707,21.92034657
251571857,0,30421,ROBO PERSONA,ND,8,2025-08-13,33,3,1,FRACCIONAMIENTO,VILLA LAS PALMAS,346,346,CALLE,VILLA DE ARRIAGA,NA,NA,"115,,,",AVENIDA,PROCERES DE LA ENSEÑANZA,5,11,57,20,11:57,false,true,1,cortante,1 HOMBRE COMPLEXION DELGADO EDAD APROX 15 AÑOS VISTE PANTALON NEGRO DESPINTADO,ND,H,M,8,0,N,N,0,0,false,0,N,N,3,celular,0,0,false,1,1,0,NA,NA,0,NA,1,TRANSITANDO,NO,MUJER,1476,-102.23336731,21.86026404
251576674,0,30421,ROBO PERSONA,ND,8,2025-08-14,33,4,1,UNIDAD HABITACIONAL,POTREROS DEL OESTE,167,167,AVENIDA,SIGLO XXI,NA,NA,",,,",AVENIDA,PASEO DE LA ASUNCION,2,1,46,25,01:46,false,true,1,cortante,3 HOMBRES,ND,H,H,8,0,N,N,0,0,false,0,N,N,"3,12,28","celular,ropa,dinero",80,80,false,1,25,0,NA,NA,0,NA,1,TRANSITANDO,NO,HOMBRE,1477,-102.30138327,21.84535012
251566275,0,30446,ROBO PERSONA,RATON,8,2025-08-12,33,2,1,FRACCIONAMIENTO,INSURGENTES,598,598,CALLE,SOLDADO INSURGENTE,NA,NA,"213,,,",AVENIDA,HEROE INMORTAL,5,14,38,21,14:38,false,false,9,ninguna,1 HOMBRE VISTE PANTALON MEZCLILLA TENIS BLANCOS PLAYERA TIPO POLO AZUL,ND,H,M,8,0,N,N,0,0,false,0,N,N,"3,28,29,40","celular,dinero,cartera,tarjetas",7000,7000,false,1,1,0,NA,NA,0,NA,2,PARADO,NO,MUJER,1478,-102.26871337,21.85595019
251566885,0,30446,ROBO PERSONA,MARIPOSA,8,2025-08-12,33,2,1,FRACCIONAMIENTO,CIUDAD INDUSTRIAL,327,627,CALLE,CAROLINA VILLANUEVA GARCIA,NA,NA,"205,,,",CALLE,PEDRO VEGA KEGEL,5,16,33,22,16:33,false,false,9,ninguna,2 HOMBRES EDAD APROX 25 AÑOS UNO VISTE PLAYERA NEGRA BERMUDA BEIGE EL OTRO SUDADERA CAMUFLAGE,ND,H,H,8,0,N,N,0,0,false,0,N,N,14,bicicleta,0,0,false,1,1,0,NA,NA,0,NA,2,PARADO,NO,HOMBRE,1479,-102.28724153,21.83504094
251567528,0,30446,ROBO PERSONA,MARIPOSA,8,2025-08-12,33,2,1,FRACCIONAMIENTO,SANTA ELENA,261,261,AVENIDA,LAS AMERICAS,NA,NA,",,,",CALLE,REPUBLICA DE ECUADOR,2,18,31,22,18:31,false,false,9,ninguna,ND,ND,ND,H,8,0,N,N,0,0,false,0,N,N,14,bicicleta,0,6000,false,1,1,0,NA,NA,0,NA,1,PARADO,NO,HOMBRE,1480,-102.30219740,21.87024397
251569882,0,30446,ROBO PERSONA,ND,8,2025-08-13,33,3,1,FRACCIONAMIENTO,REAL DE HACIENDAS,307,307,AVENIDA,HACIENDA DE OJOCALIENTE,NA,NA,"603,,,",CALLE,HACIENDA DEL MORAL,4,2,33,25,02:33,false,false,9,ninguna,1 HOMBRE VISTE DE NEGRO,ND,H,M,8,0,N,N,0,0,false,0,MOTOCICLETA,MOTOCICLETA COLOR NEGRO,3,celular,0,0,false,1,1,0,NA,NA,0,NA,2,PARADO,NO,MUJER,1481,-102.24010512,21.89093614
251570135,0,30446,ROBO PERSONA,ND,8,2025-08-13,33,3,1,COMUNIDAD,SAN MARTIN DE LA CANTERA,554,554,AVENIDA,SIGLO XXI,NA,NA,",,,",BOULEVARD,JUAN PABLO II,2,3,11,26,03:11,false,false,9,ninguna,HOMBRES,ND,H,H,8,0,N,N,0,0,false,0,CAMIONETA,CAMIONETA MERCEDEZ BENZ COLOR NEGRO,"2,31,53","computo,casco,mochila",0,0,false,1,1,0,NA,NA,0,NA,1,PARADO,NO,HOMBRE,1482,-102.35337792,21.85226504
251575331,0,30446,ROBO PERSONA,MARIPOSA,8,2025-08-13,33,3,7,COLONIA,SANTA ANITA,1154,1154,CALLE,MORELOS SUR,NA,NA,",,,",CALLE,EMILIANO ZAPATA,7,21,43,24,21:43,false,false,9,ninguna,ND,ND,ND,H,8,0,N,N,0,0,false,0,N,N,14,bicicleta,0,4000,true,1,10,0,NA,NA,0,NA,1,PARADO,NO,HOMBRE,1483,-102.32034501,22.22490823
251578653,0,30446,ROBO PERSONA,MARIPOSA,8,2025-08-14,33,4,1,COLONIA,SAN PABLO,242,242,CALLE,RIO SAN PEDRO,NA,NA,"102,,,",CALLE,MARINA NACIONAL,6,13,11,21,13:11,false,false,9,ninguna,ND,ND,ND,H,8,0,N,N,0,0,false,0,N,N,14,bicicleta,0,1000,true,1,10,0,NA,NA,0,NA,1,PARADO,NO,HOMBRE,1484,-102.29819892,21.89254064
251456519,0,30504,ROBO PERSONA,ND,7,2025-07-27,30,7,1,FRACCIONAMIENTO,OJOCALIENTE I,190,190,CALLE,LAS CUMBRES,NA,NA,"434,,,",CALLE,EL TERREMOTO,4,19,18,23,19:18,false,false,9,ninguna,1 HOMBRE,DANIEL IVAN MARTIN CARDONA,H,M,5,0,N,N,0,0,false,0,N,N,"3,28,31","celular,cartera,llaves",0,25000,true,1,10,0,NA,NA,0,NA,1,PARADO,NO,MUJER,1485,-102.25083492,21.88328616
251557788,0,50107,ROBO PERSONA,MARIPOSA,8,2025-08-11,33,1,1,COLONIA,MIRAVALLE,239,239,CALLE,AURELIO GONZALEZ,NA,NA,"306,A,,",CALLE,ALBERTO DEL VALLE,6,6,0,19,06:00,false,false,9,ninguna,1 HOMBRE,ND,H,H,3,0,N,N,0,0,false,0,N,N,14,bicicleta,0,0,false,1,1,0,NA,NA,0,NA,1,PARADO,NO,HOMBRE,1486,-102.31023143,21.89096815
251581866,0,30421,ROBO PERSONA,MARIPOSA,8,2025-08-14,33,4,1,FRACCIONAMIENTO,LOS ARCOS,610,610,AVENIDA,FERROCARRIL,NA,NA,",,,",AVENIDA,AGLAYA,3,27,0,27,Sin datos,false,true,1,cortante,2 HOMBRES UNO VISTE CHAMARRA NEGRA GORRA NEGRA COMPLEXION DELGADO ESTATURA MEDIA,ND,H,H,8,0,N,N,0,0,false,0,N,N,14,bicicleta,0,5000,false,1,1,0,NA,N,0,NA,1,TRANSITANDO,NO,HOMBRE,1487,-102.28683435,21.90751174
251585362,0,30421,ROBO PERSONA,ND,8,2025-08-15,33,5,1,FRACCIONAMIENTO,RODOLFO LANDEROS GALLEGOS,226,226,AVENIDA,SIGLO XXI,NA,NA,",,,",AVENIDA,RODOLFO LANDEROS GALLEGOS,4,12,54,21,12:54,false,true,1,cortante,3 HOMBRES,ND,H,H,8,0,N,N,0,0,false,0,N,N,"3,12","celular,ropa",0,0,false,1,1,0,NA,NA,0,NA,1,ND,NO,HOMBRE,1488,-102.25424866,21.90182170
251587094,0,30422,ROBO PERSONA,ND,8,2025-08-15,33,5,1,NO APLICA,AVICOLA AGUASCALIENTES,483,483,AVENIDA,SIGLO XXI,NA,NA,",,,",BOULEVARD,A ZACATECAS,3,18,40,22,18:40,false,true,9,ninguna,1 HOMBRE VISTE CAMISA AZUL PANTALON DE VESTIR,ND,H,H,8,0,N,N,0,0,false,0,N,N,27,documentos,0,0,false,1,2,0,NA,NA,0,NA,1,PARADO,NO,HOMBRE,1489,-102.29046747,21.94496809
251588566,0,30421,ROBO PERSONA,ND,8,2025-08-15,33,5,1,FRACCIONAMIENTO,RODOLFO LANDEROS GALLEGOS,226,226,CALLE,GENERAL LAZARO CARDENAS,NA,NA,"135,,,",AVENIDA,RODOLFO LANDEROS GALLEGOS,3,22,47,24,22:47,false,true,1,10,sin datos,ND,H,H,8,0,N,N,0,0,false,0,N,N,12,ropa,0,0,false,1,6,0,NA,NA,0,NA,1,ND,NO,HOMBRE,1490,-102.25092622,21.90331647
251589201,0,30421,ROBO PERSONA,ND,8,2025-08-15,33,5,1,FRACCIONAMIENTO,RODOLFO LANDEROS GALLEGOS,226,226,AVENIDA,RODOLFO LANDEROS GALLEGOS,NA,NA,",,,",AVENIDA,POLIDUCTO,4,23,11,24,23:11,false,true,10,Otras,ND,EL MILEN Y EL GAEL,H,H,8,0,N,N,0,0,false,0,N,N,12,ropa,0,1000,false,1,1,0,NA,NA,0,NA,1,TRANSITANDO,NO,HOMBRE,1491,-102.24868417,21.90350747
251591806,0,30421,ROBO PERSONA,ND,8,2025-08-16,33,6,1,CONDOMINIO,BARLOVENTO,456,456,AVENIDA,MEDITERRANEO,NA,NA,",,,",AVENIDA,ATLANTICO,2,11,52,20,11:52,false,true,1,cortante,1 HOMBRE VISTE DE NEGRO,ND,H,H,8,0,N,N,0,0,false,0,BICICLETA,BICICLETA VIEJITA,"15,29","joyeria,cartera",0,0,false,1,2,0,NA,NA,0,NA,1,ND,NO,HOMBRE,1492,-102.31933953,21.83269767
251596576,0,30422,ROBO PERSONA,ND,8,2025-08-16,33,6,1,FRACCIONAMIENTO,NAZARIO ORTIZ GARZA,222,222,AVENIDA,SIGLO XXI,NA,NA,",,,",AVBOULEVARD,GUADALUPANO,3,22,13,24,22:13,false,false,9,ninguna,1 HOMBRE 1 MUJER,EL TORIBIO Y LA ESMERALDA,A,M,8,0,N,N,0,0,false,0,MOTOCICLETA,MOTOCICLETA COLOR NEGRO,"3,26","celular,bolso",0,0,false,1,1,0,NA,NA,0,NA,1,ND,NO,MUJER,1493,-102.25664834,21.90680275
251598416,0,30422,ROBO PERSONA,ND,8,2025-08-16,33,6,7,COLONIA,SANTA ELENA,1169,1169,AVENIDA,EJERCITO NACIONAL,NA,NA,"121,,,",CALLE,LIBERTAD,7,22,30,24,22:30,false,false,9,ninguna,2 HOMBRES VISTE CAMISA GRIS PANTALON MEZCLILLA,ND,H,H,8,0,N,N,0,0,false,0,MOTOCICLETA,MOTOCICLETA TIPO CROSS COLOR AMARILLO,3,celular,0,0,false,1,1,0,NA,NA,0,NA,1,TRANSITANDO,NO,HOMBRE,1494,-102.32097064,22.23429924
251598847,0,30422,ROBO PERSONA,ND,8,2025-08-17,33,7,1,FRACCIONAMIENTO,REAL DE HACIENDAS,307,307,AVENIDA,HACIENDA DE OJOCALIENTE,NA,NA,",,,",AVENIDA,POLIDUCTO,4,3,24,26,03:24,false,false,9,ninguna,2 HOMBRES UNO VISTE PLAYERA BLANCA Y EL OTRO CAMISA NEGRA CUBIERTO DE LA CARA,ND,H,H,8,0,N,N,0,0,false,0,N,N,"12,28,29","ropa,dinero,cartera",2000,2000,false,1,1,0,NA,NA,0,NA,1,ND,NO,HOMBRE,1495,-102.24378622,21.88968652
251607180,0,30421,ROBO PERSONA,ND,8,2025-08-18,34,1,1,BARRIO,BARRIO SAN MARCOS,85,85,CALLE,MANUEL M PONCE,NA,NA,",,,",CALLE,ARTURO J PANI,1,6,4,19,06:04,false,true,"1,3","cortante,contusa",2 HOMBRES PEPENADORES UNO VISTE DE BLANCO Y EL OTRO DE AZUL MARINO CON UN PALIACATE EN LA CABEZA,ND,H,H,8,0,N,N,0,0,false,0,N,N,28,dinero,700,700,false,1,1,0,NA,NA,0,NA,1,TRANSITANDO,NO,HOMBRE,1496,-102.30408161,21.87932464
251585858,0,30446,ROBO PERSONA,ND,8,2025-08-15,33,5,7,COLONIA,ZONA CENTRO,1166,1166,CALLE,FRANCISCO I MADERO,NA,NA,",,,",CALLE,MORELOS,7,14,58,21,14:58,false,false,9,ninguna,1 HOMBRE,ND,H,H,8,0,N,N,0,0,false,0,N,N,28,dinero,50,50,false,1,1,0,NA,NA,0,NA,1,PARADO,NO,HOMBRE,1497,-102.32092602,22.23002399
251587550,0,30446,ROBO PERSONA,MARIPOSA,8,2025-08-15,33,5,1,COLONIA,SAN PEDRO,89,89,CALLE,PABLO GARCIA,NA,NA,"119,,,",CALLE,ROSAURA ZAPATA,2,20,6,23,20:06,false,false,9,ninguna,1 HOMBRE VISTE SUDADERA NEGRA PANTALON NEGRO,ND,H,H,8,0,N,N,0,0,false,0,N,N,14,bicicleta,0,0,false,1,1,0,NA,NA,0,NA,1,TRPARADO,NO,HOMBRE,1498,-102.29483482,21.84152384
251600640,0,30446,ROBO PERSONA,ND,8,2025-08-17,33,7,1,FRACCIONAMIENTO,BENITO PALOMINO DENA,220,220,CALLE,MARIA DEL CARMEN MARTIN DEL CAMPO,NA,NA,"224,,,",BOULEVARD,GUADALUPANO,3,11,43,20,11:43,false,false,9,ninguna,1 HOMBRE,ROLANDO GONZALEZ MARES,H,H,5,1,N,N,0,0,false,0,N,N,"3,29","celular,cartera",0,4500,false,1,1,0,NA,NA,0,NA,1,PARADO,NO,MUJER,1499,-102.25054688,21.91416129
251600859,0,30446,ROBO PERSONA,ND,8,2025-08-17,33,7,1,FRACCIONAMIENTO,EMILIANO ZAPATA,598,598,AVENIDA,SIGLO XXI,NA,NA,",,,",CALLE,PROFESOR OLTILIO E MONTAÑO,5,12,20,21,12:20,false,false,9,ningun,1 HOMBRE,ND,H,M,8,0,N,N,0,0,false,0,N,N,38,otros,0,300,false,1,1,0,NA,NA,0,NA,1,TRANSITANDO,NO,MUJER,1500,-102.25257832,21.85604368
251595653,0,50107,ROBO PERSONA,MARIPOSA,8,2025-08-16,33,6,6,FRACCIONAMIENTO,SANTA ISABEL,1141,1141,CALLE,REAL DEL SALTO,NA,NA,"215,A,,",CALLE,REAL DE ASIENTOS,7,20,36,24,20:36,false,false,9,ninguna,1 HOMBRE,N,H,M,8,0,N,N,0,0,false,0,N,N,14,bicicleta,0,0,false,1,1,0,NA,NA,0,NA,1,PARADO,NO,HOMBRE,1501,-102.26742617,22.08180589
251608999,0,30446,ROBO PERSONA,ND,8,2025-08-18,34,1,1,FRACCIONAMIENTO,SANTA ELENA,261,261,AVENIDA,DOCTOR IGNACIO T CHAVEZ,NA,NA,"1112,,,",CALLE,REPUBLICA DE ECUADOR,2,13,53,21,13:53,false,false,9,ninguna,1 HOMBRE VISTE CHALECO AZUL CON LA LEYENDA GIGANTE DE MEXICO,ND,H,M,8,0,N,N,0,0,false,0,BICICLETA,BICICLETA,3,celular,0,0,false,1,1,0,NA,NA,0,NA,2,PARADO,NO,MUJER,1502,-102.30661330,21.87121018
251609239,0,30904,ROBO PERSONA,MARIPOSA,8,2025-08-18,34,1,1,FRACCIONAMIENTO,SANTA ELENA,261,261,CALLE,BUENOS AIRES,NA,NA,",,,",CALLE,REPUBLICA DEL SALVADOR,2,14,45,21,14:45,true,false,9,ninguna,1 HOMBRE,MIGUEL RAMIREZ NAVARRO,H,H,8,1,N,N,0,0,false,0,N,N,14,bicicleta,0,0,true,1,4,0,NA,NA,0,NA,1,PARADO,NO,HOMBRE,1503,-102.30512181,21.86830081
251609641,0,50107,ROBO PERSONA,MARIPOSA,8,2025-08-18,34,1,1,FRACCIONAMIENTO,OJOCALIENTE III,191,191,CALLE,CHURUBUSCO,NA,NA,"219,,,",CALLE,LAS CUEVAS,4,15,45,22,15:45,false,false,9,ninguna,1 HOMBRE,ND,H,H,3,0,N,N,0,0,false,0,N,N,14,bicicleta,0,0,false,1,1,0,NA,NA,0,NA,1,PARADO,NO,HOMBRE,1504,-102.24399858,21.88020804
251609882,0,30446,ROBO PERSONA,MARIPOSA,8,2025-08-18,34,1,1,FRACCIONAMIENTO,PASEOS DE SAN ANTONIO,634,634,CALLE,PARMA,NA,NA,",,,",AVENIDA,PASEOS DE SAN ANTONIO,5,16,19,22,16:19,false,false,9,ninguna,ND,ND,ND,H,8,0,N,N,0,0,false,0,N,N,14,bicicleta,0,15000,false,1,1,0,NA,NA,0,NA,1,PARADO,NO,HOMBRE,1505,-102.27530888,21.81139219
251611513,0,30421,ROBO PERSONA,ND,8,2025-08-18,34,1,1,FRACCIONAMIENTO,MONTEBELLO DELLA STANZA,381,381,AVENIDA,SIGLO XXI,NA,NA,",,,",CIRCUITO,GRAN CAPITTALA,3,20,16,23,20:16,false,true,10,otras,VARIOS HOMBRES,ND,H,H,8,0,N,N,0,0,false,0,N,N,"3,15,29","celular,joyeria,cartera",0,0,false,1,1,0,NA,NA,0,NA,1,PARADO,NO,HOMBRE,1506,-102.27391154,21.93651389
251612428,0,30421,ROBO PERSONA,ND,8,2025-08-18,34,1,5,FRACCIONAMIENTO,LA CUESTA,923,923,CALLE,CUESTA DE ORIENTE,NA,NA,"324,,,",CALLE,CUESTA DE LA RIVERA,7,22,20,24,22:20,false,true,3,contusa,2 HOMBRES UNO DE ELLOS ESTATURA BAJA TEZ MORENO VISTE PANTALON MEZCLILLA CAMISA BLANCA EL OTRO VISTE CHAMARRA COLOR MARR,ND,H,H,8,0,N,N,0,0,false,0,N,N,3,celular,0,0,true,1,10,0,NA,NA,0,NA,1,TRANSITANDO,NO,HOMBRE,1507,-102.33769072,21.97446787
251612478,0,30421,ROBO PERSONA,ND,8,2025-08-18,34,1,5,FRACCIONAMIENTO,MANANTIALES DEL PIÑAR,927,927,CALLE,DEL ARBOL,NA,NA,",,,",CALLE,LOS SAUCES,7,22,32,24,22:32,false,true,1,cortante,1 HOMBRE VISTE SUDADERA ROJA,ND,H,A,8,0,N,N,0,0,false,0,N,N,3,celular,0,5000,false,1,1,0,NA,NA,0,NA,1,PARADO,NO,MENOR,1508,-102.34802073,21.95619232
251613262,0,30421,ROBO PERSONA,ND,8,2025-08-19,34,2,1,FRACCIONAMIENTO,LOS PERICOS,287,287,CALLE,SANTA VALERIA,NA,NA,3,CALLE,CULTURA OTOMI,3,0,55,25,00:55,false,true,1,cortante,3 HOMBRES,ND,H,H,8,0,N,N,0,0,false,0,N,N,3,celular,0,1500,false,1,57,0,NA,NA,0,NA,1,TRANSTIANDO,NO,HOMBRE,1509,-102.24855053,21.91033249
251607053,0,30427,ROBO PERSONA,TRANSPORTISTA,8,2025-08-18,34,1,5,CONDOMINIO,SANTA FE TECNO PARK,1112,1112,CARRETERA,45 AGUASCALIENTES ZACATECAS,ND,ND,",,,",CALLE,N,7,4,58,26,04:58,false,true,1,cortante,2 HOMBRES VISTEN CHAMARRAS GRUESAS CON GORROS,ND,H,H,8,0,N,N,0,0,false,0,N,N,"3,28,29,40","celular,dinero,cartera,tarjetas",1500,1500,false,1,1,0,NA,NA,0,NA,1,PARADO,SI,HOMBRE,1510,-102.28289217,22.02579177
251613389,0,30427,ROBO PERSONA,TRANSPORTISTA,8,2025-08-19,34,2,6,RURAL,LAS ANIMAS,1145,1145,CARRETERA,45 AGUASCALIENTES ZACATECAS,ND,ND,",,,",CALLE,N,7,2,1,25,02:01,false,true,2,penetrante,2 HOMBRES,ND,H,H,8,0,N,N,0,0,false,0,N,N,"3,12,28,29,40","celular,ropa,dinero,cartera,tarjetas",50,50,false,1,1,0,NA,NA,0,NA,1,PARADO,SI,HOMBRE,1511,-102.27391147,22.09446017
114220080,0,30422,ROBO PERSONA,MARIPOSA,8,2025-08-11,33,1,11,NINGUNO,DESARROLLO AGROPECUARIO LA TRINIDAD,1317,1317,AVENIDA,JUAREZ,NA,NA,",,,",CARRETERA,71 PROVIDENCIA LUIS MOYA,7,22,12,24,22:12,false,false,9,ninguna,ND,ND,ND,H,8,0,N,N,0,0,false,0,N,N,14,celular,0,1500,false,1,1,0,NA,NA,0,NA,1,ND,NO,ND,1512,-102.27392165,22.06256915
64220081,0,30422,ROBO PERSONA,MARIPOSA,8,2025-08-11,33,1,6,COLONIA,ZONA CENTRO,1130,1130,AVENIDA,HEROCIO COLEGIO MILITAR NORTE,NA,NA,",,,",CALLE,ND,7,12,55,21,12:55,false,false,9,ninguna,ND,ND,ND,ND,8,0,N,N,0,0,false,0,N,N,14,bicicleta,0,0,false,1,1,0,NA,NA,0,NA,1,ND,NO,ND,1513,-102.27669782,22.14857731
251594751,0,10315,ROBO PERSONA,ND,8,2025-08-16,33,6,11,FRACCIONAMIENTO,LA RIBERA,1340,1340,CALLE,URICHO,NA,NA,"525,,,",CALLE,TEXCOCO,7,18,10,22,18:10,false,true,10,otras,1 HOMBRE CONDUCTOR DE TAXI,ND,H,H,8,0,N,N,0,0,false,0,N,N,28,dinero,0,0,false,1,1,0,NA,NA,0,NA,1,ND,NO,HOMBRE,1514,-102.25006623,21.95917176
251612568,0,30904,ROBO PERSONA,ND,8,2025-08-18,34,1,1,FRACCIONAMIENTO,ALIANZA FERROCARRILERA,211,211,CALLE,ANTONIO OROZCO OROZCO,NA,NA,"512,,,",CALLE,G,3,22,46,24,22:46,false,true,4,cortante,1 HOMBRE,ND,H,H,8,0,N,N,0,0,false,0,N,N,"3,29,31","celular,cartera,mochila",0,0,false,1,1,0,NA,NA,0,NA,1,TRANSITANDO,NO,HOMBRE,1515,-102.28178120,21.90979027
251556728,0,30907,ROBO PERSONA,ND,8,2025-08-11,33,1,6,COLONIA,PROGRESO SUR,1131,1131,CALLE,FRANCISCO SERNA LARA SUR,NA,NA,"504,,,",CALLE,GREGORIO DELGADO DE LIRA,7,1,56,25,01:56,false,false,9,ninguna,1 HOMBRE,ND,H,M,5,0,N,N,0,0,false,0,N,N,31,llaves,0,0,true,1,10,0,NA,NA,0,NA,1,PARADO,NO,MUJER,1516,-102.28357828,22.14357784
251562562,0,30907,ROBO PERSONA,ND,8,2025-08-12,33,2,3,COLONIA,ADOLFO LOPEZ MATEOS,806,806,CALLE,MIGUEL HIDALGO,NA,NA,"112,,,",CALLE,VENUSTIANO CARRANZA,7,0,15,25,00:15,false,true,3,contusa,1 HOMBRE,ND,H,M,5,0,N,N,0,0,false,0,N,N,3,celular,0,0,false,1,1,0,NA,NA,0,NA,1,PARADO,NO,MUJER,1517,-102.72107257,21.85372171
251602705,0,30907,ROBO PERSONA,ND,8,2025-08-17,33,7,1,UNIDAD HABITACIONAL,IV CENTENARIO,618,618,RETORNO,ANTONIO DIAZ SOTO Y GAMA,NA,NA,"107,2,,",RETORNO,JOSE MARIA CHAVEZ,5,17,48,22,17:48,false,false,9,ninguna,1 HOMBRE,ND,H,M,5,0,N,N,0,0,false,0,N,N,3,celular,0,0,false,1,2,0,NA,NA,0,NA,1,PARADO,NO,MUJER,1518,-102.27936618,21.87334777
251614118,0,30421,ROBO PERSONA,ND,8,2025-08-19,34,2,1,FRACCIONAMIENTO,REAL DE HACIENDAS,307,307,AVENIDA,HACIENDA JOSE MARIA MORELOS,NA,NA,",,,",CALLE,HACIENDA LA HUERTA,4,9,17,20,09:17,false,true,1,cortante,1 HOMBRE,ND,H,H,8,0,N,N,0,0,false,0,N,N,"3,6,15","celular,tecnologia,joyeria",0,10000,false,1,1,0,NA,NA,0,NA,1,PARADO,NO,HOMBRE,1519,-102.24337710,21.88695770
251621399,251621402,30421,ROBO PERSONA,MARIPOSA,8,2025-08-20,34,3,1,ESPECIAL,TRES CENTURIAS ESPECIAL,614,614,AVENIDA,MANUEL GOMEZ MORIN,NA,NA,",,,",CALLE,CARLOS M LOPEZ,6,12,27,21,12:27,true,true,3,contusa,1 HOMBRE VISTE DE NEGRO EDAD APROX 30 AÑOS,ND,ND,H,8,0,N,N,0,0,false,0,N,N,14,bicicleta,0,0,true,1,10,0,NA,NA,0,NA,1,ND,NO,HOMBRE,1520,-102.28516522,21.90042827
251614898,0,30446,ROBO PERSONA,MARIPOSA,8,2025-08-19,34,2,1,FRACCIONAMIENTO,MEXICO,624,624,CALLE,SONORA,NA,NA,",,,",AVENIDA,AGUASCALINETES SUR,5,12,6,21,12:06,false,false,9,ninguna,HOMBRES UNO VISTE PLAYERA BLANCA CON LETRAS ROJAS EDAD APROX 18 AÑOS AMBOS CON GORRA,ND,H,H,8,0,N,N,0,0,false,0,N,N,14,bicicleta,0,0,true,1,10,0,NA,NA,0,NA,1,PARADO,NO,HOMBRE,1521,-102.28206621,21.86230432
251606546,0,30907,ROBO PERSONA,ND,8,2025-08-18,34,1,1,FRACCIONAMIENTO,PENSADORES MEXICANOS,208,208,CALLE,EFRAIN HUERTA,NA,NA,",,,",CALLE,ND,3,1,0,25,01:00,false,true,4,fuego,5 HOMBRES,ND,H,A,8,0,N,N,0,0,false,0,COCHE,COCHE VW SIN PLACAS,12,ropa,0,0,false,1,20,0,NA,NA,0,NA,1,TRANSITANDO,NO,MENOR,1522,-102.25996013,21.91445503
251611055,0,30307,ROBO PERSONA,ND,8,2025-08-18,34,1,1,COMUNIDAD,PEÑUELAS (EL CIENEGAL),36,36,CARRETERA,45 LEON AGUASCALIENTES,NA,NA,",,,",CALLE,FRANCISCO VILLA,5,19,13,23,19:13,true,false,9,ninguna,2 HOMBRES VISTEN DE NEGRO,ND,H,M,8,0,N,N,0,0,false,0,COCHE,COCHE COLOR NEGRO,26,bolso,0,0,false,1,2,0,NA,NA,0,NA,1,TRANSITANDO,SI,MUJER,1523,-102.27671661,21.73650266
251617935,0,30907,ROBO PERSONA,ND,8,2025-08-19,34,2,1,FRACCIONAMIENTO,"VILLA DE NUESTRA SEÑORA DE LA ASUNCION, SECTOR ENCINO",331,331,AVENIDA,MATIAS DE LA MOTA,NA,NA,",,,",AVENIDA,SIGLO XXI,3,21,26,23,21:26,false,true,3,contusa,1 HOMBRE VISTE SUDADERA NEGRA SHORT CAFE,ND,H,H,8,0,N,N,0,0,false,0,N,N,38,otros,0,0,false,1,1,0,NA,NA,0,NA,1,PARADO,NO,MENOR,1524,-102.26660851,21.92735026
251618429,0,30907,ROBO PERSONA,ND,8,2025-08-19,34,2,1,FRACCIONAMIENTO,JOSE GUADALUPE PERALTA GAMEZ,334,334,CALLE,PROCERES DE LA ENSEÑANZA,NA,NA,",,,",CALLE,ROSA GUERRERO RAMIREZ,4,22,15,24,22:15,false,true,3,contusa,8 HOMBRES,ND,H,H,8,0,N,N,0,0,false,0,N,N,12,ropa,0,0,true,1,10,0,NA,NA,0,NA,1,PARADO,NO,HOMBRE,1525,-102.23619320,21.86820274
251623737,0,30422,ROBO PERSONA,ND,8,2025-08-20,34,3,5,COLONIA,CENTRO,938,938,CALLE,ABASOLO,NA,NA,"306,,,",CALLE,AGUSTIN DE ITURBIDE,7,19,54,23,19:54,false,false,9,ninguna,1 HOMBRE CONDUCTOR DE DIDI,ND,H,H,8,0,N,N,0,0,false,0,DIDI,DIDI VERSA COLOR NARANJA CON PLACAS ACE302F,"12,38","ropa,otros",0,0,false,1,1,0,NA,NA,0,NA,1,PARADO,NO,HOMBRE,1526,-102.34538696,21.96391674
251625670,0,30421,ROBO PERSONA,TRANSPORTISTA,8,2025-08-21,34,4,11,NINGUNO,DESARROLLO AGROPECUARIO LA TRINIDAD,1317,1317,CARRETERA,71 LUIS MOYA,NA,NA,",,,",CARRETERA,138 LA ESCONDIDA,7,0,52,25,00:52,false,true,3,contusa,5 HOMBRES,ND,H,H,8,0,N,N,0,0,false,0,N,N,"29,38","cartera,otros",0,0,false,1,1,0,NA,NA,0,NA,1,PARADO,SI,HOMBRES,1527,-102.26730199,22.05988401
251626148,0,30421,ROBO PERSONA,MARIPOSA,8,2025-08-21,34,4,1,FRACCIONAMIENTO,LOS PERICOS,287,287,AVENIDA,POLIDUCTO,NA,NA,",,,",CALLE,ND,3,0,30,25,00:30,false,true,3,contusa,3 HOMBRES,ND,H,H,8,0,N,N,0,0,false,0,N,N,"11,14,28,31","herramienta,bicicleta,dinero,mochila",300,1200,false,1,1,0,NA,NA,0,NA,1,PARADO,NO,HOMBRE,1528,-102.25014327,21.90831710
251626205,0,30421,ROBO PERSONA,MARIPOSA,8,2025-08-21,34,4,1,FRACCIONAMIENTO,PASEOS DEL SUR,634R,0,AVENIDA,FERROCARRIL,NA,NA,",,,",CALLE,BRISCIA,5,5,34,26,05:34,false,false,3,contusa,4 HOMBRES,ND,H,H,8,0,N,N,0,0,false,0,N,N,14,bicicleta,0,3000,false,1,2,0,NA,NA,0,NA,1,ND,NO,HOMBRE,1529,-102.27657779,21.81507759
251622436,0,30446,ROBO PERSONA,ND,8,2025-08-20,34,3,1,FRACCIONAMIENTO,INSURGENTES,161,161,AVENIDA,DE LA CONVENCION,NA,NA,"1200,,,",CALLE,GENERA MATEO ALMANZA,2,15,43,22,15:43,false,false,9,ninguna,1 HOMBRE,ND,H,M,8,0,N,N,0,0,false,0,MOTOCICLETA,MOTOCICLETA,3,celular,0,2500,false,1,1,0,NA,NA,0,NA,2,PARADO,NO,MUJER,1530,-102.30930750,21.85139841
251624554,0,30446,ROBO PERSONA,MARIPOSA,8,2025-08-20,34,3,1,FRACCIONAMIENTO,JESUS GOMEZ PORTUGAL,585,585,AVENIDA,PASEO DE LA CRUZ,NA,NA,",,,",AVENIDA,DE LA CONVENCION DE 1914 ORIENTE,5,21,38,24,21:38,false,false,9,ninguna,ND,ND,ND,H,8,0,N,N,0,0,false,0,N,N,14,bicicleta,0,0,false,1,1,0,NA,NA,0,NA,1,PARADO,NO,HOMBRE,1531,-102.27008859,21.87356602
251623108,0,50107,ROBO PERSONA,MARIPOSA,8,2025-08-20,34,3,11,FRACCIONAMIENTO,LA RIBERA,1340,1340,CALLEA,TOTONILCO,NA,NA,"106,,,",AVENIDA,RIBERA DE CHAPALA,7,17,55,22,17:55,false,false,9,ninguna,1 HOMBRE,ND,H,H,3,0,N,N,0,0,false,0,N,N,"14,28","bicicleta,dinero",100,1400,false,1,1,0,NA,NA,0,NA,1,PARADO,NO,HOMBRE,1532,-102.25617987,21.95685270
251571801,0,50305,ROBO PERSONA,ND,8,2025-08-11,33,1,1,NO APLICA,CEDRELA,563,563,CALLE,EL JOCOQUI,NA,NA,",,,",CALLE,ND,6,15,0,21,15:00,false,false,9,ninguna,3 HOMBRES,ND,H,M,8,0,N,N,0,0,false,0,MOTOCICLETA,MOTOCICLETA COLOR VERDE LIMON,39,sin datos,0,0,false,1,13,0,NA,NA,0,NA,1,ND,NO,MUJER,1533,-102.33198385,21.92049425
251571801,0,50305,ROBO PERSONA,MARIPOSA,8,2025-08-12,33,2,1,NO APLICA,COTO ANDALUZ,561,561,AVENIDA,LA QUERENCIA,NA,NA,",,,",CALLE,ND,6,18,0,22,18:00,false,true,1,cortante,3 HOMBRES,ND,H,H,8,0,N,N,0,0,false,0,MOTOCICLETA,MOTICICLETA COLOR VERDE LIMON,14,bicicleta,0,0,false,1,13,0,NA,NA,0,NA,1,ND,NO,HOMBRE,1534,-102.33005745,21.91957224
251631235,0,30422,ROBO PERSONA,ND,8,2025-08-21,34,4,6,COLONIA,ZONA CENTRO,1130,1130,CALLE,REFORMA,NA,NA,",,,",CALLE,FRANCISCO I MADERO SUR,7,22,8,24,22:08,false,false,9,ninguna,1 HOMBRE VISTE CAMISA AMARILLA ACOMPAÑADO DE UN MENOR,HECTOR MIGUEL LOPEZ MACIAS ALIAS EL ZORRO 40 AÑOS DE EDAD,H,H,8,1,N,N,0,0,false,0,N,N,3,celular,0,3500,true,1,4,0,NA,NA,0,NA,1,PARADO,NO,HOMBRE,1535,-102.27389584,22.14703700
251628222,0,30446,ROBO PERSONA,ND,8,2025-08-21,34,4,1,BARRIO,LA PURISIMA,202,202,CALLE,PODER LEGISLATIVO NORTE,NA,NA,",,,",CALLE,MAESTRO MIGUEL MENESES,1,13,33,21,13:33,false,false,9,ninguna,1 HOMBRE TEZ MORENO COMPLEXION DELGADO  VISTE PLAYERA NEGRA PANTS GRIS,ND,H,H,8,0,N,N,0,0,false,0,N,N,"31,38","mochila,otros",0,0,false,1,1,0,NA,NA,0,NA,1,PARADO,NO,HOMBRE,1536,-102.28430223,21.87976400
251632722,0,50102,ROBO PERSONA,ND,8,2025-08-22,34,5,1,FRACCIONAMIENTO,BULEVARES 1A SECCION,157,157,CALLE,MARIANO ABAD MIRAMONTES,NA,NA,",,,",CALLE,CAPITAN DIEGO FERNANDEZ VILLA,2,5,50,26,05:50,false,true,"3,10","contusa,otras",1 HOMBRE VISTE CHAMARRA AMARILLA Y GORRA OBSCURA,ND,H,M,8,0,N,N,0,0,false,0,N,N,"26,50","bolso,alimentos",0,0,false,1,2,0,NA,NA,0,NA,1,TRANSITANDO,NO,MUJER,1537,-102.30315461,21.85558257
251634586,0,30446,ROBO PERSONA,MARIPOSA,8,2025-08-22,34,5,5,FRACCIONAMIENTO,BUENAVISTA,1070,1070,CALLE,EL MEZQUITAL,NA,NA,",,,",PROLONGACION,PLAN DE ALLENDE,7,14,49,21,14:49,false,false,9,ninguna,HOMBRES UNO VISTE CAMISA COLOR AZUL CON EL NUMERO 10 ROTULADO,ND,H,M,8,0,N,N,0,0,false,0,N,N,14,bicicleta,0,1500,false,1,1,0,NA,NA,0,NA,1,PARADO,NO,MUJER,1538,-102.35738476,21.96779727
251644641,0,30606,ROBO PERSONA,MARIPOSA,8,2025-08-23,34,6,1,FRACCIONAMIENTO,PILAR BLANCO,142,142,ANDADOR,DEL AURA,NA,4CD,",,,",ANDADOR,DE LA TORTUGA,2,23,44,24,23:44,false,false,9,ninguna,1 HOMBRE,ND,H,H,8,0,N,N,0,0,false,0,N,N,14,bicicleta,0,0,false,1,1,0,NA,NA,0,NA,1,ND,NO,ND,1539,-102.30097854,21.84739650
251649497,0,30422,ROBO PERSONA,ND,8,2025-08-24,34,7,1,COLONIA,GREMIAL,613,613,AVENIDA,PETROLEOS MEXICANOS,NA,NA,",,,",CALLE,CORONEL FELIX DE LA PAZ,6,16,23,22,16:23,false,false,9,ninguna,1 HOMBRE,ND,H,M,8,0,N,N,0,0,false,0,N,N,3,celular,0,0,false,1,1,0,NA,NA,0,NA,1,PARADO,NO,MUJER,1540,-102.29276994,21.89523639
251634446,0,30421,ROBO PERSONA,ND,8,2025-08-22,34,5,1,FRACCIONAMIENTO,CERRO ALTO,696,696,AVENIDA,PENSADORES MEXICANOS,NA,NA,"246,,,",CALLE,CERRO DEL JAGUEY,3,14,13,21,14:13,false,true,1,cortante,1 HOMBRE ESTATURA ALTO VISTE SUDADERA AZUL PANTALON MEZCLILLA,EL CHICHO,H,M,8,0,N,N,0,0,false,0,MOTOCICLETA,MOTOCICLETA ITALIKA COLOR ROSA,3,celular,0,0,false,1,1,0,NA,NA,0,NA,1,PARADO,NO,MUJER,1541,-102.25925389,21.91561552
251644069,0,30421,ROBO PERSONA,ND,8,2025-08-23,34,6,1,FRACCIONAMIENTO,"VILLA DE NUESTRA SEÑORA DE LA ASUNCION, SECTOR GUADALUPE",342,342,CALLE,JOSE E FEMAT GUTIERREZ,NA,NA,",,,",AVENIDA,POLIDUCTO,3,22,36,24,22:36,false,true,1,cortante,2 HOMBRES UNO VISTE CAMISA VERDE CHAMARRA ADIDAS COLOR NEGRO CON ROJO PANTALON MEZCLILLA,ND,H,H,8,0,N,N,0,0,false,0,N,N,12,ropa,0,0,false,1,25,0,NA,NA,0,NA,1,PARADO,NO,HOMBRE,1542,-102.25796015,21.92712138
251649162,0,30422,ROBO PERSONA,ND,8,2025-08-24,34,7,1,FRACCIONAMIENTO,"VILLA DE NUESTRA SEÑORA DE LA ASUNCION, SECTOR GUADALUPE",342,342,CALLE,FELIPE DE UREÑA,NA,NA,",,,",CALLE,SILVESTRE GUTIERREZ GONZALEZ,3,15,9,21,15:09,false,false,9,ninguna,4 HOMBRES CON VESTIMENTA TIPO CHOLO,ND,H,M,8,0,N,N,0,0,false,0,N,N,53,casco,0,1600,true,1,57,0,NA,NA,0,NA,1,PARADO,NO,MUJER,1543,-102.25630529,21.92750205
251650320,0,30421,ROBO PERSONA,ND,8,2025-08-24,34,7,5,CONDOMINIO,TRES ARROYOS,984,984,CALLE,ARROYO EL CAÑUELO,NA,NA,",,,",CALLEA,ARROYO GRANDE,7,18,51,22,18:51,false,true,4,fuego,ND,ND,ND,H,8,0,N,N,0,0,false,0,N,N,3,celular,0,0,false,1,2,0,NA,NA,0,NA,1,ND,NO,HOMBRE,1544,-102.34470293,21.93341658
251651000,0,30422,ROBO PERSONA,ND,8,2025-08-24,34,7,1,FRACCIONAMIENTO,MEXICO,624,624,CALLE,MICHOACAN,NA,NA,"137,A,,",AVENIDA,AGUASCALIENTES SUR,5,20,34,23,20:34,false,false,9,ninguna,HOMBRES DE ASPECTO CHOLO,ND,H,H,8,0,N,N,0,0,false,0,N,N,3,celular,0,4500,false,1,13,0,NA,NA,0,NA,1,TRANSITANDO,NO,HOMBRE,1545,-102.28058644,21.86054634
251651850,0,30421,ROBO PERSONA,ND,8,2025-08-24,34,7,7,FRACCIONAMIENTO,LA ESTANCIA DE CHORA,1172,1172,CALLE,COPALLI,NA,NA,",,,",CALLE,MIXTON,7,22,1,24,22:01,false,true,3,contusa,2 MUJERES,ND,M,H,3,0,N,N,0,0,false,0,N,N,3,celular,0,0,false,1,1,0,NA,NA,0,NA,1,PARADO,NO,HOMBRE,1546,-102.31105007,22.23308594
251652644,0,30422,ROBO PERSONA,ND,8,2025-08-24,34,7,1,COLONIA,LAS FLORES,266,266,CALLE,LOS LAURELES,NA,NA,"110,,,",CALLE,MARAVILLAS,2,23,44,24,23:44,false,false,9,ninguna,1 HOMBRE VENDEDOR DE FLORES,ND,H,H,8,0,N,N,0,0,false,0,N,N,3,celular,0,0,false,1,1,0,NA,NA,0,NA,1,PARADO,NO,HOMBRE,1547,-102.30199979,21.87563971
251653284,0,30421,ROBO PERSONA,ND,8,2025-08-25,35,1,1,FRACCIONAMIENTO,HACIENDAS DE AGUASCALIENTES,530,530,AVENIDA,POLIDUCTO,NA,NA,",,,",CALLE,HACIENDA EL MEZQUITE,4,1,37,25,01:37,false,true,4,fuego,2 HOMBRES,ND,H,A,8,0,N,N,0,0,false,0,N,N,"3,15,29","celular,joyeria,cartera",0,0,false,1,1,0,NA,NA,0,NA,1,TRANSITANDO,NO,AMBOS,1548,-102.24392835,21.88712876
251635303,0,30446,ROBO PERSONA,ND,8,2025-08-22,34,5,1,COLONIA,ZONA CENTRO,501,501,ANDADOR,LICENCIADO BENITO JUAREZ,NA,NA,",,,",CALLE,IGNACIO ALLENDE,1,17,0,22,17:00,false,false,9,ninguna,ND,ND,ND,M,8,0,N,N,0,0,false,0,N,N,3,celular,0,0,false,1,1,0,NA,NA,0,NA,2,PARADO,NO,MUJER,1549,-102.29596272,21.88259204
251652802,0,30446,ROBO PERSONA,MARIPOSA,8,2025-08-24,34,7,1,FRACCIONAMIENTO,PROGRESO,209,209,CALLE,GENERAL LAZARO CARDENAS,NA,NA,"539,,,",CALLE,J MARIO PANI,3,23,53,24,23:53,false,false,9,ninguna,ND,ND,ND,H,8,0,N,N,0,0,false,0,N,N,14,bicicleta,0,5000,true,1,10,0,NA,NA,0,NA,1,PARADO,NO,HOMBRE,1550,-102.25960658,21.90768775
251632722,0,50102,ROBO PERSONA,ND,8,2025-08-22,34,5,1,FRACCIONAMIENTO,BULEVARES 1A SECCION,157,157,CALLE,MARIANO ABAD MIRAMONTES,NA,NA,"307,,,",CALLE,CAPITAN DIEGO FERNANDEZ VILLA,2,5,50,26,05:50,false,true,3,contusa,1 HOMBRE VISTE CHAMARRA AMARILLA PANTALON OSCURO Y TRAE UNA GORRA,ND,H,M,8,0,N,N,0,0,false,0,N,N,"26,50","bolsa,alimentos",0,0,false,1,1,0,NA,NA,0,NA,1,TRANSITANDO,NO,MUJER,1551,-102.30360313,21.85687904
251649096,0,50102,ROBO PERSONA,ND,8,2025-08-24,34,7,1,COLONIA,ALTAVISTA,234,234,CALE,HOMBRES ILUSTRES,NA,NA,",,,",CALLE,RIO PAPALOAPAN,6,14,53,21,14:53,false,false,9,ninguna,MUJERES,ND,M,M,8,0,N,N,0,0,false,0,N,N,3,celular,0,0,false,1,1,0,NA,NA,0,NA,1,PARADO,NO,MUJER,1552,-102.30125652,21.89216527
251635789,0,30904,ROBO PERSONA,ND,8,2025-08-22,34,5,1,FRACCIONAMIENTO,VISTA DEL SOL I,570,570,AVENIDA,AGUASCALIENTES SUR,NA,NA,",,,",CALLE,ND,5,18,11,22,18:11,false,false,9,ninguna,ND,ND,ND,M,8,0,N,N,0,0,false,0,N,N,3,celular,0,0,false,1,1,0,NA,NA,0,NA,1,ND,NO,MUJER,1553,-102.26961832,21.86019772
251642337,0,30904,ROBO PERSONA,ND,8,2025-08-23,34,6,1,FRACCIONAMIENTO,JESUS TERAN PEREDO,249,249,CALLE,GENERAL MANUEL PEREZ TREVIÑO,NA,NA,"418,,,",CALLE,DE LAS PALMAS,5,7,0,19,07:00,false,false,9,ninguna,1 HOMBRE,ND,H,M,3,0,N,N,0,0,false,0,N,N,3,celular,0,5000,false,1,1,0,NA,NA,0,NA,1,PARADO,NO,MUJER,1554,-102.27450039,21.87088091
251637979,0,50305,ROBO PERSONA,ND,8,2025-08-22,34,5,1,FRACCIONAMIENTO,JESUS GOMEZ PORTUGAL,585,585,AVENIDA,DE LA CONVENCION DE 1914 SUR,NA,NA,",,,",AVENIDA,PASEO DE LA CRUZ,5,23,39,24,23:39,false,true,3,cotusa,2 HOMBRES UNO VISTE CACHUCHA Y SUDADERA COLOR VERDE OSCURO,ND,H,H,8,0,N,N,0,0,false,0,CAMIONETA,CAMIONETA CHEROKEE COLOR OSCAURA ENTRE NEGRO Y AZUL MARINO,3,celular,0,2000,false,1,2,0,NA,NA,0,N,1,ND,NO,HOMBRE,1555,-102.27062769,21.87357055
14220084,0,30422,ROBO PERSONA,ND,8,2025-08-23,34,6,1,CC,DESARROLLO ESPECIAL BULEVAR A ZACATECAS,609,609,BOULEVARD,A ZACATECAS,NA,NA,",,,",AVENIDA,ARROYO EL MOLINO,3,21,30,24,21:30,false,false,9,ninguna,1 HOMBRE,FRANCISCO JAVIER BUCIO ARRIAGA,H,M,8,1,N,N,0,0,false,0,N,N,3,celular,0,0,false,1,4,0,NA,NA,0,NA,1,ND,NO,MUJER,1556,-102.28901418,21.93183353
251624271,0,30401,ROBO PERSONA,ND,8,2025-08-20,34,3,1,NO APLICA,SAN LUIS,574,574,BOULEVARD,JUAN PABLO II,NA,NA,",,,",CALLE,FUENTES DEL LAGO,2,21,9,23,21:09,false,false,9,ninguna,1 HOMBRE VISTE CHAMARRA NEGRA GORRO GRIS,ND,H,H,8,0,N,N,0,0,false,0,N,N,"28,31","dinero,mochila",0,0,false,1,1,0,NA,NA,0,NA,2,PARADO,NO,HOMBRE,1557,-102.34575243,21.85729141
251655297,0,30422,ROBO PERSONA,ND,8,2025-08-25,35,1,1,FRACCIONAMIENTO,LOS PERICOS,287,287,CALLE,SAN MARCOS,NA,NA,",,,",AVENIDA,POLIDUCTO,4,12,0,21,12:00,false,false,9,ninguna,1 HOMBRE,EL MUNRRA,H,H,8,0,N,N,0,0,false,0,N,N,3,celular,0,3000,false,1,1,0,NA,NA,0,NA,1,TRANSITANDO,NO,HOMBRE,1558,-102.24668565,21.89874346
251657785,0,30421,ROBO PERSONA,ND,8,2025-08-25,35,1,1,FRACCIONAMIENTO,MIRADOR DE LAS CULTURAS II,340,340,AVENIDA,CULTURA NAZCA,NA,NA,",,,",CALLE,CULTURA NAZCA 212,3,20,28,23,20:28,false,true,1,cortante,2 HOMBRES CON PASAMONTAÑAS UNO VISTE SUDADERA ROJA Y EL OTRO SUDADERA BLANCA,ND,H,M,8,0,N,N,0,0,false,0,N,N,3,celular,0,0,false,1,1,0,NA,NA,0,NA,1,TRANSITANDO,NO,MUJER,1559,-102.23973071,21.91081769
251657878,0,30422,ROBO PERSONA,ND,8,2025-08-25,35,1,1,FRACCIONAMIENTO,JOSE LOPEZ PORTILLO,175,175,CALLE,JOSE CALVILLO,NA,NA,3967,AVENIDA,DE LOS MAESTROS,2,21,2,23,21:02,false,true,10,Sin datos,10 HOMBRES,ND,H,H,8,0,N,N,0,0,false,0,N,N,12,ropa,0,0,false,1,1,0,NA,NA,0,NA,1,ND,NO,HOMBRE,1560,-102.31912793,21.84955500
251657900,0,30421,ROBO PERSONA,ND,8,2025-08-25,35,1,1,FRACCIONAMIENTO,REAL DE HACIENDAS,307,307,CALLE,HACIENDA DE CHAPINGO,NA,NA,",,,",CALLE,HACIENDA LA CONCEPCION,4,21,9,23,21:09,false,true,1,cortante,1 HOMBRE VISTE CHAMARRA GRIS PANTALON MEZCLILLA,ND,H,M,8,0,N,N,0,0,false,0,N,N,15,joyeria,0,0,false,1,1,0,NA,NA,0,NA,1,ND,NO,MUJER,1561,-102.24128115,21.89120263
251665925,0,30422,ROBO PERSONA,CUENTA HABIENTE,8,2025-08-27,35,3,1,FRACCIONAMIENTO,BULEVAR,156,156,CALLE,JOSE ARMANDO,NA,NA,",,,",CALLE,LUIS ADOLFO,5,10,11,20,10:11,false,false,9,ninguna,2 HOMBRES UNO VISTE CHAMARRA CAFE Y EL OTRO TRAE UNA BOINA Y CHAMARRA GRIS,ND,H,M,8,0,N,N,0,0,false,0,N,N,28,dinero,47000,47000,false,1,1,0,RETIRO,BANORTE,0,JOSE MARIA CHAVEZ,1,TRANSITANDO,NO,MUJER,1562,-102.29379026,21.86894112
251661128,0,30446,ROBO PERSONA,MARIPOSA,8,2025-08-26,35,2,1,NO PALICA,DESARROLLO ESPECIAL GUADALUPE,645,645,AVENIDA,DE LA CONVENCION DE 1914 PONIENTE,NA,NA,",,,",CALLE,GUADALUPE,6,13,34,21,13:34,false,false,9,ninguna,ND,ND,ND,H,8,0,N,N,0,0,false,0,N,N,14,bicicleta,0,14000,false,1,1,0,NA,NA,0,NA,1,PARADO,NO,HOMBRE,1563,-102.31232762,21.88579133
251666646,0,30446,ROBO PERSONA,ND,8,2025-08-27,35,3,1,UNIDAD HABITACIONAL,POTREROS DEL OESTE,89,89,AVENIDA,SIGLO XXI,NA,NA,",,,",CALLE,ESTANISLAO MEDINA,2,12,22,21,12:22,false,false,9,ninguna,1 HOMBRE JOVEN VISTE PANTALON MEZCLILLA PLAYERA BEIGE,ND,H,H,8,0,N,N,0,0,false,0,N,N,3,celular,0,4000,false,1,1,0,NA,NA,0,NA,2,PARADO,NO,HOMBRE,1564,-102.29665684,21.84487266
251660964,0,30420,ROBO PERSONA,ND,8,2025-08-26,35,2,1,FRACCIONAMIENTO,VALLE DORADO,512,512,CALLE,REPUBLICA MEXICANA,NA,NA,"230,,,",CALLE,REPUBLICA DEL SALVADOR,2,12,23,21,12:23,false,false,9,ninguna,ND,ND,ND,M,8,0,N,N,0,0,false,0,N,N,"26,28","bolso,dinero",0,0,false,1,2,0,NA,NA,0,NA,2,PARADO,NO,MUJER,1565,-102.30643982,21.86470602
251663936,0,30907,ROBO PERSONA,ND,8,2025-08-26,35,2,1,CONDOMINIO,JARDINES DE MONTEBELLO,581,581,CALLE,CONSTITUCIONALISTA,NA,NA,",,,",CALLE,UNIDAD NACIONAL,3,22,9,24,22:09,false,true,1,cortante,1 HOMBRE VISTE DE GRIS,ND,H,M,8,0,N,N,1,0,false,0,N,N,39,sin datos,0,0,false,1,1,0,NA,NA,0,NA,1,TRANSITANDO,NO,HOMBRE,1566,-102.26982808,21.93445779
251665749,0,30907,ROBO PERSONA,ND,8,2025-08-27,35,3,1,FRACCIONAMIENTO,ESPAÑA,171,171,CALLE,BURGOS,NA,NA,"302,,,",CALLE,ZAMORA,2,9,23,20,09:23,false,false,9,ninguna,1 HOMBRE,ND,H,H,8,0,N,N,0,0,false,0,N,N,28,dinero,500,500,false,1,1,0,NA,NA,0,NA,2,PARADO,NO,HOMBRE,1567,-102.31732144,21.86576930
251670534,0,30421,ROBO PERSONA,ND,8,2025-08-28,35,4,1,FRACCIONAMIENTO,REAL DE HACIENDAS,307,307,CALLE,HACIENDA SALITRILLO,NA,NA,",,,",CALLE,HACIENDA LA HUERTA,4,1,13,25,01:13,false,true,"1,4","cortante,fuego",2 HOMBRES UNO VISTE DE NEGRO Y EL OTRO DE ROJO,ND,H,H,8,0,N,N,0,0,false,0,N,N,"3,12","celular,ropa",0,0,false,1,2,0,NA,NA,0,NA,1,ND,NO,HOMBRE,1568,-102.24297109,21.88716347
251670887,0,30422,ROBO PERSONA,ND,8,2025-08-28,35,4,1,COLONIA,MORELOS,611,611,AVENIDA,DE LA CONVENCION DE 1914 NORTE,NA,NA,",,,",AVENIDA,HEROE DE NACOZARI NORTE,3,2,15,25,02:15,false,false,9,ninguna,3 HOMBRES UNO VISTE PLAYERA COLOR BLANCA Y EL OTRO SUDADERA NEGRA,ND,H,H,8,0,N,N,0,0,false,0,N,N,3,celular,0,10000,false,1,2,0,NA,NA,0,NA,1,PARADO,NO,HOMBRE,1569,-102.28854374,21.90200205
251671114,0,30421,ROBO PERSONA,ND,8,2025-08-28,35,4,1,NO APLICA,DESARROLLO ESPECIAL BULEVAR A ZACATECAS,609,609,AVENIDA,AGUASCALIENTES NORTE,NA,NA,",,,",AVENIDA,FERROCARRIL,3,6,6,19,06:46,false,true,4,fuego,1 HOMBRE VISTE SUDADERA ROJA PANTALON OSCURO ESTATURA APROX 170,ND,H,H,8,0,N,N,0,0,false,0,N,N,"3,15","celular,joyeria",0,5000,false,1,2,0,NA,NA,0,NA,1,TRANSITANDO,NO,HOMBRE,1570,-102.28750609,21.91546220
251664540,0,50107,ROBO PERSONA,MARIPOSA,8,2025-08-27,35,3,5,COLONIA,EL TORITO,1071,1071,CALLE,LAZARO CARDENAS,NA,NA,"114,,,",CALLE,CHUCATA,7,0,0,25,00:00,false,false,9,ninguna,1 HOMBRE,ND,H,M,3,0,N,N,0,0,false,0,N,N,14,bicicleta,0,0,false,1,1,0,NA,NA,0,NA,1,PARADO,NO,MUJER,1571,-102.35651729,21.96928299
14220085,0,30422,ROBO PERSONA,ND,8,2025-08-27,35,3,1,FRACCIONAMIENTO,JARDINES DE LA CONVENCION 1A SECCION,497,497,AVENIDA,DE LA CONVENCION DE 1914 SUR,NA,NA,",,,",AVENIDA,MARIANO ESCOBEDO,5,11,18,20,11:18,false,false,9,ninguna,1 HOMBRE,ANGEL DANIEL VAZQUEZ 24 AÑOS,H,H,8,1,N,N,0,0,false,0,N,N,3,celular,0,3000,true,1,4,0,NA,NA,0,NA,1,ND,NO,HOMBRE,1572,-102.27681689,21.86815113
251670462,0,30446,ROBO PERSONA,MARIPOSA,8,2025-08-28,35,4,1,FRACCIONAMIENTO,LOMAS DE LA ASUNCION,545,545,CALLE,JUAN SORIANO,NA,NA,",,,",CALLE,JUAN LOPEZ ELIZALDE,3,0,57,25,00:57,false,false,9,ninguna,1 HOMBRE VISTE CHAMARRA AZUL MARINO PANTALON CAMUFLAGEADO,ND,H,H,8,0,N,N,0,0,false,0,N,N,14,bicicleta,0,0,false,1,2,0,NA,NA,0,NA,1,PARADO,NO,HOMBRE,1573,-102.26126768,21.92264468
114220086,0,30421,ROBO PERSONA,ND,8,2025-08-28,35,4,11,FRACCIONAMIENTO,LA RIBERA,1340,1340,CALLE,CULHUACAN,NA,NA,",,,",CALLE,ZAPOTLAN DEL REY,7,14,14,21,14:14,false,true,1,cortante,2 HOMBRES,RICARDO VALDEZ ALVAREZ 22 AÑOS LEO ADRIAN DAVALOS DAVALOS 24 AÑOS,H,H,8,2,N,N,0,0,false,0,N,N,3,celular,0,8000,false,2,4,0,NA,NA,0,NA,1,PARADO,NO,HOMBRE,1574,-102.24862535,21.95373611
251672343,0,30421,ROBO PERSONA,ND,8,2025-08-28,35,4,1,FRACCIONAMIENTO,LOMAS DEL SUR,367,367,CALLE,LOMAS DE AGUASCALIENTES,NA,NA,",,,",AVENIDA,SAN SEBASTIAN,5,12,57,21,12:57,false,false,9,ninguna,1 HOMBRE,JOSE DE JESUS MARTINEZ BARRIENTOS 32 AÑOS,H,M,8,1,N,N,0,0,false,0,N,N,"28,29","dinero,cartera",1500,1500,false,1,4,0,NA,NA,0,NA,1,ND,NO,MUJER,1575,-102.26553779,21.82625088
251674365,0,30421,ROBO PERSONA,ND,8,2025-08-28,35,4,1,FRACCIONAMIENTO,"VILLA DE NUESTRA SEÑORA DE LA ASUNCION, SECTOR GUADALUPE",342,342,CALLE,FEDERICO MENDEZ,NA,NA,",,,",CALLE,GERONIMO DE LA CUEVA,3,20,28,23,20:28,false,true,1,cortante,6 HOMBRES,ND,H,H,8,0,N,N,0,0,false,0,N,N,3,celular,0,0,false,1,2,0,NA,NA,0,NA,1,ND,NO,HOMBRE,1576,-102.25695821,21.93444142
251676322,0,30422,ROBO PERSONA,ND,8,2025-08-29,35,5,1,FRACCIONAMIENTO,MORELOS I,598,598,AVENIDA,HEROE INMORTAL,NA,NA,"502,,,",CALLE,ALBINO GARCIA,5,5,54,26,05:56,false,true,4,fuego,1 HOMBRE EDAD APROX 40 AÑOS VISTE PLAYERA MORADA Y SHORT,ND,H,H,8,0,N,N,0,0,false,0,N,N,"28,29,40","dinero,cartera,tarjetas",1000,1000,false,1,1,0,NA,NA,0,NA,1,ND,NO,HOMBRE,1577,-102.26929715,21.85525905
251672748,0,30446,ROBO PERSONA,ND,8,2025-08-28,35,4,1,CONDOMINIO,LA PALOMA,319,319,AVENIDA,INDEPENDENCIA,NA,NA,"2130,,,",CALLE,PASEO DE LA SOLEDAD,6,14,24,21,14:24,false,false,9,ninguna,ND,ND,ND,H,8,0,N,N,0,0,false,0,N,N,"28,29","dinero,cartera",4000,4000,false,1,1,0,NA,NA,0,NA,2,PARADO,NO,HOMBRE,1578,-102.29811452,21.93238895
251673858,0,30907,ROBO PERSONA,ND,8,2025-08-23,34,6,6,COLONIA,ZONA CENTRO,1130,1130,CALLE,JOSE MARIA CHAVEZ,NA,NA,",,,",AVENIDA,AQUILES SERDAN,7,27,0,27,Sin datos,false,false,9,ninguna,ND,ND,ND,M,8,0,N,N,0,0,false,0,N,N,3,celular,0,0,true,1,10,0,NA,NA,0,NA,2,PARADO,NO,MUJER,1579,-102.28033240,22.14859298
251679932,0,30446,ROBO PERSONA,MARIPOSA,8,2025-08-29,35,5,1,FRACCIONAMIENTO,LIC. MANUEL GOMEZ MORIN,310,310,AVENIDA,SIGLO XXI,NA,NA,",,,",PROLONGACION,CONSTITUCION,2,19,59,23,19:59,false,false,9,ninguna,ND,ND,ND,H,8,0,N,N,0,0,false,0,N,N,14,bicicleta,0,1500,false,1,1,0,NA,NA,0,NA,1,PARADO,NO,HOMBRE,1580,-102.34191225,21.84859811
251694559,0,30446,ROBO PERSONA,MARIPOSA,8,2025-08-08,6,6,1,FRACCIONAMIENTO,CASABLANCA,625,625,CALLE,CAUDILLOS,NA,NA,"155,,,",CALLE,CASA BLANCA,5,16,35,22,16:35,false,false,9,ninguna,ND,ND,ND,H,8,0,N,N,0,0,false,0,N,N,14,bicicleta,0,0,false,1,1,0,NA,NA,0,NA,1,PARADO,NO,HOMBRE,1581,-102.27561456,21.85917161
251678529,0,30422,ROBO PERSONA,ND,8,2025-08-29,35,5,1,FRACCIONAMIENTO,"VILLA DE NUESTRA SEÑORA DE LA ASUNCION, SECTOR SAN MARCOS",580,580,AVENIDA,POLIDUCTO,NA,NA,"247,,,",CALLE,ERMITA SAN SEBASTIAN,3,15,39,22,15:39,false,true,1,cortante,2 HOMBRES UNO VISTE DE NEGRO EL OTRO CAMISA BLANCA BLANCA PANTALON MEZCLILLA,ND,H,H,8,0,N,N,0,0,false,0,BICICLETA,BICICLETA COLOR AZUL Y OTRA COLOR GRIS,"3,",celular,0,1500,false,1,1,0,NA,NA,0,NA,1,TRANSITANDO,NO,HOMBRE,1582,-102.26214189,21.92846026
251678783,0,30422,ROBO PERSONA,ND,8,2025-08-29,35,5,1,FRACCIONAMIENTO,"VILLA DE NUESTRA SEÑORA DE LA ASUNCION, SECTOR GUADALUPE",342,342,CALLE,PROFIRIO PADILLA ENRIQUEZ,NA,NA,",,,",AVENIDA,JOSE DE JESUS GONZALEZ GARCIA,3,16,25,22,16:25,false,false,9,ninguna,1 HOMBRE,ND,H,H,8,0,N,N,0,0,false,0,N,N,3,celular,0,0,false,1,2,0,NA,NA,0,NA,1,TRANSITANDO,NO,HOMBRE,1583,-102.25444309,21.92968400
251679878,0,30421,ROBO PERSONA,ND,8,2025-08-29,35,5,1,FRACCIONAMIENTO,LAS VIÑAS,230,230,CALLE,CIRCUITO DE LA VID,NA,NA,"211,,,",CALLE,DE LA VENDIMIA,3,19,44,23,19:44,false,true,3,contusa,1 HOMBRE VISTE PLAYERA BANCA PANTALON MEZCLILLA,ND,H,M,8,0,N,N,0,0,false,0,N,N,3,celular,0,3000,true,1,10,0,NA,NA,0,NA,1,TRANSITANDO,NO,MUJER,1584,-102.28273671,21.90009706
251680661,0,30422,ROBO PERSONA,ND,8,2025-08-29,35,5,1,FRACCIONAMIENTO,"VILLA DE NUESTRA SEÑORA DE LA ASUNCION, SECTOR GUADALUPE",342,342,CALLE,ERMITA SAN SEBASTIAN,NA,NA,",,,",CALLE,CONRADO SANTACRUZ DE SANTIAGO,3,21,28,23,21:28,false,false,9,ninguna,ND,ND,ND,M,8,0,N,N,0,0,false,0,N,N,3,celular,0,0,false,1,6,0,NA,NA,0,NA,1,TRANSITANDO,NO,MUJER,1585,-102.26063809,21.93079209
251680971,0,30421,ROBO PERSONA,ND,8,2025-08-29,35,5,1,FRACCIONAMIENTO,"VILLA DE NUESTRA SEÑORA DE LA ASUNCION, SECTOR ALAMEDA",330,330,AVENIDA,POLIDUCTO,NA,NA,",,,",CALLE,GERONIMO DE LA CUEVA,3,22,24,24,22:24,false,true,1,cortante,1 HOMBRE VISTE PLAYERA BLANCA GORRA NEGRA,ND,H,H,8,0,N,N,0,0,false,0,N,N,3,celular,0,18000,false,1,1,0,NA,NA,0,NA,1,ND,NO,HOMBRE,1586,-102.26375300,21.93021000
251688964,0,30421,ROBO PERSONA,ND,8,2025-08-30,35,6,1,FRACCIONAMIENTO,LAS VIÑAS,230,230,CALLE,FLORENCIA,NA,NA,"611,,,",CALLE,DOCTOR FRANCISCO GUEL JIMENEZ,3,23,54,24,23:54,false,true,3,contusa,10 HOMBRES,ND,H,M,8,0,N,N,0,0,false,0,N,N,"3,15,28","celular,joyeria,dinero",540,540,false,1,1,0,NA,NA,0,NA,1,ND,NO,MUJER,1587,-102.28465195,21.90115485
251690507,0,30421,ROBO PERSONA,ND,8,2025-08-31,35,7,1,FRACCIONAMIENTO,VALLE DE LOS CACTUS,360,360,CALLE,JUVENTINO DE LA TORRE TORRES,NA,NA,",,,",CALLE,RECINTO JOCONOSTLE 601,4,3,8,26,03:08,false,true,3,contusa,5 HOMBRES,ND,H,M,8,0,N,N,1,0,false,0,N,N,3,celular,0,0,false,1,2,0,NA,NA,0,NA,1,ND,NO,MUJER,1588,-102.23111492,21.86645454
251691049,0,30421,ROBO PERSONA,NA,8,2025-08-31,35,7,1,ESPECIAL,TRES CENTURIAS ESPECIAL,614,614,AVENIDA,MANUEL GOMEZ MORIN,NA,NA,",,,",CALLE,ENRIQUE ESTRADA,6,4,0,26,04:00,false,true,4,fuego,1 HOMBRE CON PASAMONTAÑAS SUDDADERA NEGRA LLEVABA UN PERRO COLOR BLANCO,ND,H,H,8,0,N,N,0,0,false,0,N,N,"3,28","celular,dinero",800,800,false,1,1,0,NA,NA,0,NA,1,TRANSITANDO,NO,HOMBRE,1589,-102.28443470,21.89532834
251691200,0,30422,ROBO PERSONA,ND,8,2025-08-31,35,7,1,COLONIA,MIRAVALLE,239,239,CALLE,ALBERTO DEL VALLE,NA,NA,"805,,,",CALLE,JOSE MARIA ELIZALDE,6,4,51,26,04:51,false,true,1,cortante,2 HOMBRES,ND,H,H,8,0,N,N,0,0,false,0,N,N,3,celular,0,0,false,1,1,0,NA,NA,0,NA,1,TRANSITANDO,NO,HOMBRE,1590,-102.31133614,21.89036179
251694792,0,30421,ROBO PERSONA,ND,8,2025-08-31,35,7,1,COLONIA,LA FE,241,241,CALLE,PETROLEOS MEXICANOS,NA,NA,",,,",CALLE,GRAN AVENIDA,1,16,52,22,16:52,false,true,3,contusa,2 HOMBRES UNO VISTE SUDADERA ROJA PANTS NEGRO,ND,H,H,8,0,N,N,0,0,false,0,N,N,31,mochila,0,0,false,1,2,0,NA,NA,0,NA,1,ND,NO,HOMBRE,1591,-102.29384388,21.89243446
251698781,0,30421,ROBO PERSONA,MARIPOSA,9,2025-09-01,36,1,1,FRACCIONAMIENTO,SANTA ELENA,261,261,CALLE,REPUBLICA DE BELICE,NA,NA,"508,,,",CALLE,CARCAS,2,4,49,26,04:49,false,true,3,contusa,2 HOMBRES 1 MUJER,ND,A,H,8,0,N,N,0,0,false,0,N,N,"14,29","cartera,bicicleta",0,0,false,1,1,0,NA,NA,0,NA,1,ND,NO,HOMBRE,1592,-102.30605924,21.86948010
251685154,0,30446,ROBO PERSONA,ND,8,2025-08-30,35,6,1,FRACCIONAMIENTO,PERIODISTAS,204,204,AVEIDA,MARIANO HIDALGO,NA,NA,",,,",PROLONGACION,DEL REY,5,14,12,21,14:12,false,false,9,ninguna,1 MUJER VISTE SHORT NEGRO CHAMARRA MEZCLILLA CON LENTES,ND,M,H,9,0,N,N,0,0,false,0,N,N,"28,29","dinero,cartera",7000,7000,false,1,1,0,NA,NA,0,NA,1,TRANSITANDO,NO,HOMBRE,1593,-102.25127988,21.84993213
251694843,0,30446,ROBO PERSONA,ND,8,2025-08-31,35,7,1,FRACCIONAMIENTO,CERRO ALTO,696,696,CALLE,FRIDA KAHLO,NA,NA,"24,,,",CALLE,JUAN RULFO,3,17,31,22,17:31,false,false,9,ninguna,1 HOMBRE VISTE CACHUCHA AZUL SHORT BLANCO CAMISA NEGRA,ND,H,H,8,0,N,N,0,0,false,0,N,N,6,tecnologia,0,0,false,1,1,0,NA,NA,0,NA,1,PARADO,NO,HOMBRE,1594,-102.25904977,21.91723334
251699966,0,30422,ROBO PERSONA,ND,9,2025-09-01,36,1,1,FRACCIONAMIENTO,COLINAS DEL RIO,663,663,CALLE,RIO RHIN,NA,NA,",,,",CALLE,RIO COLORADO,6,11,45,20,11:45,false,false,9,ninguna,1 HOMBRE TRAE CUBREBOCAS NEGRO PANTALON MEZCLILLA Y PLAYERA MANGA LARGA COLOR AZUL,ND,H,A,8,0,N,N,0,0,false,0,N,N,3,celular,0,36000,false,1,1,0,NA,NA,0,NA,1,PARADO,NO,AMBOS,1595,-102.32157775,21.89497854
251701423,0,30422,ROBO PERSONA,ND,9,2025-09-01,36,1,1,FRACCIONAMIENTO,DEL VALLE 1A SECCION,147,147,AVENIDA,LICENCIADO ADOLFO LOPEZ MATEOS PONIENTE,NA,NA,",,,",CALLE,FATIMA,6,15,48,22,15:48,false,false,9,ninguna,1 HOMBRE,ND,H,M,8,0,N,N,0,0,false,0,N,N,3,celular,0,0,false,1,1,0,NA,NA,0,NA,1,ND,NO,MUJER,1596,-102.31565643,21.87287845
251702468,0,30421,ROBO PERSONA,ND,9,2025-09-01,36,1,5,FRACCIONAMIENTO,CHICAHUALES I,1056,1056,CALLE,DAVID GUARDADO MARTINEZ,NA,NA,"1004,,,",CALLE,SANTIAGO APOSTOL,7,18,57,22,18:57,false,true,"2,4","punzante,fuego",2 HOMBRES UNO TRAE BARBA TIENE TATUAJES TRAE UNA CACHUCHA,ND,H,H,8,0,N,N,0,0,false,0,N,N,328,"celular,dinero",6000,6000,false,1,1,0,NA,NA,0,NA,1,TRANSITANDO,NO,HOMBRE,1597,-102.35122123,21.94736061
251703205,0,30422,ROBO PERSONA,ND,9,2025-09-01,36,1,1,CONDOMINIO VERTICAL,PRIMO VERDAD INEGI,198,198,AVENIDA,PERSEO,NA,NA,",,,",CALLE,JUAN BAUTISTA,5,20,10,23,20:10,false,false,9,ninguna,2 HOMBRES UNO DE ESTATURA BAJA VISTE PLAYERA VERDE Y UNA GORRA PANTALON GRIS EL OTRO ESTATURA ALTA VISTEPLAYERA BLANCA,ND,H,H,8,0,N,N,0,0,false,0,N,N,3,celular,0,0,false,1,1,0,NA,NA,0,NA,1,TRANSITANDO,NO,HOMBRE,1598,-102.27017924,21.86972241
251703448,0,30421,ROBO PERSONA,ND,9,2025-09-01,36,1,1,FRACCIONAMIENTO,PERIODISTAS,204,204,CALLE,EDITORIALISTAS,NA,NA,",,,",CALLE,LINOTIPISTAS,5,21,26,23,21:26,false,false,9,ninguna,2 HOMBRES,ND,H,M,8,0,N,N,0,0,false,0,N,N,3,celular,0,0,false,1,1,0,NA,NA,0,NA,1,TRANSITANDO,NO,MUJER,1599,-102.25197410,21.85210115
251700600,0,30446,ROBO PERSONA,MARIPOSA,9,2025-09-01,36,1,11,LOCALIDAD,EX-VIÑEDOS GUADALUPE,1307,1307,CALLE,VIÑEDOS GUADALUPE,NA,NA,"332,,,",AVENIDA,FERROCARRIL,7,13,23,21,13:23,false,true,3,contusa,1 HOMBRE,EL NANDO,H,H,8,0,N,N,0,0,false,0,N,N,3,bicicleta,0,0,false,1,1,0,NA,NA,0,NA,1,PARADO,NO,HOMBRE,1600,-102.27747003,21.96059402
251701704,0,30446,ROBO PERSONA,ND,9,2025-09-01,36,1,5,COLONIA,CENTRO,938,938,CALLE,JULIO CADENA SUR,NA,NA,",,,",CALLE,SAN LORENZO,7,16,40,22,16:40,false,false,9,ninguna,1 HOMBRE,ND,H,M,8,0,N,N,0,0,false,0,N,N,12,ropa,0,3000,false,1,1,0,NA,NA,0,NA,1,PARADO,NO,MUJER,1601,-102.34290994,21.95920647
251701059,0,30424,ROBO PERSONA,ND,9,2025-09-01,36,1,1,FRACCIONAMIENTO,PILAR BLANCO,142,142,CALLE,VICTOR ROSALES,NA,NA,",,,",ANDADOR,PASEO AVEZTRUZ,2,14,28,21,14:28,false,false,9,ninguna,1 HOMBRE CONDUCTOR DE TAXI,ND,H,M,8,0,N,N,0,0,false,0,TAXI,TAXI COLOR BLANCO,29,cartera,0,0,false,1,1,0,NA,NA,0,NA,1,PARADO,NO,MUJER,1602,-102.29749982,21.85237758
64220088,0,30422,ROBO PERSONA,MARIPOSA,8,2025-08-20,34,3,6,COLONIA,PROGRESO SUR,1131,1131,CALLE,FELIPE ANGELES,NA,NA,",,,",CALLE,DEL DEPORTE,7,16,38,22,16:38,false,false,9,ninguna,ND,ND,ND,ND,8,0,N,N,0,0,false,0,N,N,14,bicicleta,0,0,false,1,1,0,NA,NA,0,NA,1,ND,NO,ND,1603,-102.28098457,22.14170826
64220089,0,30422,ROBO PERSONA,ND,8,2025-08-21,34,4,6,BARRIO,PALO ALTO,1128,1128,CALLE,ND,NA,NA,",,,",CALLE,ND,7,22,13,24,22:13,false,false,9,ninguna,ND,ND,ND,ND,8,0,N,N,0,0,false,0,N,N,3,celular,0,0,true,1,1,0,NA,NA,0,NA,1,ND,NO,ND,1604,-102.27176093,22.14424050
64220089,0,30422,ROBO PERSONA,ND,8,2025-08-22,34,5,6,FRACCIONAMIENTO,COSMOS III,113R,0,CALLE,ALFA,NA,NA,"326,,,",CALLE,ND,7,22,40,24,22:40,false,false,9,ninguna,ND,ND,ND,ND,8,0,N,N,0,0,false,0,N,N,"28,29","dinero,cartera",0,0,false,1,1,0,NA,NA,0,NA,1,ND,NO,ND,1605,-102.28036300,22.13516915
114220090,0,30422,ROBO PERSONA,MARIPOSA,8,2025-08-28,35,4,11,FRACCIONAMIENTO,SAN JOSE DEL BARRANCO,1301,1301,AVENIDA,OTTO GRANADOS ROLDAN,NA,NA,",,,",CALLE,ND,7,21,47,24,21:47,false,false,9,ninguna,ND,ND,ND,ND,8,0,N,N,0,0,false,0,N,N,14,bicicleta,0,0,false,1,1,0,NA,NA,0,NA,1,ND,NO,ND,1606,-102.26001806,22.06852272
114220091,0,30422,ROBO PERSONA,MARIPOSA,8,2025-08-26,35,2,11,RURAL,EL CARDONAL,1323,1323,CALLE,PITAHAYA,NA,NA,",,,",CALLE,EL MEZQUITE,7,19,39,23,19:39,false,false,9,ninguna,ND,ND,ND,ND,8,0,N,N,0,0,false,0,N,N,14,bicicleta,0,0,false,1,1,0,NA,NA,0,NA,1,ND,NO,ND,1607,-102.26368551,22.03727141
114220092,0,30422,ROBO PERSONA,MARIPOSA,8,2025-08-25,35,1,11,FRACCIONAMIENTO,PANAMERICANO,1309,1309,CALLE,GUATEMALA,NA,NA,",,,",CALLE,ARGENTINA,7,13,24,21,13:24,false,false,9,ninguna,ND,ND,ND,ND,8,0,N,N,0,0,false,0,N,N,14,bicicleta,0,0,false,1,1,0,NA,NA,0,NA,1,ND,NO,ND,1608,-102.27103517,22.07640152
251701820,0,30904,ROBO PERSONA,ND,9,2025-09-01,36,1,1,FRACCIONAMIENTO,DEL VALLE 1A SECCION,147,147,AVENIDA,AGUASCALIENTES PONIENTE,NA,NA,",,,",AVENIDA,LICENCIADO ADOLFO LOPEZ MATEOS PONIENTE,6,27,0,27,sin datos,false,false,9,ninguna,ND,ND,ND,M,8,0,N,N,0,0,false,0,N,N,3,celular,0,0,false,1,1,0,NA,NA,0,NA,1,ND,NO,MUJER,1609,-102.31838063,21.87186050
251705405,0,30422,ROBO PERSONA,ND,9,2025-09-02,36,2,1,CONDOMINIO,HACIENDA SAN MARCOS,635,635,AVENIDA,HACIENDA SANTORAL,NA,NA,",,,",AVENIDA,FERROCARRIL,5,9,6,20,09:06,false,false,9,ninguna,1 HOMBRE VISTECHAMARRA ROJA,ND,H,M,8,0,N,N,0,0,false,0,N,N,3,celular,0,0,false,1,2,0,NA,NA,0,NA,1,TRANSITANDO,NO,MUJER,1610,-102.27420455,21.80497954
251707406,0,30422,ROBO PERSONA,ND,9,2025-09-02,36,2,1,FRACCIONAMIENTO,NATURA,371,371,CALLE,TALUD,NA,NA,"120,,,",CALLE,JOSE CONTRERAS ESPARZA,3,15,38,22,15:38,false,false,9,ninguna,2 HOMBRES,ND,H,H,8,0,N,N,0,0,false,0,N,N,"3,28","celular,dinero",95,95,false,1,1,0,NA,NA,0,NA,1,TRANSITANDO,NO,MENOR,1611,-102.24887382,21.93522883
251707900,0,30421,ROBO PERSONA,ND,9,2025-09-02,36,2,1,FRACCIONAMIENTO,"VILLA DE NUESTRA SEÑORA DE LA ASUNCION, SECTOR SAN MARCOS",580,580,CALLE,GASPAR DE LA FUENTE,NA,NA,"808,,,",CALLE,MICAELA DE AYALA,3,14,0,21,14:00,false,true,3,contusa,2 HOMBRES UNO VISTE CAMISA AZUL Y EL OTRO CAMISA NEGRA,EL CHRISTIAN Y EL TAQUERO,H,M,8,0,N,N,0,0,false,0,N,N,28,dinero,40,40,false,1,1,0,NA,NA,0,NA,1,ND,NO,MUJER,1612,-102.26024138,21.92609014
251710776,0,30422,ROBO PERSONA,ND,9,2025-09-02,36,2,1,FRACCIONAMIENTO,CUMBRES III,674,674,BOULEVARD,GUADALUPANO,NA,NA,",,,",CALLE,23 PONIENTE,3,23,13,24,23:13,false,true,4,fuego,2 HOMBRES CON PASAMONTAÑAS UNO VISTE SUDADERA AZUL EL OTR CACHUCHA ROJA,ND,H,H,8,0,N,N,0,0,false,0,N,N,3,celular,0,0,false,1,1,0,NA,NA,0,NA,1,PARADO,NO,MENOR,1613,-102.24275139,21.92066859
251711105,251706432,30422,ROBO PERSONA,ND,9,2025-09-03,36,3,1,FRACCIONAMIENTO,VILLA MONTAÑA,601,601,CALLE,MONTE DE LAUDO,NA,NA,"202,,,",CALLE,MONTES DE TOLEDO,3,22,45,24,22:45,false,false,9,ninguna,1 HOMBRE,ND,H,H,8,0,N,N,0,0,false,0,N,N,3,celular,0,0,false,1,1,0,NA,NA,0,NA,1,ND,NO,HOMBRE,1614,-102.25588210,21.94624170
251711463,0,30907,ROBO PERSONA,ND,9,2025-09-03,36,3,6,FRACCIONAMIENTO,SANTA ISABEL,1141,1141,CALLE,REAL DEL SALTO,NA,NA,"211,,,",CALLE,PASO REAL,7,4,0,26,04:00,false,true,3,contusa,3 HOMBRES 1 MUJER EDAD APROX 20 A 28 AÑOS,INTEGRANTES DEL CARTEL NUEVA GENERACION,A,H,8,0,N,N,0,0,false,0,N,N,3,celular,0,0,false,1,1,0,NA,NA,0,NA,2,PARADO,NO,AMBOS,1615,-102.26772481,22.08184068
251716479,0,30502,ROBO PERSONA,ND,9,2025-09-03,36,3,5,RANCHERIA,EL PEDERNAL,1074,1074,AVENIDA,ADOLFO LOPEZ MATEOS,NA,NA,",,,",CALLE,ALFONSO RUIZ REQUENA,7,20,34,23,20:34,false,false,9,ninguna,1 HOMBRE,JORGE PEÑA DIAZ 29 AÑOS,H,M,5,0,N,N,0,0,false,0,N,N,3,celular,0,0,false,1,1,0,NA,NA,0,NA,1,PARADO,NO,MUJER,1616,-102.50651877,21.89045951
251712938,0,30458,ROBO PERSONA,ND,9,2025-09-03,36,3,1,FRACCIONAMIENTO,GOMEZ,237,237,AVENIDA,DE LA CONVENCION DE 1914 NORTE,NA,NA,",,,",CALLE,PRIMAVERA,6,11,36,20,11:36,false,false,9,ninguna,1 HOMBRE 1 MUJER DE 45 AÑOS APROX RUBIA VISTE BLUSA ROSA Y PANTALON MEZCLILLA EL HOMBRE VISTE CAMISA A CUADROS VERDE CON,ND,A,M,8,0,N,N,0,0,false,0,N,N,28,dinero,40250,40250,false,1,1,0,DEPOSITO,SANTANDE,0,FRACC GOMEZ,1,PARADO,NO,MUJER,1617,-102.31253655,21.88285603
251713803,251713739,30421,ROBO PERSONA,ND,9,2025-09-03,36,3,1,FRACCIONAMIENTO,DEL VALLE 2A SECCION,150,150,CALLE,NIZA,NA,NA,",,,",AVENIDA,AGUASCALIENTES PONIENTE,6,13,54,21,13:54,false,true,1,cortante,1 HOMBRE,ND,H,H,8,0,N,N,0,0,false,0,N,N,3,celular,0,0,false,1,6,0,NA,NA,0,NA,1,PARADO,NO,HOMBRE,1618,-102.31883856,21.87370921
251717818,0,30421,ROBO PERSONA,ND,9,2025-09-04,36,4,1,FRACCIONAMIENTO,HACIENDAS DE AGUASCALIENTES,530,530,CALLE,HACIENDA NUEVA,NA,NA,",,,",CALLE,HACIENDA EL MEZQUITE,4,1,13,25,01:13,false,true,1,cortante,3 HOMBRES UNO DE ELLOS TEZ MORENO COMPLEXION DELGADO VISE SUDADERA BLANCA EL OTRO COMPLEXION ROBUSTA TEZ BLANCO,ND,H,H,8,0,N,N,1,0,true,0,N,N,"30,31,40","llaves,mochila,tarjeta",0,0,false,1,1,0,NA,NA,0,NA,1,ND,NO,HOMBRE,1619,-102.24428710,21.88694044
251715917,0,30907,ROBO PERSONA,ND,9,2025-09-03,36,3,1,CONDOMINIO HORIZONTAL,CARTAGENA 1947,602,602,CALLE,GUILLERMO LARA,NA,NA,",,,",CALLE,VIÑEDOS RIVIER,3,19,14,23,19:14,false,false,9,ninguna,1 HOMBRE CON PASAMONTAÑAS,ND,H,M,8,0,N,N,0,0,false,0,N,N,26,bolso,0,0,false,1,2,0,NA,NA,0,NA,1,ND,NO,MUJER,1620,-102.27678465,21.95727031
251720462,0,30422,ROBO PERSONA,ND,9,2025-09-04,36,4,1,SUBDIVISION,BARRANCA DE GUADALUPE,361,361,CALLE,ALMENDROS,NA,NA,"115,,,",CALLE,NOGAL,2,14,32,21,14:32,false,false,9,ninguna,1 HOMBRE,ND,H,H,8,0,N,N,0,0,false,0,MOTOCICLETA,MOTOCICLETA CON CAJA BLANCA,3,celular,0,0,false,1,1,0,NA,NA,0,NA,2,PARADO,NO,MENOR,1621,-102.31425073,21.86969903
251722110,0,30421,ROBO PERSONA,ND,9,2025-09-04,36,4,1,FRACCIONAMIENTO,VISTAS DEL VALLE,453,453,AVENIDA,VILLAS DE LAS FUENTES,NA,NA,"402,,,",PROLONGACION,DORADILLA,3,5,0,26,05:00,false,true,"1,4","cortante,fuego",ND,ND,ND,H,8,0,N,N,0,0,false,0,N,N,"3,27,29","celular,documentos,cartera",0,4000,false,1,13,0,NA,NA,0,NA,1,ND,NO,HOMBRE,1622,-102.23624769,21.91629746
251722184,0,30422,ROBO PERSONA,ND,9,2025-09-04,36,4,1,COLONIA,COL SAN MARCOS,145,145,CALLE,AQUILES ELOURDUY,NA,NA,",,,",AVENIDA,DE LA CONVENCION DE 1914 PONIENTE,6,19,33,23,19:33,false,false,9,ninguna,1 HOMBRE TRAE UNA CACHUCHA NEGRA,ND,H,H,8,0,N,N,0,0,false,0,BICICLETA,BICICLETA COLOR OSCURO,3,celular,0,0,false,1,2,0,NA,NA,0,NA,1,TRANSITANDO,NO,HOMBRE,1623,-102.31224248,21.88062401
251724510,0,30421,ROBO PERSONA,ND,9,2025-09-05,36,5,1,FRACCIONAMIENTO,VILLA DE LA LOMA,336,336,CALLE,LOMA DEL HALCON,NA,NA,"114,,,",CALLE,LOMA DEL AGUILA,3,6,14,19,06:14,false,true,4,fuego,2 HOMBRES UNO VISTE DE NEGRO Y EL OTRO DE PANTALON DE MEZCLILLA,ND,H,H,8,0,N,N,0,0,false,0,N,N,28,dinero,800,800,false,1,1,0,NA,NA,0,NA,1,ND,NO,HOMBRE,1624,-102.24696927,21.91126567
251724879,0,30422,ROBO PERSONA,ND,9,2025-09-05,36,5,1,CONJUNTO HABITACIONAL,VILLA TAURINA,390,390,CALLE,MARIANO SALAS 126,NA,NA,",,,",CALLE,MARIANO SALAS 128,5,8,16,19,08:16,false,false,9,ninguna,1 HOMBRE CON EL ROSTRO CUBIERTO VISTA CHAMARRA NEGRA Y TRAE UNA GORRA BLANCA,ND,H,H,8,0,N,N,0,0,false,0,N,N,3,celular,0,0,false,1,1,0,NA,NA,0,NA,1,PARADO,NO,HOMBRE,1625,-102.24828110,21.86029015
251720084,0,30446,ROBO PERSONA,ND,9,2025-09-04,36,4,5,COLONIA,DEPORTIVA,895,895,CALLE,GUZMAN,NA,NA,",,,",CALLE,HEROE DE NACOZARI,7,13,33,21,13:33,false,false,9,ninguna,ND,ND,ND,M,8,0,N,N,0,0,false,0,N,N,"26,27,28,29,30","bolso,documentos,dinero,cartera,llaves",6500,6500,false,1,2,0,NA,NA,0,NA,1,PARADO,NO,MUJER,1626,-102.34130333,21.96004256
251720493,0,30446,ROBO PERSONA,ND,9,2025-09-03,36,3,5,LOCALIDAD,LA LOMITA DE PASO BLANCO,1017,1017,CALLE,LOMITA DE MIRAVALLE,NA,NA,"44,,,",CARRETERA,A PASO BLANCO,7,27,0,27,sin datos,false,false,9,ninguna,1 HOMBRE,ND,H,M,8,0,N,N,0,0,false,0,N,N,38,otros,0,0,false,1,1,0,NA,NA,0,NA,1,PARADO,NO,MUJER,1627,-102.31598820,21.96912368
251721230,0,30446,ROBO PERSONA,ND,9,2025-09-04,36,4,1,FRACCIONAMIENTO,VILLA MONTAÑA,601,601,CALLE,MONTE ALOYA,NA,NA,"302,D,,",CALLE,MONTE OKU,3,16,39,22,16:39,false,false,9,ninguna,1 HOMBRE SU TIO,ND,H,M,8,0,N,N,0,0,false,0,N,N,38,otros,0,0,false,1,1,0,NA,NA,0,NA,1,PARADO,NO,MUJER,1628,-102.26353553,21.94132710
251722481,0,30446,ROBO PERSONA,ND,9,2025-09-04,36,4,1,SUBDIVISION,BARRANCA DE GUADALUPE,361,361,AVENIDA,DE LA CONVENCION DE 1914 PONIENTE,NA,NA,"1128,A,,",CALLE,TEREBINTO,2,20,24,23,20:24,true,false,9,ninguna,1 HOMBRE,ND,H,M,3,0,N,N,0,0,false,0,N,N,3,celular,0,0,false,1,1,0,NA,NA,0,NA,2,PARADO,NO,HOMBRE,1629,-102.31108977,21.87099421
251724509,0,30446,ROBO PERSONA,ND,9,2025-09-05,36,5,1,FRACCIONAMIENTO,LOMAS DE LA ASUNCION,545,545,CALLE,JUAN SORIANO,NA,NA,",,,",CALLE,MANUEL FELGUEREZ,3,6,34,19,06:34,false,false,9,ninguna,ND,ND,ND,H,8,0,N,N,0,0,false,0,N,N,14,bicicleta,0,0,false,1,1,0,NA,NA,0,NA,1,PARADO,NO,HOMBRE,1630,-102.26140773,21.92268147
251723434,0,30907,ROBO PERSONA,ND,9,2025-09-04,36,4,5,LOCALIDAD,PASO BLANCO,1018,1018,PRIVADA,ARBOLEDAS,NA,NA,"104,,,",CALLE,ARBOLEDAS,7,23,4,24,23:04,false,true,"3,4","contusa,fuego",4 HOMBRES VISTEN DE NEGRO TRAEN PASAMONTAÑAS,PERTENECEN A UN CARTEL,H,H,8,0,N,N,0,0,false,0,MOTOCICLETA,MOTOCICLETA UNA COLOR NEGRO Y OTRA COLOR AMARILLO,"3,28","celular,dinero",500,500,false,1,1,0,NA,NA,0,NA,2,PARADO,NO,HOMBRE,1631,-102.31518368,21.97556579
251705078,0,50305,ROBO PERSONA,ND,9,2025-09-02,36,2,1,FRACCIONAMIENTO,PILAR BLANCO,142,142,ANDADOR,CERNICALO,NA,NA,",,,",CALLE,CANARIO,2,6,56,19,06:56,false,true,1,cortante,1 HOMBRE COMPLEXION DELGADA ESTATURA 18 VISTE SUDADERA BLANCA CON AZUL,ND,H,M,8,0,N,N,0,0,false,0,N,N,38,otros,0,0,true,1,10,0,NA,NA,0,NA,1,TRANSTIANDO,NO,MUJER,1632,-102.29963427,21.85328012
251720506,0,50102,ROBO PERSONA,ND,9,2025-09-04,36,4,1,FRACCIONAMIENTO,SOLIDARIDAD II,193,193,CALLE,XIUHNEL,NA,NA,",,,",CALLE,XOLOTL,5,14,40,20,14:40,false,false,9,ninguna,1 HOMBRE,ND,ND,ND,8,1,N,N,0,0,false,0,N,N,30,llaves,0,0,true,1,4,0,NA,NA,0,NA,1,ND,NO,HOMBRE,1633,-102.24566071,21.86493042
251726432,0,30907,ROBO PERSONA,MARIPOSA,9,2025-09-05,36,5,1,FRACCIONAMIENTO,LAS VIÑAS,230,230,CIRCUITO,DE LA VID,NA,NA,",,,",CIRCUITO,DE LA VENDIMIA,3,14,20,21,14:20,false,true,3,contusa,1 HOMBRE,ND,H,H,3,0,N,N,0,0,false,0,N,N,"14,28","bicicleta,dinero",0,0,true,1,2,0,NA,NA,0,NA,1,PARADO,NO,HOMBRE,1634,-102.28327885,21.90012042
251726462,0,30422,ROBO PERSONA,MARIPOSA,9,2025-09-05,36,5,1,ESPECIAL,TRES CENTURIAS ESPECIAL,614,614,AVENIDA,MANUEL GOMEZ MORIN,NA,NA,",,,",CALLE,VASCO DE GAMA,6,14,41,14,41,false,false,9,ninguna,3 HOMBRES UNO VISTE CAMISA NEGRA CACHUCHA ROJA PANTALON MEZCLILLA,ND,H,H,8,0,N,N,0,0,false,0,N,N,14,bicicleta,0,0,false,1,2,0,NA,NA,0,NA,1,ND,NO,HOMBRE,1635,-102.28348680,21.89151506
251728416,0,30421,ROBO PERSONA,ND,9,2025-09-05,36,5,1,ESPECIAL,PARQUE RODOLFO LANDEROS GALLEGOS,492,492,BOULEVARD,JOSE MARIA CHAVEZ,NA,NA,",,,",AVENIDA,AGUASCALIENTES SUR,5,19,51,23,19:51,false,true,4,fuego,1 HOMBRE VISTE SUDADERA COLOR AMARILLO PANTALON MEZCLILLA,ND,H,H,8,0,N,N,0,0,false,0,COCHE,COCHE MARCH O RENAULT COLOR GRIS,"3,15,28,29","celular,joyeria,dinero,cartera",1500,9500,false,1,1,0,NA,NA,0,NA,1,ND,NO,HOMBRE,1636,-102.29235539,21.85750045
251731060,0,30421,ROBO PERSONA,MARIPOSA,9,2025-09-06,36,6,1,FRACCIONAMIENTO,BAJIO DE LAS PALMAS,588,588,CALLE,IXTLAHUATL,NA,NA,",,,",CALLE,PALMA ALEJANDRA,5,2,27,25,02:27,false,true,1,cortante,ND,ND,H,H,3,0,N,N,0,0,false,0,N,N,14,bicicleta,0,7000,false,1,1,0,NA,NA,0,NA,1,PARADO,NO,HOMBRE,1637,-102.24169463,21.86487766
251731877,0,30421,ROBO PERSONA,ND,9,2025-09-06,36,6,1,BARRIO,BARRIO SAN MARCOS,85,85,CALLE,ARTURO J PANI,NA,NA,",,,",CALLE,NIETO,1,7,17,19,07:17,false,true,3,contusa,2 HOMBRES,ND,H,H,8,0,N,N,1,0,false,0,N,N,"28,29","dinero,cartera",500,500,false,1,1,0,NA,NA,0,NA,1,TRANSITANDO,NO,HOMBRE,1638,-102.30393261,21.87776109
251737436,0,30422,ROBO PERSONA,ND,9,2025-09-06,36,6,1,ESPECIAL,TRES CENTURIAS ESPECIAL,614,614,AVENIDA,MANUEL GOMEZ MORIN,NA,NA,",,,",AVENIDA,NORBERTO GOMEZ HORNEDO,4,22,25,24,22:25,false,false,9,ninguna,1 HOMBRE VISTE DE CHAMARRA NEGRA Y PANTALON DEPORTIVO,ND,H,H,8,0,N,N,0,0,false,0,N,N,"3,26,28,40","celular,bolso,dinero,tarjetas",0,3000,false,1,1,0,NA,NA,0,NA,1,PARADO,NO,HOMBRE,1639,-102.28384293,21.89320768
251739026,0,30422,ROBO PERSONA,ND,9,2025-09-07,36,7,1,BARRIO,LA SALUD,499,499,CALLE,SANTA ELENA,NA,NA,",,,",CALLE,5 DE FEBRERO,1,1,13,25,01:13,false,false,9,ninguna,1 HOMBRE,ND,H,M,8,0,N,N,0,0,false,0,N,N,"28,29","dinero,cartera",3500,3500,false,1,2,0,NA,NA,0,NA,1,PARADO,NO,MUJER,1640,-102.28387889,21.87712177
251739725,0,30421,ROBO PERSONA,ND,9,2025-09-07,36,7,1,FRACCIONAMIENTP,LOS PERICOS,287,287,AVENIDA,POLIDUCTO,NA,NA,",,,",AVENIDA,RODOLFO LANDEROS GALLEGOS,3,3,39,26,03:39,false,true,10,sin datos,ND,ND,ND,H,8,0,N,N,1,0,false,0,N,N,"3,29,40","celular,cartera,tarjeta",0,0,false,1,1,0,NA,NA,0,NA,1,TRANSITANDO,NO,HOMBRE,1641,-102.24814176,21.90382781
251740267,0,30421,ROBO PERSONA,ND,9,2025-09-07,36,7,1,FRACCIONAMIENTO,VILLA MONTAÑA,601,601,CALLE,ND,NA,NA,",,,",CALLE,ND,3,5,36,26,05:36,false,true,"2,3","punzante,contusa",4 HOMBRES,ND,H,H,8,0,N,N,1,0,true,0,N,N,"3,12,29","celular,ropa,cartera",0,0,false,1,1,0,NA,NA,0,NA,1,ND,NO,HOMBRE,1642,-102.25963846,21.94080554
251742840,0,30421,ROBO PERSONA,ND,9,2025-09-07,36,7,1,COLONIA,ZONA CENTRO,501,501,CALLE,5 DE MAYO,NA,NA,",,,",CALLE,BENJAMIN DE LA MORA,1,15,15,21,15:15,true,true,3,contusa,5 HOMBRES,ND,H,H,8,0,N,N,0,0,false,0,N,N,"3,29,38","celular,cartera,otros",0,0,false,1,1,0,NA,NA,0,NA,1,ND,NO,HOMBRE,1643,-102.29662363,21.88748862
251743309,0,30422,ROBO PERSONA,ND,9,2025-09-07,36,7,1,FRACCIONAMIENTO,VILLAS TEC,988,988,AVENIDA,PASEO DEL MOLINO,NA,NA,",,,",CALLE,VILLA ALTA,6,16,14,22,16:14,true,false,9,ninguna,2 HOMBRES UNO VISTE SUDADERA CON GORRO COLOR GRIS,ND,H,H,8,0,N,N,0,0,false,0,N,N,3,celular,0,0,false,1,2,0,NA,NA,0,NA,1,TRANSITANDO,NO,HOMBRE,1644,-102.33836477,21.93881378
251744381,0,30421,ROBO PERSONA,ND,9,2025-09-07,36,7,6,RURAL,SANTIAGO,1137,1137,CALLE,EMILIANO ZAPATA,NA,NA,",,,",CALLE,FELIPE ANGELES,7,18,59,22,18:59,false,true,1,cortante,2 HOMBRES UNOVISTE PLAYERA ROJA Y EL OTRO PLAYERA NEGRA,ND,H,M,8,0,N,N,0,0,false,0,MOTOCILETA,MOTOCICLETA TIPO CROSS COLOR NEGRO CON VERDE,3,celular,0,0,false,1,1,0,NA,NA,0,NA,1,TRANSITANDO,NO,MUJER,1645,-102.33787982,22.11579927
251745096,0,30421,ROBO PERSONA,ND,9,2025-09-07,36,7,1,COLONIA,GREMIAL,613,613,CALLE,NORBERTO GOMEZ HORNEDO,NA,NA,"101,,,",CALLE,MELQUIADES MORENO,6,20,30,23,20:30,false,true,"1,3","cortante,contusa",3 HOMBRES UNO VISTE PLAYERA BLANCA PANTALON MEZCLILLA EL OTRO CHAMARRA MEZCLILLA PLAYERA COLOR NEGRO,ND,H,H,8,0,N,N,1,0,false,0,N,N,"15,29","joyeria,cartera",0,0,false,1,1,0,NA,NA,0,NA,1,PARADO,NO,HOMBRE,1646,-102.29270240,21.89398527
251746791,0,30421,ROBO PERSONA,ND,9,2025-09-07,36,7,1,FRACCIONAMIENTO,LOS PERICOS,287,287,AVENIDA,POLIDUCTO,NA,NA,",,,",CALLE,SAN FELIPE,4,27,0,27,sin datos,false,true,3,contusa,1HOMBRE TEZ MORENO COMPLEXION DELGADO ESTATURA BAJA CICATRICES EN TODA LA CARA EN FORMA DE JOQUER DE LADO DERECHO DEL RO,ND,H,H,8,0,N,N,0,0,false,0,N,N,3,celular,0,0,false,1,1,0,NA,NA,0,NA,1,TRANSITANDO,NO,HOMBRE,1647,-102.24768315,21.90210824
251748496,0,30421,ROBO PERSONA,ND,9,2025-09-08,37,1,1,CONDOMINIO,PASEOS DE SANTA MONICA,488,488,AVENIDA,PASEOS DE SANTA MONICA,NA,NA,",,,",AVENIDA,SIGLO XXI,2,5,12,26,05:12,false,true,1,cortante,ND,ND,ND,H,8,0,N,N,1,0,false,0,N,N,3,celular,0,0,false,1,1,0,NA,NA,0,NA,1,TRND,NO,HOMBRE,1648,-102.32054660,21.84254892
251726136,0,30446,ROBO PERSONA,ND,9,2025-09-05,36,5,1,COLONIA,DEL CARMEN,236,236,AVENIDA,FUNDICION,NA,NA,"211,,,",CALLE,LA LUZ,1,13,43,21,13:43,false,false,9,ninguna,1 MUJER VISTE ROPA DEPORTIVA COLOR NEGRO,ND,M,H,1,0,N,N,0,0,false,0,N,N,28,dinero,2000,2000,false,1,1,0,NA,NA,0,NA,2,PARADO,NO,HOMBRE,1649,-102.30569199,21.88958798
251727169,0,30446,ROBO PERSONA,MARIPOSA,9,2025-09-05,36,5,1,CONJUNTO HABITACIONAL,VILLA TAURINA,390,390,CALLE,MARRUBIO 105,NA,12,",,,",CALLE,MARRUBIO,5,16,39,22,16:39,false,false,9,ninguna,ND,ND,ND,M,8,0,N,N,0,0,false,0,N,N,14,bicicleta,0,0,false,1,1,0,NA,NA,0,NA,1,PARADO,NO,MUJER,1650,-102.24749596,21.86018765
251730398,0,30446,ROBO PERSONA,ND,9,2025-09-06,36,6,5,FRACCIONAMIENTO,LAS PLAMAS,943,943,CALLE,BENIGNO CHAVEZ,NA,NA,"716,,,",CALLE,VISTA ALEGRE,7,0,18,25,00:18,false,false,9,ninguna,1 HOMBRE,ND,H,M,8,0,N,N,0,0,false,0,N,N,3,celular,0,0,false,1,1,0,NA,NA,0,NA,1,TRANSITANDO,NO,MUJER,1651,-102.34940803,21.96667832
251734503,0,30446,ROBO PERSONA,MARIPOSA,9,2025-09-06,36,6,1,FRACCIONAMIENTO,CONSTITUCION,607,607,CALLE,ARTICULO 21,NA,NA,",,,",CALLE,ARTICULO 27,3,16,32,22,16:32,false,false,9,ninguna,ND,ND,ND,H,8,0,N,N,0,0,false,0,N,N,14,BICICLETA,0,0,false,1,2,0,NA,NA,0,NA,1,PARADO,NO,HOMBRE,1652,-102.28381596,21.93468748
251738481,0,50102,ROBO PERSONA,ND,9,2025-09-07,36,7,6,FRACCIONAMIENTO,COSMOS,1122,1122,CALLE,CENTAURO,NA,NA,",,,",AVENIDA,REVOLUCION,7,0,35,24,00:35,false,false,9,ninguna,ND,ND,ND,H,8,0,N,N,0,0,false,0,N,N,3,celular,0,0,false,1,2,0,NA,NA,0,NA,1,ND,NO,MENOR,1653,-102.27804604,22.14062382
251749037,0,30907,ROBO PERSONA,ND,9,2025-09-08,37,1,5,COLONIA,EL TORITO,1071,1071,CALLE,SOR JUANA INES DE LA CRUZ,NA,NA,"216,,,",CALLE,FRANCISCO I MADERO,7,8,4,19,08:04,false,true,"1,3,4","cortante,contusa,fuego",4 HOMBRES TAPADOS E LA CARA CON PASAMONTAÑAS,ND,H,H,8,0,N,N,1,0,true,0,MOTOCICLETA,MOTOCICLETA UNA COLOR NEGRO,3,celular,0,0,false,1,1,0,NA,NA,0,NA,1,PARADO,NO,HOMBRE,1654,-102.35494029,21.96965703
251749570,0,30422,ROBO PERSONA,ND,9,2025-09-08,37,1,1,COLONIA,FRANCISCO GUEL JIMENEZ,612,612,AVENIDA,DE LA CONVENCION DE1914 ORIENTE,NA,NA,",,,",AVENIDA,PASEO DE LA SOLIDARIDAD,3,10,2,20,10:02,false,false,9,ninguna,1 HOMBRE VISTE PLAYERA AZUL,ND,H,H,8,1,N,N,0,0,false,0,N,N,3,celular,0,15000,false,1,1,0,NA,NA,0,NA,1,ND,NO,HOMBRE,1655,-102.28493453,21.90344479
251750083,0,30421,ROBO PERSONA,ND,9,2025-09-07,36,7,1,FRACCIONAMIENTO,VILLA LAS PALMAS,346,346,CALLE,VILLA DE ARRAIGA,NA,NA,"111,,,",AVENIDA,PROCERES DE LA ENSEÑANZA,5,27,0,27,sin datos,false,true,"1,3","cortante,contusa",1 HOMBRE CONDUCTOR DE TAXI,ND,H,H,8,0,N,N,0,0,false,0,TAXI,TAXI,"3,12,29,30,31","celular,ropa,cartera,llaves,mochila",0,0,false,1,1,0,NA,NA,0,NA,1,PARADO,NO,HOMBRE,1656,-102.23354945,21.86028709
251751977,0,30422,ROBO PERSONA,ND,9,2025-09-08,37,1,1,SUBDIVISION,AGRICULTURA,519,519,AVENIDA,MAHATMA GANDHI,NA,NA,",,,",CALLE,REPUBLICA DE PERU,2,17,44,22,17:44,false,false,9,ninguna,1 HOMBRE,ND,H,H,8,0,N,N,0,0,false,0,N,N,3,celular,0,2500,false,1,1,0,NA,NA,0,NA,1,TRANSITANDO,NO,HOMBRE,1657,-102.29561494,21.86338145
251752953,0,30446,ROBO PERSONA,ND,9,2025-09-08,37,1,1,FRACCIONAMIENTO,EJIDO CUMBRES,210,210,AVENIDA,POLIDUCTO,NA,NA,",,,",BOULEVARD,GUADALUPANO,3,20,45,23,20:45,false,false,9,ninguna,1 HOMBRE VISTE PLAYERA NEGRA GORRA AZUL,ND,H,H,8,0,N,N,0,0,false,0,N,N,"6,31,38","tecnologia,mochila,otros",0,4000,false,1,1,0,NA,NA,0,NA,1,PARADO,NO,HOMBRE,1658,-102.25228261,21.91224533
251752109,0,30907,ROBO PERSONA,ND,9,2025-09-08,37,1,7,FRACCIONAMIENTO,MIGUEL HIDALGO,1156,1156,CALLE,BAJA CALIFORNIA SUR,NA,NA,"131,,,",CALLE,COLIMA,7,17,59,22,17:59,false,false,9,ninguna,ND,ND,ND,M,8,0,N,N,0,0,false,0,N,N,38,otros,0,0,false,1,1,0,NA,NA,0,NA,1,PARADO,NO,MUJER,1659,-102.32678564,22.22702415
251750663,0,30904,ROBO PERSONA,ND,9,2025-09-08,37,1,1,FRACCIONAMIENTO,EJIDO OJOCALIENTE,559,559,AVENIDA,TECNOLOGICO,NA,NA,",,,",AVENIDA,LICENCIADO ADOLFO LOPEZ MATEOS ORIENTE,4,13,59,21,13:59,false,false,9,ninguna,1 HOMBRE VISTE CAMISA BLANCA PANTALON AZUL,ND,H,H,8,0,N,N,0,0,false,0,N,N,3,celular,0,0,false,1,2,0,NA,NA,0,NA,1,PARADO,NO,HOMBRE,1660,-102.26150900,21.87945685
251757188,0,30421,ROBO PERSONA,ND,9,2025-09-09,37,2,1,COLONIA,MIRAVALLE,239,239,CALLE,ARROYO DE LOS ARELLANO,NA,NA,",,,",AVENIDA,DE LA CONVENCION DE 1914 PONIENTE,6,16,33,22,16:33,false,true,1,cortante,2 HOMBRES 19 AÑOS DE EDAD APROX UNO VISTE PLAYERA NGR EL OTRO PLAYERA BLANCA AMBOS E MEZCLILLA,ND,H,H,8,0,N,N,0,0,false,0,N,N,"3,29,40","celular,cartera,terjeta",0,0,false,1,1,0,NA,NA,0,NA,1,TRANSITANDO,NO,MENOR,1661,-102.31228904,21.88747839
251758745,0,30422,ROBO PERSONA,ND,9,2025-09-09,37,2,1,FRACCIONAMIENTO,HEROES DE AGUASCALIENTES,254,254,AVENIDA,HEROE DE NACOZARI SUR,NA,NA,",,,",CALLE,DEFENSA NACIONAL,5,21,24,23,21:24,false,false,9,ninguna,1 HOMBRE,ND,H,M,8,0,N,N,0,0,false,0,MOTOCICLETA,MOTOCICLETA COLOR NEGRO,3,celular,0,3000,false,1,1,0,NA,NA,0,NA,1,TRANSITANDO,NO,MUJER,1662,-102.28153638,21.87432313
251758952,0,30422,ROBO PERSONA,ND,9,2025-09-09,37,2,1,FRACCIONAMIENTO,"VILLA DE NUESTRA SEÑORA DE LA ASUNCION, SECTOR ALAMEDA",330,330,CALLE,ATANACIO RODRIGUEZ,NA,NA,"445,,,",CALLE,GERONIMO DE LA CUEVA,3,21,53,24,21:53,false,false,9,ninguna,1 HOMBRE VISTE CHAMARRA NEGRA CON CASCO OSCURO,ND,H,M,8,0,N,N,0,0,false,0,MOTOCICLETA,MOTOCICLETA ITALIKA COLOR AZUL O NEGRO,3,celular,0,3000,false,1,1,0,NA,NA,0,NA,1,TRANSITANDO,NO,MUJER,1663,-102.25978715,21.93338716
251759411,0,30421,ROBO PERSONA,ND,9,2025-09-09,37,2,1,FRACCIONAMIENTO,JARDINES DE LA CRUZ,256,256,AVENIDA,ND,NA,NA,",,,",CALLE,ND,5,23,21,24,23:21,false,true,1,cortante,5 HOMBRES UNO VISTE SUDADERA NEGRA OTRO PLAYERA TIPO POLO ROJA Y OTRO PLEYERA COLOR VERDE,ND,H,H,8,0,N,N,0,0,false,0,N,N,"3,6,15","celular,tecnologia,joyeria",0,13000,false,1,1,4673,NA,NA,0,NA,1,TRANSITANDO,NO,HOMBRE,1664,-102.27254639,21.87369034
251760867,0,30422,ROBO PERSONA,ND,9,2025-09-10,37,3,1,FRACCIONAMIENTO,EL CEDAZO,84,84,CALLE,HUACHICHIL,NA,NA,",,,",CALLE,ZACATECO,5,8,57,19,08:57,false,false,9,ninguna,1 HOMBRE TATUADO DE LA CARA VISTE CAMISA OSCURA,EL PUERCO,H,H,8,0,N,N,0,0,false,0,N,N,3,celular,0,0,false,1,1,0,NA,NA,0,NA,1,PARADO,NO,HOMBRE,1665,-102.25027885,21.86540738
251763091,0,30422,ROBO PERSONA,ND,9,2025-09-10,37,3,1,FRACCIONAMIENTO,RODOLFO LANDEROS GALLEGOS,226,226,AVENIDA,SIGLO XXI,NA,NA,",,,",CALLE,PAULA DE JESUS JIMENEZ YAÑEZ,4,15,54,22,15:54,false,false,9,ninguna,2 HOMBRES UNO VISTE PLAYERA DE FUTBOL AMERICANO COLOR NEGRA Y FRANJAS AMARILLAS,ND,H,H,8,0,N,N,0,0,false,0,N,N,12,ropa,0,0,false,1,1,0,NA,NA,0,NA,1,PARADO,NO,HOMBRE,1666,-102.25577267,21.90413325
251763974,0,30421,ROBO PERSONA,ND,9,2025-09-10,37,3,1,FRACCIONAMIENTO,INSURGENTES,161,161,AVENIDA,PASEO DE LA ASUNCION,NA,NA,",,,",CALLE,DOCTOR MARIANO AZUELA,2,18,30,22,18:30,false,true,4,fuego,1 HOMBRE VISTE PLAYERA BLANCA PANTALON NEGRO,ND,H,H,8,0,N,N,0,0,false,0,N,N,39,sin datos,0,0,false,1,2,0,NA,NA,0,NA,1,PARADO,NO,HOMBRE,1667,-102.30114823,21.85124671
251764702,0,30422,ROBO PERSONA,ND,9,2025-09-10,37,3,1,FRACCIONAMIENTO,PASEOS DEL SUR,634,634,AVENIDA,PASEOS DEL ATARDECER,NA,NA,",,,",CALLE,MISION DE SAN MARGARITO FLORES GARCIA,5,20,15,23,20:15,false,false,9,ninguna,3 HOMBRES,ND,H,H,8,0,N,N,0,0,false,0,MOTOCICLETA,MOTOCICLETA ITALIKA COLOR NEGRO,"3,12","celular,ropa",0,0,false,1,57,0,NA,NA,0,NA,1,ND,NO,HOMBRE,1668,-102.27173064,21.81641406
251765689,0,30422,ROBO PERSONA,ND,9,2025-09-10,37,3,1,FRACCIONAMIENTO,PASEOS DE SAN ANTONIO,634,634,CALLE,FLORINA,NA,NA,"108,D,,",CALLE,PASEOS DE LA HABANA,5,22,18,24,22:18,false,false,9,ninguna,1 PERSONA,ND,ND,M,8,0,N,N,0,0,false,0,N,N,3,celular,0,1200,false,1,1,0,NA,NA,0,NA,1,ND,NO,MUJER,1669,-102.26877436,21.81165568
251760492,0,30446,ROBO PERSONA,ND,9,2025-09-10,37,3,5,CONDOMINIO,VIÑA ANTIGUA,995,995,AVENIDA,VIÑA ANTIGUA,NA,NA,",,,",AVENIDA,SIGLO XXI,7,7,40,19,07:40,false,false,9,ninguna,1 HOMBRE EDAD APROX 25 A 30 AÑOS VISTE PLAYERA VERDE DE LA SELECCION MEXICANA PANTALON MEZCLILLA Y GORRA NEGRA,ND,H,M,8,0,N,N,0,0,false,0,BICICLETA,BICICLETA,"3,26,27,29","celular,bolso,documentos,cartera",0,5000,false,1,1,0,NA,NA,0,NA,1,TRANSITANDO,NO,MUJER,1670,-102.31241940,21.94884075
251768275,0,30446,ROBO PERSONA,MARIPOSA,9,2025-09-11,37,4,1,FRACCIONAMIENTO,JESUS TERAN PEREDO,249,249,CALLE,DE LAS PALMAS,NA,NA,"803,,,",CALLE,GENERAL PLUTARCO ELIAS CALLES,5,9,29,20,09:29,false,false,9,ninguna,ND,ND,ND,H,0,0,N,N,0,0,false,0,N,N,14,bicicleta,0,12000,false,1,1,0,NA,NA,0,NA,1,PARADO,NO,HOMBRE,1671,-102.27339728,21.87061212
251769052,0,30446,ROBO PERSONA,ND,9,2025-09-11,37,4,1,BARRIO,GUADALUPE,502,502,CALLE,GUADALUPE,NA,NA,"145,,,",CALLE,LIBERTAD,1,11,40,20,11:40,false,false,9,ninguna,1 HOMBRE VISTE CAMISA GRIS GORRA NEGRA,ND,H,H,8,0,N,N,0,0,false,0,N,N,"3,31,40","celular,mochila,tarjeta",0,0,false,1,1,0,NA,NA,0,NA,1,PARADO,NO,HOMBRE,1672,-102.30028021,21.88375015
251758574,0,50102,ROBO PERSONA,ND,9,2025-09-09,37,2,5,COLONIA,CENTRO,938,938,CALLE,IGNACIO LOPEZ RAYON,NA,NA,"311,,,",CALLE,NUEVA,7,20,56,23,20:56,false,false,9,ninguna,1 HOMBRE,ND,H,H,8,1,N,N,0,0,false,0,N,N,3,celular,0,0,false,1,4,0,NA,NA,0,NA,1,ND,NO,HOMBRE,1673,-102.34019983,21.96395899
251763979,0,30904,ROBO PERSONA,ND,9,2025-09-10,37,3,1,BARRIO,BARRIO SAN MARCOS,85,85,CALLE,ND,NA,NA,",,,",CALLE,ND,1,9,0,20,09:00 11:59,false,false,9,ninguna,ND,ND,ND,M,8,0,N,N,0,0,false,0,N,N,3,celular,0,0,false,1,1,0,NA,NA,0,NA,1,ND,NO,MUJER,1674,-102.30387274,21.87756834
251768688,0,30904,ROBO PERSONA,ND,9,2025-09-10,37,3,1,FRACCIONAMIENTO,LOMAS DE ORIENTE I,672,672,AVENIDA,PENSADORES MEXICANOS ORIENTE,NA,NA,"709,,,",CALLE,SIERRA DE SAN BERNARDINO,3,10,45,20,10:45,false,false,9,ninguna,1 HOMBRE DE ASPECTO INDIGENTE,ND,H,H,8,0,N,N,0,0,false,0,N,N,3,celular,0,0,false,1,1,0,NA,NA,0,NA,2,PARADO,NO,HOMBRE,1675,-102.25653975,21.91656348
251769342,0,30422,ROBO PERSONA,MARIPOSA,9,2025-09-11,37,4,1,COLONIA,ALTAVISTA,234,234,CALLE,AMADO NERVO,NA,NA,"313,,,",CALLE,PROFESOR JOSE REYES MARTINEZ,6,12,32,21,12:32,false,false,9,ninguna,1 HOMBRE,EL CHITA,H,H,8,0,N,N,0,0,false,0,N,N,14,bicicleta,0,0,false,1,1,0,NA,NA,0,NA,1,PARADO,NO,HOMBRE,1676,-102.30209719,21.89211241
251771697,0,30422,ROBO PERSONA,ND,9,2025-09-11,37,4,2,COMUNIDAD,EL TULE,734,734,CALLE,FRANCISCO I MADERO,NA,NA,"104,,,",CALLE,5 DE MAYO,7,18,51,22,18:51,false,false,9,ninguna,ND,ND,ND,M,8,0,N,N,0,0,false,0,N,N,3,celular,0,3000,false,1,2,0,NA,NA,0,NA,1,ND,NO,MUJER,1677,-102.09085714,22.08318279
251772341,0,30422,ROBO PERSONA,ND,9,2025-09-11,37,4,1,FRACCIONAMIENTO,SOBERANA CONVENCION REVOLUCIONARIA,228,228,CALLE,PAULINO N MARTI,NA,NA,",,,",CALLE,ARTICULO 35,3,21,36,24,21:36,false,false,9,ninguna,1 HOMBRE,ND,H,H,8,0,N,N,0,0,false,0,MOTOCICLETA,MOTOCICLETA COLOR NEGRO,3,celular,0,0,false,1,1,0,NA,NA,0,NA,1,TRANSITANDO,NO,HOMBRE,1678,-102.27849639,21.93339802
251772418,0,30421,ROBO PERSONA,ND,9,2025-09-11,37,4,1,FRACCIONAMIENTO,LOS PERICOS,287,287,CALLE,SAN MARCOS,NA,NA,",,,",CALLE,SAN COSME,4,21,46,24,21:46,true,true,"1,3","cortante,contusa",2 HOMBRES,EL PELUSO Y EL BAÑAO,H,H,0,0,N,N,0,0,false,0,N,N,"3,6,11,28,29,31","celular,tecnologia,herramienta,dinero,cartera,mochila",800,3800,false,1,1,0,NA,NA,0,NA,1,TRANSITANDO,NO,HOMBRE,1679,-102.24298014,21.90054186
251772655,0,30422,ROBO PERSONA,MARIPOSA,9,2025-09-11,37,4,1,FRACCIONAMIENTO,CONSTITUCION,607,607,CALLE,ARTICULO 102,NA,NA,"102,,,",AVENIDA,CONSTITUCION,3,22,11,24,22:11,false,false,9,ninguna,1 HOMBRE VISTE CAMISA NEGRA Y GORRA NEGRA,ND,H,H,8,0,N,N,0,0,false,0,N,N,14,bicicleta,0,3500,false,1,1,0,NA,NA,0,NA,1,TRANSITANDO,NO,HOMBRE,1680,-102.28639836,21.91738860
251772895,0,30422,ROBO PERSONA,ND,9,2025-09-11,37,4,1,COLONIA,OJO DE AGUA,621,621,AVENIDA,DE LA CONVENCION DE 1914 SUR,NA,NA,",,,",AVENIDA,FERROCARRIL,5,22,0,24,22:00,false,true,"1,3","cortante,contusa",2 HOMBRES UNO VISTE PLAYERA DEPORTIVA COLOR VERDE Y EL OTRO PLAYERA AZUL CIELO,ND,H,H,8,0,N,N,0,0,false,0,N,N,"3,11,28,29,31","celular,herramienta,dinero,cartera,mochila",250,1450,false,1,1,0,NA,NA,0,NA,1,TRANSITANDO,NO,HOMBRE,1681,-102.27864457,21.86753059
251773536,0,30422,ROBO PERSONA,MARIPOSA,9,2025-09-12,37,5,1,FRACCIONMAIENTO,VISTA MONTAÑA,601R,0,CALLE,MONTE ARAFAT,NA,NA,",,,",CALLE,CONSTITUCIONALISTA,3,2,10,25,02:10,false,false,9,ninguna,2 HOMBRES,nd,H,H,8,0,N,N,0,0,false,0,N,N,"3,14,28,29","celular,bicicleta,dinero,cartera",1200,4500,false,1,2,0,NA,NA,0,NA,1,TRANSITANDO,NO,HOMBRE,1682,-102.25402170,21.94588196
251777236,0,30421,ROBO PERSONA,ND,9,2025-09-12,37,5,1,CONDOMINIO,LOS LAURELES,70,70,CALLE,EL LAUREL PONIENTE,NA,NA,",,,",AVENIDA,RODOLFO LANDEROS GALLEGOS,4,18,0,22,18:00,false,true,"1,3","cortante,contusa",2 HOMBRES UNO VISTE CAMISA NEGRA PANTALON CAFE EL OTRO VISTE TODO DE NEGRO,ND,H,H,8,0,N,N,0,0,false,0,N,N,"3,11,28,29,31","celular,herramienta,dinero,cartera,mochila",600,600,false,1,1,0,NA,NA,0,NA,1,ND,NO,HOMBRE,1683,-102.24135100,21.90581236
251778581,0,30422,ROBO PERSONA,ND,9,2025-09-12,37,5,1,FRACCIONAMIENTO,SOLIDARIDAD IV,195,195,CALLE,MARTIN TRIANA,NA,NA,",,,",AVENIDA,POLIDUCTO,5,21,43,24,21:43,false,false,9,ninguna,6 HOMBRES UNO VISTE SUDADERA ROJA CON CAPUCHA,ND,H,H,8,0,N,N,0,0,false,0,N,N,3,celular,0,0,false,1,1,0,NA,NA,0,NA,1,TRANSITANDO,NO,HOMBRE,1684,-102.25121171,21.85443575
251778661,0,30421,ROBO PERSONA,ND,9,2025-09-12,37,5,1,FRACCIONAMIENTO,PERIODISTAS,204,204,AVENIDA,POLIDUCTO,NA,NA,",,,",AVENIDA,MARIANO HIDALGO,5,21,56,24,21:56,true,true,1,cortante,1 HOMBRE VISTE CHAMARRA COLOR VERDE,EL PECAS,H,A,3,0,N,N,0,0,false,0,N,N,"3,28,29","celular,dinero,cartera",700,700,false,1,1,0,NA,NA,0,NA,1,ND,NO,AMBOS,1685,-102.25318413,21.85026410
251780878,0,30421,ROBO PERSONA,NA,9,2025-09-13,37,6,5,LOCALIDAD,CORRAL DE BARRANCOS,951,951,AVENIDA,EL MOLINO,NA,NA,",,,",BOULEVARD,MIGUEL DE LA MADRID HURTADO,7,6,30,19,06:30,false,true,3,contusa,2 HOMBRES,ND,H,H,8,0,N,N,1,0,false,0,N,N,3,celular,0,0,false,1,1,0,NA,NA,0,NA,1,PARADO,NO,HOMBRE,1686,-102.32782127,21.93758200
251785362,0,30421,ROBO PERSONA,ND,9,2025-09-13,37,6,5,COLONIA,EL TORITO,1071,1071,AVEINDA,ALEJANDRO DE LA CRUZ,NA,NA,",,,",CALLE,FRANCISCO I MADERO,7,20,19,23,20:19,false,true,"1,2","cortante,punzante",3 HOMBRES UNO ESTATUTA ALTO COMPLEXION DELGADO VISTE SUDADERA BLANCA,ND,H,H,8,0,N,N,0,0,false,0,N,N,"3,12,28,29,40","celular,ropa,dinero,cartera,tarjeta",50,50,false,1,1,0,NA,NA,0,NA,1,TRANSITANDO,NO,HOMBRE,1687,-102.35417328,21.96901112
251788424,0,30421,ROBO PERSONA,ND,9,2025-09-14,37,7,1,FRACCIONAMIENTO,SOLIDARIDAD II,193,193,AVENIDA,SIGLO XXI,NA,NA,",,,",CALLE,TECUEXE,5,2,15,25,02:15,false,true,1,cortante,1 HOMBRE VISTE PLAYERA POLO COLOR AZUL PANTALON NEGRO,ND,H,H,8,0,N,N,0,0,false,0,N,N,12,ropa,0,1100,false,1,1,0,NA,NA,0,NA,1,ND,NO,HOMBRE,1688,-102.24429298,21.86751270
251789491,0,30421,ROBO PERSONA,ND,9,2025-09-14,37,7,1,COLONIA,ZONA CENTRO,501,501,CALLE,NIETO,NA,NA,",,,",CALLE,GENERAL VICENTE GUERRERO SUR,1,4,44,26,04:44,false,true,4,fuego,2 HOMBRES UNO ES DE ESTATURA BAJA CALVO,ND,H,H,8,0,N,N,0,0,false,0,N,N,"2,28,31","laptop,dinero,mochila",5000,5000,false,1,2,0,NA,NA,0,NA,1,TRANSITANDO,NO,HOMBRE,1689,-102.29928013,21.87927713
251790204,0,30421,ROBO PERSONA,ND,9,2025-09-14,37,7,1,CONDOMINIO HORIZONTAL,TIANGUIS SAN JUANITO,120,120,CALLE,CORONEL FELIX DE LA PAZ,NA,NA,",,,",CALLE,MARINA NACIONAL,6,9,25,20,09:25,false,true,3,contusa,1 HOMBRE VISTE DE AZUL Y PORTA GORRA,ND,H,H,8,0,N,N,0,0,false,0,BICICLETA,BICICLETA,28,dinero,900,900,false,1,1,0,NA,NA,0,NA,1,ND,NO,HOMBRE,1690,-102.29800267,21.89355311
251790947,0,30422,ROBO PERSONA,ND,9,2025-09-14,37,7,1,FRACCIONAMIENTO,EJIDO CUMBRES,210,210,CALLE,PICACHO ORIENTE,NA,NA,",,,",AVENIDA,SIGLO XXI,3,12,19,21,12:19,false,false,9,ninguna,1 HOMBRE ESTATURA BAJA VISTE DE NEGRO,ND,H,H,8,0,N,N,0,0,false,0,N,N,3,celular,0,25000,false,1,1,0,NA,NA,0,NA,1,ND,NO,HOMBRE,1691,-102.25888441,21.90953100
251791352,0,30421,ROBO PERSONA,ND,9,2025-09-14,37,7,11,FRACCIONAMIENTO,LA RIBERA,1340,1340,CALLE,LA BARCA,NA,NA,",,,",CALLE,TEXCOCO,7,13,27,21,13:27,false,true,3,contusa,1 HOMBRE,ND,H,H,8,0,N,N,0,0,false,0,N,N,3,celular,0,0,false,1,1,0,NA,NA,0,NA,1,ND,NO,HOMBRE,1692,-102.24798586,21.95766486
251791812,0,30421,ROBO PERSONA,ND,9,2025-09-14,37,7,1,FRACCIONAMIENTO,OJO DE AGUA DE PALMITAS II,677,677,CALLE,LUIS ALBERTO JUAREZ,NA,NA,",,,",CALLE,FRANCISCO SARABIA,5,14,48,21,14:48,false,true,3,contusa,2 HOMBRES,ND,H,H,8,0,N,N,0,0,false,0,N,N,15,joyeria,0,0,false,1,57,0,NA,NA,0,NA,1,ND,NO,HOMBRE,1693,-102.23775111,21.85739669
251793841,0,30421,ROBO PERSONA,MARIPOSA,9,2025-07-14,29,7,1,BARRIO,LA ESTACION,203,203,CALLE,FRAY BARTOLOME DE LAS CASAS,NA,NA,NA,CALLE,28 DE AGOSTO,1,19,29,23,19:23,false,false,9,ninguna,VARIOS HOMBRES,ND,H,H,8,0,N,N,0,0,false,0,N,N,14,bicicleta,0,0,false,1,1,0,NA,NA,0,NA,1,ND,NO,HOMBRES,1694,-102.28118300,21.88351700
251794526,0,30421,ROBO PERSONA,ND,9,2025-09-14,37,7,1,COLONIA,GREMIAL,613,613,CALLE,DOCTOR GERONIMO DE OROZCO,NA,NA,"629,,,",AVENIDA,HEROE DE NACOZARI NORTE,1,20,41,23,20:41,false,true,3,contusa,ND,ND,ND,H,8,0,N,N,0,0,false,0,N,N,15,joyeria,0,0,false,1,6,0,NA,NA,0,NA,1,TRANSITANDO,NO,HOMBRE,1695,-102.28596740,21.89374372
251797911,0,30421,ROBO PERSONA,ND,9,2025-09-15,38,1,1,FRACCIONAMIENTO,RODOLFO LANDEROS GALLEGOS,226,226,AVENIDA,SIGLO XXI,NA,NA,",,,",AVENIDA,RODOLFO LANDEROS GALLEGOS,4,9,29,19,07:29,false,true,1,cortante,2 HOMBRES UNO VISTE CHAMARRA VERDE Y EO OTRO CHAMARRA NEGRA,ND,H,M,8,0,N,N,0,0,false,0,N,N,38,sin datos,0,0,false,1,1,0,NA,NA,0,NA,1,ND,NO,MUJER,1696,-102.25470503,21.90182003
251802201,0,30421,ROBO PERSONA,ND,9,2025-09-15,38,1,1,FRACCIONAMIENTO,LOS PERICOS,287,287,CALLE,SAN JOSE,NA,NA,"301,,,",CALLE,SAN RAFAEL,4,20,44,23,20:44,false,true,1,cortante,2 HOMBRES UNO VISTE PANTS ROJO CON BLANCO CHAMARRA ROJA SIN CASCO EDAD APROX 18 AÑOS EL OTRO CHAMARRA AZUL PANTALON MEZC,ND,H,H,8,0,N,N,0,0,false,0,MOTOCICLETA,MOTOCICLETA,"3,26","celular,bolso",0,0,false,1,1,0,NA,NA,0,NA,1,TRANSITANDO,NO,HOMBRE,1697,-102.24439156,21.90200281
251809937,0,30421,ROBO PERSONA,ND,9,2025-09-16,38,2,1,FRACCIONAMIENTO,MEXICO,624,624,CALLE,CASA BLANCA,NA,NA,",,,",CALLE,TAMAULIPAS,5,18,48,22,18:48,false,true,1,cortante,5 HOMBRES UNO VISTE CHALECO NEGRO BERMUDA OSCURA PLAYERA NEGRA,ND,H,H,8,0,N,N,0,0,false,0,N,N,"3,12,28","celular,ropa,dinero",1000,1000,false,1,1,0,NA,NA,0,NA,1,TRANSITANDO,NO,MENOR,1698,-102.28117553,21.86235727
251810374,0,30421,ROBO PERSONA,ND,9,2025-09-16,38,2,1,COLONIA,NORIAS DEL PASO HONDO,656,656,CALLE,ZAPOTE,NA,NA,",,,",CALLE,MANGO,4,20,4,23,20:04,false,true,1,cortante,2 HOMBRES UNO VISTE SUDADERA BLANCA PANTALON ROJO PAÑUELO ROJO EN LA CABEZA EL OTRO VISTE TODO DE NEGRO,EL AGUACATE,H,H,8,0,N,N,0,0,false,0,N,N,"28,29","dinero,cartera",0,0,false,1,1,0,NA,NA,0,NA,1,ND,NO,HOMBRE,1699,-102.20396985,21.85717442
251813317,0,30422,ROBO PERSONA,ND,9,2025-09-17,38,3,1,FRACCIONAMIENTO,"VILLA DE NUESTRA SEÑORA DE LA ASUNCION, SECTOR GUADALUPE",342,342,CALLE,CELIA MARIA MARTINEZ,NA,NA,",,,",PRIVADA,DE GUADALUPE,3,8,42,19,08:42,false,false,9,ninguna,1 HOMBRE VISTE SUDADERA GRIS GORRO ROJO,ND,HOMBRE,MUJER,8,0,N,N,0,0,false,0,N,N,28,dinero,500,500,false,1,1,0,NA,NA,0,NA,1,PARADO,NO,MUJER,1700,-102.25042513,21.92959332
251771194,0,30446,ROBO PERSONA,ND,9,2025-09-11,37,4,1,COMUNIDAD,EL ROCIO,329,329,AVENIDA,VALLARTA,NA,NA,",,,",AVENIDA,SAN GABRIEL,4,17,24,22,17:24,false,false,9,ninguna,1 HOMBRE 1 MUJER EDAD APROX 26 AÑOS COMPLEXION DELGADA TEZ MORENO VISTE SACO MOSTAZA,ND,A,M,8,0,N,N,0,0,false,0,N,N,3,celular,0,18000,false,1,1,0,NA,NA,0,NA,2,PARADO,NO,MUJER,1701,-102.23547456,21.87817441
251776900,0,30446,ROBO PERSONA,MARIPOSA,9,2025-09-12,37,5,1,COLONIA,ZONA CENTRO,501,501,CALLE,VAZQUEZ DEL MERCADO,NA,NA,",,,",PRIVADA,DURANGO,1,16,0,22,16:00,false,false,9,ninguna,ND,ND,ND,H,8,0,N,N,0,0,false,0,N,N,14,bicicleta,0,0,false,1,1,0,NA,NA,0,NA,1,PARADO,NO,HOMBRE,1702,-102.28915758,21.88622100
251795458,0,30446,ROBO PERSONA,MARIPOSA,9,2025-09-14,37,7,1,FRACCIONAMIENTO,MISION DE SANTA FE,572,572,CALLE,MISION DE SAN FELIPE,NA,NA,",,,",CALLE,PUESTA PICACHOS,5,22,17,24,22:17,false,false,9,ninguna,ND,ND,ND,H,8,0,N,N,0,0,false,0,N,N,14,bicicleta,0,0,false,1,1,0,NA,NA,0,NA,1,PARADO,NO,HOMBRE,1703,-102.27115756,21.86493900
251799620,0,30446,ROBO PERSONA,ND,9,2025-09-15,38,1,1,COLONIA,ZONA CENTRO,501,501,CALLE,5 DE MAYO,NA,NA,"222,,,",CALLE,RIVERO Y GUTIERREZ,1,13,0,21,13:00,false,false,9,ninguna,1 HOMBRE VISTE GORRA AZUL CAMISA A CUADROS AZULES BLANCOS Y ROJOS,ND,H,H,8,0,N,N,0,0,false,0,N,N,3,celular,0,12000,false,1,1,0,NA,NA,0,NA,2,PARADO,NO,HOMBRE,1704,-102.29736131,21.88260088
251799937,0,30446,ROBO PERSONA,ND,9,2025-09-15,38,1,5,EJIDO,LOS ARQUITOS,1080,1080,AVENIDA,LOS ARQUITOS,NA,NA,",,,",CALLE,5 DE FEBRERO,7,14,31,21,14:31,false,false,9,ninguna,ND,ND,ND,ND,8,0,N,N,0,0,false,0,N,N,3,celular,0,0,false,1,2,0,NA,NA,0,NA,1,PARADO,NO,ND,1705,-102.38571770,21.91894780
251800401,0,30446,ROBO PERSONA,ND,9,2025-09-15,38,1,1,FRACCIONAMIENTO,LOMAS DE SANTA ANITA,227,227,AVENIDA,JOSE H ESCOBEDO,NA,NA,"507,,,",AVENIDA,PARQUE VIA PONIENTE,4,15,47,22,15:47,false,false,9,ninguna,1 HOMBRE,ND,H,H,8,0,N,N,0,0,false,0,N,N,3,celular,0,0,false,1,1,0,NA,NA,0,NA,1,PARADO,NO,HOMBRE,1706,-102.27241284,21.89517830
251800703,0,30446,ROBO PERSONA,MARIPOSA,9,2025-09-15,38,1,7,BARRIO,EL CHAVEÑO,1174,1174,CALLE,16 DE SEPTIEMBRE,NA,NA,",,,",CALLE,MOTOLINEZ ORIENTE,7,16,25,22,16:25,false,false,9,ninguna,ND,ND,ND,H,8,0,N,N,0,0,false,0,N,N,14,bicicleta,0,0,false,1,1,0,NA,NA,0,NA,1,PARADO,NO,HOMBRE,1707,-102.31680102,22.23155913
251806657,0,30446,ROBO PERSONA,MARIPOSA,9,2025-09-16,38,2,1,UNIDAD HABITACIONAL,POTREROS DEL OESTE,167,167,AVENIDA,SIGLO XXI,NA,NA,",,,",AVENIDA,PASEO DE LA ASUNCION,2,8,17,19,08:17,false,false,9,ninguna,ND,ND,ND,M,8,0,N,N,0,0,false,0,N,N,14,bicicleta,0,4000,false,1,1,0,NA,NA,0,NA,1,PARADO,NO,MUJER,1708,-102.30125186,21.84531550
251809873,0,30446,ROBO PERSONA,MARIPOSA,9,2025-09-16,38,2,7,COLONIA,ESCALERAS,1158,1158,CALLE,ENRIQUE OLIVARES SANTANA,NA,NA,",,,",CALLE,DEL ROSAL,7,18,52,22,18:52,false,false,9,ninguna,1 HOMBRE VISTE DE BLANCO CON RAYAS NEGRAS,JUAN,H,H,8,0,N,N,0,0,false,0,N,N,14,bicicleta,0,0,false,1,1,0,NA,NA,0,NA,1,PARADO,NO,HOMBRE,1709,-102.33252843,22.24656214
251770412,251770394,30907,ROBO PERSONA,ND,9,2025-09-11,37,4,1,FRACCIONAMIENTO,MORLEOS II,598,598,AVENIDA,SIGLO XXI,NA,NA,",,,",CALLE,MAYO DE 1812,5,15,37,22,15:37,false,true,8,otras,1 HOMBRE VISTE CAMISA AZUL CIELO PANTALON TINTO TRAE UNA COLETA CON TRENZA,ND,H,M,8,1,N,N,0,0,false,0,N,N,"28,29","dinero,cartera",13500,13500,false,1,4,0,NA,NA,0,NA,1,ND,NO,HOMBRE,1710,-102.26040847,21.85446800
251786524,0,30907,ROBO PERSONA,ND,9,2025-09-13,37,6,1,FRACCIONAMIENTO,JOSE GUADALUPE PERALTA GAMEZ,334,334,AVENIDA,SIGLO XXI,NA,NA,"425,,,",CALLE,DOMITILO ESTRELLA,4,23,13,24,23:13,false,false,9,ninguna,ND,ND,ND,H,8,0,N,N,0,0,false,0,N,N,3,celular,0,0,true,1,10,0,NA,NA,0,NA,1,PARADO,NO,HOMBRE,1711,-102.24132516,21.86767623
251786615,0,50107,ROBO PERSONA,ND,9,2025-09-13,37,6,1,BARRIO,BARRIO SAN MARCOS,85,85,CALLE,RINCON,NA,NA,",,,",CALLE,NIETO,1,23,24,24,23:24,false,true,4,fuego,ESPOSA Y AMIGOS,ND,A,H,8,0,N,N,0,0,false,0,N,N,"3,26,29","celular,bolso,cartera",0,0,false,1,1,0,NA,NA,0,NA,1,PARADO,NO,HOMBRE,1712,-102.30692329,21.87648950
251783661,0,50107,ROBO PERSONA,MARIPOSA,9,2025-09-13,37,6,5,COLONIA,LA LOMA,894,894,AVENIDA,CIRCUNVALACION SOLIDARIDAD,NA,NA,",,,",CALLE,ESTRELLA,7,15,47,22,15:47,false,false,9,ninguna,1 HOMBRE VISTE PLAYERA BLANCA SHORT GRSI CON CUADROS AMARILLOS,EL CHATO,H,H,8,0,N,N,0,0,false,0,N,N,3,bicicleta,0,0,false,1,1,0,NA,NA,0,NA,1,PARADO,NO,HOMBRE,1713,-102.34502826,21.95230421
251772409,0,50102,ROBO PERSONA,ND,9,2025-09-11,37,4,1,FRACCIONAMIENTO,SOBERANA CONVENCION REVOLUCIONARIA,228,228,AVENIDA,CONSTITUCION,NA,NA,"1301,,,",CALLE,ARTICULO 21,3,21,45,24,21:45,false,false,9,ninguna,1 HOMBRE VISTE SUDADERA GRIS CON GORRA ROJA,ND,H,H,8,0,N,N,0,0,false,0,BICICLETA,BICICLETA,3,celular,0,0,false,1,1,0,NA,NA,0,NA,2,PARADO,NO,HOMBRE,1714,-102.28194334,21.93436108
251774169,0,50305,ROBO PERSONA,ND,9,2025-09-12,37,5,5,LOCALIDAD,MARAVILLAS,991,991,CALLE,BUGAMBILIAS,NA,NA,",,,",CARRETERA,A PASO BLANCO,7,7,44,19,07:44,false,false,9,ninguna,ND,ND,ND,M,8,0,N,N,0,0,false,0,N,N,3,celular,0,0,false,1,2,0,NA,NA,0,NA,1,ND,NO,MUJER,1715,-102.32385766,21.95152087
251804030,0,30904,ROBO PERSONA,MARIPOSA,9,2025-09-16,38,2,5,LOCALIDAD,MARAVILLAS,991,991,CALLE,JUAN DIEGO,NA,NA,",,,",PRIVADA,ORTEGA,7,0,19,25,00:19,false,false,9,ninguna,ND,ND,ND,H,0,0,N,N,0,0,false,0,N,N,14,bicicleta,0,0,false,1,1,0,NA,NA,0,NA,1,PARADO,NO,HOMBRE,1716,-102.32734998,21.95245482
251817519,0,30421,ROBO PERSONA,ND,9,2025-09-17,38,3,1,FRACCIONAMIENTO,VILLA DE LA LOMA,336,336,CALLE,LOMA DEL PUMA,NA,NA,",,,",CALLE,LOMA DEL CARDENAL,3,21,54,24,21:54,false,true,1,cortante,5 HOMBRES DE ASPECTO CHOLO UNO VISTE CAMISA AZUL CHALECO NEGRO,ND,H,H,8,0,N,N,0,0,false,0,N,N,"3,12","celular,ropa",0,0,false,1,1,0,NA,NA,0,NA,1,ND,NO,HOMBRE,1717,-102.24689810,21.91313508
251817777,0,30422,ROBO PERSONA,ND,9,2025-09-17,38,3,1,CONDOMINIO HORIZONTAL,LA HOJARASCA,431,431,CIRCUITO,DE LOS ALAMOS,NA,NA,",,,",BOULEVARD,GUADALUPANO,3,22,30,24,22:30,false,false,9,ninguna,1 HOMBRE VISTE CACHUCHA VERDE CAMISA BLANCA EDAD APROX 30 AÑOS,ND,H,H,8,0,N,N,0,0,false,0,N,N,3,celular,0,8000,false,1,1,0,NA,NA,0,NA,1,ND,NO,HOMBRE,1718,-102.25045484,21.91304579
251818969,0,30421,ROBO PERSONA,ND,9,2025-09-18,38,4,1,CONDOMINIO,SAN GERARDO,391,391,CALLE,PASEO BENEDICTO XVI 309,NA,NA,"6,,,",PROLONGACION,PASEO DE LA ASUNCION,2,6,10,19,06:10,false,true,10,sin datos,1 HOMBRE TRAE PASAMONTAÑAS TEZ MORENO ESTATURA ALTO,ND,H,H,8,0,N,N,0,0,false,0,COCHE,COCHE RENAUTL,"3,28,29,31,40","celular,dinero,cartera,mochila,tarjeta",80,80,false,1,1,0,NA,NA,0,NA,1,TRANSITANDO,NO,HOMBRE,1719,-102.29831816,21.80905607
251818159,0,30446,ROBO PERSONA,ND,9,2025-09-17,38,3,1,FRACCIONAMIENTO,JOSE GUADALUPE PERALTA GAMEZ,334,334,CALLE,SOLEDAD GARCIA MENDOZA,NA,NA,"224,,,",CALLE,ISABEL JIMENEZ DIAZ,4,23,44,24,23:44,false,false,9,ninguna,1 HOMBRE,ND,H,M,0,1,N,N,0,0,false,0,N,N,3,celular,0,0,false,1,4,0,NA,NA,0,NA,1,PARADO,NO,HOMBRE,1720,-102.23611301,21.87110121
251820449,0,30422,ROBO PERSONA,ND,9,2025-09-18,38,4,1,FRACCIONAMIENTO,INFONAVIT MORELOS,93,93,ANDADOR,SEGUNDO UXMAL,NA,NA,",,,",CALLE,BONAMPAK,5,12,32,21,12:32,false,false,9,ninguna,1 HOMBRE,EL MENDIVIL,H,M,3,0,H,H,0,0,false,0,N,N,28,dinero,500,500,false,1,1,0,NA,NA,0,NA,1,PARADO,NO,MUJER,1721,-102.25631058,21.86487550
251821300,0,30421,ROBO PERSONA,MARIPOSA,9,2025-09-18,38,4,5,COLONIA,LA CARDONA,944,944,CALLE,DURON,NA,NA,"107,,,",CALLE,ESPARANZA MACIAS DURON,7,14,56,21,14:56,false,true,1,cortante,2 HOMBRES COMPLEXION DELGADA EDAD APROX 17 AÑOS,ND,H,M,8,0,N,N,0,0,false,0,N,N,"3,14,31","celular,bicicleta,mochila",0,18800,false,1,1,0,NA,NA,0,NA,1,PARADO,NO,MUJER,1722,-102.32904340,21.96207335
251823627,0,30422,ROBO PERSONA,ND,9,2025-09-18,38,4,1,FRACCIONAMIENTO,JOSE GUADALUPE PERALTA GAMEZ,334,334,CALLE,IGNACIO MARIN,NA,NA,",,,",CALLE,OFELIA SORIANO ESQUIVEL,4,22,8,24,22:08,false,false,9,ninguna,1 HOMBRE VISTE CAMISA AMARILLA SHORT NEGRO,ND,H,H,8,0,N,N,0,0,false,0,N,N,"1,3,6,31","pantalla,celular,tecnologia,mochila",0,0,false,1,1,0,NA,NA,0,NA,1,ND,NO,HOMBRE,1723,-102.23271643,21.86603156
251824323,0,30421,ROBO PERSONA,ND,9,2025-09-19,38,5,1,FRACCIONAMIENTO,JARDINES DE LA ASUNCION,516,516,AVENIDA,DE LA CONVENCION DE 1914 SUR,NA,NA,",,,",CALLE,JUAN B OROZCO,5,0,23,25,00:23,true,true,4,fuego,1 HOMBRE TEZ MORENO ESTATURA BAJA EDAD APROX 40 AÑOS,ND,H,A,8,0,N,N,0,0,false,0,COCHE,COCHE COLOR ROJO,"3,27,29,31","celular,documentos,cartera,mochila",0,0,false,1,1,0,NA,NA,0,NA,1,PARADO,NO,AMBOS,1724,-102.29253821,21.86541676
251824843,0,30421,ROBO PERSONA,ND,9,2025-09-19,38,5,1,CONDOMINIO,SAN TELMO,507,507,PROLONGACION,ZARAGOZA,NA,NA,",,,",CIRCUITO,SAN TELMO,6,5,9,26,05:09,false,false,9,ninguna,1 HOMBRE VISTE PLAYERA AZUL PANTALON MEZCLILLA,ND,H,M,8,0,N,N,0,0,false,0,N,N,3,celular,0,16000,false,1,1,0,NA,NA,0,NA,1,PARADO,NO,MUJER,1725,-102.30196433,21.93437651
251819864,0,30446,ROBO PERSONA,MARIPOSA,9,2025-09-18,38,4,1,CONDOMINIO VERTICAL,OJOCALIENTE FOVISSSTE I,279,279,AVENIDA,ANTARES,NA,NA,",,,",AVENIDA,PASEO DE LA CRUZ,5,10,36,20,10:36,false,false,9,ninguna,ND,ND,ND,H,8,0,N,N,0,0,false,0,N,N,14,bicicleta,0,0,false,1,1,0,NA,NA,0,NA,1,PARADO,NO,HOMBRE,1726,-102.25935243,21.87385398
251820685,0,30446,ROBO PERSONA,ND,9,2025-09-18,38,4,1,FRACCIONAMIENTO,EL PLATEADO,548,548,CALLE,TEPEZALA,NA,NA,",,,",PROLONGACION,MELQUIADES MORENO,6,13,21,21,13:21,false,false,9,ninguna,1 HOMBRE VISTE CAMISA BLANCA GORRA ROJA PANTALON MEZCLILLA,ND,H,H,8,0,N,N,0,0,false,0,BICICLETA,BICICLETA COLOR GRIS,"28,29","dinero,cartera",250,250,false,1,1,0,NA,NA,0,NA,1,PARADO,NO,HOMBRE,1727,-102.29459157,21.90875833
251820715,0,30446,ROBO PERSONA,RATON,9,2025-09-18,38,4,1,FRACCIONAMIENTO,INSURGENTES,161,161,CALLE,JOSE ISABEL ROBLES,NA,NA,"319,,,",CALLE,ABRAHAM GONZALEZ,2,13,26,21,13:26,false,false,9,ninguna,1 HOMBRE,ND,H,H,8,0,N,N,0,0,false,0,MOTOCICLETA,MOTOCICLETA HONDA COLOR BLANCA CON CAJA NEGRA,3,celular,0,0,false,1,1,0,NA,NA,0,NA,2,PARADO,NO,HOMBRE,1728,-102.30427874,21.84949547
251821581,251821518,30446,ROBO PERSONA,ND,9,2025-09-18,38,4,1,FRACCIONAMIENTO,CIUDAD INDUSTRIAL,627,627,CALLE,GREGORIO RUIZ VELASCO,NA,NA,",,,",CALLE,ANTONIO GUTIERREZ SOLA,5,15,55,22,15:55,true,true,3,contusa,3 HOMBRES UNO VISTE PLAYERA Y GORRA NEGROS OTRO PLAYERA AZUL PANTALON MEZCLILLA,ND,H,H,8,0,N,N,0,0,false,0,COCHE,COCHE VENTO COLOR AZUL,15,joyeria,0,0,false,1,1,0,NA,NA,0,NA,1,TRANSITANDO,NO,HOMBRE,1729,-102.28494699,21.83755247
251825550,0,30446,ROBO PERSONA,MARIPOSA,9,2025-09-19,38,5,1,FRACCIONAMIENTO,C.T.M.,213,213,CALLE,OBRERO MUNDIAL,NA,NA,",,,",CALLE,1 DE MAYO,3,9,43,20,09:43,false,false,9,ninguna,1 HOMBRE TEZ MORENO ESTATURA BAJA DE BIGOTE ASPECTO PEPENADOR VISTE DE NEGRO,ND,H,H,8,0,N,N,0,0,false,0,N,N,14,bicicleta,0,7000,false,1,1,0,NA,NA,0,NA,1,PARADO,NO,HOMBRE,1730,-102.28207606,21.90163506
251820394,0,50102,ROBO PERSONA,ND,9,2025-09-18,38,4,1,COLONIA,TROJES DE ALONSO,1099,1099,AVENIDA,SIGLO XXI,NA,NA,",,,",AVENIDA,INDEPENDENCIA,7,12,20,21,12:20,false,false,9,ninguna,1 HOMBRE VISTE PLAYERA BLANCA PANTALON CAFE,ND,H,H,8,1,N,N,0,0,false,0,N,N,3,celular,0,0,false,1,4,0,NA,NA,0,NA,1,TRANSITANDO,NO,HOMBRE,1731,-102.29761526,21.94563638
251823576,0,30904,ROBO PERSONA,ND,9,2025-09-18,38,4,1,FRACCIONAMIENTO,VILLA DE LAS FUENTES,385,385,CALLE,VILLAS DE CANCUN,NA,NA,",,,",AVENIDA,VILLAS DE LAS FUENTES,3,21,55,24,21:55,false,false,9,ninguna,1 HOMBRE VISTE SUDADERA BLANCA PANTALON MEZCLILLA,EL YANDEL,H,H,8,0,N,N,0,0,false,0,N,N,3,celular,0,0,false,1,1,0,NA,NA,0,NA,1,PARADO,NO,HOMBRE,1732,-102.23916493,21.91187447
251651938,0,31112,ROBO PERSONA,ND,8,2025-08-24,34,7,1,CONDOMINIO,SAN TELMO,507,507,PROLONGACION,ZARAGOZA,NA,NA,",,,",AVENIDA,SAN TELMO,6,22,13,24,22:13,false,true,"3,4","cortante,fuego",6 A 7 PERSONAS,ND,h,h,8,0,N,N,0,0,false,0,COCHE,NISSAN TSURU COLOR BLANCO JETTA COLOR GRIS,"3,12","celular,ropa",0,0,false,1,1,0,NA,NA,0,NA,1,PARADO,NO,HOMBRE,1733,-102.30193056,21.93448981
251500307,0,10208,ROBO PERSONA,ND,8,2025-08-03,31,7,1,FRACCIONAMIENTO,PILAR BLANCO,142,142,AVENIDA,PASEO DE LA ASUNCION,NA,4CD,"3,,,",andador,del aura,2,1,47,25,01:47,false,true,1,cortante,ND,ND,ND,H,8,0,N,N,1,0,true,0,N,N,39,sin datos,0,0,false,1,42,0,NA,NA,0,NA,1,ND,NO,HOMBRE,1734,-102.30119764,21.84734705
251827061,0,30422,ROBO PERSONA,ND,9,2025-09-19,38,5,5,FRACCIONAMIENTO,CHICAHUALES II,1058,1058,CALLE,FELICIANO MARTINEZ CRUZ,NA,NA,"1210,,,",CALLE,MARAVILLAS,7,14,34,21,14:34,false,true,3,contusa,2 HOMBRES UNO VISTE COLOR CAFE Y EL OTRO COLOR CLARO,ND,H,H,8,0,N,N,0,0,false,0,N,N,3,celular,0,13800,false,1,1,0,NA,NA,0,NA,1,TRANSITANDO,NO,MENOR,1735,-102.35018756,21.94459130
251829101,0,30421,ROBO PERSONA,ND,9,2025-09-19,38,5,1,FRACCIONAMIENTO,MIRADOR DE LAS CULTURAS,323,323,CALLE,CULTURA AZTECA,NA,NA,",,,",AVENIDA,RODOLFO LANDROS GALLEGOS,3,8,23,23,08:23,false,true,"1,4","cortante,fuego",4 HOMBRES UNO VISTE DE NEGRO OTRO CHAMARA ROJA Y OTR CHAMARRA GRIS,ND,H,H,8,0,N,N,0,0,false,0,N,N,"3,26","celular,bolso",0,3000,false,1,0,0,NA,NA,0,NA,1,TRANSITANDO,NO,HOMBRE,1736,-102.24151065,21.90621190
251829824,0,30421,ROBO PERSONA,ND,9,2025-09-19,38,5,1,FRACCIONAMIENTO,VILLA DE LAS FUENTES,385,385,CALLE,VILLAS DE CANCUN,NA,NA,",,,",AVENIDA,VILLAS DE LAS FUENTES,3,22,16,24,22:16,false,true,1,cortante,1 HOMBRE,ND,H,M,8,0,N,N,0,0,false,0,MOTOCICLETA,MOTOCICELTA COLOR NEGRO SI PLACAS,3,celular,0,7800,false,1,1,0,NA,NA,0,NA,1,TRANSITANDO,NO,MUJER,1737,-102.23887790,21.91183093
251833639,0,30421,ROBO PERSONA,MARIPOSA,9,2025-09-20,38,6,1,UNIDAD HABITACIONAL,IV CENTENARIO,618,618,RETORNO,JESUS ALONSO FLORES,NA,NA,"101,C,,",AVENIDA,FERROCARRIL,5,13,10,21,13:10,false,true,3,contusa,3 HOMBRES UNO VISTE CAMISA BLANCA BERMUDA NEGRA OTRO CAMISA TIPO POLO COLOR ROJO CON AZUL PANTALON MEXCLILLA,ALEJANDRO EL GODZI,H,H,8,0,N,N,0,0,false,0,N,N,"14,31","bicicleta,mochila",0,0,false,1,2,0,NA,NA,0,NA,1,TRANSITANDO,NO,MENOR,1738,-102.27893625,21.87080939
251833928,0,30421,ROBO PERSONA,MARIPOSA,9,2025-09-20,38,6,5,COLONIA,LA CARDONA,944,944,AVENIDA,SAN MIGUEL,NA,NA,"310,,,",PROLONGACION,LA CARDONA,7,14,8,21,14:08,false,true,1,cortante,2 HOMBRES TEZ MORENO COMPLEXION DELGADA,ND,H,M,8,0,N,N,0,0,false,0,N,N,"14,28","bicicleta,dinero",0,0,false,1,1,0,NA,NA,0,NA,1,TRANSITANDO,NO,MUJER,1739,-102.32945360,21.95872439
251834086,0,30422,ROBO PERSONA,ND,9,2025-09-20,30,6,1,FRACCIONAMIENTO,JOSE GUADALUPE PERALTA GAMEZ,334,334,CALLE,ROSA GUERRERO RAMIREZ,NA,NA,"123,,,",AVENIDA,PROCERES DE LA ENSEÑANZA,4,14,37,21,14:37,false,false,9,ninguna,1 HOMBRE COMPLEXION DELGADA TEZ MORENO VISTE CAMISETA GRIS PANTALON NEGRO,EL CHAPAS,H,H,8,0,N,N,0,0,false,0,N,N,3,celular,0,2000,false,1,1,0,NA,NA,0,NA,1,PARADO,NO,HOMBRE,1740,-102.23562138,21.86848187
251834677,0,30421,ROBO PERSONA,ND,9,2025-09-20,38,6,1,FRACCIONAMIENTO,EJIDO OJOCALIENTE,559,559,AVENIDA,TECNOLOGICO,NA,NA,",,,",AVENIDA,LICENCIADO ADLOFO LOPEZ MATEOS ORIENTE,4,16,28,22,16:28,false,true,10,sin datos,2 HOMBRES UNO VISTE PLAYERA COLOR ARENA CON NEGRO Y PANTS NEGRO EL OTRO VISTE PLAYERA COLOR AZUL,ND,H,H,8,0,N,N,0,0,false,0,N,N,"12,28","ropa,dinero",0,0,false,1,1,0,NA,NA,0,NA,1,PARADO,NO,HOMBRE,1741,-102.26208818,21.87936064
251834818,0,30422,ROBO PERSONA,ND,9,2025-09-20,38,6,1,FRACCIONAMIENTO,DEL VALLE 1A SECCION,147,147,AVENIDA,DE LA CONVENCION DE 1914 PONIENTE,NA,NA,",,,",AVENIDA,LICENCIADO ADOLFO LOPEZ MATEOS PONIENTE,6,16,50,22,16:50,false,false,9,ninguna,1 HOMBRE VISTE PLAYERA NEGRA CANTALON MEZCLILLA EDAD APROX 18 AÑOS,ND,H,M,8,0,N,N,0,0,false,0,BICICLETA,BICICLETA COLOR METALICO,3,celular,0,3000,false,1,1,0,NA,NA,0,NA,1,PARADO,NO,MUJER,1742,-102.31210927,21.87471557
251835323,0,30421,ROBO PERSONA,ND,9,2025-09-18,38,4,1,FRACCIONAMIENTO,MORELOS I,598,598,CALLE,ALBINO GARCIA,NA,NA,",,,",CALLE,HERMANOS GALEANA,5,22,30,24,22:30,false,true,"1,8","cortante,otras",4 HOMBRES 1 MUJER,ND,A,H,8,0,N,N,0,0,false,0,N,N,"2,3","computo,celular",0,5000,false,1,1,4700,NA,NA,0,NA,1,ND,NO,HOMBRE,1743,-102.26461339,21.85651728
251837050,0,30421,ROBO PERSONA,NA,9,2025-09-20,38,6,1,FRACCIONAMIENTO,LA CASITA,368,368,CALLE,DEL FAISAN,NA,NA,",,,",CALLE,CASA VERDE,2,21,42,24,21:43,false,true,3,contusa,ND,ND,ND,H,8,0,N,N,0,0,false,0,MOTOCICLETA,MOTOCICLETA COLOR ROJO,3,celular,0,0,false,1,1,0,NA,NA,0,NA,1,ND,NO,HOMBRE,1744,-102.29733594,21.83685692
251838032,0,30421,ROBO PERSONA,ND,9,2025-09-20,38,6,1,FRACCIONAMIENTO,VILLA MONTAÑA,601,601,CALLE,MONTE DOBRA,NA,NA,",,,",CALLE,FRANCISCO DE J HERRERA L,3,23,2,24,23:28,false,false,9,ninguna,8 HOMBRES,EL JAEL Y EL NEGRO,H,H,8,0,N,N,0,0,false,0,N,N,12,ropa,0,0,false,1,1,0,NA,NA,0,NA,1,TRANSITANDO,NO,MENOR,1745,-102.25539344,21.94352416
251840258,0,30421,ROBO PERSONA,,9,2025-09-21,38,7,1,COLONIA,MACIAS ARELLANO,608,608,CALLE,C,NA,NA,",,,",CALLE,CAMINO AL COBANO,3,4,53,26,04:53,false,false,9,ninguna,ND,ND,ND,H,0,0,N,N,0,0,false,0,N,N,39,sin datos,0,0,false,1,1,0,NA,NA,0,NA,1,ND,NO,HOMBRE,1746,-102.28284573,21.90557454
251840324,0,30422,ROBO PERSONA,ND,9,2025-09-21,38,7,1,FRACCIONAMIENTO,SAN SEBASTIAN,73,73,AVENIDA,SAN SEBASTIAN,NA,NA,",,,",AVENIDA,HEROE INMORTAL,5,5,20,26,05:20,false,false,9,ninguna,3 HOMBRES,ND,H,H,8,0,N,N,0,0,false,0,COCHE,COCHE,28,dinero,1200,1200,false,1,2,0,NA,NA,0,NA,1,TRANSITANDO,NO,HOMBRE,1747,-102.26884674,21.82164958
251841937,0,30421,ROBO PERSONA,ND,9,2025-09-21,38,7,1,COMUNIDAD,SANTA MARIA DE GALLARDO,20,20,CALLE,CARLOS HANK GONZALEZ,NA,NA,"231,,,",CALLE,AGUSTIN DE ITURBIDE,3,13,14,21,13:14,false,false,9,ninguna,1 HOMBRE,EL BARNEY,H,H,8,0,N,N,0,0,false,0,MOTOCICLETA,MOTOCICLETA COLOR VERDE,3,celular,0,3500,false,1,57,0,NA,NA,0,NA,1,ND,NO,HOMBRE,1748,-102.11721217,22.05014233
251842738,0,30422,ROBO PERSONA,ND,9,2025-09-21,38,7,5,FRACCIONAMIENTO,MANANTIALES DEL PIÑAR,927,927,CALLE,PIÑAR DE LA VENTA,NA,NA,"529,,,",CALLE,PASEO DEL PINAR,7,14,29,21,14:29,false,false,9,ninguna,1 HOMBRE TIENE TATUAJES,ND,H,H,8,0,N,N,0,0,false,0,N,N,3,celular,0,19000,false,1,1,0,NA,NA,0,NA,1,PARADO,NO,HOMBRE,1749,-102.35028371,21.95532932
251844398,0,30422,ROBO PERSONA,ND,9,2025-09-21,38,7,1,FRACCIONAMIENTO,"VILLA DE NUESTRA SEÑORA DE LA ASUNCION, SECTOR GUADALUPE",342,342,CALLE,FEDERICO MENDEZ,NA,NA,",,,",CALLE,GERONIMO DE LA CUEVA,3,19,37,23,19:37,true,true,1,cortante,1 HOMBRE VISTE PLAYERA BLANCA Y PANTALON AZUL,ND,H,H,8,0,N,N,0,0,false,0,N,N,"3,12","celular,ropa",0,3000,false,1,1,0,NA,NA,0,NA,1,ND,NO,HOMBRE,1750,-102.25670031,21.93442953
251846182,0,30421,ROBO PERSONA,ND,9,2025-09-21,38,7,1,FRACCIONAMIENTO,REAL DEL SOL,412,412,AVENIDA,VALLARTA,NA,NA,",,,",CIRCUITO,ASTRO,4,22,50,24,22:50,false,true,3,contusa,9 HOMBRES UNO DE ELLOS TRAE EXPANSIONES EN LAS OREJAS Y TATUAJES EN EL ROSTRO,ND,H,H,8,0,N,N,0,0,false,0,N,N,"3,15","celular,joyeria",0,0,false,1,1,0,NA,NA,0,NA,1,ND,NO,HOMBRE,1751,-102.23531643,21.89076349
251848265,0,30421,ROBO PERSONA,ND,9,2025-09-22,39,1,1,COLONIA,GREMIAL,613,613,CALLE,J DE JESUS CONSUELO,NA,NA,"1204,,,",CALLE,ALFREDO LEWIS ORIENTE,6,5,32,26,05:32,false,true,1,cortante,1 HOMBRE LLEVABA PUESTA UNA MASCARA,ND,H,H,8,0,N,N,0,0,false,0,N,N,14,patin electrico,0,10000,false,1,1,0,NA,NA,0,NA,1,TRANSITANDO,NO,HOMBRE,1752,-102.28756460,21.90115455
251849175,0,30422,ROBO PERSONA,PACAZO,9,2025-09-22,39,1,1,FRACCIONAMIENTO,SAN CAYETANO,591,591,AVENIDA,FUNDICION,NA,NA,",,,",AVENIDA,DE LA CONVENCION DE 1914 NORTE,6,10,11,20,10:11,false,false,9,ninguna,2 HOMBRES UNO VISTE CHAMARRA COLOR VERDE CABELLO CANO CON BIGOTE  EL OTRO VISTE CHAMARRA NEGRA,ND,H,M,8,0,N,N,0,0,false,0,N,N,28,dinero,28000,28000,false,1,1,0,PACAZO,BANCOMER,0,PLAZA SAN MARCOS,2,PARADO,NO,MUJER,1753,-102.31104384,21.89532784
251850393,0,30421,ROBO PERSONA,MARIPOSA,9,2025-09-22,39,1,1,FRACCIONAMIENTO,PILAR BLANCO,142,142,ANDADOR,AVESTRUZ,NA,NA,",,,",AVENIDA,PASEO DE LA ASUNCION,2,14,22,21,14:22,false,true,"1,3","cortante,contusa",3 HOMBRES UNO VISTE DE NEGRO TRAE BARBA DE CANDADO Y GORRA OTRO VISTE PANTALON BLNACO Y CHALECO TACTICO,EL JUAN EL CABE Y EL MARRO,H,H,8,0,N,N,1,0,false,0,N,N,14,bicicleta,0,0,false,1,1,0,NA,NA,0,NA,1,ND,NO,HOMBRE,1754,-102.30081823,21.85225411
251853361,0,30421,ROBO PERSONA,ND,9,2025-09-22,39,1,1,FRACCIONAMIENTO,LA RIOJA,369,369,AVENIDA,CAMINO DE SANTIAGO,NA,NA,",,,",CERRADA,PUESTA DEL SOL,6,22,1,24,22:01,false,true,4,fuego,2 HOMBRES 1 MUJER VISTE SUDADERA BLANCA,ND,A,M,8,0,N,N,0,0,false,0,COCHE,COCHE RENAUTL KWID COLOR GRIS,"3,29","celular,cartera",0,0,false,1,1,0,NA,NA,0,NA,1,TRANSITANDO,NO,MUJER,1755,-102.34204473,21.88332718
251859434,0,30421,ROBO PERSONA,ND,9,2025-09-23,39,2,2,COMUNIDAD,CRISOSTOMOS,745,745,CALLE,EMILIANO ZAPATA,NA,NA,",,,",CALLE,PULIDO,7,21,15,23,21:15,false,true,3,contusa,16 PERSONAS,ND,ND,H,8,0,N,N,0,0,false,0,N,N,"28,29,38","dinero,cartera,otros",1500,1500,false,1,1,0,NA,NA,0,NA,1,TRANSITANDO,NO,MENOR,1756,-102.00725900,22.21898587
251860597,0,30421,ROBO PERSONA,ND,9,2025-09-24,39,3,1,FRACCIONAMIENTO,"VILLA DE NUESTRA SEÑORA DE LA ASUNCION, SECTOR GUADALUPE",342,342,CALLE,FEDERICO MENDEZ,NA,NA,",,,",CALLE,DE LOS RECINTOS,3,1,15,25,01:15,false,true,3,contusa,1 HOMBRE,ND,H,H,8,0,N,N,0,0,false,0,N,N,12,ropa,0,0,false,1,1,0,NA,NA,0,NA,1,ND,NO,HOMBRE,1757,-102.24888918,21.92806209
251861562,0,30421,ROBO PERSONA,ND,9,2025-09-24,39,3,1,FRACCIONAMIENTO,LOMAS ALTAS,321,321,AVENIDA,LUNARIA,NA,NA,",,,",CALLE,NEREIDA,5,8,30,19,08:30,false,true,1,cortante,2 HOMBRES UNO VISTE CONJUNTO DE PANTS AMARILLO Y EL OTRO DE NEGRO,ND,H,H,8,0,N,N,0,0,false,0,N,N,3,celular,0,0,false,1,1,0,NA,NA,0,NA,1,ND,NO,MUJER,1758,-102.25235194,21.83367815
251863755,0,30422,ROBO PERSONA,ND,9,2025-09-24,39,3,1,COLONIA,DEL TRABAJO,246,246,AVENIDA,DE LA CONVENCION DE 1914 ORIENTE,NA,NA,",,,",CALLE,67,4,6,30,19,06:30,false,false,9,ninguna,1 HOMBRE,ND,H,H,8,0,N,N,0,0,false,0,BICICLETA,BICICLETA,3,celular,0,2500,false,1,2,0,NA,NA,0,NA,1,ND,NO,HOMBRE,1759,-102.27276931,21.88479712
251865547,0,30422,ROBO PERSONA,ND,9,2025-09-24,39,3,1,FRACCIONAMIENTO,ESPAÑA,171,171,CALLE,SANTANDER,NA,NA,"136,,,",AVENIDA,DE LOS MAESTROS,2,19,43,23,19:43,false,false,9,ninguna,1 HOMBRE VISTE PLAYERA GRIS PANTALON NEGRO,ND,H,H,8,0,N,N,0,0,false,0,N,N,3,celular,0,4500,false,1,1,0,NA,NA,0,NA,1,PARADO,NO,HOMBRE,1760,-102.31214013,21.86520522
251867432,0,30421,ROBO PERSONA,ND,9,2025-09-24,39,3,1,FRACCIONAMIENTO,MORELOS II,188,188,CALLE,VALERIO TRUANO,NA,NA,"132,,,",CALLE,HERMANOS GALEANA,5,23,35,24,23:35,false,true,4,fuego,2 HOMBRES 1 MUJER PIEL BLANCA PELO NEGRO,ND,H,A,0,0,N,N,0,0,false,0,COCHE,COCHE COLOR PLATA,"3,28,29","celular,dinero,cartera",660,660,false,1,1,0,NA,NA,0,NA,1,TRANSITANDO,NO,HOMBRE,1761,-102.26321829,21.84998045
251869139,0,30421,ROBO PERSONA,ND,9,2025-09-25,39,4,1,COMUNIDAD,REFUGIO DE PEÑUELAS,37,37,CALLE,EMILIANO ZAPATA,NA,NA,"820,,,",CALLE,CEDRO,2,4,0,26,04:00,false,true,4,fuego,1 HOMBRE,CARLOS MARTINEZ,H,H,8,0,N,N,0,0,false,0,N,N,3,celular,0,2500,false,1,1,0,NA,NA,0,NA,1,TRANSITANDO,NO,HOMBRE,1762,-102.29165559,21.71138578
251870298,0,30422,ROBO PERSONA,ND,9,2025-09-25,39,4,5,FRACCIONAMIENTO,LA CUESTA,923,923,CALLE,CUESTA DE LAS ENRAMADAS,NA,NA,",,,",CALLE,EL CHICHIMECO,7,12,53,21,12:53,false,false,9,ninguna,1 MUJER TRAE VESIDO COLOR NARANJA,ND,M,H,8,0,N,N,0,0,false,0,N,N,3,celular,0,2000,false,1,1,0,NA,NA,0,NA,1,PARADO,NO,HOMBRE,1763,-102.33915928,21.97458823
251872416,0,30421,ROBO PERSONA,ND,9,2025-09-25,39,4,1,FRACCIONAMIENTO,BULEVARES 1A SECCION,157,157,AVENIDA,AGUASCALIENTES SUR,NA,NA,",,,",CALLE,FELIPE RUIZ DE CHAVEZ,2,19,37,23,19:37,false,true,"1,10","cortante,otras",1 HOMBRE CON EL ROSTRO TAPADO CON EL GORRO DE LA SUDADERA,ND,H,M,8,0,N,N,0,0,false,0,N,N,"3,15,28,29,40","celular,joyeria,dinero,cartera,tarjeta",300,10000,false,1,1,0,NA,NA,0,NA,1,TRANSTIANDO,NO,MUJER,1764,-102.30391429,21.85907785
251873522,0,30421,ROBO PERSONA,ND,9,2025-09-25,39,4,1,FRACCIONAMIENTO,ESPAÑA,171,171,CALLE,NAVARRA,NA,NA,"146,,,",CALLE,ESPAÑA,2,22,12,24,22:12,false,true,1,cortante,1 HOMBRE VISTE PLAYERA AMARILLA PANTALON MEZCLILLA CHALECO NEGRO Y CACHUCHA NEGRA,ND,H,M,0,0,N,N,0,0,false,0,BICICLETA,BICICLETA OXIDADA,"28,29","dinero,cartera",0,0,false,1,1,0,NA,NA,0,NA,1,PARADO,NO,MENOR,1765,-102.31439838,21.86326719
251874220,0,30421,ROBO PERSONA,ND,9,2025-09-26,39,5,1,FRACCIONAMIENTO,FIDEL VELAZQUEZ,216,216,CALLE,FUENTE DE LOS NIÑOS,NA,NA,",,,",CALLE,FUENTE DE LOS NIÑOS,4,0,16,25,00:16,false,true,3,contusa,ND,ND,ND,H,8,0,N,N,0,0,false,0,N,N,"3,12,15","celular,ropa,joyeria",0,0,false,1,1,0,NA,NA,0,NA,1,ND,NO,HOMBRE,1766,-102.26054568,21.89093416
251879071,0,30422,ROBO PERSONA,ND,9,2025-09-26,39,5,1,FRACCIONAMIENTO,EMILIANO ZAPATA,185,185,CALLE,CARLOS M BUSTAMANTE,NA,NA,",,,",CALLE,ANTONIO DIAZ SOTO Y GAMA,5,19,52,23,19:52,false,false,9,ninguna,ND,ND,ND,H,8,0,N,N,0,0,false,0,N,N,3,celular,0,0,false,1,1,0,NA,NA,0,NA,1,PARADO,NO,HOMBRE,1767,-102.25485574,21.85374308
251879306,0,30421,ROBO PERSONA,ND,9,2025-09-26,39,5,1,FRACCIONAMIENTO,"VILLA DE NUESTRA SEÑORA DE LA ASUNCION, SECTOR ESTACION",354,354,CALLE,AGUSTIN ROMO MARTINEZ,NA,NA,"105,,,",CALLE,FRANCISCO ARMENGOL,3,20,30,23,20:30,false,true,1,cortante,1 HOMBRE VISTE DE NEGRO,ND,H,M,8,0,N,N,0,0,false,0,N,N,3,celular,0,3000,false,1,1,0,NA,NA,0,NA,1,ND,NO,MUJER,1768,-102.25657578,21.93844120
251880091,0,30421,ROBO PERSONA,ND,9,2025-09-26,39,5,1,FRACCIONAMIENTO,"VILLA DE NUESTRA SEÑORA DE LA ASUNCION, SECTOR SAN MARCOS",580,580,AVENIDA,SIGLO XXI,NA,NA,",,,",CALLE,PUEBLO DE SAN MARCOS,3,22,17,24,22:17,false,false,9,ninguna,1 HOMBRE VISTE SHORT COLOR GRIS Y SUDADERA AZUL,ND,H,H,8,0,N,N,0,0,false,0,MOTOCICLETA,MOTOCICLETA ITALIKA COLOR NEGRO PLACAS ADM5G,3,celular,0,0,false,1,1,0,NA,NA,0,NA,1,ND,NO,HOMBRE,1769,-102.26540389,21.92678061
251887947,0,30422,ROBO PERSONA,ND,9,2025-09-27,39,6,1,FRACCIONAMIENTO,SOLIDARIDAD II,193,193,CALLE,HUACHICHIL,NA,NA,"138,,,",CALLE,CHICHIMECA,5,23,12,24,23:12,false,false,9,ninguna,2 MUJERES UNA VISTE DE NEGRO LA OTRA CON BLUSA NEGRA PANTALON MEZCLILLA,ND,M,M,8,0,N,N,0,0,false,0,N,N,3,celular,0,12000,false,1,1,0,NA,NA,0,NA,1,PARADO,NO,MUJER,1770,-102.24973939,21.86542129
251889978,0,30421,ROBO PERSONA,ND,9,2025-09-28,39,7,1,FRACCIONAMIENTO,JOSE GUADALUPE PERALTA GAMEZ,334,334,AVENIDA,CATEDRATICOS,NA,NA,"349,,,",AVENIDA,SALUD,4,3,7,26,03:07,false,true,10,otras,3 HOMBRES,ND,H,H,8,0,N,N,0,0,false,0,N,N,3,celular,0,0,false,1,1,0,NA,NA,0,NA,1,TRANSITANDO,NO,HOMBRE,1771,-102.23889250,21.86862386
251891167,0,30421,ROBO PERSONA,ND,9,2025-09-28,39,7,1,FRACCIONAMIENTO,PASEOS DE SAN ANTONIO,634,634,CALLE,PASEOS DE LA HABANA,NA,NA,",,,",AVENIDA,PASEOS DE SAN ANTONIO,5,7,21,19,07:21,false,true,1,cortante,1 HOMBRE 25 AÑOS APROX VISTE SUDADERA CON GORRA COLOR NEGRO Y PANTALON MILITAR,ND,H,M,8,0,N,N,0,0,false,0,N,N,"3,29","celular,cartera",0,0,false,1,1,0,NA,NA,0,NA,1,TRANSITANDO,NO,MUJER,1772,-102.26925739,21.81059682
251892550,0,30421,ROBO PERSONA,ND,9,2025-09-26,39,5,1,FRACCIONAMIENTO,"VILLA DE NUESTRA SEÑORA DE LA ASUNCION, SECTOR GUADALUPE",342,342,AVENIDA,POLIDUCTO,NA,NA,",,,",CALLE,JOSE RUIZ ESPARZA VEGA,3,27,0,27,Sin datos,false,true,1,cortante,ND,ND,H,H,8,0,N,N,0,0,false,0,N,N,3,celular,0,0,false,1,1,0,NA,NA,0,NA,1,TRANSITANDO,NO,HOMBRE,1773,-102.25926402,21.92773871
251893964,0,30422,ROBO PERSONA,ND,9,2025-09-28,39,7,1,FRACCIONAMIENTO,LOS PERICOS,287,287,AVENIDA,RODOLFO LANDEROS GALLEGOS,NA,NA,",,,",CALLE,CULTURA OTOMI SUR,3,17,17,22,17:17,false,false,9,ninguna,3 HOMBRES,ND,H,H,8,0,N,N,0,0,false,0,N,N,28,dinero,500,500,false,1,1,0,NA,NA,0,NA,1,TRANSITANDO,NO,HOMBRE,1774,-102.24621624,21.90443813
251901379,0,30421,ROBO PERSONA,ND,9,2025-09-29,40,1,1,CONDOMINIO,OJOCALIENTE,576,576,AVENDA,OJOCALIENTE,NA,NA,",,,",CALLE,LOS CONOS,4,15,20,21,15:20,false,false,9,ninguna,2 HOMBRES VISTEN DE NEGRO,ND,H,H,8,0,N,N,0,0,false,0,N,N,"15,28,29,38","joyeria,dinero,cartera,otros",150,150,false,1,1,0,NA,NA,0,NA,1,TRANSITANDO,NO,HOMBRE,1775,-102.25083262,21.87760506
251903102,0,30421,ROBO PERSONA,ND,9,2025-09-29,40,1,1,FRACCIONAMIENTO,LOMAS DEL MIRADOR,306,306,AVENIDA,AJEDRECISTAS,NA,NA,",,,",CALLE,LOMA VERDE,5,19,42,23,19:43,false,true,1,cortante,3 HOMBRES VISTEN PANTS DEL CECYTEA,ND,H,H,8,0,N,N,0,0,false,0,N,N,"3,12","celular,ropa",0,0,false,1,1,0,NA,NA,0,NA,1,TRANSITANDO,NO,HOMBRES,1776,-102.25662975,21.84594347
251903509,0,30421,ROBO PERSONA,ND,9,2025-09-29,40,1,1,FRACCIONAMIENTO,LOMAS DE SANTA ANITA,227,227,AVENIDA,AGUASCALIENTES ORIENTE,NA,NA,",,,",CALLE,ESFUERZO NACIONAL,4,20,55,23,20:55,false,true,1,cortante,1 HOMBRE VISTE SUDADERA AZUL REY PANTALON NEGRO CON TATUAJES EN EL CUELLO,ND,H,H,8,0,N,N,0,0,false,0,N,N,"12,15,31","ropa,joyeria,mochila",0,400,false,1,1,0,NA,NA,0,NA,1,TRANSITANDO,NO,HOMBRE,1777,-102.26324302,21.89124395
251911061,0,30421,ROBO PERSONA,ND,10,2025-10-01,40,3,1,FRACCIONAMIENTO,"VILLA DE NUESTRA SEÑORA DE LA ASUNCION, SECTOR ALAMEDA",330,330,AVENIDA,GERONIMO DE LA CUEVA,NA,NA,",,,",CALLE,RODRIGO RINCON GALLARDO,3,0,33,25,00:33,false,true,1,cortante,3 HOMBRES UINO VISTE JERSEY COLOR NEGRO Y TATUADO DE LA CARA OTRO VISTE DE MEZCLILLA,ND,H,H,8,0,N,N,0,0,false,0,N,N,"3,12,28","celular,ropa,dinero",200,200,false,1,1,0,NA,NA,0,NA,1,PARADO,NO,HOMBRE,1778,-102.26218376,21.93212582
251915814,0,30421,ROBO PERSONA,ND,10,2025-10-01,40,3,5,COLONIA,EL CALVARIO,1044,1044,PROLONGACION,AGUSTIN DE ITURBIDE,NA,NA,",,,",AVENIDA,SOLIDARIDAD,7,21,2,23,21:02,false,true,"1,3","cortante,contusa",6 HOMBRES UNO VISTE SUDADERA VERDE OTRO SUDADERA BLANCA,ND,H,H,8,0,N,N,2,0,true,0,N,N,3,celular,0,0,false,1,42,0,NA,NA,0,NA,1,PARADO,NO,HOMBRE,1779,-102.34211454,21.97394739
251915911,0,30421,ROBO PERSONA,ND,10,2025-10-01,40,3,1,BARRIO,LA SALUD,499,499,AVENIDA,HEROE DE NACOZARI SUR,NA,NA,",,,",CALLE,FUENTE DE EBRO,5,21,15,23,21:15,false,true,10,sin datos,1 PERSONA,ND,ND,M,8,0,N,N,0,0,false,0,N,N,"3,28","celular,dinero",1500,1500,false,1,1,0,NA,NA,0,NA,1,ND,NO,MUJER,1780,-102.28247713,21.86505359
251917468,0,30422,ROBO PERSONA,ND,10,2025-10-02,40,4,1,FRACCIONAMIENTO,MUJERES ILUSTRES,457,457,AVENIDA,AMALIA GOMEZ ZEPEDA,NA,NA,",,,",CALLE,DE LA ALIANZA,5,5,38,26,05:38,false,true,10,sin datos,ND,ND,ND,M,8,0,N,N,0,0,false,0,N,N,"3,26","celular,bolso",0,0,false,1,2,0,NA,NA,0,NA,1,ND,NO,MUJER,1781,-102.24857812,21.84757461
251837211,0,30446,ROBO PERSONA,MARIPOSA,9,2025-09-20,38,6,1,COLONIA,ZONA CENTRO,501,501,CALLE,5 DE MAYO,NA,NA,",,,",CALLE,ALLENDE,1,19,45,23,19:45,false,false,9,ninguna,ND,ND,ND,H,8,0,N,N,0,0,false,0,N,N,14,bicicleta,0,0,false,1,1,0,NA,NA,0,NA,1,PARADO,NO,HOMBRE,1782,-102.29703153,21.88202302
251848174,0,30446,ROBO PERSONA,ND,9,2025-09-22,39,1,1,FRACCIONAMIENTO,INSURGENTES,161,161,CALLE,GENERAL JESUS CARRANZA,NA,NA,"412,,,",CALLE,GENERAL LUIS MOYA,2,4,41,26,04:41,false,false,9,ninguna,1 HOMBRE,EL PIOJO,H,M,8,0,N,N,0,0,false,0,N,N,3,celular,0,0,false,1,1,0,NA,NA,0,NA,2,PARADO,NO,MUJER,1783,-102.30410622,21.84808946
251859236,0,30446,ROBO PERSONA,ND,9,2025-09-23,39,2,1,COLONIA,SAN PABLO,242,242,CALLE,RIO MORCINIQUE,NA,NA,"204,,,",CALLE,MARINA NACIONAL,6,20,40,23,20:40,false,false,9,ninguna,1 HOMBRE,ND,H,H,8,0,N,N,0,0,false,0,N,N,"3,28,31","celular,dinero,mochila",100,3600,false,1,1,0,NA,NA,0,NA,1,PARADO,NO,HOMBRE,1784,-102.29816934,21.89180476
251880661,0,30446,ROBO PERSONA,ND,9,2025-09-26,39,5,1,FRACCIONAMIENTO,VILLA MONTAÑA,601,601,CALLE,CUMBRE DE LAUDO,NA,NA,"208,,,",CALLE,MONTES DE TOLEDO,3,23,31,24,23:31,false,false,9,ninguna,1 HOMBRE,ND,H,H,8,0,N,N,0,0,false,0,N,N,11,herramienta,0,0,false,1,1,0,NA,NA,0,NA,1,PARADO,NO,HOMBRE,1785,-102.25569460,21.94601330
251897156,0,30446,ROBO PERSONA,ND,9,2025-09-28,39,7,5,FRACCIONAMIENTO,CHICAHUALES I,1056,1056,CALLE,ROMAN LOERA,NA,NA,",,,",CALLE,IGNACIO ZAMARRIPA,7,23,16,24,23:16,false,false,9,ninguna,1 HOMBRE,EL CHITA,H,H,8,0,N,N,0,0,false,0,N,N,3,celular,0,4500,false,1,1,0,NA,NA,0,NA,2,PARADO,NO,HOMBRE,1786,-102.35197170,21.94779884
251903538,0,30446,ROBO PERSONA,JAPONES,9,2025-09-29,40,1,1,COLONIA,FATIMA,503,503,AVENIDA,UNIVERSIDAD,NA,NA,",,,",CALLE,SAN MIGUEL EL ALTO,6,21,1,23,21:01,false,false,9,ninguna,ND,ND,ND,H,8,0,N,N,0,0,false,0,N,N,"3,26,27,28,40","celular,bolso,documentos,dinero,tarjetas",0,0,false,1,1,0,NA,NA,0,NA,1,PARADO,NO,HOMBRE,1787,-102.31058904,21.90922660
251905980,0,30446,ROBO PERSONA,HINDU,9,2025-09-30,40,2,1,FRACCIONAMIENTO,JARDINES DE LA ASUNCION,516,516,AVENIDA,JOSE MARIA CHAVEZ,NA,NA,",,,",CALLE,FRAY JUNIPERO SERRA,5,9,15,20,09:15,false,false,9,ninguna,2 HOMBRES UNO VISTE CAMISA Y GORRA AZUL CON BLANCO PANTALON OSCURO Y EL OTRO CAMISA AZUL,ND,H,H,8,0,N,N,0,0,false,0,N,N,"2,27,28,29,31","computo,documentos,dinero,cartera,mochila",25840,25840,false,1,1,0,NA,NA,0,NA,1,PARADO,NO,HOMBRE,1788,-102.29314719,21.85990988
251908338,0,30446,ROBO PERSONA,ND,9,2025-09-30,40,2,1,FRACCIONAMIENTO,BOSQUES DEL PRADO,126,126,AVENIDA,AGUASCALIENTES NORTE,NA,NA,",,,",AVENIDA,UNIVERSIDAD,6,16,53,22,16:53,false,false,9,ninguno,ND,ND,ND,M,8,0,N,N,0,0,false,0,N,N,29,cartera,0,0,false,1,1,0,NA,NA,0,NA,1,PARADO,NO,MUJER,1789,-102.31329894,21.91670203
251914019,0,30446,ROBO PERSONA,RATON,10,2025-10-01,40,3,1,FRACCIONAMIENTO,FRACC SAN MARCOS,148,148,AVENIDA,AGUASCALIENTES PONIENTE,NA,NA,",,,",CALLE,PUEBLITO,6,15,16,22,15:16,false,false,9,ninguna,1 HOMBRE,ND,H,H,8,0,N,N,0,0,false,0,N,N,3,celular,0,0,false,1,1,0,NA,NA,0,NA,1,PARADO,NO,HOMBRE,1790,-102.31797495,21.87864261
251914351,0,30446,ROBO PERSONA,MARIPOSA,10,2025-10-01,40,3,1,BARRIO,LA PURISIMA,202,202,CALLE,REFUGIO VELASCO,NA,NA,",,,",CALLE,PODER LEGISLATIVO NORTE,1,16,59,22,16:59,false,false,9,ninguna,ND,ND,ND,H,8,0,N,N,0,0,false,0,N,N,14,bicicleta,0,0,false,1,1,0,NA,NA,0,NA,1,PARADO,NO,HOMBRE,1791,-102.28417430,21.88095005
251834011,0,50102,ROBO PERSONA,ND,9,2025-09-20,38,6,5,FRACCIONAMIENTO,LAS PALMAS,943,943,CALLE,LOS OYAMELES,NA,NA,",,,",CALLE,VISTA ALEGRE,7,14,23,21,14:23,true,true,3,contusa,ND,ND,ND,H,8,0,N,N,0,0,false,0,N,N,39,sin datos,0,0,false,1,2,0,NA,NA,0,NA,1,ND,NO,HOMBRE,1792,-102.35015102,21.96646295
251868000,0,30904,ROBO PERSONA,ND,9,2025-09-25,39,6,7,FRACCIONAMIENTO,SOLIDARIDAD,1201,1201,CALLE,GILBERTO ROMO NAJERA,NA,NA,",,,",CALLE,SERGIO JIMENEZ MUÑOZ,7,2,32,25,00:32,true,true,3,contusa,1 HOMBRE,RICARDO SAUCEDO MARTINEZ 29 AÑOS,H,H,8,1,N,N,1,0,false,0,N,N,3,celular,0,0,false,1,4,0,NA,NA,0,NA,1,PARADO,NO,HOMBRE,1793,-102.33126052,22.22475822
251880533,0,50102,ROBO PERSONA,MARIPOSA,9,2025-09-26,39,5,1,UNIDAD HABITACIONAL,POTREROS DEL OESTE,167,167,ANDADOR,DEL PASTIZAL,NA,NA,",,,",CALLE,DEL FAISAN,2,23,13,24,23:13,false,false,9,ninguno,ND,ND,ND,H,8,0,N,N,0,0,false,0,N,N,14,bicicleta,0,0,false,1,1,0,NA,NA,0,NA,1,PARADO,NO,HOMBRE,1794,-102.29704423,21.84274629
251833864,0,50305,ROBO PERSONA,MARIPOSA,9,2025-09-20,38,6,5,COLONIA,SAN MIGUELITO,1069,1069,AVENIDA,SAN MIGUEL,NA,NA,",,,",CALLE,SAN MIGUEL,7,13,58,21,13:58,true,false,9,ninguno,1 HOMBRE,ND,H,M,8,0,N,N,0,0,false,0,N,N,14,mariposa,0,0,false,1,2,0,NA,NA,0,NA,1,TRANSITANDO,NO,MUJER,1795,-102.33353990,21.96022832
251824314,0,50305,ROBO PERSONA,ND,9,2025-09-19,38,5,1,FRACCIONAMIENTO,BULEVAR,156,156,BOULEVARD,JOSE MARIA CHAVEZ,NA,NA,",,,",AVENIDA,DE LA CONVENCIO DE 1914 SUR,2,0,32,25,00:32,true,true,4,fuego,2 PERSONAS,ND,ND,A,8,0,N,N,0,0,false,0,COCHE,COCHE COLOR ROJO,39,sin datos,0,0,false,1,1,0,NA,NA,0,NA,1,TRANSITANDO,NO,AMBOS,1796,-102.29408359,21.86552472
251824437,0,30427,ROBO PERSONA,TRANSPORTISTA,9,2025-09-19,38,5,11,CARRETERA,PANAMERICANA KM 20,1342R,0,CARRETERA,45 AGUASCALIENTES ZACATECAS,20,NA,",,,",N,N,7,1,13,25,01:13,false,true,10,sin datos,2 HOMBRES,ND,H,H,8,0,N,N,0,0,false,0,N,N,"3,28","celular,dinero",700,700,false,1,1,0,NA,NA,0,NA,1,PARADO,SI,HOMBRE,1797,-102.27997756,22.05145710
251822164,0,50305,ROBO PERSONA,MARIPOSA,9,2025-09-18,38,4,1,FRACCIONAMIENTO,JESUS GOMEZ PORTUGAL,585,585,AVENIDAA,ARQUEROS,NA,NA,",,,",AVENIDA,PERSEO,5,6,0,2,06:00 a 11:59,false,false,9,ninguna,ND,ND,ND,H,0,0,N,N,0,0,false,0,N,N,14,bicicleta,0,0,false,1,13,0,NA,NA,0,NA,1,PARADO,NO,HOMBRE,1798,-102.27008593,21.87000668
842200091,0,30421,ROBO PERSONA,ND,9,2025-09-17,38,3,8,COLONIA,6 DE ENERO,1212,1212,CALLE,PLUTARCO ELIAS CALLE,NA,NA,"105,,,",CALLE,GABRIELA LANDIN AZUA,7,20,54,23,20:54,false,false,9,ninguna,ND,ND,ND,ND,8,0,N,N,0,0,false,0,N,N,6,TECNOLOGIA,0,0,false,1,1,0,NA,NA,0,NA,1,TRANSITANDO,NO,ND,1799,-102.41274678,22.15183841
74220093,0,30422,ROBO PERSONA,ND,9,2025-09-24,39,3,7,FRACCIONAMIENTO,MIGUEL HIDALGO,1156,1156,CALLE,DURANGO,NA,NA,",,,",CALLE,CAMPECHE,7,3,15,26,03:15,false,false,9,ninguna,ND,ND,ND,ND,8,0,N,N,0,0,false,0,N,N,3,celular,0,0,false,1,1,0,NA,NA,0,NA,1,ND,NO,ND,1800,-102.33087340,22.22683771
114220093,0,30422,ROBO PERSONA,ND,9,2025-09-26,39,5,11,EJIDO,LA GUAYANA (RANCHO SECO),1354,1354,CALLE,BENITO JUAREZ,NA,NA,"102,,,",CALLE,NIÑOS HEROES,7,14,46,21,14:46,false,false,9,ninguna,ND,ND,ND,ND,8,0,N,N,0,0,false,0,N,N,3,celular,0,0,false,1,1,0,NA,NA,0,NA,1,ND,NO,ND,1801,-102.27380584,21.98122719
251845827,0,30907,ROBO PERSONA,ND,9,2025-09-21,39,4,1,FRACCIONAMIENTO,BALCONES DE ORIENTE,376,376,CALLE,SAN FRANCISCO DE LOS VIVEROS 2401,NA,NA,",,,",CALLE,MAPOCHO,4,22,26,24,22:26,false,false,9,ninguna,HOMBRES,ND,H,H,8,0,N,N,0,0,false,0,N,N,39,sin datos,0,0,false,1,2,0,NA,NA,0,NA,1,ND,NO,HOMBRE,1802,-102.23233260,21.88460212
251850970,0,30904,ROBO PERSONA,DESPENSA,9,2025-09-22,39,1,1,FRACCIONAMIENTO,OJOCALIENTE III,191,191,CALLE,EL VARAL,NA,NA,"116,,,",CALLE,SAN FRANCISCO DE LOS VIVEROS,4,15,33,22,15:33,false,false,9,ninguna,1 HOMBRE,ND,H,A,8,0,N,N,0,0,false,0,MOTOCICLETA,MOTOCICLETA COLOR ROJO,3,celular,0,0,false,1,1,0,NA,NA,0,NA,1,PARADO,NO,AMBOS,1803,-102.24680452,21.87959539
251876927,0,30422,ROBO PERSONA,ND,9,2025-09-26,39,5,5,FRACCIONAMIENTO,ARBOLEDAS PASO BLANCO,933,933,CIRCUITO,CEDRO,NA,NA,"203,,,",CALLE,MOLUCA,7,12,0,21,12:00,false,false,9,ninguna,1 HOMBRE,ND,H,H,8,0,N,N,0,0,false,0,CAMIONETA,CAMIONETA COLOR BLANCO,29,cartera,0,0,false,1,1,0,NA,NA,0,NA,1,PARADO,NO,HOMBRE,1804,-102.30004870,21.96283728
251877585,0,30904,ROBO PERSONA,MARIPOSA,9,2025-09-20,38,6,1,COMUNIDAD,NORIAS DE OJOCALIENTE,14,14,CALLE,DIAMANTES,NA,NA,",,,",CALLE,OPALO,4,27,0,27,SIN DATOS,false,false,9,ninguna,ND,ND,ND,H,8,0,N,N,0,0,false,0,N,N,14,bicicleta,0,0,false,1,1,0,NA,NA,0,NA,1,ND,NO,HOMBRE,1805,-102.22210584,21.88549609
251883263,251883064,30446,ROBO PERSONA,MARIPOSA,9,2025-09-27,39,6,1,FRACCIONAMIENTO,VALLE DE LOS CACTUS,360,360,AVENIDA,SOTOL,NA,NA,",,,",CALLE,PASEO DE LA BIZNAGA,4,22,52,24,22:52,false,false,9,ninguna,ND,ND,ND,A,8,0,N,N,0,0,false,0,N,N,14,bicicleta,0,0,true,1,4,0,NA,NA,0,NA,1,PARADO,NO,AMBOS,1806,-102.22855703,21.86533273
251888244,0,30904,ROBO PERSONA,ND,9,2025-09-27,39,6,1,ESPECIAL,PARQUE LA PONA,524,524,AVENIDA,ALAMEDA,NA,NA,",,,",CALLE,BEETHOVEN,4,23,43,24,23:43,false,false,9,ninguna,2 HOMBRES UNO VISYE CHAMARRA BLANCA Y PASAMONTAÑAS Y EL OTRO CAMISETA,ND,H,H,8,0,N,N,0,0,false,0,N,N,28,dinero,100,100,false,1,2,0,NA,NA,0,NA,1,ND,NO,HOMBRE,1807,-102.26922826,21.88478988
251894575,0,30907,ROBO PERSONA,MARIPOSA,9,2025-09-28,39,7,1,FRACCIONAMIENTO,MEXICO,624,624,CALLE,TABASCO,NA,NA,"102,,,",CALLE,SAN BARTOLO,5,11,0,20,11:00,false,false,9,ninguna,ND,ND,ND,H,8,0,N,N,0,0,false,0,N,N,14,bicicleta,0,0,false,1,2,0,NA,NA,0,NA,1,PARADO,NO,HOMBRE,1808,-102.28195852,21.85774517
251908654,0,30904,ROBO PERSONA,ND,9,2025-09-30,40,2,1,COLONIA,MIRAVALLE,239,239,CALLE,PEDRO GARCIA ROJAS,NA,NA,",,,",CALLE,ALBERTO DEL VALLE,6,17,39,22,17:39,false,false,9,ninguna,1 HOMBRE,JUAN EL CHOLO,H,M,8,0,N,N,0,0,false,0,N,N,3,celular,0,0,false,1,1,0,NA,NA,0,NA,1,PARADO,NO,MUJER,1809,-102.30977387,21.89189918
251821518,251821532,30907,ROBO PERSONA,ND,9,2025-09-18,38,4,1,FRACCIONAMIENTO,CIUDAD INDUSTRIAL,627,627,CALLE,GREGORIO RUIZ VELASCO,NA,NA,",,,",CALLE,JESUS RIVERA FRANCO,5,15,59,22,15:59,false,true,3,contusa,3 HOMBRES EL QUE MANEJA VISTE PLAYERA NEGRA Y GORRA NEGRA,ND,H,H,8,0,N,N,1,0,false,0,CAMIONETA,CAMIONETA NP300  COLOR BLANCA COCHE VENTO COLOR AZUL,15,joyeria,0,0,false,1,1,0,NA,NA,0,NA,1,TRANSITANDO,NO,HOMBRE,1810,-102.28583854,21.84203634
251910069,0,30422,ROBO PERSONA,ND,9,2025-09-30,40,2,1,FRACCIONAMIENTO,"VILLA DE NUESTRA SEÑORA DE LA ASUNCION, SECTOR ENCINO",331,331,AVENIDA,SIGLO XXI,NA,NA,",,,",CALLE,MATIAS DE LA MOTA,3,21,31,24,21:31,false,false,9,ninguna,HOMBRE,ND,H,M,8,0,N,N,0,0,false,0,MOTOCICLETA,MOTOCICLETA TIPO CROSS COLOR GRIS ONEGRO,3,celular,0,20000,false,1,1,0,NA,NA,0,NA,1,PARADO,NO,MUJER,1811,-102.26639944,21.92690988
251918974,0,30421,ROBO PERSONA,MARIPOSA,10,2025-10-02,40,4,5,LOCALIDAD,LOS VAZQUEZ,1021,1021,CALLE,CUESTA DE SALVATIERRA,NA,NA,",,,",CALLE,JULIO CADENA,7,12,28,21,12:28,false,true,3,contusa,1 HOMBRE,ND,H,H,8,0,N,N,0,0,false,0,N,N,14,bicicleta,0,0,false,1,1,0,NA,NA,0,NA,1,ND,NO,HOMBRE,1812,-102.33567723,21.97450756
251919937,0,30422,ROBO PERSONA,ND,10,2025-10-02,40,2,5,COLONIA,CENTRO,938,938,CALLE,IGNACIO LOPEZ RAYON,NA,NA,",,,",CALLE,RUBI,7,15,10,21,15:10,false,false,9,ninguna,1 HOMBRE CABELLO CHINO TEZ MORENO PLAYERA NEGRA VISTE BLUSA COLORES PANTALON DESLAVADO,ND,H,M,8,0,N,N,0,0,false,0,BICICLETA,BICICLETA CROMADA,3,celular,0,6000,false,1,1,0,NA,NA,0,NA,1,ND,NO,MUJER,1813,-102.33930867,21.96362550
251891125,0,30401,ROBO PERSONA,ND,9,2025-09-28,39,7,1,COLONIA,GREMIAL,613,613,AVENIDA,HEROE DE NACOZARI NORTE,NA,NA,",,,",CALLE,CORONEL FELIX DE LA PAZ,6,7,17,19,07:17,false,false,9,ninguna,1 HOMBRE CONDUCTOR DE TAXI,ND,H,H,8,0,N,N,0,0,false,0,TAXI,TAXI NISSAN MARCH COLOR BLANCO,3,celular,0,0,false,1,1,0,NA,NA,0,NA,1,TRANSITANDO,NO,HOMBRE,1814,-102.28674136,21.89700554
251867653,0,50305,ROBO PERSONA,ND,9,2025-09-25,39,4,1,COLONIA,ZONA CENTRO,501,501,CALLE,5 DE MAYO,NA,NA,",,,",CALLE,JESUS MARIA,1,0,40,25,00:40,false,true,1,cortante,1 HOMBRE VISTE PLAYERA DE TIRANTES COLOR NEGRO,ND,H,H,8,0,N,N,0,0,false,0,N,N,"29,31,52","cartera,mochila,alimentos",0,0,false,1,6,0,NA,NA,0,NA,1,TRANSITANDO,NO,HOMBRE,1815,-102.29570578,21.88897060
251873736,0,50107,ROBO PERSONA,MARIPOSA,9,2025-09-25,39,4,1,FRACCIONAMIENTO,JARDINES DE LA CONVENCION 1A SECCION,497,497,AVENIDA,DE LA CONVENCION DE 19114 SUR,NA,NA,",,,",AVENIDA,MARIANO ESCOBEDO,5,23,0,0,23:00,false,false,9,ninguna,1 HOMBRE,ND,H,H,8,0,N,N,0,0,false,0,N,N,14,bicicleta,0,0,false,1,1,0,NA,NA,0,NA,1,ND,NO,HOMBRE,1816,-102.27658039,21.86818813
251907519,0,30424,ROBO PERSONA,ND,9,2025-09-30,40,2,1,FRACCIONAMIENTO,VERSALLES II,164,164,AVENIDA,DE LOS MAESTROS,NA,NA,",,,",AVENIDA,AGUASCALIENTES SUR,2,14,37,21,14:37,false,false,9,ninguna,1 HOMBRE,ND,H,H,8,0,N,N,0,0,false,0,N,N,28,dinero,1700,1700,false,1,1,0,NA,NA,0,NA,1,TRANSITANDO,NO,MUJER,1817,-102.31410577,21.85878000
251921947,0,30421,ROBO PERSONA,ND,10,2025-10-02,40,4,1,FRACCIONAMIENTO,SAN CAYETANO,591,591,CALLE,SAN COSME,NA,NA,",,,",CALLE,SAN CLEMENTE,6,20,59,23,20:59,false,true,3,contusa,5 HOMBRES,AXEL ISRAEL BIZAÑA RODRIGUEZ 21 AÑOS JESUS NAZAREH CRUZ SOSA 16 AÑOS,H,H,8,2,N,N,0,0,false,0,N,N,"31,38","mochila,otros",0,0,false,1,4,0,NA,NA,0,NA,1,ND,NO,HOMBRE,1818,-102.30962909,21.90035244
251922314,0,30421,ROBO PERSONA,ND,10,2025-10-02,40,4,5,FRACCIONAMIENTO,LA CUESTA,923R,0,BOULEVARD,CHICHIMECO,NA,NA,",,,",CALLE,N,7,21,49,24,21:49,false,true,1,cortante,HOMBRES,EL PERRILLO,H,H,8,0,N,N,0,0,false,0,N,N,"3,28,29","celular,dinero,cartera",900,900,false,1,1,0,NA,NA,0,NA,1,ND,NO,HOMBRE,1819,-102.33687672,21.97755343
251925659,0,30422,ROBO PERSONA,ND,10,2025-10-03,40,5,1,FRACCIONAMIENTO,PILAR BLANCO,142,142,CALLE,GAVIOTAS,NA,NA,",,,",CALLE,CANARIO,2,13,6,21,13:06,false,false,9,ninguna,1 HOMBRE RAE UNA GORRA,ND,H,H,8,0,N,N,0,0,false,0,N,N,38,otros,0,400,false,1,1,0,NA,NA,0,NA,1,PARADO,NO,HOMBRE,1820,-102.29947865,21.84798664
251919625,0,30446,ROBO PERSONA,RATON,10,2025-10-02,40,4,1,FRACCIONAMIENTO,INSURGENTES,161,161,CALLE,DOCTOR MARIANO AZUELA,NA,NA,"1081,,,",CALLE,JOSE ISABEL ROBLES,2,14,28,21,14:28,false,false,9,ninguna,1 HOMBRE,ND,H,M,8,0,N,N,0,0,false,0,N,N,3,celular,0,0,false,1,1,0,NA,NA,0,NA,1,PARADO,NO,MUJER,1821,-102.30407141,21.85191351
251920289,0,30446,ROBO PERSONA,ND,10,2025-10-02,40,4,1,FRACCIONAMIENTO,HACIENDAS DE AGUASCALIENTES,530,530,AVENIDA,SIGLO XXI,NA,NA,",,,",AVENIDA,HACIENDA DE OJOCALIENTE,4,16,26,22,16:26,false,false,9,ninguna,5 HOMBRES,ND,H,H,8,0,N,N,0,0,false,0,N,N,28,dinero,8000,8000,false,1,2,0,NA,NA,0,NA,1,PARADO,NO,HOMBRE,1822,-102.25117637,21.88737910
251922062,0,30446,ROBO PERSONA,MARIPOSA,10,2025-10-02,40,2,10,RURAL,SANTA ROSA (EL HUIZACHE),1287,1287,CALLE,PEDRO MARTINEZ,NA,NA,",,,",CALLE,PEDRO GOMEZ,7,21,17,23,21:17,false,false,9,ninguna,HOMBRES,ND,H,H,8,0,N,N,0,0,false,0,MOTOCICLETA,MOTOCICLETA,14,bicicleta,0,3000,true,1,10,0,NA,NA,0,NA,1,PARADO,NO,HOMBRE,1823,-102.02353607,21.93438317
251921185,0,30904,ROBO PERSONA,ND,9,2025-09-29,40,1,1,FRACCIONAMIENTO,LOMAS DEL AJEDREZ,462,462,AVENIDA,POLIDUCTO,NA,NA,",,,",CALLE,DE LA ALIANZA,5,27,0,27,sin datos,false,false,9,ninguna,1 HOMBRE 1 MUJER,ND,A,H,3,0,N,N,0,0,false,0,N,N,"3,29,31","celular,cartera,mochila",0,0,false,1,1,0,NA,NA,0,NA,1,PARADO,NO,HOMBRE,1824,-102.25454849,21.84689036
251924737,0,30904,ROBO PERSONA,ND,10,2025-10-03,40,5,1,FRACCIONAMIENTO,PILAR BLANCO,142,142,CALLE,GAVIOTAS,NA,NA,",,,",CALLE,DEL FAISAN,2,9,52,20,09:52,false,false,9,ninguna,1 HOMBRE,ND,H,H,8,1,N,N,0,0,false,0,N,N,39,sin datos,0,0,false,1,4,0,NA,NA,0,NA,1,PARADO,NO,HOMBRE,1825,-102.29718691,21.84853034
251917337,0,30904,ROBO PERSONA,ND,10,2025-10-02,40,4,1,BARRIO,GUADALUPE,502,502,CALLE,SAN IGNACIO,NA,NA,",,,",CALLE,LIBERTAD,1,3,53,26,03:53,true,true,10,sin datos,1 HOMBRE VISTE CAMISA ROJA PANTALON MEZCLILLA BOTINES CAFES,ND,H,M,8,0,N,N,0,0,false,0,N,N,26,bolso,0,0,false,1,2,0,NA,NA,0,NA,1,ND,NO,MUJER,1826,-102.29936378,21.88892800
251927815,0,30422,ROBO PERSONA,MARIPOSA,10,2025-10-03,40,3,1,FRACCIONAMIENTO,BULEVARES 1A SECCION,157,157,CALLE,LAURO AGUIRRE,NA,NA,",,,",AVENIDA,PASEO DE LA ASUNCION,2,19,51,23,19:53,false,false,9,ninguna,HOMBRE,ND,H,H,8,0,N,N,0,0,false,0,N,N,14,bicicleta,0,0,false,1,1,0,NA,NA,0,NA,1,TRANSITANDO,NO,MENOR,1827,-102.30132592,21.85394421
251928567,0,30422,ROBO PERSONA,ND,10,2025-10-03,40,5,1,FRACCIONAMIENTO,"VILLA DE NUESTRA SEÑORA DE LA ASUNCION, SECTOR GUADALUPE",342,342,CALLE,ANTONIO RUIZ ESPARZA ALONSO,NA,NA,",,,",CALLE,JOSE DE JESUS GONZALEZ GARCIA,3,21,33,24,21:33,true,false,9,ninguna,1 HOMBRE VISTE DE NEGRO,ND,H,H,8,0,N,N,0,0,false,0,MOTOCICLETA,MOTOCICLETA,3,celular,0,0,false,1,1,0,NA,NA,0,NA,1,ND,NO,HOMBRE,1828,-102.25684750,21.92977788
251932916,0,30421,ROBO PERSONA,ND,10,2025-10-04,40,6,1,NINGUNO,ISLA SAN MARCOS,690R,0,BOULEVARD,SAN MARCOS,NA,NA,",,,",AVENIDA,AGUASCALIENTES PONIENTE,2,14,29,21,14:29,false,true,1,cortante,1 HOMBRE COMPLEXION DELGADO VISTE CAMISETA ROJA PNATALON NEGRO,ND,H,H,8,0,N,N,0,0,false,0,N,N,3,celular,0,4000,false,1,1,0,NA,NA,0,NA,1,ND,NO,HOMBRE,1829,-102.32139042,21.86325446
251937116,0,30421,ROBO PERSONA,ND,10,2025-10-05,40,7,5,FRACCIONAMIENTO,PLAN BENITO JUAREZ,1048,1048,CALLE,IGNACIO ALLENDE,NA,NA,",,,",CALLE,AGUA MIELILLA,7,0,48,25,00:48,false,true,1,cortante,2,HOMBRES UNO VISTE PLAYERA NEGRA CON RAYAS Y EL OTRO SUDADERA BLANCA,H,H,8,0,N,N,0,0,false,0,MOTOCICLETA,MOTOCICLETA TIPO CROSS COLOR NEGRO,"12,15,28","ropa,joyería,dinero",350,1150,false,1,1,0,NA,NA,0,NA,1,TRANSITANDO,NO,HOMBRE,1830,-102.35919929,21.96510852
251937125,0,30422,ROBO PERSONA,ND,10,2025-10-05,40,7,1,FRACCIONAMIENTO,LOS PERICOS,287,287,AVENIDA,POLIDUCTO,NA,NA,",,,",CALLE,SAN IGNACIO,4,0,54,24,00:54,false,false,9,ninguna,ND,ND,ND,H,8,0,N,N,0,0,false,0,N,N,28,dinero,10000,10000,false,1,1,0,NA,NA,0,NA,1,ND,NO,HOMBRE,1831,-102.24733072,21.90041417
251938203,0,30421,ROBO PERSONA,ND,10,2025-10-05,40,7,1,FRACCIONAMIENTO,ESPAÑA,171,171,CALLE,SANTANDER,NA,NA,",,,",CALLE,ESPAÑA,2,2,37,25,02:37,false,false,9,ninguna,1 HOMBRE VISTE PANTALON GRIS PLAYERA AZUL TRAE UN PERRO,ND,H,H,8,0,N,N,0,0,false,0,N,N,"3,6","celular,teconologia",0,0,false,1,2,0,NA,NA,0,NA,1,ND,NO,HOMBRE,1832,-102.31343720,21.86587306
251939602,0,30422,ROBO PERSONA,ND,10,2025-10-05,40,7,1,CONDOMINIO,CENTRAL DE ABASTOS,169,169,BOULEVARD,PRONCIPAL MERCADO CENTRAL DE ABASTOS,NA,NA,",,,",CALLE,ANDEN BLOCK I,2,8,49,19,08:49,false,true,3,contusa,1 HOMBRE,ND,H,H,8,0,N,N,0,0,false,0,N,N,31,mochila,0,0,false,1,1,0,NA,NA,0,NA,1,PARADO,NO,HOMBRE,1833,-102.29041577,21.83224846
251940490,0,30421,ROBO PERSONA,ND,10,2025-10-05,40,7,1,FRACCIONAMIENTO,VILLAS DEL RIO,416,416,AVENIDA,PASEO DEL PUERTECITO,NA,NA,",,,",CALLE,JOSE E FEMAT GUTIERREZ,3,12,15,21,12:15,false,true,3,contusa,2 HOMBRES,ND,H,M,8,0,N,N,0,0,false,0,N,N,26,bolso,0,0,false,1,2,0,NA,NA,0,NA,1,ND,NO,MUJER,1834,-102.24421675,21.93817081
251940939,0,30421,ROBO PERSONA,ND,10,2025-10-05,40,7,1,FRACCIONAMIENTO,JESUS GOMEZ PORTUGAL,585,585,AVENIDA,PASEO DE LA CRUZ,NA,NA,",,,",AVENIDA,DE LA CONVENCION DE 1914 ORIENTE,5,13,29,21,13:29,false,true,1,cortante,3 HOMBRES,ND,H,H,8,0,N,N,0,0,false,0,N,N,"3,28,29,40","celular,dinero,cartera,tarjetas",500,5500,false,1,1,0,NA,NA,0,NA,1,ND,NO,HOMBRE,1835,-102.27040444,21.87353606
251941596,0,30421,ROBO PERSONA,ND,10,2025-10-03,40,5,1,FRACCIONAMIENTO,LOS PERICOS,287,287,AVENIDA,POLIDUCTO,NA,NA,",,,",CALLE,SAN IGNACIO,4,5,0,26,05:00,false,true,1,cortante,3 HOMBRES CON LA CARA TAPADA,ND,H,H,8,0,N,N,0,0,false,0,N,N,"3,28,29,31","celular,dinero,cartera,mochila",170,170,false,1,1,0,NA,NA,0,NA,1,PARADO,NO,HOMBRE,1836,-102.24716145,21.89969419
251943990,0,30421,ROBO PERSONA,ND,10,2025-10-05,40,7,1,FRACCIONAMIENTO,PERIODISTAS,204,204,CALLE,CAMAROGRAFOS,NA,NA,",,,",CALLE,FORMADORES,5,20,58,23,20:28,false,true,1,cortante,ND,ND,ND,H,8,0,N,N,1,0,true,0,N,N,39,sin datos,0,0,false,1,1,0,NA,NA,0,NA,1,ND,NO,HOMBRE,1837,-102.24937556,21.85448080
251944088,0,30421,ROBO PERSONA,ND,10,2025-10-05,40,7,1,FRACCIONAMIENTO,"VILLA DE NUESTRA SEÑORA DE LA ASUNCION, SECTOR SAN MARCOS",580,580,AVENIDA,POLIDUCTO,NA,NA,",,,",CALLE,GERONIMO DE LA CUEVA,3,20,36,23,20:36,false,true,1,cortante,3 HOMBRES,ND,H,H,8,0,N,N,0,0,false,0,N,N,"3,28,29","celular,dinero,cartera",0,0,false,1,1,0,NA,NA,0,NA,1,ND,NO,HOMBRE,1838,-102.26431852,21.92959349
251945242,0,30421,ROBO PERSONA,ND,10,2025-10-05,40,7,1,FRACCIONAMIENTO,VILLAS DEL OESTE,166,166,CALLE,PEDRO INFANTE,NA,NA,"125,,,",AVENIDA,PASEO DE LA ASUNCION,2,22,45,24,22:45,false,true,3,contusa,ND,ND,H,H,8,0,N,N,0,0,false,0,N,N,"3,28","celular,dinero",700,700,false,1,1,0,NA,NA,0,NA,1,PARADO,NO,HOMBRE,1839,-102.30169698,21.84399716
251941883,0,30446,ROBO PERSONA,ND,10,2025-10-05,40,7,1,COLONIA,ZONA CENTRO,501,501,CALLE,GENERAL ALVARO OBREGON,NA,NA,",,,",CALLE,LICENCIADO BENITO JUAREZ,1,15,57,22,15:57,false,false,9,ninguna,ND,ND,ND,M,8,0,N,N,0,0,false,0,N,N,3,celular,0,0,false,1,1,0,NA,NA,0,NA,1,PARADO,NO,MUJER,1840,-102.29642455,21.88452559
251944276,0,30446,ROBO PERSONA,MARIPOSA,10,2025-10-05,40,7,5,LOCALIDAD,MARAVILLAS,991,991,AVENIDA,GUADALUPE,NA,NA,",,,",AVENIDA,PASO BLANCO,7,20,57,23,20:57,false,false,9,ninguna,ND,ND,ND,H,8,0,N,N,0,0,false,0,N,N,14,bicicleta,0,8000,false,1,1,0,NA,NA,0,NA,1,PARADO,NO,HOMBRE,1841,-102.32421398,21.95071506
251946641,0,30446,ROBO PERSONA,ND,10,2025-10-06,41,1,11,COLONIA,EL BARRANCO,1314,1314,AVENIDA,JUAREZ,NA,NA,",,,",CALLE,EMILIANO ZAPATA,7,3,20,26,03:20,false,false,9,ninguna,ND,ND,ND,M,8,0,N,N,0,0,false,0,N,N,"3,28","celular,dinero",0,2000,false,1,1,0,NA,NA,0,NA,2,PARADO,NO,MUJER,1842,-102.27415456,22.07357057
251940859,0,30907,ROBO PERSONA,ND,10,2025-10-05,40,7,7,URBANA,SAN JACINTO,1197,1197,PRIVADA,ADOLFO LOPEZ MATEOS,NA,NA,",,,",AVENIDA,ZACATECAS,7,13,17,21,13:17,false,true,3,contusa,1 HOMBRE,LEOBARDO MARQUEZ MARTINEZ,H,H,8,0,N,N,0,0,false,0,N,N,28,dinero,3000,3000,false,1,1,0,NA,NA,0,NA,1,PARADO,NO,HOMBRE,1843,-102.23436950,22.34359001
251949746,0,30421,ROBO PERSONA,ND,10,2025-10-06,41,1,5,FRACCIONAMIENTO,PASEOS DE AGUASCALIENTES,930,930,CARRETERA,45 AGUASCALIENTES ZACATECAS,NA,NA,",,,",CALLE,PASEOS DE VENADEROS,7,16,17,22,16:17,false,true,1,cortante,2 HOMBRES,ND,H,H,8,0,N,N,0,0,false,0,N,N,39,sin datos,0,0,false,1,2,0,NA,NA,0,NA,1,TRANSITANDO,SI,HOMBRE,1844,-102.29013221,21.96340344
251951312,0,30421,ROBO PERSONA,ND,10,2025-10-06,41,1,5,FRACCIONAMIENTO,PASEOS DE LAS HACIENDAS,1030,1030,CALLE,PASEOS DEL CHECHEN,NA,NA,",,,",CALLE,PASEOS DE LAS HACIENDAS,7,19,36,23,19:36,false,true,"3,4","contusa,fuego",2 HOMBRES UNO VISTE CHALECO OSCUROS AMBOS CON EL ROSTRO CUBIERTO,ND,H,A,8,0,N,N,1,0,false,0,N,N,"3,11","celular,herramienta",0,31700,false,1,1,0,NA,NA,0,NA,1,TRANSITANDO,NO,AMBOS,1845,-102.34065768,21.99632625
251951403,0,30422,ROBO PERSONA,ND,10,2025-10-06,41,1,1,FRACCIONAMIENTO,MORELOS II,188,188,AVENIDA,SIGLO XXI,NA,NA,"403,,,",CALLE,MEXICO LIBRE,5,20,47,23,20:47,false,true,1,cortante,2 PERSONAS,ND,H,M,8,0,N,N,0,0,false,0,N,N,2,celular,0,0,false,1,1,0,NA,NA,0,NA,1,PARADO,NO,MUJER,1846,-102.26505567,21.85301731
251949539,0,30446,ROBO PERSONA,RATON,10,2025-10-06,41,2,1,FRACCIONAMIENTO,OJOCALIENTE III,191,191,CALLE,CIENEGUILLAS,NA,NA,"802,,,",AVENIDA,SIGLO XXI,4,15,46,22,15:46,false,false,9,ninguna,1 HOMBRE VISTE PLAYERA A CUADROS CASCO BLANCO,ND,H,H,8,0,N,N,0,0,false,0,MOTOCICLETA,MOTOCICLETA,3,celular,0,0,false,1,1,0,NA,NA,0,NA,2,PARADO,NO,MENOR,1847,-102.24801184,21.87756761
64220100,0,30422,ROBO PERSONA,TRANSPORTISTA,9,2025-09-23,39,2,6,RURAL,LAS ANIMAS,1145R,0,CARRETERA,45 AGUASCALIENTES ZACATECAS,25,NA,",,,",N,N,7,0,30,25,00:30,false,false,9,ninguna,2 HOMBRES,ND,H,H,8,0,N,N,0,0,false,0,MOTOCICLETA,MOTOCICLETA TIPO CROSS COLOR NEGRO,3,celular,0,2500,false,1,1,0,NA,NA,0,NA,1,PARADO,SI,HOMBRE,1848,-102.27403156,22.09681733
64220101,0,30422,ROBO PERSONA,ND,9,2025-09-24,39,3,6,FRACCIONAMIENTO,HACIENDAS DE PABELLON,1113,1113,CALLE,HACIENDA DE GARABATO,NA,NA,"120,,,",CALLE,CONVENCION REVOLUCIONARIA,7,22,48,24,22:48,false,false,9,ninguna,1 HOMBRE,JONATHAN EDUARDO MUÑOZ MENDEZ EL TOPO DE LA PLUTARCO,H,M,8,1,N,N,0,0,false,0,N,N,"29,40","cartera,tarjeta",0,0,true,1,4,0,NA,NA,0,NA,1,PARADO,NO,MUJER,1849,-102.27639477,22.15202078
84220103,0,30422,ROBO PERSONA,ND,10,2025-10-03,40,5,8,COLONIA,CENTRO,1210,1210,CALLE,JUAN DOMINGUEZ,NA,NA,",,,",CALLE,EMUNDO GAMEZ OROZCO,78,14,0,21,14:00 15:00,false,false,9,ninguna,ND,ND,ND,ND,8,0,N,N,0,0,false,0,N,N,3,celular,0,0,false,1,1,0,NA,NA,0,NA,2,PARADO,NO,ND,1850,-102.41548437,22.15008079
251955991,0,30446,ROBO PERSONA,MARIPOSA,10,2025-10-07,41,2,1,FRACCIONAMIENTO,PASEOS DE SAN ANTONIO,634,634,CALLE,ILIO,NA,NA,"206,A,,",CALLE,RANCHO SAN ANTONIO,5,16,59,22,16:59,false,false,9,ninguna,1 HOMBRE VISTE CACHUCHA AZUL MARINO PANTALON AZUL CIELO Y CAMISA DE TIRANTE NEGRA DESCOLORIDA EDAD APROX 25 AÑOS ESTATUA,ND,H,H,8,0,N,N,0,0,false,0,N,N,14,bicicleta,0,10000,false,1,1,0,NA,NA,0,NA,1,PARADO,NO,HOMBRE,1851,-102.26859828,21.80975439
251958608,0,30421,ROBO PERSONA,ND,10,2025-10-08,41,3,1,FRACCIONAMIENTO,PERIODISTAS,204,204,CALLE,AMALIA GOMEZ ZEPEDA,NA,NA,"362,,,",CALLE,REPORTEROS,5,0,19,25,00:19,false,true,1,cortante,2 HOMBRES UNO VISTE PLAYERA ROJA Y EL OTRO SUDADERA BLANCA,ND,H,M,8,0,N,N,0,0,false,0,N,N,3,celular,0,0,false,1,1,0,NA,NA,0,NA,1,TRANSITANDO,NO,MUJER,1852,-102.25070028,21.85283794
251961314,0,30421,ROBO PERSONA,MARIPOSA,10,2025-10-08,41,3,1,COLONIA,EL LLANITO,251,25,CALLE,2 DE ABRIL,NA,NA,",,,",CALLE,SOLEDAD,1,14,51,21,14:51,false,true,1,cortante,2 HOMBRES,ND,H,H,8,0,N,N,0,0,false,0,N,N,14,bicicleta,0,0,false,1,1,0,NA,NA,0,NA,1,TRANSITANDO,NO,HOMBRE,1853,-102.28774621,21.87722603
251964841,0,30421,ROBO PERSONA,ND,10,2025-10-09,41,4,1,FRACCIONAMIENTO,LA FLORIDA I,443,443,BOULEVARD,GUADAPANO,NA,NA,",,,",CALLE,SARTENEJO,3,5,52,26,05:52,false,false,9,ninguna,2 HOMBRES,ND,H,M,8,0,N,N,0,0,false,0,N,N,3,celular,0,0,false,1,1,0,NA,NA,0,NA,1,TRANSITANDO,NO,MUJER,1854,-102.24120478,21.92410417
251960628,0,30446,ROBO PERSONA,MARIPOSA,10,2025-10-08,41,3,1,COLONIA,ZONA CENTRO,501,501,CALLE,GENERAL IGNACIO ZARAGOZA,NA,NA,"842,,,",CALLE,5 DE MAYO,1,14,26,0,14:26,false,false,9,ninguna,ND,ND,H,H,8,0,N,N,0,0,false,0,N,N,14,bicicleta,0,0,false,1,1,0,NA,NA,0,NA,1,PARADO,NO,HOMBRE,1855,-102.29520333,21.89004796
251961221,0,30446,ROBO PERSONA,ND,10,2025-10-08,41,3,1,FRACCIONAMIENTO,MUNICIPIO LIBRE,223,223,CALLE,INGENIEROS,NA,NA,"368,,,",CALLE,MIGUEL ANGEL BARBERENA VEGA,4,14,33,21,14:33,false,false,9,ninguna,1 HOMBRE VISTE CAMISA AZUL PANTALON MEZCLILLA,ND,H,H,8,0,N,N,0,0,false,0,MOTOCICLETA,MOTOCICLETA COLOR GRIS MARCA HONDA,3,celular,0,5500,false,1,1,0,NA,NA,0,NA,2,PARADO,NO,HOMBRE,1856,-102.26432338,21.89578389
251965234,0,30421,ROBO PERSONA,ND,10,2025-10-09,41,4,1,FRACCIONAMIENTO,VERSALLES II,164,164,CALLE,GILBERTO LOPEZ VELARDE,NA,NA,",,,",CALLE,GENERAL FORTUNATO MAYCOTE,2,7,0,19,07:00,false,true,1,cortante,1 HOMBRE VISTE HERSEY AMARILLO SIN MANGAS,ND,H,H,8,0,N,N,0,0,false,0,MOTOCICLETA,MOTOCICLETA,"3,6,27,31","celular,tecnologia,documentos,mochila",0,0,false,1,1,0,NA,NA,0,NA,1,TRANSITANDO,NO,HOMBRE,1857,-102.31158029,21.85556922
251965671,0,30422,ROBO PERSONA,ND,10,2025-10-09,41,4,1,FRACCIONAMIENTO,PALMAS DEL PEDREGAL,293,293,CALLE,GENERAL IGNACIO ZARAGOZA,NA,NA,",,,",AVENIDA,CANAL INTERCEPTOR,6,10,12,20,10:12,false,true,1,penetrante,1 HOMBRE VISTE CHAMARRA NEGRA PANTALON OSCURO,ND,H,H,8,0,N,N,0,0,false,0,N,N,"3,6","celular,tecnologia",0,8800,false,1,1,0,NA,NA,0,NA,1,ND,NO,HOMBRE,1858,-102.30020124,21.90427961
251967761,0,30421,ROBO PERSONA,ND,10,2025-10-09,41,4,1,FRACCIONAMIENTO,CONSTITUCION,607,607,CALLE,ARTICULO 18,NA,NA,",,,",CALLE,ARTICULO 1,3,17,22,22,17:22,false,true,"1,3","cortante,contusa",HOMBRES,ND,H,H,8,0,N,N,0,0,false,0,COCHE,COCHE FORD COLOR GRIS,"3,29,40","celular,cartera,tarjetas",0,4000,false,1,2,0,NA,NA,0,NA,1,TRANSITANDO,NO,HOMBRE,1859,-102.28455910,21.93640647
251964442,0,30904,ROBO PERSONA,ND,10,2025-10-09,41,4,1,FRACCIONAMIENTO,SOLIDARIDAD I,459,459,AVENIDA,SIGLO XXI,NA,NA,",,,",AVENIDA,TECNOLOGICO,4,1,17,25,01:17,true,false,9,ninguna,2 HOMBRES VISTEN DE NEGRO,ND,H,ND,8,0,N,N,0,0,false,0,N,N,39,sin datos,0,0,false,1,2,0,NA,NA,0,NA,1,ND,NO,HOMBRE,1860,-102.24465700,21.86792712
251966177,0,50107,ROBO PERSONA,MARIPOSA,10,2025-10-09,41,4,1,FRACCIONAMIENTO,COLINAS DE ORIENTE,273,273,CALLE,SINGAPUR,NA,NA,"130,,,",CALLE,GOBERNANTES,4,12,8,21,12:08,false,false,9,ninguna,1 HOMBRE,ND,H,H,8,0,N,N,0,0,false,0,N,N,14,bicicleta,0,0,false,1,1,0,NA,NA,0,NA,1,PARADO,NO,HOMBRE,1861,-102.26020830,21.90039400
251970413,0,30421,ROBO PERSONA,ND,10,2025-10-10,41,5,1,FRACCIONAMIENTO,LOS PERICOS,287,287,AVENIDA,POLIDUCTO,NA,NA,",,,",CALLE,SAN ISIDRO,4,6,20,19,06:20,false,true,3,contusa,4,"celular,cartera,mochila,tarjeta",H,H,8,0,N,N,0,0,false,0,N,N,"3,29,31,40","celular,cartera,mochila,tarjeta",0,3000,false,1,1,0,NA,NA,0,NA,1,PARADO,NO,HOMBRE,1862,-102.24791084,21.90300467
142201005,0,30422,ROBO PERSONA,ND,10,2025-10-09,41,4,1,FRACCIONAMIENTO,CIUDAD INDUSTRIAL,627,627,BOULEVARD,JOSE MARIA CHAVEZ,NA,NA,",,,",CALLE,ND,5,8,18,19,08:18,false,false,9,ninguna,1 HOMBRE,GILBERTO NIEVES GONZALEZ 34 AÑOS,H,H,8,1,N,N,0,0,false,0,N,N,28,dinero,50000,50000,false,2,4,0,NA,NA,0,NA,1,ND,NO,HOMBRE,1863,-102.28847925,21.83276300
251971460,0,30422,ROBO PERSONA,ND,10,2025-10-10,41,5,1,FRACCIONAMIENTO,MUNICIPIO LIBRE,223,223,CALLE,MIGUEL ANGEL BARBERENA VEGA,NA,NA,",,,",CALLE,ND,4,11,43,20,11:43,false,false,9,ninguna,1 HOMBRE CON CUBREBOCAS AZULVISTE SUDADERA NEGRA PANTALON MEZCLILLA,ND,H,M,8,0,N,N,0,0,false,0,N,N,"3,26,28,29","celular,bolso,dinero,cartera",1000,1000,false,1,1,0,NA,NA,0,NA,1,TRANSITANDO,NO,MUJER,1864,-102.25863939,21.89725651
251972002,0,30421,ROBO PERSONA,ND,10,2025-10-10,41,5,5,NINGUNO,LA BIZNAGA,1058R,0,CALLE,N,NA,NA,",,,",CALLE,N,7,14,0,21,14:00,false,true,3,contusa,4 HOMBRES,EL GABY Y EL OMAR,H,H,8,0,N,N,0,0,false,0,N,N,3,celular,0,3000,false,1,1,0,NA,NA,0,NA,1,TRANSITANDO,NO,HOMBRE,1865,-102.35385973,21.93595164
251974037,0,30422,ROBO PERSONA,ND,10,2025-10-10,41,5,1,COLONIA,ZONA CENTRO,501,501,CALLE,AGUSTIN R GONZALEZ,NA,NA,",,,",CALLE,FRANCISCO I MADERO,1,20,10,23,20:10,false,false,9,ninguna,1 HOMBRE VISTE CHAMARRA NEGRA PANTALON MEZCLILLA NEGRO CASCO NEGRO,ND,H,M,8,0,N,N,0,0,false,0,MOTOCICLETA,MOTOCICLETA ITALIKA DM 150 CC COLOR NEGRO CON LINEAS ROJAS,3,celular,0,10000,false,1,1,0,NA,NA,0,NA,1,ND,NO,MUJER,1866,-102.28949912,21.88302886
251975427,251975683,30421,ROBO PERSONA,ND,10,2025-10-10,41,5,1,FRACCIONAMIENTO,"VILLA DE NUESTRA SEÑORA DE LA ASUNCION, SECTOR ESTACION",354,354,CALLE,GERONIMO DE LA CUEVA,NA,NA,",,,",CALLE,FRANCISCO LOPEZ MEDRANO,3,23,0,24,23:00,false,true,3,contusa,ND,ND,ND,H,8,0,N,N,1,0,false,0,N,N,"3,12","celular,ropa",0,0,false,1,5,0,NA,NA,0,NA,1,ND,NO,HOMBRE,1867,-102.25732487,21.93589204
251978173,0,30421,ROBO PERSONA,ND,10,2025-10-11,41,6,1,FRACICONAMIENTO,PRADOS DEL SUR,537,537,AVENIDA,PASEO DE LA ASUNCION,NA,NA,",,,",CALLE,NEVADO DE TOLUCA,2,12,26,21,12:26,false,true,1,cortante,2 HOMBRES,ND,H,H,8,0,N,N,0,0,false,0,N,N,"6,12,27,31,53","tecnologia,ropa,documentos,mochila,casco",0,3200,false,1,1,0,NA,NA,0,NA,1,PARADO,NO,HOMBRE,1868,-102.29914842,21.85908068
251981524,0,30421,ROBO PERSONA,ND,10,2025-10-11,41,6,1,FRACCIONAMIENTO,REAL DE HACIENDAS,307,307,AVENIDA,POLIDUCTO,NA,NA,",,,",CALLE,HACIENDA CUAUTLA,4,21,47,24,21:47,false,true,1,cortante,2 HOMBRES UNO VISTE GORRA VERDE CON FRIS Y PASAMONTAÑAS NEGRO PLAYERA GRIS PANTALON NEGRO,ND,H,A,8,0,N,N,0,0,false,0,N,N,"3,28,29","celular,dinero,cartera",20,2520,false,1,1,0,NA,NA,0,NA,1,TRANSITANDO,NO,AMBOS,1869,-102.24479472,21.89289911
251989018,0,30421,ROBO PERSONA,ND,10,2025-10-12,41,7,1,COLONIA,OBRAJE,518,518,BOULEVARD,JOSE MARIA CHAVEZ,NA,NA,",,,",CALLE,REPUBLICA DE ECUADOR,1,20,10,23,20:10,false,true,1,cortante,1 HOMBRE VISTE CAMISA AZUL PANTALON NEGRO,ND,H,H,8,0,N,N,0,0,false,0,N,N,28,dinero,250,250,false,1,1,0,NA,NA,0,NA,1,PARADO,NO,HOMBRE,1870,-102.29520433,21.87079568
251989190,0,30422,ROBO PERSONA,ND,10,2025-10-12,41,7,5,COLONIA,FRATERNIDAD,1106,1106,CALLE,IGUALDAD,NA,NA,"619,,,",CALLE,AMBAR,7,20,30,23,20:30,false,false,9,ninguna,2 HOMBRES,EL ZETILLA Y EL TOCHO,H,H,8,0,N,N,0,0,false,0,N,N,"3,28","celular,dinero",5000,3500,false,1,1,0,NA,NA,0,NA,1,PARADO,NO,HOMBRE,1871,-102.36009039,21.95346361
251991142,0,30421,ROBO PERSONA,ND,10,2025-10-13,42,1,3,RANCHERIA,COLOMOS,847,847,TERRACERIA,COLOMOS HACIA AL MAGUEY,NA,NA,",,,",N,N,7,0,19,25,00:19,false,true,4,fuego,4 HOMBRES,ND,H,H,8,0,N,N,0,0,false,0,CAMIONETA,CAMIONETA CHEYENNE COLOR GRIS DOBLE CABINA VICDRIOS POLARIZAOS,3,celular,0,0,false,1,2,0,NA,NA,0,NA,1,PARADO,NO,HOMBRE,1872,-102.65517772,21.88948739
251992259,0,30421,ROBO PERSONA,ND,10,2025-10-13,42,1,1,CONDOMINIO,EXPO-PLAZA,86,86,AVENIDA,LICENCIADO ADOLFO LOPEZ MATEOS PONIENTE,NA,NA,",,,",CALLE,ARTURO J PANI,1,5,49,26,05:49,false,true,3,contusa,3 HOMBRES,ND,H,H,8,0,N,N,1,0,true,0,N,N,"28,29","dinero,cartera",1500,1500,false,1,42,1,NA,NA,0,NA,1,TRANSITANDO,NO,HOMBRE,1873,-102.30461119,21.87623367
251974275,0,30446,ROBO PERSONA,ND,10,2025-10-10,41,5,1,NO APLICA,DESARROLLO ESPECIAL BULEVAR A ZACATECAS,609,609,BOULEVARD,A ZACATECAS,NA,NA,",,,",AVENIDA,HEROE DE NACOZARI NORTE,3,19,44,23,19:44,false,false,9,ninguna,ND,ND,ND,H,8,0,N,N,0,0,false,0,N,N,14,bicicleta,0,18000,false,1,1,0,NA,NA,0,NA,1,PARADO,NO,HOMBRE,1874,-102.29156726,21.91072816
251978403,0,30446,ROBO PERSONA,ND,10,2025-10-11,41,6,1,FRACCIONAMIENTO,VILLA MONTAÑA,601,601,CALLE,FRANCISCO DE J HERRERA L,NA,NA,",,,",CALLE,ANGEL VENEGAS AHUMADO,3,13,14,21,13:21,false,false,9,ninguna,1 MUJER,ND,M,M,8,0,N,N,0,0,false,0,N,N,"3,12,26","celular,ropa,bolso",0,12000,false,1,1,0,NA,NA,0,NA,2,PARADO,NO,MUJER,1875,-102.26289958,21.93819446
251983648,0,30446,ROBO PERSONA,ND,10,2025-10-12,41,7,5,COLONIA,MARTINEZ ANDRADE,921,921,CALLE,SAUCEDO,NA,NA,"103,,,",CALLE,ALDAMA,7,2,6,25,02:06,false,false,9,ninguna,ND,ND,ND,H,8,0,N,N,0,0,false,0,N,N,"28,29","dinero,cartera",5000,5000,false,1,1,0,NA,NA,0,NA,1,PARADO,NO,HOMBRE,1876,-102.34459329,21.95827459
251988287,0,30446,ROBO PERSONA,ND,10,2025-10-12,41,7,1,FRACCIONAMIENTO,"VILLA DE NUESTRA SEÑORA DE LA ASUNCION, SECTOR ESTACION",354,354,CALLE,RAFAEL GOMEZ RAMIREZ,NA,NA,",,,",CALLE,MIGUEL RENDON PICHARDO,3,18,27,22,18:27,false,false,9,ninguna,2 HOMBRES,ND,H,M,8,0,N,N,0,0,false,0,N,N,3,celular,0,0,false,1,1,0,NA,NA,0,NA,1,PARADO,NO,MUJER,1877,-102.25493571,21.93838866
251989607,0,30446,ROBO PERSONA,MARIPOSA,10,2025-10-12,41,7,1,FRACCIONAMIENTO,VISTA DE LAS CUMBRES,308,308,CALLE,LA ESPIGA,NA,NA,",,,",CALLE,MAESTRO FERNANDO VILLALPANDO,4,21,24,23,21:24,false,false,9,ninguna,ND,ND,ND,H,8,0,N,N,0,0,false,0,N,N,14,bicicleta,0,6500,false,1,1,0,NA,NA,0,NA,1,PARADO,NO,HOMBRE,1878,-102.24314512,21.89606935
251979443,0,30907,ROBO PERSONA,ND,10,2025-10-09,41,4,1,FRACCIONAMIENTO,LOS PERICOS,287,287,CALLE,SAN ISIDRO,NA,NA,"201,B,,",AVENIDA,CULTURA OTOMI SUR,4,27,0,57,sin datos,false,false,9,ninguna,ND,ND,ND,H,0,8,N,N,0,0,false,0,N,N,"3,30,31","celular,llaves,mochila",0,0,false,1,2,0,NA,NA,0,NA,1,ND,NO,HOMBRE,1879,-102.24598263,21.90385838
251984108,0,30907,ROBO PERSONA,MARIPOSA,10,2025-10-12,41,7,1,COMUNIDA,NORIAS DE OJOCALIENTE,14,14,CALLE,PERLA,NA,NA,"248,,,",CALLE,GRANATE,4,6,5,26,03:05,false,true,3,contusa,2 HOMBRES,ND,H,H,8,0,N,N,1,0,true,0,N,N,14,bicicleta,0,0,false,1,1,0,NA,NA,0,NA,1,PARADO,NO,HOMBRE,1880,-102.22033003,21.88851585
251990526,0,30907,ROBO PERSONA,MARIPOSA,10,2025-10-12,41,7,7,FRACCIONAMIENTO,LA ESTANCIA DE CHORA,1172,1172,CALLE,OCTLI,NA,NA,",,,",CALLE,CAXCAN,7,23,8,24,23:08,false,false,9,ninguna,1 HOMBRE ESDAD APROX 25 AÑOS,ND,H,H,8,0,N,N,0,0,false,0,N,N,14,bicicleta,0,0,false,1,1,0,NA,NA,0,NA,1,PARADO,NO,MENOR,1881,-102.30957571,22.23349169
251996406,0,30422,ROBO PERSONA,ND,10,2025-10-13,42,1,1,FRACCIONAMIENTO,REAL DE HACIENDAS,307,307,CALLE,HACIENDA DE HUAXTLA,NA,NA,"123,A,,",AVENIDA,HACIENDA JOSE MARIA MORELOS,4,20,7,23,20:07,false,true,1,cortante,3 HOMBRES,ND,H,H,8,0,N,N,0,0,false,0,N,N,"12,28,31","ropa,celular,mochila",500,500,false,1,1,0,NA,NA,0,NA,1,TRANSITANDO,NO,MENOR,1882,-102.24208871,21.88625255
251997471,0,30421,ROBO PERSONA,ND,10,2025-10-13,42,1,1,FRACCIONAMIENTO,"VILLA DE NUESTRA SEÑORA DE LA ASUNCION, SECTOR GUADALUPE",342,342,CALLE,J GUADALUPE GARCIA LOPEZ,NA,NA,"85,,,",CALLE,GERONIMO DE LA CUEVA,3,20,55,23,20:55,false,true,1,cortante,4 HOMBRES CON CAPUCHAS,ND,H,H,0,0,N,N,0,0,false,0,N,N,3,celular,0,0,false,1,2,0,NA,NA,0,NA,1,ND,NO,HOMBRE,1883,-102.26183984,21.93000048
251998126,0,30421,ROBO PERSONA,ND,10,2025-10-14,42,2,1,FRACCIONAMIENTO,MUNICIPIO LIBRE,223,223,CALLE,REGIDORES,NA,NA,"109,,,",CALLE,CATARATAS,4,1,29,25,01:29,false,false,9,ninguna,VARIOS HOMBRES,ND,H,F,8,0,N,N,0,0,false,0,N,N,3,celulares,0,0,false,1,1,0,NA,NA,0,NA,1,ND,NO,HOMBRES,1884,-102.26104293,21.89213972
251998549,0,30421,ROBO PERSONA,ND,10,2025-10-14,42,2,1,FRACCIONAMIENTO,LOS PERICOS,287,287,CALLE,SANTA CATALINA,NA,NA,",,,",AVENIDA,POLIDUCTO,3,6,4,19,06:04,false,true,2,punzante,2 HOMBRES UNO VISTE SUDADERA VERDE CON BLANCO Y PANTALON BLANCO CACHUCHA VERDE,ND,H,H,8,0,N,N,0,0,false,0,N,N,"29,31","cartera,mochila",0,0,false,1,1,0,NA,NA,0,NA,1,TRANSITANDO,NO,HOMBRE,1885,-102.24917449,21.90657656
251999082,0,30422,ROBO PERSONA,ND,10,2025-10-14,42,2,1,FRACCIONAMIENTO,PERIODISTAS,204,204,CALLE,RADIODIFUSORES,NA,NA,"2810,,,",PROLONGACION,MARIANO HIDALGO,5,8,37,19,08:37,false,false,9,ninguna,1 HOMBRE,ND,H,M,8,0,N,N,0,0,false,0,N,N,"28,29","dinero,bolso",2500,2500,false,1,2,0,NA,NA,0,NA,1,PARADO,NO,MUJER,1886,-102.24837142,21.84955232
251999240,0,30422,ROBO PERSONA,ND,10,2025-10-14,42,2,1,COMUNIDAD,2 DE OCTUBRE,14R,0,CALLE,5 DE MAYO,NA,NA,"211,,,",CALLE,16 DE SEPTIEMBRE,4,9,54,20,09:54,false,false,9,ninguna,1 HOMBRE,EDWIN EL WINITOS,H,M,8,0,N,N,0,0,false,0,N,N,28,dinero,2500,2500,false,1,1,0,NA,NA,0,NA,1,PARADO,NO,MUJER,1887,-102.21236444,21.89520256
252002328,0,30422,ROBO PERSONA,ND,10,2025-10-14,42,2,1,COLONIA,ZONA CENTRO,501,501,AVENIDA,FRANCSICO I MADERO,NA,NA,"445,,,",CALLE,GENERAL IGNACIO ZARAGOZA,1,21,11,23,21:11,false,false,9,ninguna,1 HOMBRE VISTE DE NEGRO TRAE UN CASCO COLOR ROJO,ND,H,M,8,0,N,N,0,0,false,0,MOTOCICLETA,MOTOCICLETA COLOR NEGRO,3,celular,0,3000,false,1,1,0,NA,NA,0,NA,1,PARADO,NO,MUJER,1888,-102.28910025,21.88299630
251999999,0,30446,ROBO PERSONA,ND,10,2025-10-14,42,2,1,FRACCIONAMIENTO,CIRCUNVALACION NORTE,243,243,AVENIDA,DE LA CONVENCION DE 1914 NORTE,NA,NA,"604,,,",CALLE,SAUCE,6,12,59,21,12:59,false,false,9,ninguna,ND,ND,ND,H,8,0,N,N,0,0,false,0,N,N,3,celular,0,0,false,1,1,0,NA,NA,0,NA,1,PARADO,NO,HOMBRE,1889,-102.29790849,21.89907322
252002707,0,30446,ROBO PERSONA,MARIPOSA,10,2025-10-14,42,2,1,COLONIA,NUEVA ESPAÑA,172,172,CALLE,FRAY JUAN DE ZUMARRAGA,NA,NA,",,,",CALLE,FRAY SERVANDO TERESA DE MIER,2,22,22,24,22:22,false,false,9,ninguna,1 HOMBRE VISTE CAMISA ROJA PANTALON AZUL MARINO,ND,H,H,8,0,N,N,0,0,false,0,N,N,14,bicicleta,0,0,false,1,1,0,NA,NA,0,NA,1,ND,NO,HOMBRE,1890,-102.31702989,21.85718614
252002782,0,30446,ROBO PERSONA,MARIPOSA,10,2025-10-14,42,2,1,FRACCIONAMIENTO,VILLAS DEL OESTE,166,166,CALLE,ANDRES SOLER,NA,NA,"103,,,",CALLE,PASEO DE LA ASUNCION,2,22,14,24,22:14,false,false,9,ninguna,ND,ND,N,H,8,0,N,N,0,0,false,0,N,N,14,bicicleta,0,0,false,1,1,0,NA,NA,0,NA,1,PARADO,NO,HOMBRE,1891,-102.30185638,21.84261489
252004070,0,30907,ROBO PERSONA,MARIPOSA,10,2025-10-15,42,3,5,FRACCIONAMIENTO,BELLA VISTA,901,901,CALLE,CONSTITUCION,NA,NA,",,,",CALLE,EL CALVARIO,7,8,8,19,08:08,false,false,9,ninguna,3 HOMBRES UNO VISTE CAMISA NEGRA CON AMARILLO,ND,H,H,8,0,N,N,0,0,false,0,N,N,"3,12,14","celular,ropa,bicicleta",0,0,false,1,1,0,NA,NA,0,NA,1,ND,NO,HOMBRE,1892,-102.35082538,21.96927278
252008705,0,30446,ROBO PERSONA,MARIPOSA,10,2025-10-15,42,3,1,FRACCIONAMIENTO,LOMAS DEL CAMPESTRE II,131,131,BOULEVARD,LUIS DONALDO COLOSIO,NA,NA,",,,",CALLE,MONTE CARLO,6,22,25,24,22:25,false,false,9,ninguna,1 HOMBRE,ND,H,H,8,0,N,N,0,0,false,0,N,N,14,bicicleta,0,0,false,1,1,0,NA,NA,0,NA,1,PARADO,NO,HOMBRE,1893,-102.31598587,21.92417118
252008295,0,30421,ROBO PERSONA,ND,10,2025-10-15,42,3,6,COLONIA,5 DE MAYO,1115,1115,CALLE,FELIPE CARRILLO PUERTO,NA,NA,",,,",CALLE,IGNACIO RAMIREZ,7,21,26,23,21:26,false,true,10,sin datos,1 HOMBRE,EL CHACHO,H,H,8,0,N,N,1,0,false,0,N,N,"6,29","tecnologia,cartera",0,0,false,1,1,0,NA,NA,0,NA,1,PARADO,NO,HOMBRE,1894,-102.27563053,22.14318319
252012860,0,30422,ROBO PERSONA,ND,10,2025-10-16,42,4,1,COMUNIDAD,NORIAS DE OJOCALIENTE,14,14,CALLE,DIAMANTES,NA,NA,"406,,,",CALLE,GRANATE,4,16,28,22,16:28,false,false,9,ninguna,2 HOMBRES UNO VISTE PANTALON VERDE OTRO CAMISA AZUL CON CACHUCHA NEGRA,EL GORDO,H,H,8,0,N,N,0,0,false,0,N,N,12,ropa,0,800,false,1,1,0,NA,NA,0,NA,1,TRANSITANDO,NO,HOMBRE,1895,-102.21855691,21.88766432
252012900,0,30446,ROBO PERSONA,MARIPOSA,10,2025-10-16,42,1,1,COLONIA,DEL TRABAJO,246,246,AVENIDA,ALAMEDA,NA,NA,",,,",AVENIDA,HEROICO COLEGIO MILITAR,4,16,31,22,16:31,false,false,9,ninguna,ND,ND,ND,H,8,0,N,N,0,0,false,0,N,N,14,bicicleta,0,3000,false,1,1,0,NA,NA,0,NA,1,PARADO,NO,HOMBRE,1896,-102.27413507,21.88398096
252009091,0,50102,ROBO PERSONA,ND,10,2025-10-15,42,3,1,FRACCIONAMIENTO,BENITO PALOMINO DENA,220,220,CALLE,PEDRO RIVAS CUELLAR,NA,NA,"303,,,",CALLE,ROBERTO JEFKINS,3,23,29,24,23:29,false,false,9,ninguna,1 HOMBRE VISTE CAMISA CON CUADROS ROJOS Y BLANCOS,ND,H,M,8,0,N,N,0,0,false,0,N,N,"6,11,28,29","tecnologia,herramiento,dinero,cartera",400,400,false,1,21,0,NA,NA,0,NA,1,TRANSITANDO,NO,HOMBRE,1897,-102.24862107,21.91622877
252016444,0,50102,ROBO PERSONA,ND,10,2025-10-17,42,5,1,FRACCIONAMIENTO,VILLAS DE ITURBIDE,584R,0,CARRETERA 71,71 AGUASCALIENTES VILLA HIDALGO,NA,NA,",,,",CALLE,NINGUNO,2,4,44,26,04:44,false,true,4,fuego,ND,ND,ND,H,8,0,N,N,0,0,false,0,MOTOCICLETA,MOTOCICLETA,29,cartera,0,0,false,1,1,0,NA,NA,0,NA,1,TRANSITANDO,SI,HOMBRE,1898,-102.37146051,21.86547703
252009592,0,50102,ROBO PERSONA,ND,10,2025-10-16,42,4,5,NINGUNO,SIGLO XXI Y CARRETERA A LOS ARQUITOS,949R,0,AVENIDA,SIGLO XXI,NA,NA,",,,",CARRETERA,A LOS ARQUITOS,7,1,58,26,01:58,false,true,4,FUEGO,3 HOMBRES,ND,H,H,8,0,N,N,0,0,false,0,N,N,29,cartera,0,0,false,1,1,0,NA,NA,0,NA,1,PARADO,NO,HOMBRE,1899,-102.35715390,21.94946590
252012164,0,30907,ROBO PERSONA,ND,10,2025-10-16,42,4,1,CONDOMINIO,LA PALOMA,319,319,AVENIDA,INDEPENDENCIA,NA,NA,",,,",CALLE,REFORMA,6,14,13,21,14:13,false,false,9,ninguna,1 HOMBRE VISTE SUDADERA OSCURA PANTALON MEZCLILLA GORRA NEGRA,ND,H,H,8,0,N,N,0,0,false,0,N,N,11,juguete,0,0,false,1,2,0,NA,NA,0,NA,1,PARADO,NO,MENOR,1900,-102.29799901,21.93305209
252016935,0,30421,ROBO PERSONA,ND,10,2025-10-17,42,5,1,FRACCIONAMIENTO,LOS PERICOS,287,287,AVENIDA,CULTURA OTOMI SUR,NA,NA,",,,",CALLE,SANTA CECILIA,3,8,11,19,08:11,false,true,"1,3","cortante,contusa",1 HOMBRE TEZ MORENO ESTATURA MEDIA CON TATUAJES EN LA CARA VISTE SUDADERA NEGRA LARGA,ND,H,H,8,0,N,N,0,0,false,0,N,N,13,juguetes,0,1200,true,1,10,0,NA,NA,0,NA,1,ND,NO,MENOR,1901,-102.24649539,21.90523096
252018652,0,30421,ROBO PERSONA,ND,10,2025-10-17,42,5,1,FRACCIONAMIENTO,LA FLORIDA II,444,444,BOULEVARD,GUADALUPANO,NA,NA,",,,",CALLE,JOSE DE JESUS GONZALEZ GARCIA,3,14,10,21,14:10,false,false,9,ninguna,ND,ND,ND,M,8,0,N,N,0,0,false,0,N,N,3,celular,0,0,false,1,2,0,NA,NA,0,NA,1,ND,NO,MUJER,1902,-102.23734139,21.92852257
252020868,0,30421,ROBO PERSONA,ND,10,2025-10-17,42,5,1,COLONIA,ZONA CENTRO,501,501,CALLE,VAZQUEZ DEL MERCADO,NA,NA,",,,",CALLE,GENERAL IGNACIO ZARAGOZA,1,19,49,23,19:49,false,false,9,ninguna,1 HOMBRE,ND,H,H,8,0,N,N,0,0,false,0,MOTOCICLETA,MOTOCICLETA,3,celular,0,11500,false,1,1,0,NA,NA,0,NA,1,TRANSITANDO,NO,HOMBRE,1903,-102.29060354,21.88581418
252023270,0,30422,ROBO PERSONA,ND,10,2025-10-18,42,6,11,FRACCIONAMIENTO,LA RIBERA,1340,1340,CALLE,TEXCOCO,NA,NA,",,,",CALLE,NAPIZARO,7,1,28,25,01:28,false,false,9,ninguna,2 HOMBRES VISTEN DE NEGRO,ND,H,M,8,0,N,N,0,0,false,0,MOTOCICLETA,MOTICICLETA ITALIKA COLOR AMARILLO CON NEGRO,"3,28,29","celular,dinero,cartera",8000,15500,false,1,1,0,NA,NA,0,NA,1,TRANSITANDO,NO,MUJER,1904,-102.24746149,21.95522494
252029639,0,30422,ROBO PERSONA,ND,10,2025-10-18,42,6,1,FRACCIONAMIENTO,JOSE LOPEZ PORTILLO,175,175,CALLE,GERARDO MURILLO,NA,NA,",,,",CALLE,SOBERANA CONVENCION MILITAR REVOLUCIONARIA,2,22,1,24,22:01,false,false,9,ninguna,15 HOMBRES,ND,H,H,8,0,N,N,0,0,false,0,N,N,"12,28","ropa,dinero",200,200,false,1,2,0,NA,NA,0,NA,1,TRANSITANDO,NO,MENOR,1905,-102.31739645,21.85538833
252031265,0,30422,ROBO PERSONA,ND,10,2025-10-19,42,7,1,FRACCIONAMIENTO,VILLA MONTAÑA,601,601,CALLE,SIERRA AGUILADA,NA,NA,",,,",CALLE,CONSTITUCIONALISTA,3,0,47,25,00:47,false,false,9,ninguna,1 HOMBRE,ND,H,H,8,1,N,N,0,0,false,0,N,N,3,celular,0,0,true,1,4,0,NA,NA,0,NA,1,ND,NO,HOMBRE,1906,-102.25654729,21.94436829
252034044,0,30422,ROBO PERSONA,ND,10,2025-10-19,42,7,1,FRACCIONAMIENTO,JOSE GUADALUPE PERALTA GAMEZ,334,334,AVENIDA,POLIDUCTO,NA,NA,",,,",CALLE,URBANISMO,4,8,25,19,08:25,false,false,9,ninguna,4 HOMBRES UNO DE ELLOS SIN CAMISA OTRO SUDADERA ROJA Y OTRO SUDADERA NEGRA,ND,H,H,8,0,N,N,0,0,false,0,N,N,"3,28,29","celular,dinero,cartera",500,500,false,1,1,0,NA,NA,0,NA,1,ND,NO,HOMBRE,1907,-102.24266996,21.87222424
252034791,0,30421,ROBO PERSONA,ND,10,2025-10-19,42,7,1,FRACCIONAMIENTO,MIRADOR DE LAS CULTURAS II,340,340,CALLE,LOMA DEL CARDENAL 106,NA,NA,",,,",CALLE,LOMA DEL CARDENAL,3,11,31,20,11:31,false,true,10,otras,1 PERSONA,ND,ND,M,8,0,N,N,0,0,false,0,N,N,3,celular,0,0,false,1,57,0,NA,NA,0,NA,1,TRANSITANDO,NO,6,1908,-102.24436112,21.91219090
252018827,0,30446,ROBO PERSONA,RATON,10,2025-10-17,42,5,1,FRACCIONAMIENTO,JOSE LOPEZ PORTILLO,175,175,CALLE,JOSE CALVILLO,NA,NA,"804,,,",CALLE,GENERAL PASCUAL CORNEJO,2,14,37,21,14:37,false,false,9,ninguna,1 HOMBRE VISTE PLAYERA GRIS,ND,H,M,8,0,N,N,0,0,false,0,MOTOCICLETA,MOTOCICLETA COLOR GRIS,3,celular,0,2500,false,1,1,0,NA,NA,0,NA,2,PARADO,NO,MUJER,1909,-102.32456639,21.85156860
252020628,0,30446,ROBO PERSONA,ND,10,2025-10-17,42,5,1,COLONIA,EL LLANITO,251,251,CALLE,5 DE FEBRERO,NA,NA,",,,",CALLE,COSIO SUR,1,19,18,47,22,false,false,9,ninguna,1 HOMBRE CONDUCTOR DE PLATAFORMA,ND,H,H,8,0,N,N,0,0,false,0,N,N,3,celular,0,0,false,1,2,0,NA,NA,0,NA,1,ND,NO,HOMBRE,1910,-102.28673415,21.87720833
252026062,0,30446,ROBO PERSONA,ND,10,2025-10-18,42,6,1,NO APLICA,DESARROLLO ESPECIAL BULEVAR A ZACATECAS,609,609,AVENIDA,HEROE DE NACOZARI NORTE,NA,NA,"2905,,,",CALLE,ARCO DE LA LIBERTAD,3,13,40,21,13:40,false,false,9,ninguna,1 HOMBRE 185 ESTATURA APROX TEZ MORENO VISTE PLAYERA COLOR NARANJA PANTALON MEZCLILLA,ND,H,M,8,0,N,N,0,0,false,0,MOTONETA,MOTONETA COLOR NARANJA,26,bolso,0,0,false,1,1,0,NA,NA,0,NA,2,PARADO,NO,MUJER,1911,-102.29099000,21.90985522
252026459,0,30446,ROBO PERSONA,ND,10,2025-10-18,42,6,1,COLONIA,ZONA CENTRO,501,501,CALLE,FRANCISCO I MADERO,NA,NA,",,,",CALLE,JOSE MARIA MORELOS,1,14,50,21,14:50,false,false,9,ninguna,ND,ND,ND,H,8,0,N,N,0,0,false,0,N,N,3,celular,0,0,false,1,1,0,NA,NA,0,NA,1,PARADO,NO,HOMBRE,1912,-102.29443989,21.88155265
252030950,0,30446,ROBO PERSONA,ND,10,2025-10-19,42,7,1,FRACCIONAMIENTO,LOMAS DE LAS FUENTES,452,452,CALLE,LOMAS DE COCOYOC,NA,NA,"1204,,,",AVENIDA,CULTURA PIMANA,3,0,15,25,00:15,false,false,9,ninguna,1 HOMBRE VISTE CHAMARRA ROJA PANTALON MEZCLILLA,ND,H,M,8,0,N,N,0,0,false,0,N,N,"26,28,29,40","bolso,dinero,cartera,tarjeta",1800,1800,false,1,1,0,NA,NA,0,NA,1,PARADO,NO,MUJER,1913,-102.23446461,21.91379881
252032496,0,30446,ROBO PERSONA,ND,10,2025-10-19,42,7,1,COLONIA,LAS FLORES,266,266,CALLE,GERANIOS,NA,NA,"108,,,",CALLE,LOS LAURELES,2,2,46,25,02:46,false,true,3,contusa,5 HOMBRES 5 MUJERES,ND,A,H,8,0,N,N,0,0,false,0,N,N,29,cartera,0,0,false,1,57,0,NA,NA,0,NA,1,ND,NO,HOMBRE,1914,-102.30575991,21.87406524
252035296,0,30446,ROBO PERSONA,ND,10,2025-10-19,42,7,1,COLONIA,ZONA CENTRO,501,501,CALLE,JOSE MARIA MORELOS,NA,NA,"117,,,",CALLE,JOSE MARIA ARTEAGA,1,12,56,21,12:56,false,false,9,ninguna,1 MENORCITA CON LENTES,ND,M,M,8,0,N,N,0,0,false,0,N,N,"26,28,38","bolso,dinero,otros",15000,15000,false,1,1,0,NA,NA,0,NA,2,PARADO,NO,MUJER,1915,-102.29633458,21.88667203
252035617,0,30446,ROBO PERSONA,ND,10,2025-10-19,42,7,1,ESPECIAL,TRES CENTURIAS ESPECIAL,614,614,AVENIDA,ALAMEDA,NA,NA,",,,",CALLE,28 DE AGOSTO,4,27,0,27,sin datos,false,false,9,ninguna,ND,ND,ND,M,8,0,N,N,0,0,false,0,N,N,3,celular,0,0,false,1,1,0,NA,NA,0,NA,2,PARADO,NO,MUJER,1916,-102.28058837,21.88290874
252040132,0,50102,ROBO PERSONA,ND,10,2025-10-19,42,7,5,COLONIA,CENTRO,938,938,CALLE,SAN MIGUEL,NA,NA,",,,",CALLE,HEROE DE NACOZARI,7,23,46,24,23:46,false,false,9,ninguna,4,HOMBRES UNO VISTE PALYERA BLANCA Y GORRA COLOR BLANCO,H,H,8,0,N,N,0,0,false,0,N,N,12,ropa,0,0,false,1,2,0,NA,NA,0,NA,1,TRANSITANDO,NO,HOMBRE,1917,-102.34165339,21.96213673
252040718,0,50102,ROBO PERSONA,ND,10,2025-10-20,43,1,1,FRACCIONAMIENTO,PASEOS DE SAN ANTONIO,634,634,AVENIDA,PASEOS DE SAN ANTONIO,NA,NA,",,,",CALLE,THERMI,5,1,33,25,01:33,false,false,9,ninguna,2 HOMBRES,ND,H,H,8,0,N,N,0,0,false,0,N,N,28,dinero,3000,3000,false,1,2,0,NA,NA,0,NA,1,ND,NO,HOMBRE,1918,-102.26436449,21.80929494
252027858,0,30907,ROBO PERSONA,ND,10,2025-10-18,42,6,1,FRACCIONAMIENTO,HACIENDAS DE AGUASCALIENTES,530,530,AVENIDA,HACIENDA DE OJOCALIENTE,NA,NA,",,,",AVENIDA,SIGLO XXI,4,18,30,22,18:30,false,true,8,otras,1 HOMBRE,ND,H,H,8,0,N,N,0,0,false,0,MOTOCICLETA,MOTOCICLETA COLOR NEGRO PLACAS BN7P,39,sin datos,0,0,false,1,1,0,NA,NA,0,NA,1,TRANSITANDO,NO,HOMBRE,1919,-102.25079327,21.88719219
252016574,0,50305,ROBO PERSONA,MARIPOSA,10,2025-10-17,42,5,1,FRACCIONAMIENTO,LOS LAURELES II,531,531,CALLE,EL SABINAL,NA,NA,",,,",CALLE,DE LA DAMIANA,4,6,22,19,06:22,true,false,9,ninguna,PERSONAS VISTEN DE NEGRO,ND,ND,H,8,0,N,N,0,0,false,0,N,N,14,bicicleta,0,0,false,1,2,0,NA,NA,0,NA,1,ND,NO,HOMBRE,1920,-102.24070963,21.90301633
252045823,0,30422,ROBO PERSONA,ND,10,2025-10-20,43,1,1,FRACCIONAMIENTO,LOMAS DE BELLAVISTA,415,415,CALLE,CASIA PONIENTE,NA,NA,",,,",CIRCUITO,PORTAL DEL BARRIO DE LA ESTACION,3,20,46,23,20:46,false,true,3,contusa,1 HOMBRE CON UN PASAMONTAÑA CON LA IMAGEN DE UNA SONRISA UNA GORRA COLOR NEGRO CON ROJO,ND,H,H,8,1,N,N,0,0,false,0,N,N,3,celular,0,13000,false,1,4,0,NA,NA,0,NA,1,PARADO,NO,HOMBRE,1921,-102.24134939,21.91618042
252045834,0,30422,ROBO PERSONA,ND,10,2025-10-20,43,1,1,FRACCIONAMIENTO,PERIODISTAS,204,204,AVENIDA,POLIDUCTO,NA,NA,",,,",AVENIDA,MARIANO HIDALGO,5,20,43,23,20:43,false,true,1,cortante,2 HOMBRES UNO VISTE SUDADERA BLANCA Y OTRO SUDADERA AZUL,ND,H,H,8,0,N,N,0,0,false,0,N,N,"6,31,38,40","tecnologia,mochila,otros,tarjeta",0,0,false,1,1,0,NA,NA,0,NA,1,PARADO,NO,HOMBRE,1922,-102.25300902,21.85068611
252045841,0,30421,ROBO PERSONA,ND,10,2025-10-20,43,1,5,EJIDO,LAS LIEBRES,1108R,0,CALLE,BAJIO DE LAS LIEBRES,NA,NA,",,,",CALLE,ND,7,20,54,23,20:54,false,true,10,sin datos,2 HOMBRES,ND,H,H,8,0,N,N,1,0,false,0,MOTOCICLETA,MOTOCICLETA,"3,6,28,29","celular,tecnologia,dinero,cartera",2500,9500,false,1,1,0,NA,NA,0,NA,1,TRANSITANDO,NO,HOMBRE,1923,-102.35082171,21.91854886
252046264,0,30422,ROBO PERSONA,ND,10,2025-10-20,43,1,1,FRACCIONAMIENTO,VILLAS DEL RIO,416,416,CALLE,VILLAS DEL RIO,NA,NA,"224,,,",CALLE,JOSE E FEMAT GUTIERREZ,3,17,0,22,17:00,false,false,9,ninguna,ND,ND,ND,H,8,0,N,N,0,0,false,0,N,N,"3,40","celular,tarjeta",0,9500,false,1,1,4791,NA,NA,0,NA,1,PARADO,NO,HOMBRE,1924,-102.24268309,21.93875972
252044277,0,30446,ROBO PERSONA,ND,10,2025-10-20,43,1,1,FRACCIONAMIENTO,JOSE LOPEZ PORTILLO,175,175,CALLE,PROFESOR RICARDO GARCIA MENDOZA,NA,NA,"700,,,",CALLE,ARQUITECTO CARLOS CONTRERAS,2,16,34,22,16:34,false,false,9,ninguna,1 HOMBRE VISTE SUDADERA NEGRA PANTALON CAFE,ND,H,M,8,0,N,N,0,0,false,0,N,N,3,celular,0,10000,false,1,1,0,NA,NA,0,NA,2,PARADO,NO,MUJER,1925,-102.32095304,21.85471149
251947016,0,50305,ROBO PERSONA,ND,10,2025-10-06,41,1,1,FRACCIONAMIENTO,JARDINES DEL SOL,623,623,CALLE,ULTRAVIOLETA,NA,NA,",,,",CALLE,IGNACIO VALLARTA,5,7,0,19,07:00,false,false,9,ninguna,2 MUJERES CON CABELLO LACIO A LOS HOMBROS COMPLEXION DELGADA NARIZ CHATA,ND,M,H,8,0,N,N,0,0,false,0,N,N,"28,29","dinero,cartera",700,700,false,1,13,0,NA,NA,0,NA,1,TRANSITANDO,NO,HOMBRE,1926,-102.27589244,21.86333700
252007223,0,50305,ROBO PERSONA,ND,10,2025-10-15,42,3,1,COLONIA,OJO DE AGUA,621,621,AVENIDA,DE LA CONVENCION DE 1914 SUR,NA,NA,",,,",CALLE,CRUCITAS,5,19,12,23,19:23,false,false,9,ninguna,1 HOMBRE 175 ESTATURA VISTE PANTALON FORMAL 1 MUJER VISTE PLAYERA FLOREADA PANTALON MEZCLILLA PALO LACIO,ND,A,H,8,0,N,N,0,0,false,0,N,N,"3,29","celular,cartera",0,0,false,1,2,0,NA,NA,0,NA,1,ND,NO,HOMBRE,1927,-102.28023013,21.86698984
252043055,0,50301,ROBO PERSONA,MARIPOSA,10,2025-10-20,43,1,1,COLONIA,OBRAJE,518,518,CALLE,LANCEROS DE AGUASCALIENTES,NA,NA,",,,",CALLE,PROFESOR ENRIQUE OLIVARES SANTANA,2,12,52,21,12:52,false,false,9,ninguna,ND,ND,ND,M,8,0,N,N,0,0,false,0,N,N,14,bicicleta,0,0,false,1,1,0,NA,NA,0,NA,1,ND,NO,MUJER,1928,-102.29977929,21.87274645
252049267,0,30422,ROBO PERSONA,ND,10,2025-10-21,43,2,1,FRACCIONAMIENTO,CAMPESTRE 1A SECCION,485,485,AVENIDA,UNIVERSIDAD,NA,NA,",,,",AVENIDA,ISABELA CATOLICA,6,12,41,21,12:41,false,false,9,ninguna,ND,ND,ND,M,8,0,N,N,0,0,false,0,N,N,"26,29","bolso, cartera",0,0,false,1,2,0,NA,NA,0,NA,1,PARADO,NO,MUJER,1929,-102.31755220,21.92421154
252049324,0,30422,ROBO PERSONA,ND,10,2025-10-21,43,2,1,FRACCIONAMIENTO,VILLAS DE SAN NICOLAS,511,511,AVENIDA,LUIS DONALDO COLOSIO,NA,NA,",,,",AVENIDA,INDEPENDENCIA,6,12,55,21,12:55,false,false,9,ninguna,ND,ND,ND,M,8,0,N,N,0,0,false,0,MOTOCICLETA,MOTOCICLETA,"26,28","bolso,dinero",400,400,false,1,1,0,NA,NA,0,NA,1,PARADO,NO,MUJER,1930,-102.29860310,21.92531825
252052841,0,30422,ROBO PERSONA,ND,10,2025-10-21,43,2,1,FRACCIONAMIENTO,BAJIO DE LAS PALMAS,588,588,CALLE,PALMA MEXICANA,NA,NA,",,,",AVENIDA,TECNOLOGICO,5,22,42,24,22:42,false,false,9,ninguna,2 HOMBRES,ND,H,H,8,0,N,N,0,0,false,0,MOTOCICLETA,MOTOCICLETA UNA COLOR NEGRO Y OTRA COLOR VERDE,"3,28,29","celular,dinero,cartera",100,100,false,1,1,0,NA,NA,0,NA,1,TRANSITANDO,NO,MENOR,1931,-102.23992569,21.86589056
252051313,0,30446,ROBO PERSONA,MARIPOSA,10,2025-10-21,43,2,5,COLONIA,EL CHAVEÑO,942,942,AVENIDA,ALEJANDRO DE LA CRUZ,NA,NA,",,,",CALLE,IGNACIO ALLENDE,7,18,30,22,18:30,false,false,9,ninguna,1 HOMBRE EDAD APROX 20 AÑOS,ND,H,H,8,0,N,N,0,0,false,0,N,N,14,bicicleta,0,0,false,1,13,0,NA,NA,0,NA,1,PARADO,NO,HOMBRE,1932,-102.35460210,21.96474725
252051463,0,30446,ROBO PERSONA,ND,10,2025-10-21,43,2,1,FRACCIONAMIENTO,EL PUERTECITO,407,407,CALLE,PUERTO DOS BOCAS,NA,NA,"218,,,",CALLE,PUERTO ISLA DEL CARMEN,3,18,58,22,18:58,false,false,9,ninguna,1 HOMBRE,ND,H,H,8,0,N,N,0,0,false,0,N,N,"15,31","joyeria,mochila",0,0,false,1,1,0,NA,NA,0,NA,1,PARADO,NO,MENOR,1933,-102.24861291,21.93774724
252053039,0,30907,ROBO PERSONA,ND,10,2025-10-21,43,2,1,FRACCIONAMIENTO,"VILLA DE NUESTRA SEÑORA DE LA ASUNCION, SECTOR ESTACION",354,354,CALLE,SALVADOR DURAN CASTAÑEDO,NA,NA,"133,,,",CALLE,VIVERO DE LOS ROMEROS,3,23,18,24,23:18,false,true,1,cortante,5 HOMBRES,ND,H,H,8,0,N,N,0,0,false,0,COCHE,COCHE CHEVY COLOR GRI SIN PLACAS,3,celular,0,0,false,1,1,0,NA,NA,0,NA,1,PARADO,NO,HOMBRE,1934,-102.26212058,21.93737531
252036051,0,50305,ROBO PERSONA,ND,10,2025-10-19,42,7,1,EJIDO,LOS POCITOS,565,565,AVENIDA,EUGENIO GARZA SADA,NA,NA,",,,",AVENIDA,BENITO JUAREZ,6,14,37,21,14:37,false,true,10,otras,1 HOMBRE VISTE CAMISA ROJA PANTALON MEZCLILLA,ND,H,H,8,0,N,N,0,0,false,0,ND,ND,28,dinero,20,20,false,1,1,0,NA,NA,0,NA,1,PARADO,NO,HOMBRE,1935,-102.33693432,21.92275349
252019802,0,50107,ROBO PERSONA,ND,10,2025-10-17,42,5,5,COLONIA,CENTRO,961,961,AVENIDA,PANAMERICANA,NA,NA,",,,",CARRETERA,SAN ANTONIO DE LOS HORCONES,7,16,10,22,16:10,false,false,9,ninguna,1 HOMBRE,ND,H,H,5,0,N,N,0,0,false,0,N,N,3,celular,0,3000,false,1,1,0,NA,NA,0,NA,1,TRANSITANDO,NO,HOMBRE,1936,-102.28869129,21.99307354
252051447,0,60204,ROBO PERSONA,MARIPOSA,10,2025-10-21,43,2,1,ESPECIAL,UGASA,540,540,CALLE,CANAL INTERECEPTOR,NA,NA,",,,",AVENIDA,FUNDICION,6,18,56,22,18:56,false,false,9,ninguna,ND,ND,ND,H,8,0,N,N,0,0,false,0,N,N,14,bicicleta,0,0,false,20,20,0,NA,NA,0,NA,1,PARADO,NO,HOMBRE,1937,-102.31570788,21.90239662
252057575,0,30422,ROBO PERSONA,ND,10,2025-10-22,43,3,1,FRACCIONAMIENTO,MUNICIPIO LIBRE,223,223,CALLE,JABONERA,NA,NA,",,,",CALLE,LAS AVES,4,19,1,23,19:01,false,false,9,ninguna,1 HOMBRE,ND,H,H,3,0,N,N,0,0,false,0,N,N,53,casco,0,1500,false,1,1,0,NA,NA,0,NA,1,PARADO,NO,HOMBRE,1938,-102.25562890,21.89738228
252056658,0,30446,ROBO PERSONA,ND,10,2025-10-22,43,3,1,FRACCIONAMIENTO,TROJES DEL SUR,152,152,CALLE,PARQUE DE LOS NARANJOS,NA,NA,",,,",CALLE,PARQUE DE LOS ALAMOS,2,16,40,22,16:40,false,false,9,ninguna,HOMBRES,ND,H,H,8,0,N,N,0,0,false,0,MOTOCICLETA,MOTOCICLETA,11,herramienta,0,3000,false,1,1,0,NA,NA,0,NA,1,PARADO,NO,HOMBRE,1939,-102.29445763,21.84685930
252056840,0,30446,ROBO PERSONA,MARIPOSA,10,2025-10-22,43,3,1,FRACCIONAMIENTO,COLINAS DE SAN IGNACIO,646,646,CALLE,ANTOGUO CAMINO A SAN IGNACIO,NA,NA,",,,",AVENIDA,AGUASCALIENTES PONIENTE,6,16,59,22,16:59,false,false,9,ninguna,ND,ND,ND,H,8,0,N,N,0,0,false,0,N,N,14,bicicleta,0,0,true,1,10,0,NA,NA,0,NA,1,PARADO,NO,HOMBRE,1940,-102.31720019,21.89867891
252057340,0,30446,ROBO PERSONA,ND,10,2025-10-22,43,3,1,FRACCIONAMIENTO,ARELLANO,636,636,CALLE,CARLOS SALINAS DE GORTARI,NA,NA,",,,",AVENIDA,ADOLFO LOPEZ MATEOS,5,18,30,22,18:30,false,false,9,ninguna,1 HOMBRE,ND,H,H,8,0,N,N,0,0,false,0,N,N,3,celular,0,0,false,1,1,0,NA,NA,0,NA,2,PARADO,NO,HOMBRE,1941,-102.27637943,21.80119142
252057911,0,30446,ROBO PERSONA,MARIPOSA,10,2025-10-22,43,3,1,FRACCIONAMIENTO,LOMAS DEL CAMPESTRE I,123,123,AVENIDA,UNIVERSIDAD,NA,NA,",,,",CALLE,MONTES APALACHES,6,19,48,23,19:48,false,false,9,ninguna,ND,ND,ND,H,8,0,N,N,0,0,false,0,N,N,14,bicicleta,0,85000,false,1,1,0,NA,NA,0,NA,1,PARADO,NO,HOMBRE,1942,-102.31578397,21.92132054
252058665,0,30446,ROBO PERSONA,ND,10,2025-10-22,43,3,1,FRACCIONAMIENTO,VILLAS DEL RIO,416,416,CALLE,VILLAS DEL RIO,NA,NA,",,,",CALLE,RIO BALSAS,3,21,45,24,21:45,false,false,9,ninguna,ND,ND,ND,H,8,0,N,N,0,0,false,0,N,N,"28,29","dinereo,cartera",700,700,false,1,1,0,NA,NA,0,NA,2,TRANSITANDO,NO,MENOR,1943,-102.24333945,21.94049934
252061738,0,30422,ROBO PERSONA,ND,10,2025-10-23,43,4,5,COLONIA,AYUNTAMIENTO,1049,1049,CALLE,IGNACIO ALLENDE,NA,NA,"732,,,",CALLE,MUNICIPIO,7,11,20,20,11:20,false,false,9,ninguna,1 HOMBRE VISTE CAMISA GRIS PANTALON CAMUFLAGEADO,9,H,H,8,0,N,N,0,0,false,0,N,N,3,celular,0,1000,false,1,1,0,NA,NA,0,NA,1,PARADO,NO,HOMBRE,1944,-102.35101003,21.96372243
252063726,0,30422,ROBO PERSONA,ND,10,2025-10-23,43,4,1,COLONIA,FATIMA,503,503,AVENIDA,UNIVERSIDAD,NA,NA,",,,",CALLE,SAN MIGUEL AL ALTO,6,18,6,22,18:06,false,false,9,ninguna,1 HOMBRE VESTIMENTA DE CHOLO,N,HOMBRE,MUJER,8,1,N,N,0,0,false,0,N,N,15,joyeria,0,0,true,1,4,0,NA,NA,0,NA,1,TRANSITANDO,NO,MUJER,1945,-102.31057329,21.90915822
252061929,0,30446,ROBO PERSONA,ND,10,2025-10-23,43,4,1,FRACCIONAMIENTO,MUJERES ILUSTRES,457,457,AVENIDA,DEL REY,NA,NA,"136,,,",CALLE,JUANA DE ARCO,5,12,21,21,12:21,false,false,9,ninguna,ND,ND,ND,M,8,0,N,N,0,0,false,0,N,N,"3,27","celular,documentos",0,2000,false,1,1,0,NA,NA,0,NA,1,PARADO,NO,MUJER,1946,-102.25168338,21.84870303
251944064,0,30904,ROBO PERSONA,ND,10,2025-10-05,40,7,1,FRACCIONAMIENTO,"VILLA DE NUESTRA SEÑORA DE LA ASUNCION, SECTOR SAN MARCOS",580,580,CALLE,ERMITA SAN SEBASTIAN,NA,NA,",,,",AVENIDA,POLIDUCTO,3,20,34,23,20:34,true,true,10,sin datos,3 HOMBRES UNNO VISTE SUDADERA GRIS OCN CAPUCHA Y GORRA NEGRA,ND,H,H,8,0,N,N,0,0,false,0,N,N,39,sin datos,0,0,false,1,13,0,NA,NA,0,NA,1,ND,NO,HOMBRE,1947,-102.26205475,21.92855876
252071790,0,30421,ROBO PERSONA,ND,10,2025-10-24,43,5,1,COLONIA,MACIAS ARELLANO,608,608,CALLE,A,NA,NA,",,,",CALLE,I,3,22,25,24,22:25,false,true,1,cortante,1 HOMBRE,ND,H,H,3,0,N,N,0,0,false,0,N,N,3,celular,0,0,false,1,1,0,NA,NA,0,NA,1,ND,NO,HOMBRE,1948,-102.28356010,21.91057235
252077205,0,30421,ROBO PERSONA,ND,10,2025-10-25,43,6,1,FRACCIONAMIENTO,RODOLFO LANDEROS GALLEGOS,226,115,AVENIDA,POLIDUCTO,NA,NA,",,,",AVENIDA,RODOLFO LANDEROS GALLEGOS,3,18,33,22,18:33,false,true,4,fuego,6 MENORES,ND,H,H,8,0,N,N,0,0,false,0,N,N,"12,15","ropa,joyeria",0,3000,false,1,1,0,NA,NA,0,NA,1,TRANSITANDO,NO,MENOR,1949,-102.24858602,21.90380107
252078159,0,30421,ROBO PERSONA,ND,10,2025-10-25,43,6,1,SUBDIVISION,BARRANCA DE GUADALUPE,361,361,CALLE,ND,NA,NA,",,,",CALLE,ND,2,20,39,23,20:39,false,true,"1,2","cortante,punzante",2 HOMBRES UNO VISTE CAMISA NEGRA PANTALON MEZCLILLA OTRO CAMISA ROJA CON GORRO,ND,H,H,8,0,N,N,0,0,false,0,N,N,"28,29,31,38","dinero,cartera,mochila,otros",1500,1500,false,1,1,0,NA,NA,0,NA,1,TRANSITANDO,NO,HOMBRES,1950,-102.31331691,21.87076576
252078537,0,30421,ROBO PERSONA,ND,10,2025-10-25,43,6,1,FRACCIONAMIENTO,MORELOS I,598,598,CALLE,MAYO DE 1812,NA,NA,",,,",AVENIDA,SIGLO XXI,5,21,29,22,21:29,false,true,1,cortante,2 HOMBRES UNO VISTE SUDADERA CAMUFLAGEADA CON GORRA GRIS,ND,H,H,8,0,N,N,0,0,false,0,N,N,29,cartera,0,0,false,1,1,0,NA,NA,0,NA,1,TRANSITANDO,NO,HOMBRE,1951,-102.26057628,21.85517647
252081309,0,30422,ROBO PERSONA,ND,10,2025-10-26,43,7,1,FRACCIONAMIENTO,JESUS GOMEZ PORTUGAL,585,585,CALLE,ANTARES,NA,NA,"303,,,",CALLE,CRUZ DEL SUR,5,2,48,26,02:48,false,false,9,ninguna,1 HOMBRE CONDUCTOR DE UBER,ND,H,M,8,0,N,N,0,0,false,0,UBER,UBER COLOR ROJO,"26,28,40","bolso,dinero,tarjetas",1500,1500,false,1,6,0,NA,NA,0,NA,1,ND,NO,MUJER,1952,-102.26582370,21.87156075
252081669,0,30421,ROBO PERSONA,MARIPOSA,10,2025-10-26,43,7,1,FRACCIONAMIENTO,LA ESTRELLA,207,207,CALLE,CASTOR,NA,NA,",,,",CALLE,LIRA,3,3,33,26,03:33,false,true,10,sin datos,1 HOMBRE CON EXPANSIONES EL LAS OREJAS VISTE PLYARA BLANCA,ND,H,H,8,0,N,N,0,0,false,0,COCHE,COCHE COLOR AZUL CIELO,14,bicicleta,0,1500,false,1,1,0,NA,NA,0,NA,1,TRANSITANDO,NO,HOMBRE,1953,-102.28211447,21.90348855
252081944,0,30421,ROBO PERSONA,ND,10,2025-10-26,43,7,1,FRACCIONAMIENTO,PINTORES MEXICANOS,671,671,CALLE,PEDRO CORONEL,NA,NA,",,,",CALLE,FRANCISCO GOITIA,3,4,14,26,04:14,false,true,10,sin datos,6 HOMBRES,ND,H,H,8,0,N,N,1,0,false,0,N,N,"28,30,31","dinero,llaves,mochila",0,0,false,1,1,0,NA,NA,0,NA,1,TRANSITANDO,NO,HOMBRE,1954,-102.26402602,21.92025002
252084399,0,30422,ROBO PERSONA,ND,10,2025-10-26,43,7,1,COLONIA,ZONA CENTRO,501,501,CALLE,FRANCISCO I MADERO,NA,NA,",,,",CALLE,JOSE MARIA CHEAVEZ,1,14,18,21,14:18,false,false,9,ninguna,1 HOMBRE,HECTOR PALACIOS DURON,H,M,8,1,N,N,0,0,false,0,N,N,26,bolso,0,0,false,1,4,0,NA,NA,0,NA,2,PARADO,NO,MUJER,1955,-102.29670962,21.88104986
252068033,0,30446,ROBO PERSONA,ND,10,2025-10-24,43,5,1,FRACCIONAMIENTO,LOMAS DE SANTA ANITA,227,227,AVENIDA,SIGLO XIX,NA,NA,",,,",AVENIDA,DE LA CONVENCION DE 1914 ORIENTE,4,11,56,20,1:56,false,false,9,ninguna,1 HOMBRE 1 MUJER,ND,A,M,8,0,N,N,0,0,false,0,N,N,31,mochila,0,0,false,1,1,0,NA,NA,0,NA,1,PARADO,NO,MUJER,1956,-102.27373875,21.89108176
252069169,0,30446,ROBO PERSONA,MARIPOSA,10,2025-10-24,43,5,1,EJIDO,LOS POCITOS,565,565,CALLE,EUGENIO GARZA SADA,NA,NA,",,,",CALLE,ANTONIO CARDONA,6,15,41,22,15:41,false,false,9,ninguna,1 HOMBRE,ND,H,H,3,0,N,N,0,0,false,0,N,N,14,bicicleta,0,0,false,1,1,0,NA,NA,0,NA,1,PARADO,NO,HOMBRE,1957,-102.33510234,21.91963636
252071080,0,30446,ROBO PERSONA,MARIPOSA,10,2025-10-24,43,5,1,FRACCIONAMIENTO,CIRCUNVALACION NORTE,243,243,CALLE,EUCALIPTO,NA,NA,",,,",CALLE,ALFREDO LEWIS,6,20,48,23,20:48,false,false,9,ninguna,1 HOMBRE,ND,H,H,8,0,N,N,0,0,false,0,N,N,14,bicicleta,0,2000,false,1,1,0,NA,NA,0,NA,1,PARADO,NO,HOMBRE,1958,-102.30236353,21.89682159
642201099,0,30422,ROBO PERSONA,ND,10,2025-10-27,44,1,6,COLONIA,PROGRESO SUR,1131,1131,CALLE,NICOLAS ESPARZA SUR,NA,NA,",,,",CALLE,MARCOS PUGA HERNANDEZ,7,1,35,25,01:35,false,false,9,ninguna,1 HOMBRE,MIGUEL ANGEL HERNANDEZ REYES 23 AÑOS,H,ND,8,1,N,N,0,0,false,0,N,N,3,celular,0,0,false,1,4,0,NA,NA,0,NA,1,ND,NO,ND,1959,-102.28542394,22.14620920
252084231,0,50107,ROBO PERSONA,ND,10,2025-10-26,43,7,3,COLONIA,LA FORTUNA,817,817,CALLE,SAN ISIDRO,NA,NA,"217,,,",CALLE,GUADALUPE,7,13,55,21,13:55,false,false,9,ninguna,1 HOMBRE,ND,H,M,5,0,N,N,0,0,false,0,N,N,3,celular,0,0,false,1,1,0,NA,NA,0,NA,1,PARADO,NO,MUJER,1960,-102.66915180,21.87661793
252085593,0,50107,ROBO PERSONA,ND,10,2025-10-26,43,7,1,FRACCIONAMIENTO,PASEOS DE SAN ANTONIO,634,634,AVENIDA,DE LAS PRESAS,NA,NA,",,,",AVENIDA,RANCHO SAN ANTONIO,5,17,19,22,17:19,false,false,9,ninguna,1 HOMBRE,ND,H,H,3,0,N,N,0,0,false,0,N,N,28,dinero,500,500,false,1,1,0,NA,NA,0,NA,1,TRANSITANDO,NO,HOMBRE,1961,-102.26673714,21.81006886
252094757,0,30422,ROBO PERSONA,ND,10,2025-10-27,44,1,1,FRACCIONAMIENTO,VISTA DEL SOL III,573,573,AVENIDA,ARQUEROS,NA,NA,",,,",CALLE,NADIR,5,20,3,23,20:03,false,false,9,ninguna,ND,ND,ND,H,8,0,N,N,0,0,false,0,N,N,"3,12,31","celular,ropa,mochila",0,0,false,1,1,0,NA,NA,0,NA,1,ND,NO,HOMBRE,1962,-102.26931721,21.86356293
252095320,0,30421,ROBO PERSONA,ND,10,2025-10-27,44,1,1,FRACCIONAMIENTO,MIRADOR DE LAS CULTURAS II,340,340,CALLE,CULTURA NAZCA 208,NA,NA,"28,,,",AVENIDA,CULTURA NAZCA,3,21,25,23,21:25,false,true,"1,3","cortante, contusa",ND,ND,ND,H,8,0,N,N,0,0,false,0,N,N,"3,28","celular,dinero",2000,2000,false,1,1,0,NA,NA,0,NA,1,PARADO,NO,HOMBRE,1963,-102.23931786,21.91023277
252095516,0,30421,ROBO PERSONA,ND,10,2025-10-27,44,1,1,FRACCIONAMIENTO,EL DORADO 1A SECCION,159,159,AVENIDA,AGUASCALIENTES SUR,NA,NA,",,,",CALLE,REPUBLICA DEL SALVADOR,2,21,48,24,21:48,false,true,4,fuego,2 PERSONAS,ND,ND,H,8,0,N,N,0,0,false,0,COCHE,COCHE COLOR BLANCO TIPO TIIDA CON UN FARO FUNDIDO,"3,12,31","ccelular,ropa,mochila",0,0,false,1,1,0,NA,NA,0,NA,1,TRANSITANDO,NO,HOMBRE,1964,-102.30341979,21.85941479
252096906,0,30422,ROBO PERSONA,ND,10,2025-10-28,44,2,1,FRACCIONAMIENTO,"VILLA DE NUESTRA SEÑORA DE LA ASUNCION, SECTOR GUADALUPE",342,342,CALLE,CELIA MARIA MARTINEZ,NA,NA,",,,",CALLE,JOSE E FEMAT GUTIERREZ,3,2,48,25,02:48,false,false,9,ninguna,2 PERSONAS,ND,ND,H,8,0,N,N,0,0,false,0,N,N,"28,29,40","dinero,cartera,tarjeta",300,300,false,1,57,0,NA,NA,0,NA,1,ND,NO,HOMBRE,1965,-102.25496234,21.93212023
252091802,0,30446,ROBO PERSONA,MARIPOSA,10,2025-10-27,44,1,1,COLONIA,DEL TRABAJO,246,246,CALLE,CONQUISTA,NA,NA,"103,,,",CALLE,SEGURO SOCIAL,4,11,50,20,11:50,false,false,9,ninguna,1 HOMBRE,ND,H,H,8,0,N,N,0,0,false,0,N,N,14,bicicleta,0,0,false,1,1,0,NA,NA,0,NA,1,PARADO,NO,HOMBRE,1966,-102.27606322,21.88969659
252092942,0,30446,ROBO PERSONA,MARIPOSA,10,2025-10-27,44,1,5,COLONIA,CENTRO,938,938,AVENIDA,SAN MIGUEL,NA,NA,"407,,,",CALLE,NUEVA,7,15,27,21,15:27,false,false,9,ninguna,ND,ND,ND,M,8,0,N,N,0,0,false,0,N,N,14,bicicleta,0,0,false,1,1,0,NA,NA,0,NA,1,PARADO,NO,MUJER,1967,-102.34014671,21.96180172
24220100,0,30421,ROBO PERSONA,ND,10,2025-10-27,44,1,2,BARRIO,EL RASCON,774,774,CALLE,BENITO JUAREZ,NA,NA,",,,",CALLE,PINO SUAREZ ORIENTE,7,22,30,24,22:30,false,true,10,sin datos,1 HOMBRE,JOVANY ALEJANDRO RAMIREZ HERNANDEZ 25 AÑOS,H,H,8,1,N,N,0,0,false,0,N,N,39,sin datos,0,0,false,1,4,0,NA,NA,0,NA,1,ND,NO,PASAJEROS,1968,-102.07081061,22.09139957
64220101,0,30421,ROBO PERSONA,ND,10,2025-10-27,44,1,6,COLONIA,5 DE MAYO,1115,1115,BOULEVARD,PLUTARCO ELIAS CALLES,NA,NA,",,,",CALLE,DEL DEPORTE,7,15,50,22,15:50,false,true,10,sin datos,1 HOMBRE,ANGEL GABRIEL HERNANDEZ 16 AÑOS,H,H,8,0,N,N,0,0,false,0,N,N,38,sin datos,0,0,false,1,4,0,NA,NA,0,NA,1,ND,NO,MENOR,1969,-102.28096951,22.14726883
252099464,252099517,30421,ROBO PERSONA,ND,10,2025-10-28,44,2,5,COLONIA,LA CAÑADA,1062,1062,AVENIDA,SOLIDARIDAD,NA,NA,",,,",CALLE,ND,7,15,1,21,15:01,false,true,1,cortante,ND,ND,ND,H,8,0,N,N,0,0,false,0,N,N,39,sin datos,0,0,false,1,2,0,NA,NA,0,NA,1,ND,NO,HOMBRE,1970,-102.35549315,21.95332505
252100093,0,30422,ROBO PERSONA,ND,10,2025-10-28,44,2,1,FRACCIONAMIENTO,REAL DEL SOL,412,412,CIRCUITO,PLUTON,NA,NA,",,,",AVENIDA,VALLARTA,4,16,38,22,16:38,false,false,9,ninguna,1 HOMBRE ESTATURA ALTO TEZ MORENO VISTE PLAYERA ROJA PANTALON NEGRO,ND,H,H,8,0,N,N,0,0,false,0,N,N,"3,28,29,40","celular,dinero,cartera,tarjeta",500,3500,false,1,1,0,NA,NA,0,NA,1,PARADO,NO,HOMBRE,1971,-102.23601723,21.89073989
252101891,0,30422,ROBO PERSONA,ND,10,2025-10-28,44,2,1,FRACCIONAMIENTO,MUNICIPIO LIBRE,223,223,AVENIDA,SIGLO XXI,NA,NA,",,,",CALLE,FUENTE DEL TROCADERO,4,20,59,23,20:59,false,false,9,ninguna,ND,ND,ND,H,8,0,N,N,0,0,false,0,N,N,3,celular,0,6000,false,1,1,0,NA,NA,0,NA,1,TRANSITANDO,NO,MENOR,1972,-102.25375711,21.89338616
252102675,0,30421,ROBO PERSONA,ND,10,2025-10-28,44,2,1,FRACCIONAMIENTO,LOS PERICOS,287,287,CALLE,SAN IGNACIO,NA,NA,"303,,,",CALLE,SAN RAFAEL,4,22,57,24,22:57,false,true,3,contusa,1 HOMBRE,EL PELUZO,H,M,3,0,N,N,0,0,false,0,N,N,3,celular,0,0,false,1,2,0,NA,NA,0,NA,1,ND,NO,MUJER,1973,-102.24410021,21.90137859
252103631,0,30422,ROBO PERSONA,ND,10,2025-10-29,44,3,1,FRACCIONAMIENTO,"VILLA DE NUESTRA SEÑORA DE LA ASUNCION, SECTOR ALAMEDA",330,330,CALLE,VALLE DE LOS ROMEROS,NA,NA,",,,",CALLE,LUIS CHAVEZ,3,2,46,25,02:46,false,false,9,ninguna,2 HOMBRES UNO VISTE PLAYERA ROJA Y EL OTRO PLAYERA BLANCA,ND,H,H,8,0,N,N,0,0,false,0,N,N,3,celular,0,0,false,1,2,0,NA,NA,0,NA,1,ND,NO,HOMBRE,1974,-102.26372993,21.93458297
252103692,0,30421,ROBO PERSONA,ND,10,2025-10-29,44,3,1,FRACCIONAMIENTO,"VILLA DE NUESTRA SEÑORA DE LA ASUNCION, SECTOR ESTACION",354,354,CALLE,MATEO HERNANDEZ VAZQUEZ,NA,NA,",,,",CALLE,FRANCISCO DE LA J HERRERA L,3,3,8,26,03:08,false,true,1,cortante,4 HOMBRES VISTEN DE ASPECTO CHOLOY DE NEGRO,ND,H,H,8,0,N,N,0,0,false,0,N,N,"3,29,40","celular,cartera,tarjeta",0,0,false,1,2,0,NA,NA,0,NA,1,ND,NO,HOMBRE,1975,-102.26396412,21.93705705
252104303,0,30421,ROBO PERSONA,ND,10,2025-10-29,44,3,1,FRACCIONAMIENTO,VERSALLES II,164,164,CALLE,LUIS ORTEGA DOUGLAS,NA,NA,"128,,,",CALLE,GENERAL FORTUNATO MAYCOTTE,2,7,37,19,07:37,false,true,"1,4","cotante,fuego",HOMBRES UNO VISTE CHAMARRA NEGRA PANTALON MEZCLILLA,ND,H,M,8,0,N,N,0,0,false,0,N,N,3,celular,0,0,false,1,2,0,NA,NA,0,NA,1,ND,NO,MUJER,1976,-102.31234328,21.85773263
252103981,0,30446,ROBO PERSONA,ND,10,2025-10-29,44,3,1,BARRIO,LA SALUD,499,499,AVENIDA,DE LA CONVENCION DE 1914 SUR,NA,NA,"122,,,",AVENIDA,HEROE DE NACOZARI SUR,5,6,3,19,06:34,false,false,9,ninguna,1 HOMBRE,ND,H,H,8,0,N,N,0,0,false,0,N,N,3,celular,0,0,false,1,1,0,NA,NA,0,NA,2,PARADO,NO,HOMBRE,1977,-102.28123516,21.86687718
252097695,0,30904,ROBO PERSONA,ND,10,2025-10-28,44,2,3,COLONIA,EL CERRITO ALTO,811,811,CALLE,NEVADO DE COLIMA,NA,NA,",,,",CALLE,EMIGDIO URRUTIA CARRERA,7,9,6,20,09:06,false,false,9,ninguna,1 HOMBRE,JUAN LUIS SANCHEZ RAMIREZ,H,M,8,0,N,N,0,0,false,0,N,N,3,celular,0,0,false,1,1,0,NA,NA,0,NA,1,ND,NO,MUJER,1978,-102.72860617,21.84042689
252107724,0,30422,ROBO PERSONA,MARIPOSA,10,2025-10-29,44,3,1,FRACCIONAMIENTO,LAS VIÑAS,230,230,CIRCUITO,DE LA VID,NA,NA,"307,,,",CIRCUITO,DE LAS PARRAS,3,19,5,23,19:05,false,false,9,ninguna,1 HOMBRE VISTE SUDADERA COLOR GRIS OSCURO Y PANTALON NEGRO,ND,H,M,8,0,N,N,0,0,false,0,N,N,"14,28,29","bicicleta,dinero,cartera",1000,3500,false,1,1,0,NA,NA,0,NA,1,PARADO,NO,MUJER,1979,-102.28242718,21.89988750
252107892,0,30421,ROBO PERSONA,ND,10,2025-10-29,44,3,1,FRACCIONAMIENTO,JOSE GUADALUPE PERALTA GAMEZ,334,334,CALLE,ANASTACIO DIAZ,NA,NA,",,,",AVENIDA,PROCERES DE LA ENSEÑANZA,4,19,36,23,19:36,false,true,4,fuego,1 HOMBRE VISTE DE NEGRO,ND,H,H,8,0,N,N,0,0,false,0,N,N,3,celular,0,0,false,1,1,0,NA,NA,0,NA,1,ND,NO,HOMBRE,1980,-102.23715169,21.86967464
252108306,0,30422,ROBO PERSONA,MARIPOSA,10,2025-10-29,44,3,5,FRACCIONAMIENTO,CAMPO REAL,954,954,CALLE,CAMINO DEL CAMPO,NA,NA,",,,",CALLE,PRIMAVERA,7,20,43,23,20:43,false,false,9,ninguna,2 HOMBRES UNO VISTE DE NEGRO Y OTRO DE GRIS,ND,H,H,8,0,N,N,0,0,false,0,N,N,3,bicicleta,0,0,false,1,2,0,NA,NA,0,NA,1,TRANSITANDO,NO,HOMBRE,1981,-102.32911013,21.94401735
252109005,0,30421,ROBO PERSONA,ND,10,2025-10-29,44,3,1,CONDOMINIO,SAN TELMO NORTE,446,446,PROLONGACION,GENERAL IGNACIO ZARAGOZA,NA,NA,",,,",CALLE,A SAN ISIDRO,6,22,35,24,22:35,false,true,1,cortante,2 HOMBRES VISTEN DE GRIS Y NEGRO,ND,H,H,8,0,N,N,0,0,false,0,BICICLETA,BICICLETA,"3,28,29","celular,dinero,cartera",800,2800,false,1,1,0,NA,NA,0,NA,1,TRANSITANDO,NO,HOMBRE,1982,-102.30828465,21.93853423
252106779,0,30446,ROBO PERSONA,RATON,10,2025-10-29,44,3,1,FRACCIONAMIENTO,MEXICO,624,624,CALLE,SONORA,NA,NA,"205,,,",AVENIDA,AGUASCALIENTES SUR,5,15,55,22,15:55,false,false,9,ninguna,1 HOMBRE VISTE PLAYERA GRIS PANTALON MEZCLILLA,ND,H,M,8,0,N,N,0,0,false,0,MOTOCICLETA,MOTOCICLETA COLOR GRIS,3,celular,0,3500,false,1,1,0,NA,NA,0,NA,2,PARADO,NO,MUJER,1983,-102.28206384,21.85989023
252072028,0,30427,ROBO PERSONA,TRANSPORTISTA,10,2025-10-24,43,5,6,CARRETERA,45 AGUASCALIENTES ZACATECAS KM 24,1145R,0,CARRETERA,45 AGUASCALIENTES ZACATECAS,24,NA,",,,",N,N,7,22,54,24,22:54,false,true,1,cortante,2 HOMBRES ENCAPUCHADOS CON VESTIMENTA COLOR NEGRO,ND,H,H,8,0,N,N,0,0,false,0,N,N,"3,38","celular,otros",0,3500,false,1,1,0,NA,NA,0,NA,1,PARADO,SI,HOMBRE,1984,-102.27358245,22.09445985
252110625,0,30422,ROBO PERSONA,ND,10,2025-10-30,44,4,1,FRACCIONAMIENTO,OJOCALIENTE I,190,190,AVENIDA,ALAMEDA,NA,NA,",,,",CALLE,SANTA MARIA DE GALLARDO,4,9,14,20,09:14,false,false,9,ninguna,ND,ND,ND,M,8,0,N,N,0,0,false,0,N,N,"3,28,31","celular,dinero,mochila",100,100,false,1,1,0,NA,NA,0,NA,1,PARADO,NO,MUJER,1985,-102.25649373,21.89083504
252111286,0,30421,ROBO PERSONA,ND,10,2025-10-30,44,4,1,FRACCIONAMIENTO,CIRCUNVALACION NORTE,243,243,CALLE,CEDRO,NA,NA,",,,",CALLE,EBANO,6,11,23,20,11:23,false,true,1,cortante,1 HOMBRE ESTATURA ALTO TEZ MORENO,ND,H,M,8,0,N,N,0,0,false,0,CAMIONETA,CAMIONETA,3,celular,0,0,false,1,1,0,NA,NA,0,NA,1,ND,NO,MUJER,1986,-102.29805267,21.90339975
252110747,0,30446,ROBO PERSONA,ND,10,2025-10-30,44,4,1,FRACCIONAMIENTO,RODOLFO LANDEROS GALLEGOS,226,226,CALLE,MARIA LUISA MIER MADRAZO,NA,NA,",,,",CALLE,MARIA ELENA TORRES ESCALANTE,4,9,38,20,09:38,false,false,9,ninguna,ND,ND,ND,M,8,0,N,N,0,0,false,0,N,N,3,celular,0,4000,true,1,10,0,NA,NA,0,NA,1,PARADO,NO,MUJER,1987,-102.25752748,21.90145858
252114891,0,30422,ROBO PERSONA,ND,10,2025-10-30,44,4,1,FRACCIONAMIENTO,REAL DE HACIENDAS,307,307,CALLE,HACIENDA DE CUAUTLA,NA,NA,"302,,,",CALLE,HACIENDA DE CORTES,4,21,23,23,21:23,false,false,9,ninguna,1 HOMBRE VISTE SUDADERA,ND,H,H,8,0,N,N,0,0,false,0,N,N,3,celular,0,3000,false,1,1,0,NA,NA,0,NA,1,ND,NO,HOMBRE,1988,-102.24303762,21.89331801
252115857,0,30421,ROBO PERSONA,ND,10,2025-10-30,44,4,1,BARRIO,LA PURISIMA,202,202,AVENIDA,ALAMEDA,NA,NA,",,,",CALLE,PODERE LEGISLATIVO NORTE,1,23,41,24,23:41,false,true,1,contusa,2 HOMBRES,ND,H,H,8,0,N,N,0,0,false,0,N,N,3,celular,0,0,false,1,1,0,NA,NA,0,NA,1,PARADO,NO,HOMBRE,1989,-102.28404974,21.88244302
252118229,0,30422,ROBO PERSONA,ND,10,2025-10-31,44,5,1,FRACCIONAMIENTO,OJOCALIENTE I,190,190,AVENIDA,OJOCALIENTE,NA,NA,",,,",AVENIDA,ALAMEDA,4,11,39,20,11:39,false,false,9,ninguna,1 HOMBRE TIENE UNA COLETA VISTE PLAYERA GRIS PANTALON MEZCLILLA,ND,H,M,8,0,N,N,0,0,false,0,BICICLETA,BICICLETA,"3,28,29,30,40","celular,dinero,cartera,llaves,tarjeta",550,550,false,1,1,0,NA,NA,0,NA,1,PARADO,NO,MUJER,1990,-102.25716254,21.88967835
252119710,0,30422,ROBO PERSONA,ND,10,2025-10-31,44,5,1,FRACCIONAMIENTO,LIBERTAD,219,219,CALLE,PLAN DE LA PROFESA,NA,NA,"142,,,",CALLE,PANFILO NATERA,3,16,48,22,16:48,false,false,9,ninguna,1 HOMBRE EDAD APROX 30 AÑOS VISTE CAMISA BLANCA PLAYERA AZUL CON BARBA Y BIGOTE DESALINEADO,ND,H,M,8,0,N,N,0,0,false,0,N,N,3,celular,0,0,false,1,1,0,NA,NA,0,NA,1,TRANSITANDO,NO,MUJER,1991,-102.28196959,21.92964069
252121941,0,30421,ROBO PERSONA,ND,10,2025-10-31,44,5,1,FRACCIONAMIENTO,RODOLFO LANDEROS GALLEGOS,226,226,AVENIDA,RODOLFO LANDEROS GALLEGOS,NA,NA,",,,",AVENIDA,POLIDUCTO,3,22,17,24,22:17,false,true,1,cortante,2 HOMBRES VISTEN DE NEGRO TRAEN PASAMONTAÑAS,ND,H,H,8,0,N,N,0,0,false,0,N,N,"28,31,38","dinero,mochila,otros",2000,2000,false,1,1,0,NA,NA,0,NA,1,ND,NO,HOMBRE,1992,-102.24867024,21.90363927
252123785,0,30421,ROBO PERSONA,MARIPOSA,11,2025-11-01,44,6,1,FRACCIONAMIENTO,PILAR BLANCO,142,142,AVENIDA,MAHATMA GANDHI,NA,NA,",,,",CALLE,AGUILA,2,2,7,25,02:07,false,true,1,cortante,1 HOMBRE VISTE CHAMARRA AZUL CON GORRA AMARILLA,ND,H,H,8,0,N,N,0,0,false,0,N,N,14,bicicleta,0,0,false,1,1,0,NA,NA,0,NA,1,TRANSITANDO,NO,HOMBRE,1993,-102.29414160,21.85032205
252123931,0,30421,ROBO PERSONA,ND,11,2025-11-01,44,6,1,FRACCIONAMIENTO,MUNICIPIO LIBRE,223,223,CALLE,TORCAZAS,NA,NA,",,,",CALLE,LAS AVES,4,2,37,25,02:37,false,true,3,contusa,ND,ND,ND,M,8,0,N,N,0,0,false,0,N,N,"3,29","celular,cartera",0,0,false,1,1,0,NA,NA,0,NA,1,ND,NO,MUJER,1994,-102.25580416,21.89697358
252124442,0,30421,ROBO PERSONA,MARIPOSA,11,2025-11-01,44,6,1,FRACCIONAMIENTO,PASEOS DE SAN ANTONIO,634,634,CALLE,PARMA,NA,NA,",,,",CALLE,SANOVA,5,5,37,26,05:37,false,true,1,punzante,1 HOMBRE,ND,H,H,8,0,N,N,0,0,false,0,N,N,"14,29,31","bicicleta,cartera,mochila",0,0,false,1,1,0,NA,NA,0,NA,1,ND,NO,HOMBRE,1995,-102.27531000,21.81189400
252126450,0,30422,ROBO PERSONA,ND,11,2025-11-01,44,6,1,FRACCIONAMIENTO,C.N.O.P. ORIENTE,687,687,BOUEVARD,GUADALUPANO,NA,NA,",,,",AVENIDA,AGUASCALIENTES ORIENTE,3,14,4,21,14:04,false,false,9,ninguna,ND,ND,ND,H,8,0,N,N,0,0,false,0,N,N,3,celular,0,3500,false,1,1,0,NA,NA,0,NA,1,PARADO,NO,HOMBRE,1996,-102.26986667,21.90298717
252129785,0,30422,ROBO PERSONA,ND,11,2025-11-01,44,6,1,FRACCIONAMIENTO,VALLE DE LOS CACTUS,360,360,CALLE,PASEO DE LA BIZNAGA,NA,NA,",,,",CALLE,SALVADOR RAMIREZ MARTIN DEL CAMPO,4,22,13,24,22:13,false,false,9,ninguna,1 HOMBRE VISTE CHALECO Y PANTALON NEGRO,ND,H,H,8,0,N,N,0,0,false,0,N,N,3,celular,0,13000,false,1,2,0,NA,NA,0,NA,1,ND,NO,HOMBRE,1997,-102.23336617,21.86993875
252130092,0,30421,ROBO PERSONA,ND,11,2025-11-01,44,6,1,FRACCIONAMIENTO,MORLEOS I,598,598,CALLE,MEXICO LIBRE,NA,NA,",,,",CALLE,ARTILLERO MIER,5,22,37,24,22:37,false,true,1,cortante,2  HOMBRES UNO VISTE DE NEGRO Y EL OTRO VISTE SUDADERA NEGRA PANTALON AZUL,ND,H,H,8,0,N,N,0,0,false,0,N,N,"3,28,38","celular,dinero,otros",1500,1500,false,1,1,0,NA,NA,0,NA,1,ND,NO,HOMBRE,1998,-102.26566045,21.85493388
252131041,0,30421,ROBO PERSONA,ND,11,2025-11-02,44,7,1,FRACCIONAMIENTO,SOLIDARIDAD IV,195,195,AVENIDA,MARIANO HIDALGO,NA,NA,",,,",AVENIDA,POLIDUCTO,5,0,30,25,00:30,false,true,1,cortante,3 HOMBRES VISTEN DE NEGRO CON GORRA Y CAPUCHA UNO DE ELLOS CON TATUAJES EN LA CARA,ND,H,H,8,0,N,N,0,0,false,0,N,N,"12,31,53","ropa,mochila,casco",0,0,false,1,1,0,NA,NA,0,NA,1,TRANSITANDO,NO,HOMBRE,1999,-102.25402002,21.85028652
252134844,0,30422,ROBO PERSONA,ND,11,2025-11-02,44,7,1,FRACCIONAMIENTO,VILLA DE LAS FUENTES,385,385,CALLE,CULTURA NAZCA,NA,NA,",,,",CALLE,CULTURA MOCHE,3,14,36,21,14:36,false,true,3,contusa,3 HOMBRES UNO VISTE DE NEGRO Y OTRO DE ROSA,ND,H,H,8,0,N,N,0,0,false,0,N,N,28,dinero,1000,1000,false,1,2,0,NA,NA,0,NA,1,ND,NO,HOMBRE,2000,-102.23946321,21.91078413
252135665,0,30422,ROBO PERSONA,ND,11,2025-11-02,44,7,1,FRACCIONAMIENTO,JOSE GUADALUPE PERALTA GAMEZ,334,334,CALLE,PROCERES DE LA ENSEÑANZA,NA,NA,"231,,,",CALLE,ANTONIO LEAL Y ROMERO,4,16,53,22,16:53,false,false,9,ninguna,2 HOMBRES UNO VISTE DE NEGRO Y OTRO DE PLAYERA BLANCA,ND,H,H,8,0,N,N,0,0,false,0,MOTOCICLETA,MOTOCICLETA COLOR NEGRO,3,celular,0,25000,false,1,1,0,NA,NA,0,NA,1,PARADO,NO,HOMBRE,2001,-102.23619017,21.86640070
252136170,0,30421,ROBO PERSONA,ND,11,2025-11-02,44,7,1,FRACCIONAMIENTO,VILLA LAS PALMAS,346,346,CALLE,FRANCISCO JAVIER MINA,NA,NA,",,,",CALE,PROCERES DE LA ENSEÑANZA,5,17,29,22,17:29,false,false,9,ninguna,1 MUJER,ND,M,M,3,0,N,N,0,0,false,0,N,N,"3,28,29","celular,dinero,cartera",100,5100,false,1,1,0,NA,NA,0,NA,1,TRANSITANDO,NO,MUJER,2002,-102.23413098,21.86108733
252144877,0,30421,ROBO PERSONA,ND,11,2025-11-03,45,1,1,FRACCIONAMIENTO,LOMAS DE BELLAVISTA,415,415,CALLE,BELLAVISTA,NA,NA,",,,",CALLE,BELLAVISTA 409,3,22,18,24,22:18,false,false,9,ninguna,2 HOMBRES,ND,H,H,8,0,N,N,0,0,false,0,MOTOCICLETA,MOTOCICLETA TIPO CROSS,3,celular,0,8600,false,1,1,0,NA,NA,0,NA,1,ND,NO,HOMBRE,2003,-102.24100500,21.91789704
252148743,0,30421,ROBO PERSONA,MARIPOSA,11,2025-11-04,45,2,1,FRACCIONAMIENTO,VILLA MONTAÑA,601,601,CALLE,SALVADOR RANGEL LOPEZ,NA,NA,",,,",CALLE,CONSTITUCIONALISTA,3,16,52,22,16:52,false,true,3,contusa,1 HOMBRE,DANI SANTILLAN,H,H,8,0,N,N,0,0,false,0,N,N,"3,14","celular,bicicleta",0,5000,false,1,1,0,NA,NA,0,NA,1,TRANSITANDO,NO,HOMBRE,2004,-102.25824668,21.94325126
252151049,0,30421,ROBO PERSONA,ND,11,2025-11-04,45,2,1,FRACCIONAMIENTO,INFONAVIT MORELOS,93,93,AVENIDA,AGUASCALIENTES ORIENTE,NA,NA,",,,",CALLE,BONAMPAK,5,23,28,24,23:28,false,true,1,cortante,2 HOMBRES UNO VISTE SUDADERA ROJA CON GORRA Y PANTALON NEGRO EL OTRO VISTE CHAMARRA GRIS CON ROJO PANTALON NEGRO,ND,H,H,8,0,N,N,0,0,false,0,N,N,3,celular,0,0,false,1,1,0,NA,NA,0,NA,1,PARADO,NO,HOMBRE,2005,-102.25515789,21.86032956
252112668,0,30446,ROBO PERSONA,ND,10,2025-10-30,44,4,1,COLONIA,ZONA CENTRO,501,501,CALLE,VENUSTIANO CARRANZA,NA,NA,"218,,,",CALLE,EDUARDO J CORREA,1,15,49,22,15:49,false,false,9,ninguna,1 HOMBRE VISTE PLAYERA DE CAMUFLAJE CUBREBOCAS NEGRO Y MOCHILA VERDE,BS,H,H,8,0,N,N,0,0,false,0,N,N,"27,28,29","documentos,dinero,cartera",3000,3000,false,1,1,0,NA,NA,0,NA,2,PARADO,NO,HOMBRE,2006,-102.30110536,21.88008259
252118703,0,30446,ROBO PERSONA,ND,10,2025-10-31,44,5,1,FRACCIONAMIENTO,"VILLA DE NUESTRA SEÑORA DE LA ASUNCION, SECTOR ESTACION",354,354,CALLE,VALLE DE LOS ROMEROS,NA,NA,",,,",CALLE,JOSE E BUSTAMANTE,3,13,54,21,13:54,false,false,9,ninguna,1 MUJER VISTE PLAYERA AMARILLA PANTALON MEZCLILLA  1 MENOR,ND,M,H,8,0,N,N,0,0,false,0,BICICLETA,BICICLETA,3,celular,0,0,false,1,1,0,NA,NA,0,NA,1,PARADO,NO,HOMBRE,2007,-102.26226605,21.93701542
252119647,0,30446,ROBO PERSONA,ND,10,2025-10-31,44,5,1,FRACCIONAMIENTO,RODOLFO LANDEROS GALLEGOS,226,226,CALLE,ALTAGRACIA REYES AVILA,NA,NA,"201,,,",CALLE,ESCARAMUZA,4,16,34,22,16:34,false,false,9,ninguna,1 HOMBRE VISTE CAMISA NARANJA GORRA AZUL PANTALON MEZCLILLA,ND,H,H,8,0,N,N,0,0,false,0,N,N,3,celular,0,0,false,1,2,0,NA,NA,0,NA,1,PARADO,NO,HOMBRE,2008,-102.25451983,21.90028963
252127650,0,30446,ROBO PERSONA,MARIPOSA,11,2025-11-01,44,7,5,FRACCIONAMIENTO,MANANTIALES DEL PIÑAR,927,927,CALLE,SEGUNDA DE PINAR DEL VALLE,NA,NA,"424,,,",CALLE,DEL ARBOL,7,17,19,22,17:19,false,false,9,ninguna,1 HOMBRE COMPLEXION DELGADA TEZ MORENO VISTE CAMISETA GRIS,ND,H,H,8,0,N,N,0,0,false,0,N,N,14,bicicleta,0,0,false,1,1,0,NA,NA,0,NA,1,PARADO,NO,HOMBRE,2009,-102.34867242,21.95613857
252140578,0,30446,ROBO PERSONA,MARIPOSA,11,2025-11-03,45,1,1,COLONIA,FATIMA,503,503,AVENIDA,UNIVERSIDAD,NA,NA,",,,",AVENIDA,SAN MIGUEL EL ALTO,6,8,49,19,08:49,false,false,9,ninguna,1 HOMBRE VISTE DE NEGRO TRAE UNA MOCHILA,ND,H,H,8,0,N,N,0,0,false,0,N,N,14,bicicleta,0,600,false,1,1,0,NA,NA,0,NA,1,PARADO,NO,HOMBRE,2010,-102.31046339,21.90922845
252141212,0,30446,ROBO PERSONA,ND,11,2025-11-03,45,1,5,CONDOMINIO,Q CAMPESTRE,1108,1108,CAMINO,A CHICAHUALES,NA,NA,",,,",CALLE,N,7,27,0,27,sin datos,false,false,9,ninguna,1 HOMBRE CONDUCTOR DE DIDI,ND,H,M,8,0,N,N,0,0,false,0,DIDI,DIDI COLOR BLANCO PLACAS AEH864F,26,bolso,0,0,false,1,1,0,NA,NA,0,NA,1,PARADO,NO,MUJER,2011,-102.36008579,21.92637823
252144272,0,30446,ROBO PERSONA,TRANSPORTISTA,11,2025-11-03,45,1,6,CARRETERA,45 AGUASCALIENTES ZACATECAS,1142,1142,CARRETERA,45 AGUASCALIENTES ZACATECAS,28,NA,",,,",CALLE,N,7,20,37,23,20:37,false,false,9,ninguna,ND,ND,ND,H,8,0,N,N,0,0,false,0,N,N,"3,38","celular,otros",0,0,false,1,1,0,NA,NA,0,NA,1,PARADO,SI,HOMBRE,2012,-102.28287865,22.12334604
252148952,0,30446,ROBO PERSONA,ND,11,2025-11-04,45,2,1,FRACCIONAMIENTO,LAS AMERICAS,262,262,AVENIDA,DE LA CONVENCION DE 1914 SUR,NA,NA,",,,",AVENIDA,QUINTA,2,17,37,22,17:37,false,false,9,ninguna,1 PERSONA,ND,H,H,3,0,N,N,0,0,false,0,N,N,3,celular,0,0,true,1,10,0,NA,NA,0,NA,1,PARADO,NO,HOMBRE,2013,-102.29820003,21.86599854
252151230,0,30446,ROBO PERSONA,ND,11,2025-11-05,45,3,1,COLONIA,TALAMENTES PONCE,510,510,CALLE,FRAY BARTOLOME DE LAS CASAS,NA,NA,"522,,,",CALLE,LUIS GIL,6,0,22,25,00:22,false,false,9,ninguna,1 HOMBRE,ND,H,H,8,0,N,N,0,0,false,0,CAMIONETA,CAMIONETA MINIVAN COLOR CAFE CLARO MODELO VIEJO,3,celular,0,0,false,1,1,0,NA,NA,0,NA,1,TRANSITANDO,NO,HOMBRE,2014,-102.29592991,21.93090765
252129181,0,50102,ROBO PERSONA,ND,11,2025-11-01,44,6,1,FRACCIONAMIENTO,HACIENDAS DE AGUASCALIENTES,530,530,CALLE,HACIENDA GRACIAS A DIOS,NA,NA,",,,",CALLE,HACIENDA SALTO DE LOS SALADOS,4,21,1,23,21:01,false,false,9,ninguna,5 HOMBRES,ND,H,H,8,0,N,N,0,0,false,0,N,N,12,ropa,0,2300,true,1,10,0,NA,NA,0,NA,1,ND,NO,HOMBRE,2015,-102.24802661,21.88518818
252104284,0,50305,ROBO PERSONA,ND,10,2025-10-29,44,3,1,COLONIA,MIRAVALLE,239,239,CALLE,GUILLERMO PRIETO,NA,NA,",,,",CALLE,ANTONIO CASTAÑEDA,6,8,4,19,08:04,false,false,9,ninguna,1 HOMBRE,ND,H,H,8,0,N,N,0,0,false,0,N,N,3,celular,0,0,false,1,1,0,NA,NA,0,NA,1,PARADO,NO,HOMBRE,2016,-102.30815845,21.89094636
252115199,0,50305,ROBO PERSONA,ND,10,2025-10-30,44,4,1,FRACCIONAMIENTO,CIUDAD INDUSTRIAL,627,627,AVENIDA,SIGLO XXI,NA,NA,",,,",CALLE,ALFONSO BERNAL SANTOS,5,21,54,24,21:54,false,true,1,cortante,1 HOMBRE TEZ MORENO CALVO TATUAJE DE CALAVERA EN EL BRAZO IZQUIERDO TATUAJES EN LA CARA Y EL CUELLO,ND,H,H,8,0,N,N,0,0,false,0,N,N,"3,29,40","celular,cartera,tarjeta",0,0,false,1,1,0,NA,NA,0,NA,1,TRANSITANDO,NO,HOMBRE,2017,-102.28856716,21.84516934
252143531,0,30904,ROBO PERSONA,ND,11,2025-11-03,45,1,1,FRACCIONAMIENTO,VILLA MONTAÑA,601,601,CALLE,MONTE DOBRA,NA,NA,"207,,,",CALLE,MONTE K2,3,18,11,22,18:11,false,true,4,FUEGO,2 HOMBRES,SE IDENTIFICAN DEL CARTEL CJNG,H,H,8,0,N,N,0,0,false,0,N,N,"3,29","celular,cartera",0,0,false,1,2,0,NA,NA,0,NA,1,PARADO,NO,HOMBRE,2018,-102.25753110,21.94641970
642211001,0,30422,ROBO PERSONA,ND,10,2025-10-25,43,6,6,COLONIA,ZONA CENTRO,1130,1130,AVENIDA,PLUTARCO ELIAS CALLES,NA,NA,",,,",AVENIDA,HEROICO COLEGIO MILITAR NORTE,7,14,40,21,14:40,false,false,9,ninguna,2 HOMBRES,ND,H,H,8,0,N,N,0,0,false,0,N,N,28,dinero,40000,40000,false,1,1,0,PACAZO,ND,0,ND,1,TRANSITANDO,NO,HOMBRE,2019,-102.27731553,22.14774396
642200102,0,30422,ROBO PERSONA,MARIPOSA,10,2025-10-28,44,2,11,FRACCIONAMIENTO,SAN JOSE DE BUENAVISTA,1311,1311,AVENIDA,JUAREZ SUR,NA,NA,",,,",CALLE,ANTONIO ROMO CALZADA,7,20,34,23,20:34,false,false,9,ninguna,ND,ND,ND,ND,8,0,N,N,0,0,false,0,N,N,14,bicicleta,0,0,false,1,1,0,NA,NA,0,NA,1,PARADO,NO,ND,2020,-102.27359993,22.07356509
252154284,0,30904,ROBO PERSONA,MARIPOSA,11,2025-11-01,44,6,1,FRACCIONAMIENTO,ANEXO BENITO PALOMINO DENA (CUMBRES II),482,482,CALLE,MANUEL BOSQUES CHAVEZ,NA,NA,",,,",CALLE,ALFONSO SANCHEZ,3,22,0,23,22:00,false,true,1,punzante,2 HOMBRES UNO VISTE DE NEGRO EL OTRO VISTE PLAYERA BLANCA Y TIENE TATUAJES EN EL CUELLO,ND,H,H,8,0,N,N,0,0,false,0,N,N,"3,14","celular,bicicleta",0,0,false,1,1,0,NA,NA,0,NA,1,ND,NO,HOMBRE,2021,-102.24607519,21.91788941
252155568,0,30422,ROBO PERSONA,ND,11,2025-11-05,45,3,1,FRACCIONAMIENTO,LAS BRISAS,112,112,CALLE,MAR DE CORTES,NA,NA,"113,,,",CALLE,MAR CARIBE,6,19,14,23,19:14,false,false,9,ninguna,1 HOMBRE,EL FOTOGRAFO,H,M,8,0,N,N,0,0,false,0,N,N,"3,6","celular,tecnologia",0,0,false,1,1,0,NA,NA,0,NA,1,ND,NO,MUJER,2022,-102.31598888,21.89685764
252162983,0,30422,ROBO PERSONA,ND,11,2025-11-06,45,4,1,FRACCIONAMIENTO,LOS PERICOS,287,287,CALLE,SANTA CLARA,NA,NA,"132,,,",CALLE,CULTURA CHICHIMECA,3,21,22,23,21:22,false,false,9,ninguna,1 HOMBRE,EL BRYAN,H,H,8,0,N,N,0,0,false,0,N,N,3,celular,0,0,true,1,10,0,NA,NA,0,NA,1,TRANSITANDO,NO,HOMBRE,2023,-102.24517179,21.90577702
252163283,0,30421,ROBO PERSONA,ND,11,2025-11-06,45,4,1,FRACCIONAMIENTO,EJIDO CUMBRES,210,210,CALLE,CUMBRES DE TENANGO,NA,NA,"303,,,",CALLE,SIERRA ALTEÑA,3,22,7,24,22:07,false,true,8,otras,2 HOMBRES UNO VISTE DE NEGRO Y PASAMONTAÑAS,ND,H,H,8,0,N,N,0,0,false,0,N,N,28,dinero,1500,1500,false,1,1,0,NA,NA,0,NA,1,TRANSITANDO,NO,MENOR,2024,-102.25090537,21.90667045
252163458,0,30421,ROBO PERSONA,MARIPOSA,11,2025-11-06,45,4,1,FRACCIONAMIENTO,VILLA LOMA DORADA,75,75,CALLE,FEDERICO MENDEZ,NA,NA,",,,",CALLE,VILLA CLARA,3,22,19,24,22:19,false,true,1,cortante,1 HOMBRE VISTE CHAMARRA COLOR CAFE Y PANTALON MEZCLILLA,ND,H,H,8,0,N,N,0,0,false,0,N,N,14,bicicleta,0,0,false,1,1,0,NA,NA,0,NA,1,TRANSITANDO,NO,MENOR,2025,-102.24887629,21.92743208
252164135,0,30421,ROBO PERSONA,ND,11,2025-11-07,45,5,1,FRACCIONAMIENTO,RODOLFO LANDEROS GALLEGOS,226,226,CALLE,MARGARITA TISCAREÑO,NA,NA,",,,",CALLE,MARIA DE LOURDES FEMAT MORONES,4,1,53,25,01:53,false,true,1,cortante,2 HOMBRES,ND,H,H,8,0,N,N,0,0,false,0,N,N,28,dinero,200,200,false,1,1,0,NA,NA,0,NA,1,TRANSITANDO,NO,HOMBRE,2026,-102.25699161,21.90353499
252159189,0,30446,ROBO PERSONA,ND,11,2025-11-06,45,4,11,RURAL,PUERTECITO DE LA VIRGEN,1333,1333,AVENIDA,CONSTITUCION,NA,NA,",,,",CALLE,INDEPENDENCIA,7,10,41,20,10:41,false,false,9,ninguna,1 MUJER,ND,M,M,5,0,N,N,0,0,false,0,N,N,3,celular,0,0,false,1,1,0,NA,NA,0,NA,1,PARADO,NO,MUJER,2027,-102.27120057,21.95955396
252161408,0,30446,ROBO PERSONA,ND,11,2025-11-06,45,4,1,UNIDAD HABITACIONAL,IV CENTENARIO,618,618,AVENIDA,HEROE DE NACOZARI SUR,NA,NA,"1206,,,",CALLE,DELICIAS,5,17,13,22,17:13,false,false,9,ninguna,1 HOMBRE VISTE DE NEGRO CON ROJO,ND,H,M,8,0,N,N,0,0,false,0,N,N,3,celular,0,0,false,1,1,0,NA,NA,0,NA,1,PARADO,NO,MUJER,2028,-102.28178446,21.87032192
252164077,0,30446,ROBO PERSONA,MARIPOSA,11,2025-11-07,45,5,1,FRACCIONAMIENTO,LIBERTAD,219,219,CALLE,BTALLA DE CUAUTLA,NA,NA,"426,,,",CALLE,CAMPANA DE LA LIBERTAD,3,1,22,25,01:22,false,false,9,ninguna,2 HOMBRES 1 MUJER,ND,A,H,8,0,N,N,0,0,false,0,N,N,14,bicicleta,0,0,false,1,1,0,NA,NA,0,NA,1,PARADO,NO,HOMBRE,2029,-102.27646021,21.92767270
252162325,0,30904,ROBO PERSONA,ND,11,2025-11-06,45,4,5,FRACCIONAMIENTO,SOLIDARIDAD,1055,1055,PROLONGACION,CHICAHUALES,NA,NA,"201,,,",CALLE,AGUSTIN DE ITURBIDE,7,13,30,21,13:30,false,false,9,ninguna,1 MUJER,ND,M,M,8,0,N,N,0,0,false,0,N,N,3,celular,0,0,true,1,10,0,NA,NA,0,NA,1,TRANSITANDO,NO,MENOR,2030,-102.34683011,21.95345780
642201103,0,30422,ROBO PERSONA,ND,10,2025-10-25,43,6,6,BARRIO,CARBONERAS,1118,1118,CALLE,BENITO JUAREZ,NA,NA,",,,",CALLE,RIO SAN PEDRO,7,10,43,20,10:43,false,true,"1,3","cortante,contusa",1 HOMBRE ESTATURA APROX 170 VISTE DE NEGRO,ND,H,H,8,0,N,N,0,0,false,0,N,N,3,celular,0,30000,false,1,1,0,NA,NA,0,NA,1,PARADO,NO,HOMBRE,2031,-102.26913524,22.14613619
252168963,0,30421,ROBO PERSONA,ND,11,2025-11-07,45,5,1,SUBDIVISION,BARRANCA DE GUADALUPE,361,361,BOULEVARD,SAN MARCOS,NA,NA,",,,",CALLE,CADIZ,2,19,30,23,19:30,false,true,3,contusa,2 HOMBRES,ND,H,H,8,0,N,N,0,0,false,0,N,N,"28,29","dinero,cartera",4000,4000,false,1,1,0,NA,NA,0,NA,1,PARADO,NO,HOMBRE,2032,-102.31665215,21.86904688
252171516,0,30421,ROBO PERSONA,ND,11,2025-11-08,45,6,1,FRACCIONAMIENTO,LOS PERICOS,287,287,CALLE,SAN PATRICIO,NA,NA,"416,,,",CALLE,SAN LUCAS,4,6,34,19,06:34,false,true,1,cortante,1 HOMBRE,EL PELUSO,H,H,0,0,N,N,1,0,true,0,N,N,"3,31","celular,mochila",0,0,false,1,42,0,NA,NA,0,NA,1,TANSITANDO,NO,HOMBRE,2033,-102.24196835,21.90034984
252175777,0,30421,ROBO PERSONA,ND,11,2025-11-08,45,6,1,FRACCIONAMIENTO,LOMAS DEL CHAPULIN,312,312,CALLE,PALMA MEXICANA,NA,NA,",,,",AVENIDA,POLIDUCTO,5,20,48,23,20:48,false,true,1,contusa,ND,ND,ND,H,8,0,N,N,0,0,false,0,N,N,"3,28","celular,dinero",0,0,false,1,1,0,NA,NA,0,NA,1,ND,NO,HOMBRE,2034,-102.24374637,21.86215476
252178745,0,30422,ROBO PERSONA,ND,11,2025-11-09,45,7,1,CONDOMINIO HORIZONTAL,PROVIDENCIA,325,325,AVENIDA,PROVIDENCIA,NA,NA,"210,,,",CALLE,ND,2,2,38,25,02:38,false,false,9,ninguna,ND,NO,ND,H,8,0,N,N,0,0,false,0,N,N,"12,15","ropa,joyeria",0,0,false,1,1,0,NA,NA,0,NA,1,PARADO,NO,HOMBRE,2035,-102.31420524,21.83794008
252181350,0,30421,ROBO PERSONA,ND,11,2025-11-09,45,7,9,COLONIA,AMPLIACION LOS HORNOS (EL LAGUNAZO),1257,1257,CALLE,IGNACIO ZARAGOZA,NA,NA,"102,,,",CALLE,VICENTE GUERRERO,7,13,41,21,13:41,false,true,1,cortante,2 HOMBRES UNO VEISTE DE NEGRO ANDAN ENCAPUCHADOS,ND,H,H,8,0,N,N,0,0,false,0,MOTOCICLETA,MOTOCICLETA,3,celular,0,13000,false,1,1,0,NA,NA,0,NA,1,ND,NO,MENOR,2036,-102.25343101,22.26421373
252183450,0,30422,ROBO PERSONA,ND,11,2025-11-09,45,7,1,FRACCIONAMIENTO,LOS CACTUS,360,360,AVENIDA,TECNOLOGICO,NA,NA,",,,",CALLE,CARMEN DE LUNA SEVILLA,4,18,24,22,18:24,true,false,9,ninguno,2 HOMBRES UNO VISTE DE NEGRO,ND,H,M,8,0,N,N,0,0,false,0,COCHE,COCHE COLOR NEGRO CON FRANJAS ROJAS,"26,38","bolso,otros",0,0,false,1,2,0,NA,NA,0,NA,1,PARADO,NO,MUJER,2037,-102.23145890,21.86350865
252185521,0,30422,ROBO PERSONA,ND,11,2025-11-09,45,7,5,COLONIA,CENTRO,938,938,CALLE,IGNACIO LOPEZ RAYON,NA,NA,",,,",CALLE,LUCIO DE LUNA,7,21,57,24,21:57,false,false,9,ninguna,6 HOMBRES,ND,H,H,8,0,N,N,0,0,false,0,MOTOCICLETA,MOTOCICLETA,12,ropa,0,0,false,1,1,0,NA,NA,0,NA,1,ND,NO,MENOR,2038,-102.33937971,21.96366881
252186267,0,30422,ROBO PERSONA,ND,11,2025-11-09,45,7,1,FRACCIONAMIENTO,EL DORADO 1A SECCION,159,159,CALLE,RAFAEL RAMIREZ,NA,NA,"109,,,",CALLE,MANUEL M ACOSTA,2,23,34,24,23:34,false,false,9,ninguna,2 HOMBRES,ND,H,H,8,0,N,N,0,0,false,0,N,N,3,celular,0,0,false,1,1,0,NA,NA,0,NA,1,TRANSITANDO,NO,HOMBRE,2039,-102.30142010,21.85922582
252186312,0,30421,ROBO PERSONA,MARIPOSA,11,2025-11-09,45,7,1,COLONIA,MACIAS ARELLANO,608,608,AVENIDA,MANUEL GOMEZ MORIN,NA,NA,",,,",AVENIDA,AGLAYA,3,23,40,24,23:40,false,true,3,contusa,2 HOMBRES VISTEN DE NEGRO,ND,H,H,8,0,N,N,0,0,false,0,N,N,14,bicicleta,0,0,false,1,1,0,NA,NA,0,NA,1,TRANSITANDO,NO,HOMBRE,2040,-102.28651266,21.90774363
252178650,0,30446,ROBO PERSONA,MARIPOSA,11,2025-11-09,45,7,1,COLONIA,SAN PABLO,242,242,CALLE,MARINA NACIONAL,NA,NA,"416,,,",CALLE,RIO PAPALOAPAN,6,1,56,25,01:56,false,false,9,ninguna,1 HOMBRE,ND,H,H,8,0,N,N,0,0,false,0,N,N,14,bicicleta,0,0,false,1,57,0,NA,NA,0,NA,1,ND,NO,HOMBRE,2041,-102.29878891,21.89373217
252181190,0,30446,ROBO PERSONA,MARIPOSA,11,2025-11-09,45,7,1,FRACCIONAMIENTO,VILLAS DE SAN FRANCISCO,139,139,CALLE,CAPILLA,NA,NA,"118,,,",CALLE,CERA,6,13,14,21,13:14,false,false,9,ninguna,1 HOMBRE,ND,H,M,8,0,N,N,0,0,false,0,N,N,14,bicicleta,0,20000,false,1,1,0,NA,NA,0,NA,1,PARADO,NO,MUJER,2042,-102.29557005,21.90263993
252182236,0,30446,ROBO PERSONA,ND,11,2025-11-09,45,7,1,FRACCIONAMIENTO,LOMAS DEL CHAPULIN,463,463,AVENIDA,POLIDUCTO,NA,NA,",,,",AVENIDA,ARROYO,5,15,30,22,15:30,false,false,9,ninguna,1 HOMBRE VISTE DE AMARILLO,ND,H,M,8,0,N,N,0,0,false,0,N,N,40,tarjeta,0,0,false,1,1,0,NA,NA,0,NA,2,PARADO,NO,MUJER,2043,-102.24548233,21.86071503
252177134,0,50102,ROBO PERSONA,ND,11,2025-11-08,45,6,1,FRACCIONAMIENTO,ARELLANO,636,636,PRIVADA,SIN NOMBRE NUMERO 4,NA,NA,"107,,,",AVENIDA,ADOLFO LOPEZ MATEOS,5,23,21,24,23:21,false,true,3,contusa,4 HOMBRES,ND,H,H,8,0,N,N,0,0,false,0,MOTOCICLETA,MOTOCICLETA,"3,28,29,30","celular,dinero,cartera,llaves",1000,0,false,1,2,0,NA,NA,0,NA,1,PARADO,NO,HOMBRE,2044,-102.27368063,21.80046513
252185963,0,30452,ROBO PERSONA,ND,11,2025-11-09,45,7,1,COMUNIDAD,CAÑADA GRANDE DE COTORINA,54R,0,CARRETERA,77 ARELLANO EL RETOÑO,0,NA,",,,",CALLE,ND,5,22,38,24,22:38,false,true,4,fuego,2 HOMBRES 1 MUJER,NAYALLE KARINA FRAUSTO ARREOLA 41 AÑOS DUVAN MORAN SOLIS 32 AÑOS JOSE CHRISTIAN SANCHEZ SALAS 32 AÑOS,A,H,8,5,N,N,0,0,false,0,CAMIONETA,CAMIONETA FORD VAN COLOR BLANCO PLACAS GBF206E  DE GUANAJUATO,28,dinero,93700,93700,true,1,10,0,NA,NA,0,NA,1,TRANSITANDO,SI,HOMBRE,2045,-102.23839146,21.79357785
742201105,0,30422,ROBO PERSONA,MARIPOSA,11,2025-11-08,45,6,7,FRACCIONAMIENTO,OJO DE AGUA,1180,1180,CALLE,POMEX,NA,NA,"312,,,",CANMINO,A LA PEDRERA,7,22,5,24,22:05,false,false,9,ninguna,ND,ND,ND,ND,8,0,N,N,0,0,false,0,N,N,14,bicicleta,0,0,false,1,1,0,NA,NA,0,NA,1,ND,NO,ND,2046,-102.32876475,22.23553588
252189904,0,30422,ROBO PERSONA,MARIPOSA,11,2025-11-10,46,1,5,COLONIA,EL TORITO,1071,1071,CALLE,20 DE NOVIEMBRE,NA,NA,",,,",CALLE,JUAN ESCUTIA,7,14,16,21,14:16,false,false,9,ninguna,1 HOMBRE,ND,H,H,8,0,N,N,0,0,false,0,N,N,14,bicicleta,0,0,false,1,2,0,NA,NA,0,NA,1,TRANSITANDO,NO,HOMBRE,2047,-102.35616350,21.96889474
252191644,0,30446,ROBO PERSONA,MARIPOSA,11,2025-11-10,46,1,1,COLONIA,EL RIEGO,291,291,CALLE,ESPIGA,NA,NA,",,,",CALLE,TRIGAL,4,19,50,23,19:50,false,false,9,ninguna,ND,ND,ND,H,8,0,N,N,0,0,false,0,N,N,"12,14,30","ropa,bicicleta,llaves",0,0,false,1,1,0,NA,NA,0,NA,1,PARADO,NO,HOMBRE,2048,-102.24409541,21.89561815
252192451,0,30446,ROBO PERSONA,MARIPOSA,11,2025-11-10,46,1,1,FRACCIONAMIENTO,PINTORES MEXICANOS,671,671,CALLE,FRANCISCO TOLEDO,NA,NA,",,,",CALLE,CARLOS FUENTES MARES,3,21,51,24,21:51,false,false,9,ninguna,1 HOMBRE,EL DUY,H,H,8,0,N,N,0,0,false,0,N,N,14,bicicleta,0,0,false,1,1,0,NA,NA,0,NA,1,PARADO,NO,HOMBRE,2049,-102.26490798,21.91733586
252167030,0,30904,ROBO PERSONA,ND,11,2025-11-07,45,5,1,COLONIA,ZONA CENTRO,501,501,CALLE,ND,NA,NA,",,,",CALLE,ND,1,27,0,27,sin datos,false,false,9,ninguna,ND,ND,ND,H,8,0,N,N,0,0,false,0,N,N,3,celular,0,0,true,1,10,0,NA,NA,0,NA,1,TRANSITANDO,NO,HOMBRE,2050,-102.29557914,21.88076035
252167745,0,30907,ROBO PERSONA,ND,11,2025-11-07,45,5,1,FRACCIONAMIENTO,SOLIDARIDAD III,194,194,CALLE,MARIANO SALAS 128,NA,NA,",,,",CALLE,AGUASCALIENTES SUR,5,17,28,22,17:28,false,false,9,ninguna,1 HOMBRE,ND,H,H,8,0,N,N,0,0,false,0,N,N,3,celular,0,0,true,1,10,0,NA,NA,0,NA,1,ND,NO,HOMBRE,2051,-102.24848294,21.85981609
252132294,0,30422,ROBO PERSONA,ND,11,2025-11-02,44,7,1,FRACCIONAMIENTO,SOLIDARIDAD II,193,193,CALLE,ATOTONITLAN,NA,NA,",,,",AVENIDA,SIGLO XXI,5,4,25,26,04:25,false,false,9,ninguna,ND,ND,ND,M,8,0,N,N,0,0,false,0,N,N,39,sin datos,0,0,false,1,2,0,NA,NA,0,NA,1,ND,NO,MUJER,2052,-102.24575773,21.86329550
252176296,0,10315,ROBO PERSONA,ND,11,2025-11-08,45,6,1,FRACCIONAMIENTO,VILLAS DEL RIO,416,416,CALLE,RIO GRIJALVA,NA,NA,"107,,,",CALLE,GERONIMO DE LA CUEVA,3,21,55,24,21:55,false,true,8,otras,ND,ND,ND,H,8,0,N,N,1,0,false,0,N,N,29,cartera,0,0,false,1,52,0,NA,NA,0,NA,1,PARADO,NO,HOMBRE,2053,-102.24597215,21.94041461
252171886,0,30420,ROBO PERSONA,MARIPOSA,11,2025-11-08,45,6,1,EJIDO,POCITOS,565,565,CALLE,BENITO JUAREZ,NA,NA,",,,",CALLE,ANTONIO DE LUNA,6,9,29,20,09:29,false,false,9,ninguna,ND,ND,ND,H,8,0,N,N,0,0,false,0,N,N,14,bicicleta,0,5000,false,1,1,0,NA,NA,0,NA,1,PARADO,NO,HOMBRE,2054,-102.33514068,21.92277503
252194824,0,30904,ROBO PERSONA,ND,11,2025-11-10,46,1,6,COLONIA,5 DE MAYO,1115,1115,CALLE,FELIPE ANGELES,NA,NA,"53,,,",CALLE,REVOLUCION,7,19,0,23,19:00 a 21:30,false,false,9,ninguna,1 HOMBRE,ND,H,H,8,1,N,N,0,0,false,0,N,N,3,celular,0,0,true,1,10,0,NA,NA,0,NA,1,TRANSITANDO,NO,HOMBRE,2055,-102.27860886,22.14182604
252197040,0,30421,ROBO PERSONA,ND,11,2025-11-11,46,2,1,FRACCIONAMIENTO,"VILLA DE NUESTRA SEÑORA DE LA ASUNCION, SECTOR ALAMEDA",330,330,AVENIDA,POLIDUCTO,NA,NA,"415,B,,",CALLE,JOSE G CRUZ,3,18,1,22,18:01,false,true,1,cortante,2 HOMBRES UNO VISTE DE NEGRO CON CACHUCHA ROJA EL OTRO PLAYERA GRIS PANTALON NEGRO,ND,H,H,8,0,N,N,0,0,false,0,N,N,3,celular,0,0,false,1,1,0,NA,NA,0,NA,1,ND,NO,HOMBRE,2056,-102.26421968,21.93047009
252199465,0,30421,ROBO PERSONA,ND,11,2025-11-12,46,3,1,CONJUNTO HABITACIONAL,VILLA TAURINA,390,390,CALLE,MARIANO SALAS 128,NA,NA,",,,",CALLE,MARRUBIO 107,5,5,18,26,05:18,false,false,1,cortante,2 HOMBRES UNO VISTE SUDADERA COLOR GRIS,ND,H,M,8,0,N,N,0,0,false,0,MOTOCICLETA,MOTOCICLETA COLOR TINTO,"11,26","herramienta,bolso",0,800,false,1,1,0,NA,NA,0,NA,1,TRANSITANDO,NO,MUJER,2057,-102.24762873,21.85983958
252199534,0,30421,ROBO PERSONA,ND,11,2025-11-12,46,3,1,FRACCIONAMIENTO,"VILLA DE NUESTRA SEÑORA DE LA ASUNCION, SECTOR SAN MARCOS",580,580,AVENIDA,SIGLO XXI,N,NA,",,,",CALLE,BERNABE DE BALLESTEROS,3,6,21,19,06:21,false,true,8,otras,4 HOMBRES VISTEN DE NEGRO,ND,H,H,8,0,N,N,0,0,false,0,N,N,12,ropa,0,0,false,1,1,0,NA,NA,0,NA,1,ND,NO,HOMBRE,2058,-102.26108361,21.92053389
252195190,0,30446,ROBO PERSONA,ND,11,2025-11-11,46,2,1,FRACCIONAMIENTO,"VILLA DE NUESTRA SEÑORA DE LA ASUNCION, SECTOR GUADALUPE",342,342,CALLE,GERARDO MACIAS,NA,NA,",,,",CALLE,FELIPE DE UREÑA,3,13,38,21,13:38,false,false,9,ninguna,1 MUJER,ND,M,H,3,0,N,N,0,0,false,0,N,N,3,celular,0,1500,false,1,1,0,NA,NA,0,NA,1,PARADO,NO,HOMBRE,2059,-102.25558811,21.92884764
252198662,0,30907,ROBO PERSONA,ND,11,2025-11-11,46,2,5,LOCALIDAD,TEPETATES,992R,0,CALLE,INDEPENDENCIA,NA,NA,"545,,,",CALLE,5 DE FEBRERO,7,22,22,24,22:22,false,false,9,ninguna,VECINOS,ND,ND,H,5,0,N,N,0,0,false,0,N,N,3,celular,0,0,false,1,1,0,NA,NA,0,NA,1,ND,NO,HOMBRE,2060,-102.32232552,21.95683092
252201991,0,30422,ROBO PERSONA,ND,11,2025-11-12,46,3,1,FRACCIONAMIENTO,ESPAÑA,171,171,CALLE,ANDALUCIA,NA,NA,",,,",AVENIDA,DE LOS MAESTROS,2,15,11,21,15:11,false,false,9,ninguna,1 HOMBRE,ND,H,M,8,0,N,N,0,0,false,0,MOTOCICLETA,MOTOCICLETA,3,celular,0,2000,false,1,1,0,NA,NA,0,NA,1,PARADO,NO,MENOR,2061,-102.31621738,21.86162513
252203829,0,30421,ROBO PERSONA,ND,11,2025-11-12,46,3,1,FRACCIONAMIENTO,PILAR BLANCO,142,142,ANDADOR,CANARIO,NA,NA,",,,",CALLE,AGUILA,2,20,4,23,20:04,false,false,3,contusa,3 HOMBRES,ND,H,H,8,0,N,N,0,0,false,0,N,N,3,celular,0,0,false,1,2,0,NA,NA,0,NA,1,ND,NO,HOMBRE,2062,-102.29974809,21.84976353
252203882,0,30446,ROBO PERSONA,ND,11,2025-11-12,46,3,1,FRACCIONAMIENTO,BAJIO DE LAS PALMAS,588,588,CALLE,PALMA MAZARI,NA,NA,"129,,,",CALLE,PALMA DE SENEGAL,5,20,13,23,20:13,false,true,3,contusa,2 HOMBRES UNO VISTE SUDADERA GRIS,ND,H,M,8,0,N,N,0,0,false,0,MOTOCICLETA,MOTOCICLETA,3,celular,0,0,false,1,2,0,NA,NA,0,NA,1,PARADO,NO,MUJER,2063,-102.24180714,21.86533979
252205957,0,30446,ROBO PERSONA,ND,11,2025-11-13,46,4,1,COLONIA,SAN MARCOS,145,145,CALLE,VERACRUZ,NA,NA,",,,",CALLE,PUEBLITO,6,6,29,19,06:29,false,false,9,ninguna,ND,ND,ND,H,8,0,N,N,0,0,false,0,N,N,3,celular,0,0,false,1,1,0,NA,NA,0,NA,1,PARADO,NO,HOMBRE,2064,-102.31399670,21.87859571
252202595,0,30907,ROBO PERSONA,ND,11,2025-11-12,46,3,1,FRACCIONAMIENTO,NAZARIO ORTIZ GARZA,222,222,AVENIDA,SIGLO XXI,NA,NA,",,,",BOULEVARD,GUADALUPANO,4,16,40,22,16:40,false,false,9,ninguna,2 HOMBRES,ND,H,H,8,0,N,N,0,0,false,0,CAMIOENTA,CAMIONETA FORD EXPLORER COLOR NEGRO PLACAS C143,40,tarjeta,0,0,false,1,1,0,NA,NA,0,NA,2,PARADO,NO,HOMBRE,2065,-102.25725492,21.90660402
252208240,0,30421,ROBO PERSONA,ND,11,2025-11-13,46,4,1,FRACCIONAMIENTO,LOMAS DEL MIRADOR V,395,395,CALLE,LOMA HUASTECA,NA,NA,"385,,,",PROLONGACION,LOMA DEL PARQUE,5,14,59,21,14:59,false,true,1,cortante,2 HOMBRES UNO VISTE SUDADERA NEGRA,ND,H,M,8,0,N,N,0,0,false,0,MOTOCICLETA,MOTOCICLETA COLOR NEGRO,3,celular,0,0,false,1,1,0,NA,NA,0,NA,1,ND,NO,MUJER,2066,-102.26323187,21.84660300
252218941,0,30421,ROBO PERSONA,ND,11,2025-11-14,46,5,2,COLONIA,AGUA NUEVA,773,773,CALLE,JOSEFA ORTIZ DE DOMINGUEZ,NA,NA,"390,,,",CALLE,FRANCISCO I MADERO ORIENTE,7,23,20,24,23:20,false,true,"3,8","contusa,otras",2 HOMBRES,ND,H,H,8,0,N,N,0,0,false,0,N,N,3,celular,0,4000,false,1,1,0,NA,NA,0,NA,1,PARADO,NO,HOMBRE,2067,-102.06868223,22.09534534
252224238,0,30421,ROBO PERSONA,MARIPOSA,11,2025-11-15,46,6,1,FRACCIONAMIENTO,VILLA MONTAÑA,601,601,CALLE,SIERRA AGUILADA,NA,NA,",,,",CALLE,MONTE K2,3,18,12,22,18:12,false,true,3,contusa,7 HOMBRES,ND,H,H,8,0,N,N,0,0,false,0,N,N,"3,14","celular,bicicleta",0,0,true,1,10,0,NA,NA,0,NA,1,PARADO,NO,HOMBRE,2068,-102.25809229,21.94636454
252225142,0,30421,ROBO PERSONA,ND,11,2025-11-15,46,6,1,UNIDAD HABITACIONAL,GUADALUPE POSADA,238,238,AVENIDA,DE LA CONVENCION DE 1914 PONIENTE,NA,NA,",,,",CALLE,AMADOR ROMAN,6,20,7,23,20:07,false,true,1,cortante,1 HOMBRE ESTATURA ALTO TEZ MORENO COMPLEXION DELGADO,ND,H,H,8,0,N,N,0,0,false,0,N,N,3,celular,0,3000,false,1,1,0,NA,NA,0,NA,1,TRANSITANDO,NO,HOMBRE,2069,-102.31227097,21.88278707
252226417,0,30421,ROBO PERSONA,ND,11,2025-11-15,46,6,1,FRACCIONAMIENTO,VILLAS SAN ANTONIO,641,641,CALLE,MURANO,NA,NA,"154,,,",CALLE,RIMINI,2,22,24,24,22:24,false,true,"1,4","cortante,fuego",2 HOMBRES UNO VISTE DE NEGRO,ND,H,A,8,0,N,N,0,0,false,0,N,N,"3,31","celular,mochila",0,0,false,1,1,0,NA,NA,0,NA,1,PARADO,NO,AMBOS,2070,-102.31437169,21.84459581
252228481,0,30421,ROBO PERSONA,ND,11,2025-11-16,46,7,1,COMUNIDAD,BUENAVISTA DE PEÑUELAS,48,48,CALLE,BENITO JUAREZ,NA,NA,",,,",CALLE,CAMINO REAL,2,1,46,25,01:46,false,true,8,otras,3 HOMBRES VISTEN DE NEGRO TRAEN BOINAS,ND,H,H,8,0,N,N,0,0,false,0,N,N,"3,6,12,27,28,29","celular,tecnologia,ropa,documento,dinero,cartera",600,600,false,1,1,0,NA,NA,0,NA,1,TRANSITANDO,NO,HOMBRE,2071,-102.29264824,21.71736996
252231048,0,30421,ROBO PERSONA,ND,11,2025-11-16,46,7,5,FRACCIONAMIENTO,CHICAHUALES I,1056,1056,CALLE,ROMAN LOERA,NA,NA,",,,",CALLE,IGNACIO ZAMARRIPA,7,11,57,20,11:57,false,true,3,contusa,1 HOMBRE,EL CHATO DE LOS ATILANO,H,H,8,0,N,N,0,0,false,0,N,N,3,celular,0,1500,false,1,1,0,NA,NA,0,NA,1,ND,NO,HOMBRE,2072,-102.35197278,21.94772380
252234550,0,30422,ROBO PERSONA,ND,11,2025-11-16,46,7,1,COLONIA,TROJES DE ALONSO,508,508,CALLE,FRANCISCO VILLA,NA,NA,",,,",CALLE,EMILIANO ZAPATA,6,21,8,23,21:08,false,false,9,ninguna,1 PERSONA,ND,ND,H,8,0,N,N,0,0,false,0,N,N,29,cartera,0,0,false,1,2,0,NA,NA,0,NA,1,TRANSITANDO,NO,HOMBRE,2073,-102.30079366,21.93681106
252234773,0,30421,ROBO PERSONA,MARIPOSA,11,2025-11-16,46,7,9,SIN TIPO,SAN ANTONIO,1237,1237,CALLE,FUNDADORES DEL EJIDO,NA,NA,",,,",CALLE,CHAPALITA,7,21,36,24,21:36,false,true,1,cortante,1 HOMBRE,LUIS ENRIQUE ALIAS EL PRIETO EDAD 25 AÑOS,H,H,3,0,N,N,0,0,false,0,N,N,14,bicicleta,0,3500,true,1,10,0,NA,NA,0,NA,1,PARADO,NO,HOMBRE,2074,-102.25073583,22.23291668
252235095,0,30421,ROBO PERSONA,ND,11,2025-11-16,46,7,1,FRACCIONAMIENTO,JESUS TERAN PEREDO,249,249,AVENIDA,DE LA CONVENCION DE 1914 SUR,NA,NA,",,,",AVENIDA,PERSEO,5,21,14,23,21:14,false,true,2,punzante,2 HOMBRES VISTEN DE NEGRO,ND,H,H,8,0,N,N,0,0,false,0,N,N,"3,26,28,40","celular,bolso,dinero,tarjetas",1700,5700,false,1,2,0,NA,NA,0,NA,1,TRANSITANDO,NO,MENOR,2075,-102.27313948,21.86967577
252235653,0,30421,ROBO PERSONA,ND,11,2025-11-16,46,7,1,FRACCIONAMIENTO,"VILLA DE NUESTRA SEÑORA DE LA ASUNCION, SECTOR GUADALUPE",342,342,CALLE,JOSE BECERRA,NA,NA,"125,,,",CALLE,CELIA MARIA MARTINEZ,3,23,7,24,23:07,false,true,4,fuego,1 HOMBRE SUDADERA AZUL PANTALON BLANCO,ND,H,H,8,0,N,N,0,0,false,0,N,N,3,celular,0,0,false,1,1,0,NA,NA,0,NA,1,TRANSITANDO,NO,HOMBRE,2076,-102.25451481,21.93181700
252236198,0,30421,ROBO PERSONA,MARIPOSA,11,2025-11-17,47,1,1,FRACCIONAMIENTO,PILAR BLANCO,142,142,CALLE,GAVIOTAS,NA,NA,",,,",AVENIDA,PSEO DE LA ASUNCION,2,0,16,25,00:16,false,true,3,contusa,2 HOMBRES UNO VISTE PLAYERA BLANCA CON RAYAS ROJAS ASPECTO CHOLO,ND,H,H,8,0,N,N,0,0,false,0,N,N,14,bicicleta,0,0,false,1,1,0,NA,NA,0,NA,1,ND,NO,HOMBRE,2077,-102.30098735,21.84790969
252237875,0,30421,ROBO PERSONA,ND,11,2025-11-17,47,1,5,FRACCIONAMIENTO,SOLIDADRIDAD,1055,1055,CALLE,ROMAN LOERA,NA,NA,",,,",AVENIDA,CIRCUNVALACION SOLIDARIDAD,7,6,42,19,06:42,true,true,1,cortante,2 HOMBRES UNO VISTE SUDADERA NEGRA CON BLANCO Y GORRA NEGRA,ND,H,M,8,0,N,N,0,0,false,0,N,N,26,bolso,0,0,false,1,1,0,NA,NA,0,NA,1,PARADO,NO,MUJER,2078,-102.35162102,21.95199046
252238700,0,30422,ROBO PERSONA,ND,11,2025-11-17,47,1,7,COLONIA,ZONA CENTRO,1166,1166,CALLE,IGNACIO ALLENDE ORIENTE,NA,NA,",,,",BOULEVARD,MEXICO,7,11,0,20,11:00,false,false,9,ninguna,1 HOMBRE VISTE PLAYERA GRIS PANTALON MEZCLILLA 1 MUJER VISTE SUDADERA COLOR CAQUI PANTALON NEGRO,SE HACE PASAR POR ABOGADO DE NOMBRE HUMBERTO,A,M,8,0,N,N,0,0,false,0,N,N,"3,28","celular,dinero",9000,9000,false,1,1,0,TIMO,BANORTE,0,RINCON DE ROMOS,1,TRANSITANDO,NO,MUJER,2079,-102.31883534,22.23102032
252239416,0,30421,ROBO PERSONA,ND,11,2025-11-17,47,1,5,COLONIA,LA ESCALERA,1064,1064,CALLE,JAIME LUCIO MONTAÑEZ,NA,NA,"101,,,",CALLE,LETICIA RAMIREZ ALBA,7,13,5,21,13:05,false,true,"1,2","cortante,punzante",1 HOMBRE VISTE CHAMARRA COLOR BLANCA CON MANCHAS NEGRAS,ND,H,H,8,0,N,N,0,0,false,0,BICICLETA,BICICLETA,28,dinero,150,150,false,1,1,0,NA,NA,0,NA,1,TRANSITANDO,NO,MUJER,2080,-102.34981187,21.97178364
252241236,0,30421,ROBO PERSONA,ND,11,2025-11-17,47,1,5,CARRETERA,CARRETERA LIBRAMIENTO ANTES DE LLEGAR A CHICHIMECO,1030R,0,CARRETERA,LIBRAMIENTO PONIENTE,NA,NA,",,,",CALLE,N,7,17,57,22,17:57,false,false,9,ninguna,2 HOMBRES,ND,H,M,8,0,N,N,0,0,false,0,MOTOCICLETA,MOTOCICELTA COLOR ROJO,"3,31","celular,llaves",0,0,false,1,2,0,NA,NA,0,NA,1,PARADO,SI,MUJER,2081,-102.34582143,22.00566292
252244533,0,30422,ROBO PERSONA,ND,11,2025-11-18,47,2,1,FRACCIONAMIENTO,NATURA,371,371,CALLE,CIMA,NA,NA,"108,,,",CALLE,TALUD,3,6,45,19,19,false,false,9,ninguna,3 HOMBRES ENCAPUCHADOS,ND,H,H,8,0,N,N,0,0,false,0,N,N,3,celular,0,0,false,1,1,0,NA,NA,0,NA,1,TRANSITANDO,NO,HOMBRE,2082,-102.24765313,21.93301193
252222645,0,30446,ROBO PERSONA,ND,11,2025-11-15,46,6,1,FRACCIONAMIENTO,LOMAS DE VISTABELLA II,366,366,AVENIDA,AJEDRECISTAS,NA,NA,",,,",CALLE,MEXICO LIBRE,5,14,12,21,14:12,false,false,9,ninguna,1 MUJER TIENE UN TATUAJE DE UN OJO EN LA PIERNA DERECHA VISTE BLUSA COLOR LILA SHORT NEGRO,ND,M,H,8,0,N,N,0,0,false,0,N,N,3,celular,0,8000,false,1,1,0,NA,NA,0,NA,1,PARADO,NO,HOMBRE,2083,-102.26291521,21.84392129
252223786,0,30446,ROBO PERSONA,ND,11,2025-11-15,46,6,1,FRACCIONAMIENTO,SANTA ELENA,261,261,AVENIDA,LAS AMERICAS,NA,NA,",,,",CALLE,DOCTOR IGNACIO T CHAVEZ,2,17,0,22,17:00,false,false,9,ninguna,1 HOMBREND,ND,H,H,8,0,N,N,0,0,false,0,CAMIONETA,CAMIONETA TORNADO COLOR ROJA,"3,26,29","celular,bolso,cartera",0,10000,false,1,1,0,NA,NA,0,NA,1,PARADO,NO,HOMBRE,2084,-102.30069611,21.87347539
252230422,0,30446,ROBO PERSONA,MARIPOSA,11,2025-11-16,46,7,11,FRACCIONAMIENTO,REVOLUCION,1310,1310,CALLE,JOSE MARIA CHAVEZ,NA,NA,",,,",CALLE,ALDAMA SUR,7,9,37,20,09:37,false,false,9,ninguna,ND,ND,ND,M,8,0,N,N,0,0,false,0,N,N,14,bicicleta,0,3000,false,1,1,0,NA,NA,0,NA,1,PARADO,NO,MUJER,2085,-102.27144270,22.07699497
252236256,0,30446,ROBO PERSONA,MARIPOSA,11,2025-11-17,46,7,1,FRACCIONAMIENTO,PILAR BLANCO,142,142,CALLE,GAVIOTAS,NA,NA,",,,",CALLE,CANARIO,2,0,21,25,00:21,false,false,9,ninguna,2 HOMBRES UNO VISTE CAMISA BLANCA Y EL OTRO SUDADERA NEGRA,ND,H,H,8,0,N,N,0,0,false,0,N,N,14,bicicleta,0,0,false,1,1,0,NA,NA,0,NA,1,TRANSITANDO,NO,HOMBRE,2086,-102.29964492,21.84793213
252239138,0,30446,ROBO PERSONA,MARIPOSA,11,2025-11-17,47,1,5,COLONIA,EL TORITO,1071,1071,CALLE,ORQUIDEA,NA,NA,",,,",CALLE,FRANCISCO I MADERO,7,12,19,21,12:19,false,false,9,ninguna,ND,ND,ND,H,8,0,N,N,0,0,false,0,N,N,14,bicicleta,0,1500,false,1,1,0,NA,NA,0,NA,1,PARADO,NO,MENOR,2087,-102.35587163,21.97046055
252247220,0,30446,ROBO PERSONA,ND,11,2025-11-18,47,2,1,FRACCIONAMIENTO,LOS PERICOS,287,287,AVENIDA,POLIDUCTO,NA,NA,"101,,,",CALLE,SANTA GABRIELA,3,15,39,22,15:39,false,false,9,ninguna,1 HOMBRE,ND,H,H,8,0,N,N,0,0,false,0,N,N,3,celular,0,0,false,1,1,0,NA,NA,0,NA,1,ND,NO,HOMBRE,2088,-102.24867331,21.90508458
252224560,0,30904,ROBO PERSONA,MARIPOSA,11,2025-11-15,46,6,11,FRACCIONAMIENTO,PANAMERICANO,1309,1309,CALLE,BOLIVIA,NA,NA,",,,",CALLE,CANADA,7,19,2,23,19:02,false,false,9,ninguna,1 HOMBRE,ND,H,M,8,0,N,N,0,0,false,0,N,N,14,bicicleta,0,0,false,1,2,0,NA,NA,0,NA,1,PARADO,NO,MUJER,2089,-102.26855740,22.07557966
252180946,0,30103,ROBO PERSONA,ND,11,2025-11-09,45,7,1,BARRIO,LA ESTACION,203,203,AVENIDA,ALAMEDA,NA,NA,",,,",CALLE,GRANADITAS,1,12,24,21,12:24,false,true,3,contusa,ND,ND,ND,H,8,0,N,N,1,0,false,0,N,N,39,sin datos,0,0,false,1,1,0,NA,NA,0,NA,1,ND,NO,HOMBRE,2090,-102.27961745,21.88284434
252153412,0,30904,ROBO PERSONA,ND,11,2025-11-05,45,3,1,COLONIA,GREMIAL,613,613,CALLE,J DE JESUS CONSUELO,NA,NA,",,,",CALLE,PROFESOR JOSE REYES MARTINEZ,6,13,30,21,13:30,false,false,9,ninguna,1 HOMBRE VISTE SHORT NEGRO 1 MUJER QUE VISTE PANTS ROJO,ND,A,H,8,0,N,N,0,0,false,0,N,N,"27,31","documento,mochila",0,0,false,1,2,0,NA,NA,0,NA,2,PARADO,NO,HOMBRE,2091,-102.28651788,21.89804945
252157767,0,10220,ROBO PERSONA,ND,11,2025-11-06,45,4,1,FRACCIONAMIENTO,LAS CUMBRES,218,218,CALLE,LA UNION,NA,NA,",,,",CALLE,MA GUADALUPE RUIZ DE CHAVEZ PINALES,3,1,52,25,01:52,false,true,3,contusa,ND,ND,ND,H,8,0,N,N,1,0,false,0,N,N,39,sin datos,0,0,false,1,1,0,NA,NA,0,NA,1,ND,NO,HOMBRE,2092,-102.26052214,21.91099886
114221107,0,30422,ROBO PERSONA,MARIPOSA,11,2025-11-14,46,5,11,FRACCIONAMIENTO,SAN JOSE DEL BARRANCO,1301,1301,CALLE,EMPLEO,NA,NA,"106,,,",CALLE,BIENESTAR,7,10,8,20,10:08,false,false,9,ninguna,ND,ND,ND,ND,8,0,N,N,0,0,false,0,N,N,14,bicicleta,0,0,false,1,1,0,NA,NA,0,NA,1,ND,NO,ND,2093,-102.26213043,22.06745515
114220108,0,30422,ROBO PERSONA,MARIPOSA,11,2025-11-11,46,2,11,FRACCIONAMIENTO,PASEOS DE LA PROVIDENCIA,1320,1320,CALLE,PASEOS DE SAN JUDAS TADEO,NA,NA,",,,",CALLE,PASEOS DE SAN MIGUEL,7,13,1,21,13:01,false,false,9,ninguna,ND,ND,ND,ND,8,0,N,N,0,0,false,0,N,N,14,bicicleta,0,0,false,1,1,0,NA,NA,0,NA,1,ND,NO,ND,2094,-102.27021341,22.02265238
252224728,0,30904,ROBO PERSONA,ND,11,2025-11-15,46,6,11,FRACCIONAMIENTO,LA RIBERA,1340,1340,CALLE,TUXCUECA,NA,NA,",,,",CALLE,CUITZEO,7,19,21,23,19:21,false,false,9,ninguna,2 HOMBRES UNO VISTE SUDADERA GRIS CON NEGRO,ND,H,H,8,0,N,N,0,0,false,0,N,N,28,dinero,100,100,false,1,2,0,NA,NA,0,NA,1,PARADO,NO,HOMBRE,2095,-102.24607746,21.96072303
252237477,0,30904,ROBO PERSONA,ND,11,2025-11-17,47,1,1,FRACCIONAMIENTO,PARQUE INDUSTRIAL SIGLO XXI,599,599,CARRETERA,45 LEON AGUASCALIENTES,NA,NA,",,,",CARRETERA,A LOS ARELLANO,2,3,29,26,03:29,true,false,9,ninguna,2 HOMBRES,ND,H,M,8,0,N,N,0,0,false,0,BICICLETA,BICICLETA ROJA Y OTRA COLOR NEGRO,3,celular,0,0,false,1,1,0,NA,NA,0,NA,1,PARADO,SI,MUJER,2096,-102.28298305,21.79776557
252246837,0,30422,ROBO PERSONA,ND,11,2025-11-18,47,2,1,FRACCIONAMIENTO,LINDAVISTA,258,258,CALLE,AYUNTAMIENTO,NA,NA,"653,,,",CALLE,JARDIN DEL ENCINO,5,14,46,21,14:46,false,false,9,ninguna,1 MUJER VISTE SHORT Y BLUSA AZUL,LA SIRENA,M,H,8,0,N,N,0,0,false,0,N,N,3,celular,0,0,false,1,2,0,NA,NA,0,NA,1,ND,NO,HOMBRE,2097,-102.28743626,21.86976637
252246933,0,30421,ROBO PERSONA,ND,11,2025-11-18,47,2,5,NINGUNO,PRESA CHICHIMECO,1030R,0,TERRACERIA,A LA PRESA CHICHIMECO,NA,NA,",,,",CALLE,N,7,14,58,21,14:58,false,true,1,cortante,2 HOMBRES CON EL ROSTRO TAPADO CON LA CAPUCHA DE LA SUDADERA,ND,H,H,8,0,N,N,0,0,false,0,MOTOCICLETA,MOTOCICLETA COLOR ROJO CON NEGRO SIN PLACAS,"3,31","celular,llaves",0,17000,false,1,1,0,NA,NA,0,NA,1,PARADO,NO,AMBOS,2098,-102.37173373,22.00027263
252247689,0,30446,ROBO PERSONA,MARIPOSA,11,2025-11-18,47,2,1,CONDOMINIO,AGROPECUARIO,527,527,BOUULEVARD,A ZACATECAS,NA,NA,",,,",CALLE,COMERCIO,6,16,48,22,16:48,false,false,9,ninguna,ND,ND,ND,H,8,0,N,N,0,0,false,0,N,N,14,bicicleta,0,0,false,1,1,0,NA,NA,0,NA,1,PARADO,NO,HOMBRE,2099,-102.29228212,21.91245012
252248861,0,30446,ROBO PERSONA,ND,11,2025-11-18,47,2,1,FRACCIONAMIENTO,BALCONES DE ORIENTE,376,376,CALLE,PROCERES DE LA ENSEÑANZA,NA,NA,",,,",CALLE,PROCERES DE LA ENSEÑANZA,4,19,21,23,19:21,false,false,9,ninguna,1 MUJER,ND,M,H,8,0,N,N,0,0,false,0,N,N,3,celular,0,0,true,1,10,0,NA,NA,0,NA,1,PARADO,NO,HOMBRE,2100,-102.23952949,21.88191458
252253682,0,30421,ROBO PERSONA,ND,11,2025-11-19,47,3,5,PRESA,CHICHIMECO,1030R,0,TERRACERIA,PRESA CHICHIMECO,NA,NA,",,,",N,N,7,15,31,22,15:31,false,true,1,cortante,2 HOMBRES UNO TRAE CACHUCHA AZUL CON PASAMONTAÑAS,ND,H,M,8,0,N,N,0,0,false,0,MOTOCICLETA,MOTOCICLETA NEGRO CON ROJO,"28,29","dinero,celular",5000,5000,false,1,1,0,NA,NA,0,NA,1,PARADO,NO,MUJER,2101,-102.36957778,21.99949638
252254994,0,30421,ROBO PERSONA,ND,11,2025-11-19,47,3,1,FRACCIONAMIENTO,JARDINES DE CASA NUEVA 1A SECCION,313,313,CALLE,11-8,NA,NA,",,,",CALLE,30 DE JULIO,5,18,57,22,18:57,false,true,3,contusa,2 HOMBRES,ND,H,H,8,0,N,N,0,0,false,0,N,N,3,celular,0,0,false,1,2,0,NA,NA,0,NA,1,TRANSITANDO,NO,HOMBRE,2102,-102.26828105,21.85786133
252256367,0,30422,ROBO PERSONA,MARIPOSA,11,2025-11-19,47,3,1,FRACCIONAMIENTO,CIRCUNVALACION PONIENTE,146,146,AVENIDA,DE LA CONVENCION DE 1914 PONIENTE,NA,NA,",,,",BOULEVARD,SAN MARCOS,2,22,2,24,22:09,false,false,9,ninguna,2 HOMBRES,ND,H,H,8,0,N,N,0,0,false,0,N,N,14,bicicleta,0,0,false,1,1,0,NA,NA,0,NA,1,PARADO,NO,HOMBRE,2103,-102.31134886,21.87183400
252253111,0,30446,ROBO PERSONA,DESPENSA,11,2025-11-19,47,3,1,FRACCIONAMIENTO,OJOCALIENTE III,191,191,CALLE,LAGUNITA,NA,NA,"214,,,",CALLE,SAN FRANCISCO DE LOS VIVEROS,4,13,47,21,13:47,false,false,9,ninguna,1 HOMBRE,ND,H,M,8,0,N,N,0,0,false,0,N,N,3,celular,0,0,false,1,1,0,NA,NA,0,NA,1,PARADO,NO,MUJER,2104,-102.24567770,21.88117987
252207513,0,50107,ROBO PERSONA,ND,11,2025-11-13,46,4,1,FRACCIONAMIENTO,C.N.O.P. ORIENTE,687,687,AVENIDA,AGUASCALIENTES ORIENTE,NA,NA,",,,",BOULEVARD,GUADALUPANO,3,13,11,21,13:11,false,false,9,ninguna,1 HOMBRE VISTE CAMISA BLANCA PANTALON MEZCLILLA,ND,H,H,8,0,N,N,0,0,false,0,COCHE,COCHE COLOR ROJO SIN PLACAS,3,celular,0,10000,false,1,1,0,NA,NA,0,NA,1,PARADO,NO,HOMBRE,2105,-102.27000736,21.90300469
252241242,0,50305,ROBO PERSONA,ND,11,2025-11-17,47,1,1,FRACCIONAMIENTO,COLINAS DEL RIO,663,663,CAMINO,ANTIGUO A SAN IGNACIO,NA,NA,",,,",CALLE,RIO LERMA,6,18,37,22,18:37,false,false,9,ninguna,ND,ND,ND,M,8,0,N,N,0,0,false,0,N,N,39,sin datos,0,0,false,1,13,0,NA,NA,0,NA,1,ND,NO,MUJER,2106,-102.32373352,21.89869865
252260171,0,30422,ROBO PERSONA,ND,11,2025-11-20,47,4,1,FRACCIONAMIENTO,MORELOS I,598,598,CALLE,HERMANOS BRAVO,NA,NA,",,,",CALLE,MEXICO LIBRE,5,15,15,21,15:15,false,true,10,otras,2 HOMBRES UNO VISTE PLAYERA CAQUI BERMUDA NEGRA Y GORRA EL OTRO PLAYERA BLANCA PANTALON MEZCLILLA CASCO BLANCO  AMARILLO,ND,H,H,8,0,N,N,0,0,false,0,MOTOCICLETA,MOTOCICLETA,3,celular,0,0,false,1,1,0,NA,NA,0,NA,1,ND,NO,HOMBRE,2107,-102.26595859,21.85530476
252264168,0,30422,ROBO PERSONA,MARIPOSA,11,2025-11-21,47,5,1,FRACCIONAMIENTO,OJOCALIENTE I,190,190,CALLE,SALTO DE LOS SALADOS,NA,NA,",,,",AVENIDA,OJOCALIENTE,4,8,25,19,08:25,false,true,10,otras,1 HOMBRE VISTE CAMISA NEGRA PANTS GRIS ENCAPUCHADO,ND,H,H,8,0,N,N,0,0,false,0,N,N,14,bicicleta,0,7800,false,1,1,0,NA,NA,0,NA,1,PARADO,NO,HOMBRE,2108,-102.25517812,21.88251589
252261393,0,50102,ROBO PERSONA,ND,11,2025-11-20,47,4,5,COLONIA,LA CAÑADA II,949,949,CAMILO,A LOS ARQUITOS,NA,NA,",,,",AVENIDA,CIRCUNVALACION A SOLIDARIDAD,7,19,13,23,19:13,false,false,9,ninguna,ND,ND,ND,H,8,0,N,N,0,0,false,0,N,N,39,sin datos,0,0,false,1,2,0,NA,NA,0,NA,1,ND,NO,HOMBRE,2109,-102.35485817,21.95221140
252263774,0,50102,ROBO PERSONA,ND,11,2025-11-21,47,5,1,FRACCIONAMIENTO,PERIODISTAS,204,204,AVENIDA,MARIANO HIDALGO,NA,NA,",,,",CALLE,AMALIA GOMEZ ZEPEDA,5,6,18,19,06:18,true,true,10,sin datos,1 HOMBRE,DAVID HERNANDEZ GONZALEZ 24 AÑOS,H,H,8,1,N,N,0,0,false,0,N,N,3,celular,0,0,false,1,4,0,NA,NA,0,NA,1,TRANSITANDO,NO,HOMBRE,2110,-102.24982789,21.84983218
252278308,0,30421,ROBO PERSONA,ND,11,2025-11-23,47,7,6,COLONIA,ZONA CENTRO,1130,1130,CALLE,16 DE SEPTIEMBRE,NA,NA,",,,",CALLE,PLUTARCO ELIAS CALLES,7,4,56,26,04:56,false,false,9,ninguna,4 HOMBRES,CRISTIAN REFUGIO HERNANDEZ GALVAN 24 AÑOS DAVID GUILLEN GUTIERREZ 32 AÑOS CESAR ISIDRO REYES GARCIA 25 AÑOS HILARIO MANUEL MARQUEZ TORRES 21 AÑOS,H,H,8,4,N,N,0,0,false,0,N,N,3,celular,0,17500,false,1,4,0,NA,NA,0,NA,1,ND,NO,HOMBRE,2111,-102.27513044,22.14763750
252265011,0,30421,ROBO PERSONA,ND,11,2025-11-21,47,5,5,LOCALIDAD,PASO BLANCO,1018,1018,CARRETERA,53 PASO BLANCO,NA,NA,",,,",CALLE,NIÑOS HEROES,7,11,13,20,11:13,false,true,1,cortante,2 HOMBRES UNO VISTE DE NEGRO EL OTRO TRAE UN CASCO COLOR ROJO CON DORADO,ND,H,H,8,0,N,N,0,0,false,0,MOTOCICLETA,MOTOCICLETA ITALIKA COLOR GRIS CON VERDE PLACAS 985YT,"3,28,29","celular,dinero,cartera",900,0,false,1,1,0,NA,NA,0,NA,1,TRANSITANDO,SI,HOMBRE,2112,-102.31636680,21.97556465
252267117,0,30421,ROBO PERSONA,ND,11,2025-11-21,47,5,5,FRACCIONAMIENTO,PARQUE INDUSTRIAL CHICHIMECO,1111,1111,CALLE,ND,NA,NA,",,,",CALLE,ND,7,17,53,22,17:53,false,true,1,cortante,2 HOMBRES,ND,H,H,8,0,N,N,0,0,false,0,N,N,"3,28,30","celular,dinero,llaves",4500,4500,false,1,1,0,NA,NA,0,NA,1,ND,NO,HOMBRE,2113,-102.33911991,21.99698148
252268202,0,30422,ROBO PERSONA,ND,11,2025-11-21,47,5,1,FRACCIONAMIENTO,"VILLA DE NUESTRA SEÑORA DE LA ASUNCION, SECTOR ALAMEDA",330,330,CALLE,DOMINGO VELASCO,NA,NA,",,,",CALLE,RODRIGO RINCON,3,20,49,23,20:49,false,true,8,otras,1 HOMBRE,ND,H,M,5,0,N,N,0,0,false,0,N,N,3,celular,0,0,false,1,1,0,NA,NA,0,NA,1,PARADO,NO,MUJER,2114,-102.26326126,21.93295320
252268927,0,30421,ROBO PERSONA,ND,11,2025-11-21,47,5,1,FRACCIONAMIENTO,BALCONES DE OJOCALIENTE,184,184,AVENIDA,SIGLO XXI,NA,NA,"1334,,,",CALLE,BALCON DEL BESO,5,22,30,24,22:30,false,false,9,ninguna,1 HOMBRE ENCAPUCHADO TEZ MORENO VISTE SUDADERA AZUL,ND,H,H,8,0,N,N,0,0,false,0,N,N,30,llaves,0,0,false,1,1,0,NA,NA,0,NA,1,PARADO,NO,HOMBRE,2115,-102.24901985,21.86141261
252275672,0,30421,ROBO PERSONA,ND,11,2025-11-22,47,6,1,ESPECIAL,MOLINO SAN MARCOS,620,620,AVENIDA,GENERAL MARIANO ESCOBEDO,NA,NA,",,,",AVENIDA,PASEO DE LA CRUZ,5,21,42,24,21:42,false,true,3,contusa,6 PERSONAS,ND,H,H,8,0,N,N,0,0,false,0,N,N,"3,28,40","celular,dinero,tarjetas",370,370,false,1,1,0,NA,NA,0,NA,1,ND,NO,HOMBRE,2116,-102.27682846,21.87372079
252284088,0,30421,ROBO PERSONA,ND,11,2025-11-23,47,7,1,FRACCIONAMIENTO,"VILLA DE NUESTRA SEÑORA DE LA ASUNCION, SECTOR SAN MARCOS",580,580,CALLE,GUAMARES,NA,NA,",,,",CALLE,BARRIO DE LA SALUD,3,22,0,24,22:00,false,false,9,ninguna,ND,ND,ND,H,8,0,N,N,0,0,false,0,N,N,"3,28,29","celular,dinero,cartera",0,0,false,1,1,0,NA,NA,0,NA,1,ND,NO,HOMBRE,2117,-102.26763900,21.93055162
252285657,0,30422,ROBO PERSONA,ND,11,2025-11-24,48,1,1,NO APLICA,DESARROLLO ESPECIAL BULEVAR A ZACATECAS,609,609,CALLE,ARCO DE LA LIBERTAD,NA,NA,",,,",AVENIDA,HEROE DE NACOZARI NORTE,3,1,32,25,01:32,false,false,9,ninguna,2 HOMBRES UNO TRAE EXPANXIONES EN LA OREJA BRAZOS TATUADOS BERMUDA COLOR BEIGE TENIS BLANCOS SUDADERA COLOR ROJO CON BAR,ND,H,H,8,0,N,N,0,0,false,0,COCHE,COCHE COLOR BLANCO,3,celular,0,10000,false,,1,0,NA,NA,0,NA,1,TRANSITANDO,NO,HOMBRE,2118,-102.29098328,21.91001185
252266515,0,30446,ROBO PERSONA,ND,11,2025-11-21,47,5,1,FRACCIONAMIENTO,CASABLANCA,625,625,CALLE,CAUDILLOS,NA,NA,",,,",CALLE,30 DE SEPTIEMBRE,5,16,21,22,16:21,false,false,9,ninguna,2 HOMBRES,ND,H,H,8,0,N,N,0,0,false,0,MOTOCICLETA,MOTOCICLETA,11,herramienta,0,0,false,1,1,0,NA,NA,0,NA,1,PARADO,NO,HOMBRE,2119,-102.27112479,21.85914923
252267301,0,30446,ROBO PERSONA,MARIPOSA,11,2025-11-21,47,5,1,COLONIA,ZONA CENTRO,501,501,CALLE,FRANCISCO G HORNEDO,NA,NA,"104,,,",CALLE,CRISTOBAL COLON,1,15,0,21,15:00,false,false,9,ninguna,ND,ND,ND,H,8,0,N,N,0,0,false,0,N,N,14,bicicleta,0,15700,false,1,1,0,NA,NA,0,NA,1,PARADO,NO,HOMBRE,2120,-102.29518064,21.87906570
252267686,0,30446,ROBO PERSONA,MARIPOSA,11,2025-11-21,47,5,5,COLONIA,EL CALVARIO,1044,1044,CALLE,EL CALVARIO,NA,NA,"117,,,",CALLE,BENITO JUAREZ,7,19,4,22,19:04,false,false,9,ninguna,ND,ND,ND,H,8,0,N,N,0,0,false,0,N,N,14,bicicleta,0,1000,false,1,1,0,NA,NA,0,NA,1,PARADO,NO,HOMBRE,2121,-102.34317027,21.96722730
252273517,0,30446,ROBO PERSONA,ND,11,2025-11-22,47,6,1,FRACCIONAMIENTO,"VILLA DE NUESTRA SEÑORA DE LA ASUNCION, SECTOR ESTACION",354,354,AVENIDA,VALLE DE LOS ROMEROS,NA,NA,"1932,,,",CALLE,JUAN G ALVARADO,3,16,8,22,16:08,false,false,9,ninguna,1 HOMBRE,ND,H,M,8,0,N,N,0,0,false,0,TAXI,TAXI VERSA COLOR BLANCO PLACAS A879AAF,3,celular,0,1080,false,1,1,0,NA,NA,0,NA,2,PARADO,NO,MUJER,2122,-102.25791024,21.94069959
252280308,0,30446,ROBO PERSONA,ND,11,2025-11-23,47,7,1,FRACCIONAMIENTO,MORELOS I,598,598,CALLE,CAUDILLOS,NA,NA,"1138,,,",AVENIDA,MARIANO HIDALGO,5,2,42,25,02:42,false,false,9,ninguna,1 HOMBRE,ND,H,M,8,0,N,N,0,0,false,0,N,N,"3,26,29,40","celular,bolso,cartera,tarjeta",0,0,false,1,1,0,NA,NA,0,NA,1,PARADO,NO,MUJER,2123,-102.25885923,21.85904170
252281209,0,30446,ROBO PERSONA,MARIPOSA,11,2025-11-23,47,7,1,FRACCIONAMIENTO,NAZARIO ORTIZ GARZA,222,222,BOULEVARD,GUADALUPANO,NA,NA,",,,",CALLE,PRESA D LOS GRINGOS,3,15,44,22,15:44,false,false,9,ninguna,1 HOMBRE VISTE PLAYERA AZUL MARINO PANTALON NEGRO,ND,H,H,8,0,N,N,0,0,false,0,N,N,14,mariposa,0,0,false,1,1,0,NA,NA,0,NA,1,PARADO,NO,HOMBRE,2124,-102.26323602,21.90511468
252282982,0,30446,ROBO PERSONA,MARIPOSA,11,2025-11-23,47,7,1,COLONIA,COL SAN MARCOS,145,145,CALLE,NAVARRETE,NA,NA,",,,",CALLE,22 DE OCTUBRE,6,19,57,23,19:57,false,false,9,ninguna,ND,ND,ND,H,8,0,N,N,0,0,false,0,N,N,14,bicicleta,0,2000,false,1,1,0,NA,NA,0,NA,1,PARADO,NO,HOMBRE,2125,-102.31127787,21.87776788
252286080,0,30446,ROBO PERSONA,MARIPOSA,11,2025-11-24,48,1,11,FRACCIONAMIENTO,PASEOS DE LA PROVIDENCIA,1320,1320,CALLE,PASEOS DE SAN JOSE,NA,NA,",,,",CALLE,PROFESOR JUAN ANTONIO REYES CASTAÑEDA,7,5,13,26,05:13,false,false,9,ninguna,ND,ND,ND,H,8,0,N,N,0,0,false,0,N,N,14,bicicleta,0,2700,true,1,10,0,NA,NA,0,NA,1,PARADO,NO,HOMBRE,2126,-102.27670862,22.02524977
252265747,0,30446,ROBO PERSONA,ND,11,2025-11-21,47,5,1,COLONIA,ZONA CENTRO,501,501,CALLE,PEDRO PARGA,NA,NA,",,,",CALLE,LOPEZ VELARDE,1,13,49,21,13:49,false,false,9,ninguna,ND,ND,ND,M,8,0,N,N,0,0,false,0,N,N,26,BOLSO,0,0,false,1,1,0,NA,NA,0,NA,1,PARADO,NO,MUJER,2127,-102.29381018,21.88433792
252272075,0,30904,ROBO PERSONA,ND,11,2025-11-22,47,6,1,COLONIA,LA SOLEDAD,288,288,BOULEVARD,ADOLFO RUIZ CORTINES,NA,NA,",,,",CALLE,CIHUATLAN,6,23,8,24,23:08,false,false,9,ninguna,ND,ND,ND,H,8,0,N,N,0,0,false,0,N,N,3,celular,0,0,true,1,10,0,NA,NA,0,NA,1,PARADO,NO,HOMBRE,2128,-102.32896845,21.87260686
252287656,0,30458,ROBO PERSONA,ND,11,2025-11-24,48,1,1,FRACCIONAMIENTO,"VILLA DE NUESTRA SEÑORA DE LA ASUNCION, SECTOR ENCINO",331,331,AVENIDA,SIGLO XXI,NA,NA,",,,",CALLE,MATIAS DE LA MOTA,3,10,0,20,10:00,false,false,9,ninguna,1 HOMBRE VISTE PLAYERA COLOR SALMON PANTALON MEZCLILLA CON UN TATUAJE EN EL BRAZO ACENTO COMO ARGENTINO,ND,H,H,8,0,N,N,0,0,false,0,COCHE,VW JETT COLOR GRIS,"28,40","dinero,tarjeta",7000,7000,false,1,1,0,RETIRO,BANORTE,0,VNSA ENCINO,1,PARADO,NO,HOMBRE,2129,-102.26642164,21.92628484
252289865,0,30422,ROBO PERSONA,ND,11,2025-11-24,48,1,1,UNIDAD HABITACIONAL,POTREROS DEL OESTE,167,167,ANDADOR,CORSEL,NA,NA,",,,",AVENIDA,PASEO DE LA ASUNCION,2,19,3,23,19:03,false,false,9,ninguna,3 HOMBRE,ND,H,M,8,0,N,N,0,0,false,0,MOTOCICLETA,MOTOCICLETA,3,celular,0,0,false,1,1,0,NA,NA,0,NA,1,TRANSITANDO,NO,MENOR,2130,-102.30132325,21.84558524
252291019,0,30421,ROBO PERSONA,ND,11,2025-11-24,48,1,5,FRACCIONAMIENTO,SOLAR DE JONACATIQUE,896,896,AVENIDA,CONSTITUCION,NA,NA,",,,",AVENIDA,ALEJANDRO DE LA CRUZ,7,22,7,24,22:07,false,true,1,cortante,2 HOMBRES CON PASAMONTAÑAS,ND,H,M,8,0,N,N,0,0,false,0,MOTOCICLETA,MOTOCICLETA 150,"3,28,30,31,38","celular,dinero,llaves,dinero,otros",200,200,false,1,1,0,NA,NA,0,NA,1,PARADO,NO,AMBOS,2131,-102.35064853,21.97297459
252291563,0,30422,ROBO PERSONA,ND,11,2025-11-24,48,1,1,FRACCIONAMIENTO,VILLAS DE SANTA ROSA,165,165,CALLE,ARNULFO VALDEZ MUÑOZ,NA,NA,",,,",AVENIDA,PASEO DE LA ASUNCION,2,23,46,24,23:46,false,false,9,ninguna,1 HOMBRE,EDSON VAZQUEZ FLORES 18 AÑOS,H,H,8,1,N,N,0,0,false,0,N,N,12,ropa,0,0,false,1,4,0,NA,NA,0,NA,1,PARADO,NO,HOMBRE,2132,-102.30126843,21.84034869
252290495,0,30446,ROBO PERSONA,ND,11,2025-11-24,48,1,1,FRACCIONAMIENTO,SOLIDARIDAD II,193,193,CALLE,ATOTONITLAN,NA,NA,"244,,,",CALLE,HUACHICHIL,5,20,39,23,20:39,false,false,9,ninguna,2 NIÑAS DE 8 AÑOS APROX,ND,M,M,8,0,N,N,0,0,false,0,N,N,3,celular,0,0,false,1,1,0,NA,NA,0,NA,2,PARADO,NO,MUJER,2133,-102.24566657,21.86328552
252287801,0,30907,ROBO PERSONA,ND,11,2025-11-24,48,1,5,COLONIA,EL CALVARIO,1044,1044,CALLE,BENIGNO CHAVEZ,NA,NA,",,,",CALLE,AGUSTIN DE ITURBIDE,7,13,9,21,13:09,true,true,3,contusa,4 HOMBRES,ND,H,H,8,0,N,N,0,0,false,0,N,N,39,sin datos,0,0,false,1,1,0,NA,NA,0,NA,1,PARADO,NO,HOMBRE,2134,-102.34536216,21.96590602
252288553,0,30907,ROBO PERSONA,MARIPOSA,11,2025-11-24,48,1,1,FRACCIONAMIENTO,EJIDO CUMBRES,210,210,CALLE,SANTA ELENA,NA,NA,",,,",AVENIDA,POLIDUCTO,3,15,28,21,15:28,false,false,9,ninguna,5 PERSONAS,ND,H,H,8,0,N,N,0,0,false,0,N,N,"14,29","bicicleta,cartera",0,0,false,1,2,0,NA,NA,0,NA,1,ND,NO,HOMBRE,2135,-102.25009748,21.90770745
252291483,0,30907,ROBO PERSONA,ND,11,2025-11-24,48,1,1,FRACCIONAMIENTO,EL PUERTECITO,407,407,CALLE,PUERTO CABO SAN LUCAS,NA,NA,",,,",CALLE,PUERTO COATZACOALCOS,3,23,28,24,23:8,false,false,9,ninguna,ND,ND,ND,H,8,0,N,N,0,0,false,0,N,N,"3,12","celular,ropa",0,0,false,1,1,0,NA,NA,0,NA,1,ND,NO,HOMBRE,2136,-102.24611028,21.93761524
242211113,0,30422,ROBO PERSONA,ND,11,2025-11-23,47,7,2,FRACCIONAMIENTO,LOS ALAMOS,772,772,CALLE,AZTECA,NA,NA,",,,",CALLE,16 DE SEPTIEMBRE,7,17,1,22,17:01,false,false,9,ninguna,1 HOMBRE,ND,H,ND,8,1,N,N,0,0,false,0,N,N,39,sin datos,0,0,false,1,4,0,NA,NA,0,NA,1,ND,NO,ND,2137,-102.07314801,22.09420808
114221114,0,30422,ROBO PERSONA,MARIPOSA,11,2025-11-18,47,2,11,FRACCIONAMIENTO,REVOLUCION,1310,1310,CALLE,ALDAMA SUR,NA,NA,"302,,,",CALLE,EMILIO CARRANZA ORIENTE,7,20,1,23,20:01,false,false,9,ninguna,ND,ND,ND,ND,8,0,N,N,0,0,false,0,N,N,14,bicicleta,0,0,false,1,1,0,NA,NA,0,NA,1,PARADO,NO,ND,2138,-102.27094101,22.07747478
252293110,0,30904,ROBO PERSONA,ND,11,2025-11-24,48,1,11,FRACCIONMAMIENTO,LA RIBERA,1340,1340,AVENIDA,LA RIBERA,NA,NA,"1503,,,",CALLE,RIBERA DE CHAPALA,7,10,2,20,10:02,false,false,9,ninguna,ND,ND,ND,H,8,0,N,N,0,0,false,0,N,N,14,bicicleta,0,11000,false,1,13,0,NA,NA,0,NA,1,ND,NO,HOMBRE,2139,-102.25435351,21.95699960
252296973,0,30421,ROBO PERSONA,ND,11,2025-11-25,48,2,1,FRACCIONAMIENTO,PERIODISTAS,204,204,CALLE,NOTICIEROS,NA,NA,",,,",CALLE,VOCEADORES,5,21,8,23,21:08,false,true,1,cortante,1 HOMBRE VISTE PANTS CHAMARRA COLOR NEGRO EN EL CACHETE DERECHO TIENE UN TATUAJE EDAD APROX 18 AÑOS,ND,H,H,8,0,N,N,0,0,false,0,N,N,3,celular,0,2000,false,1,1,0,NA,NA,0,NA,1,ND,NO,HOMBRE,2140,-102.24793854,21.85317484
252297157,0,30421,ROBO PERSONA,ND,11,2025-11-25,48,2,1,FRACCIONAMIENTO,LAS AMERICAS,262,262,AVENIDA,DE LA CONVENCION DE 1914 SUR,NA,NA,",,,",CALLE,REPUBLICA DE BRASIL,2,21,57,24,21:57,false,true,1,cortante,1 HOMBRE VISTE SHORT MEZCLILLA PLAYERA BLANCA,N,H,H,8,0,N,N,0,0,false,0,BICICLETA,BICICLETA COLOR NEGRA,"3,28,29","celular,dinero,cartera",1100,0,false,1,1,0,NA,NA,0,NA,1,PARADO,NO,HOMBRE,2141,-102.29962225,21.86622036
252297759,0,30422,ROBO PERSONA,MARIPOSA,11,2025-11-25,48,2,1,COLONIA,TALAMANTES PONCE,510,510,BOULEVARD,LUS DONALDO COLOSIO,NA,NA,",,,",AVENIDA,INDEPENDENCIA,6,20,0,23,20:00,false,false,9,ninguna,1 PERSONA,ND,H,H,8,0,N,N,0,0,false,0,COCHE,COCHE CHEVROLET MATIZ COLOR BLANCO MODELO 2013 PLACAS ABF613F,14,bicicleta,0,5000,false,1,1,4856,NA,NA,0,NA,1,PARADO,NO,HOMBRE,2142,-102.29788004,21.92545508
252279558,0,50305,ROBO PERSONA,ND,11,2025-11-23,47,7,1,FRACCIONAMIENTO,SOLIDARIDAD III,194,194,CALLE,JOSE JOAQUIN HERRERA,NA,NA,"155,,,",CALLE,ISAAC DIAZ DE LEON,5,10,37,20,10:37,false,false,9,ninguna,1 HOMBRE CONDUCTOR DE TAXI,ND,H,H,8,0,N,N,0,0,false,0,TAXI,NISSAN TSURU COLOR ROJO NUMERO ECO 218,"26,52","bolso,alimentos",0,0,false,1,13,0,NA,NA,0,NA,1,PARADO,NO,HOMBRE,2143,-102.25001672,21.85541091
252264626,0,50305,ROBO PERSONA,ND,11,2025-11-21,47,5,1,NO APLICA,DESARROLLO ESPECIAL BULEVAR A ZACATECAS,609,609,BOULEVARD,A ZACATECAS,NA,NA,",,,",BOULEVARD,LUIS DONALDO COLOSIO,3,10,17,20,10:17,false,false,9,ninguna,ND,ND,ND,M,8,0,N,N,0,0,false,0,N,N,39,sin datos,0,0,false,1,2,0,NA,NA,0,NA,1,PARADO,NO,MUJER,2144,-102.29144253,21.92411570
252294099,0,30904,ROBO PERSONA,ND,11,2025-11-25,48,2,1,FRACCIONAMIENTO,VILLAS DE LA CANTERA,546,546,CALLE,DEL CRATER,NA,NA,"230,,,",CALLE,DE LA LADERA,2,13,32,21,13:32,false,false,9,ninguna,1 MUJER,ND,M,H,5,0,N,N,0,0,false,0,N,N,40,tarjeta,0,0,false,1,2,0,NA,NA,0,NA,1,ND,NO,HOMBRE,2145,-102.33314298,21.85207658
252297106,0,30904,ROBO PERSONA,ND,11,2025-11-21,47,5,1,FRACCIONAMIENTO,"VILLA DE NUESTRA SEÑORA DE LA ASUNCION, SECTOR GUADALUPE",342,342,CALLE,JOSE CONTRERAS ESPARZA,NA,NA,"104,,,",AVENIDA,JOSE DE JESUS GONZALEZ GARCIA,3,27,0,27,sin datos,false,false,9,ninguna,1 HOMBRE,ND,H,H,8,0,N,N,0,0,false,0,COCHE,COCHE VW JETTA COLOR BLANCO,3,celular,0,0,false,1,1,0,NA,NA,0,NA,1,ND,NO,HOMBRE,2146,-102.25152957,21.92907306
252301757,0,30422,ROBO PERSONA,ND,11,2025-11-26,48,3,1,FRACCIONAMIENTO,"VILLA DE NUESTRA SEÑORA DE LA ASUNCION, SECTOR ESTACION",354,354,CALLE,CELESTINO LOPEZ SANCHEZ,NA,NA,",,,",CALLE,FRANCISCO ARMENGOL,3,17,26,22,17:26,false,true,1,cortante,1 HOMBRE VISTE CHALECO GRIS PANTALON GRIS RAPADO DE LA CABEZA 1 MUJER VISTE CHALECO AMARILLO,ND,A,H,8,0,N,N,0,0,false,0,N,N,3,celular,0,15000,false,1,1,0,NA,NA,0,NA,1,TRANSITANDO,NO,HOMBRE,2147,-102.25470450,21.94000769
252303662,0,30421,ROBO PERSONA,ND,11,2025-11-26,48,3,6,FRACCIONAMIENTO,PLUTARCO ELIAS CALLES,1114,1114,CALLE,NARCISO PERALES AVILA,NA,NA,"1405,,,",CALLE,FELIPE ANGELES,7,21,43,24,21:43,false,false,9,ninguna,2 HOMBRES UNO DE ELLOS TRAE UNA GORRA COLOR NEGRO ELOTRO GORRA AZUL,ND,H,H,8,0,N,N,0,0,false,0,N,N,3,celular,0,3000,false,1,1,0,NA,NA,0,NA,1,TRANSTIANDO,NO,HOMBRE,2148,-102.28686113,22.14144059
252303997,0,30421,ROBO PERSONA,ND,11,2025-11-26,48,3,1,FRACCIONAMIENTO,"VILLA DE NUESTRA SEÑORA DE LA ASUNCION, SECTOR ENCINO",331,331,CALLE,JESUS REYES,NA,NA,",,,",CALLE,ANDRES LOPEZ,3,22,50,24,22:50,false,true,1,cortante,2 HOMBRES UNO VISTE PLAYERA COLOR VERDE PANTALON NEGRO,NA,H,H,8,0,N,N,0,0,false,0,N,N,"3,28,29,53","celular,dinero,cartera,casco",2300,2300,false,1,1,0,NA,NA,0,NA,1,ND,NO,HOMBRE,2149,-102.26612087,21.92441843
252304983,0,30422,ROBO PERSONA,ND,11,2025-11-27,48,4,1,FRACCIONAMIENTO,SOLIDARIDAD II,193,193,AVENIDA,TECNOLOGICO,NA,NA,",,,",AVENIDA,POLIDUCTO,5,6,26,19,06:26,false,true,10,otras,2 HOMBRES,ND,H,M,8,0,N,N,0,0,false,0,VEHICULO,VEHICULO,28,dinero,1200,1200,false,1,1,0,NA,NA,0,NA,1,TRANSITANDO,NO,MUJER,2150,-102.24214637,21.86668933
542211017,0,30422,ROBO PERSONA,MARIPOSA,11,2025-11-26,48,3,5,CONDOMINIO,RUISEÑORES,1022,1022,AVENIDA,RUISEÑORES,NA,NA,",,,",CALLE,N,7,21,20,23,21:20,false,false,9,ninguna,1 HOMBRE,JESUS SALAS ESPARZA,H,H,8,1,N,N,0,0,false,0,N,N,14,bicicleta,0,0,false,1,4,0,NA,NA,0,NA,1,ND,NO,HOMBRE,2151,-102.32995877,21.96638691
252300707,0,50102,ROBO PERSONA,DESPENSA,11,2025-11-26,48,3,1,FRACCIONAMIENTO,INSURGENTES,161,161,CALLE,DOROTEO ARANGO,NA,NA,",,,",CALE,ANTONIO DIAZ SOTO Y GAMA,2,14,50,21,14:50,false,false,9,ninguna,1 HOMBRE,ND,H,M,8,0,N,N,0,0,false,0,N,N,3,celular,0,0,false,1,1,0,NA,NA,0,NA,1,PARADO,NO,HOMBRE,2152,-102.30531971,21.85363929
252307312,0,30422,ROBO PERSONA,ND,11,2025-11-27,48,4,1,FRACCIONAMIENTO,INSURGENTES,161,161,CALLE,INGENIERO PASTOR ROUAIX,NA,NA,"307,,,",AVENIDA,DE LA CONVENCION,2,15,11,21,15:11,false,false,9,ninguna,2 MUJERES UNA VISTE BLUSA BLANCA CON RAYAS,ND,M,H,8,0,N,N,0,0,false,0,N,N,3,celular,0,0,false,1,1,0,NA,NA,0,NA,1,PARADO,NO,HOMBRE,2153,-102.30565320,21.85011298
252308903,0,30422,ROBO PERSONA,ND,11,2025-11-27,48,4,5,COLONIA,LOS ARROYITOS,1046,1046,CALLE,JULIO CADENA,NA,NA,"605,,,",CALLE,BENIGNO CHAVEZ,7,19,58,23,19:58,false,false,9,ninguna,1 HOMBRE VISTE CAMISA AZUL PANTALON MEZCLILLA GORRA NEGRA,ND,H,H,8,0,N,N,0,0,false,0,N,N,3,celular,0,2500,false,1,1,0,NA,NA,0,NA,1,ND,NO,MUJER,2154,-102.34103891,21.96549958
252309648,0,30422,ROBO PERSONA,ND,11,2025-11-27,48,4,1,FRACCIONAMIENTO,EJIDO CUMBRES,210,210,CALLE,SANTA ELENA,NA,NA,",,,",CALLE,SIERRA MADRE DEL SUR,3,22,0,24,22:00,false,false,9,ninguna,1 HOMBRE,EL PELUSAS,H,H,8,0,N,N,0,0,false,0,N,N,3,celular,0,0,false,1,1,0,NA,NA,0,NA,1,ND,NO,HOMBRE,2155,-102.25048813,21.90758794
252310013,0,30421,ROBO PERSONA,ND,11,2025-11-27,48,4,1,FRACCIONAMIENTO,LOMAS DE VISTABELLA II,366,366,CALLE,VISTA DEL SOLSTICIO,NA,NA,"112,,,",CALLE,VISTA DE LAS ESTRELLAS,5,23,16,24,23:16,false,true,3,contusa,1 HOMBRE 1 MUJER,CLAUDIA,A,H,8,0,N,N,0,0,false,0,N,N,"28,29","dinero,cartera",6000,6000,false,1,2,0,NA,NA,0,NA,1,PARADO,NO,HOMBRE,2156,-102.26408990,21.84234346
252315575,0,30422,ROBO PERSONA,ND,11,2025-11-28,48,5,1,FRACCIONAMIENTO,JOSE LOPEZ PORTILLO,175,175,CALLE,JOSE MARIA BOCANEGRA,NA,NA,"1210,,,",CALLE,TENIENTE CORONEL MACARIO SARABIA,2,21,54,24,21:54,false,false,9,ninguna,4 HOMBRES,CRISTIAN ALFREDO SOLIS GAMEZ 30 AÑOS,H,H,8,1,N,N,0,0,false,0,N,N,3,celular,0,3000,false,1,4,0,NA,NA,0,NA,1,PARADO,NO,HOMBRE,2157,-102.32477729,21.85407020
252316571,0,30422,ROBO PERSONA,MARIPOSA,11,2025-11-29,48,6,1,FRACCIONAMIENTO,LA ESTRELLA,207,207,CALLE,LUCERO,NA,NA,",,,",CALLE,OSA MENOR,3,0,9,25,00:09,false,false,9,ninguna,1 mujer,ND,M,H,8,0,N,N,0,0,false,0,N,N,14,bicicleta,0,0,false,1,0,0,NA,NA,0,NA,1,PARADO,NO,HOMBRE,2158,-102.28049146,21.90040927
252320458,0,30422,ROBO PERSONA,ND,11,2025-11-29,48,6,1,FRACCIONAMIENTO,EJIDO CUMBRES,210,210,BOULEVRAD,GUADALUPANO,NA,NA,",,,",CALLE,SIERRA DE SAN BERNARDINO,3,16,10,22,16:10,false,false,9,ninguna,ND,ND,ND,H,8,0,N,N,0,0,false,0,N,N,39,sin datos,0,0,false,1,13,0,NA,NA,0,NA,1,ND,NO,HOMBRE,2159,-102.25545455,21.90887034
252320672,0,30421,ROBO PERSONA,ND,11,2025-11-29,48,6,1,FRACCIONAMIENTO,JOSE LOPEZ PORTILLO,175,175,CALLE,DOCTOR SALVADOR GALLARDO,NA,NA,",,,",CALLE,SOBERANA CONVENCION MILITAR REVOLUCIONARIA,2,15,42,22,15:42,false,false,1,punzante,2 HOMBRES UNO VISTE PLAYERA BLANCA PANTALON NEGRO CACHUCHA GRIS EL OTRO CAMISA DE TIRANTES,ND,H,H,8,0,N,N,0,0,false,0,N,N,26,bolso,0,0,false,1,1,0,NA,NA,0,NA,1,PARADP,NO,HOMBRE,2160,-102.32354348,21.84846228
252320903,0,30422,ROBO PERSONA,ND,11,2025-11-29,48,6,1,RACCIONAMIENTO,ESPAÑA,171,171,AVENIDA,AGUASCALIENTES PONIENTE,NA,NA,",,,",CALLE,ARAGON,2,17,16,22,17:16,false,false,9,ninguna,2 HOMBRES,EL MUÑECO Y EL MOCOSO,H,H,8,1,N,N,0,0,false,0,N,N,"3,28","celular,dinero",2000,2000,false,1,4,0,NA,NA,0,NA,1,PARADO,NO,HOMBRE,2161,-102.31759269,21.86544886
252323081,0,30421,ROBO PERSONA,ND,11,2025-11-29,48,6,1,FRACCIONAMIENTO,VILLA MONTAÑA,601,601,CALLE,SIERRA DE ALCUBIRRE,NA,NA,"503,B,,",CALLE,MONTE KENIA,3,23,7,24,23:07,false,true,3,contusa,10 PERSONAS,ND,ND,M,5,0,N,N,0,0,false,0,N,N,"26,28,29","bolso,dinero,cartera",2000,2000,false,1,1,0,NA,NA,0,NA,1,PARADO,NO,ND,2162,-102.26547187,21.93695485
252324038,0,30422,ROBO PERSONA,ND,11,2025-11-30,48,7,1,COLONIA,FATIMA,503,503,CALLE,SAN MIGUEL AEL ALTO,NA,NA,"607,,,",CALLE,SAN JUAN DE LOS LAGOS,6,0,55,25,00:55,false,false,9,ningna,3 HOMBRES,ND,H,M,8,0,N,N,0,0,false,0,N,N,3,celular,0,0,false,1,1,0,NA,NA,0,NA,1,TRANSITANDO,NO,MUJER,2163,-102.30958020,21.90920868
252329583,0,30422,ROBO PERSONA,ND,11,2025-11-30,48,7,1,FRACCIONAMIENTO,HACIENDAS DE AGUASCALIENTES,530,530,AVENIDA,SIGLO XXI,NA,NA,",,,",AVENIDA,HACIENDA DE OJOCALIENTE,4,19,27,23,19:27,false,false,9,ninguna,1 HOMBRE VISTE CAMISA GRIS GORRA NEGRA,ND,H,H,8,0,N,N,0,0,false,0,BICICLETA,BICICLETA BMX,3,celular,0,10000,false,1,1,0,NA,NA,0,NA,1,PARADO,NO,HOMBRE,2164,-102.25093098,21.88705282
252332461,0,30421,ROBO PERSONA,ND,12,2025-12-01,49,1,3,COLONIA,LIBERAL,785,785,CALLE,PONCIANO ARRIAGA,NA,NA,",,,",CALLE,VALENTIN GOMEZ FARIAS,7,2,55,25,02:55,false,true,3,contusa,2 HOMBRES,EL PANDA Y EL CUBO,H,H,8,0,N,N,0,0,false,0,CAMIONETA,CAMIONETA CHEVROLET SILVERADO COLOR GRIS CABINA Y MEDIA,"3,28","celular,dinero",9500,9500,false,1,2,0,NA,NA,0,NA,1,PARADO,NO,HOMBRE,2165,-102.71829131,21.84105241
252333263,0,30422,ROBO PERSONA,ND,12,2025-12-01,49,1,1,FRACCIONAMIENTO,OJOCALIENTE I,190,190,AVENIDA,AGUASCALIENTES ORIENTE,NA,NA,",,,",CALLE,COTORINAS,4,6,20,19,06:20,false,false,9,ninguna,1 HOMBRE VISTE SUDADERA NEGRA,ND,H,M,8,0,N,N,0,0,false,0,BICICLETA,BICICLETA,3,celular,0,0,false,1,1,0,NA,NA,0,NA,1,PARADO,NO,MUJER,2166,-102.25874793,21.88276607
252315442,0,30446,ROBO PERSONA,ND,11,2025-11-28,48,5,1,FRACCIONAMIENTO,LA ESTRELLA,207,207,CALLE,ACUARIO,NA,NA,"201,,,",CALLE,CAN MAYOR,3,21,38,24,21:38,false,false,9,ninguna,2 HOMBRES,ND,H,H,8,0,N,N,0,0,false,0,N,N,3,celular,0,0,false,1,1,0,NA,NA,0,NA,1,PARADO,NO,HOMBRE,2167,-102.27656425,21.90299137
252315546,0,30446,ROBO PERSONA,MARIPOSA,11,2025-11-28,48,5,1,FRACCIONAMIENTO,INSURGENTES,161,161,CALLE,GENERAO FRANCISCO MURGUIA,NA,NA,"422,,,",CALLE,GENERAL LUIS MOYA,2,21,31,24,21:31,false,false,9,ninguna,1 HOMBRE,ND,H,M,8,0,N,N,0,0,false,0,N,N,14,bicicleta,0,0,true,1,10,0,NA,NA,0,NA,1,PARADO,NO,HOMBRE,2168,-102.30470359,21.84761729
252317587,0,10208,ROBO PERSONA,ND,11,2025-11-29,48,6,5,RANCHO,RANCHO SECO,1064R,0,AVENIDA,CIRCUNVALACION A SOLIDARIDAD,NA,NA,",,,",AVENIDA,CONSTITUCION,7,4,46,26,04:46,false,true,1,cortante,2 HOMBRES,EL ZORRILLO Y EL CHIVO,H,H,8,0,N,N,1,0,true,0,N,N,"3,28","celular,dinero",600,600,false,1,1,0,NA,NA,0,NA,1,ND,NO,HOMBRE,2169,-102.35091085,21.97516894
252318990,0,30446,ROBO PERSONA,ND,11,2025-11-29,48,6,11,FRACCIONAMIENTO,SAN JOSE DE BUENAVISTA,1311,1311,CALLE,FRANCISOC ROMO JIMENEZ,NA,NA,",,,",AAVENIDA,JUAREZ SUR,7,0,23,25,00:23,false,false,9,ninguna,ND,ND,ND,H,8,0,N,N,0,0,false,0,N,N,3,celular,0,37000,false,1,13,0,NA,NA,0,NA,1,PARADO,NO,HOMBRE,2170,-102.27391790,22.07227427
252320945,0,30446,ROBO PERSONA,ND,11,2025-11-29,48,6,1,FRACCIONAMIENTO,SOLIDARIDAD II,193,193,AVENIDA,SIGLO XXI,NA,NA,",,,",AVENIDA,TECNOLOGICO,5,17,25,22,17:25,false,false,9,ninguna,1 HOMBRE,ND,H,H,8,0,N,N,0,0,false,0,N,N,3,celular,0,0,false,1,1,0,NA,NA,0,NA,1,PARADO,NO,HOMBRE,2171,-102.24437545,21.86752655
252322268,0,30446,ROBO PERSONA,ND,11,2025-11-29,48,6,1,COLONIA,ALTAVISTA,234,234,CALLE,CARLOS BARRON,NA,NA,",,,",CALLE,J GOMEZ PORTUGAL,6,21,15,23,21:15,false,false,9,ninguna,1 HOMBRE,ND,H,H,8,0,N,N,0,0,false,0,TAXI,TAXI COLOR ROJO PLACAS A205AAD COLOR ROJO,3,celular,0,4000,false,1,1,0,NA,NA,0,NA,1,PARADO,NO,HOMBRE,2172,-102.30591189,21.89410652
252324324,0,30446,ROBO PERSONA,ND,11,2025-11-30,48,7,1,FRACCIONAMIENTO,OJOCALIENTE I,190,190,CALLE,SAN GERONIMO,NA,NA,",,,",CALLE,EL COLORADO,4,1,32,25,01:32,false,false,9,ninguna,ND,ND,ND,M,8,0,N,N,0,0,false,0,N,N,3,celular,0,0,false,1,2,0,NA,NA,0,NA,1,TRANSITANDO,NO,MUJER,2173,-102.25173614,21.88426300
252330288,0,30446,ROBO PERSONA,ND,11,2025-11-30,48,7,6,RURAL,SAN LUIS DE LETRAS,1143,1143,CALLE,ND,NA,NA,",,,",CALLE,ND,7,21,5,23,21:05,false,false,9,ninguna,ND,ND,ND,M,8,0,N,N,0,0,false,0,N,N,3,celular,0,14000,false,1,1,0,NA,NA,0,NA,1,PARADO,NO,MUJER,2174,-102.29227656,22.13779575
252325608,0,30904,ROBO PERSONA,ND,11,2025-11-30,48,7,1,FRACCIONAMIENTO,INSURGENTES,161,161,CALLE,GENERAL MATEO ALMANZA,NA,NA,"211,,,",AVENIDA,DE LA CONVENCION,2,7,8,19,07:08,false,false,9,ninguna,ND,ND,ND,H,8,0,N,N,0,0,false,0,N,N,12,ropa,0,0,false,1,1,0,NA,NA,0,NA,1,PARADO,NO,HOMBRE,2175,-102.30965164,21.85097136
252336368,0,30421,ROBO PERSONA,MARIPOSA,12,2025-12-01,49,1,1,FRACCIONAMIENTO,LOS PERICOS,287,287,AVENIDA,POLIDUCTO,NA,NA,",,,",CALLE,SAN ELIAS,4,18,17,22,18:17,false,true,10,otras,2 HOMBRES VISTEN DE NEGRO,ND,H,H,8,0,N,N,0,0,false,0,N,N,14,bicicleta,0,0,false,1,2,0,NA,NA,0,NA,1,TRANSITANDO,NO,HOMBRE,2176,-102.24630939,21.89686210
252336851,0,30446,ROBO PERSONA,MARIPOSA,12,2025-12-01,49,1,1,FRACCIONAMIENTO,HACIENDAS DE AGUASCALIENTES,530,530,CALLE,ARELLANO,NA,NA,"420,,,",CALLE,LAS CUMBRES,4,19,23,23,19:23,false,false,9,ninguna,1 HOMBRE COMPLEXION DELGADA TEZ MORENO ESTATURA ALTO,ND,H,H,8,0,N,N,0,0,false,0,N,N,14,bicicleta,0,0,false,1,1,0,NA,NA,0,NA,1,PARADO,NO,HOMBRE,2177,-102.25073763,21.88399737
252335705,0,30427,ROBO PERSONA,ND,12,2025-12-01,49,1,1,FRACCIONAMIENTO,NUEVA RINCONADA,557,557,CALLE,TEPEZALA,NA,NA,",,,",CALLE,CEDRO,6,16,21,22,16:21,false,true,4,fuego,1 HOMBRE VISTE CAMISA BLANCA PANTALON NEGRO,ND,H,H,8,0,N,N,0,0,false,0,TAXI,TAXI VERSA COLOR BLANCO N° ECO 1606 PLACAS A606AAG,28,dinero,10000,10000,false,1,1,0,NA,NA,0,NA,1,TRANSITANDO,NO,HOMBRE,2178,-102.29859711,21.90839387
252305941,0,30401,ROBO PERSONA,ND,11,2025-11-27,48,4,5,COLONIA,EL CALVARIO,1044,1044,AVENIDA,SOLIDARIDAD,NA,NA,",,,",CALLE,EMILIANO ZAPATA,7,11,0,20,11:00,false,false,9,ninguna,1 HOMBRE COMPLEXION REGULAR PELO CORTO TEZ CLARO EDAD APROX 30 AÑOS,ND,H,M,8,0,N,N,0,0,false,0,N,N,"28,29","dinero,cartera",3000,3000,false,1,1,0,NA,NA,0,NA,2,PARADO,NO,MUJER,2179,-102.34003573,21.97345002
252330531,0,50107,ROBO PERSONA,ND,11,2025-11-30,48,7,11,FRACCIONAMIENTO,MONTEVERDE,1340R,0,CALLE,GRENOVIA,NA,NA,",,,",CALLE,HUEXOTLA,7,21,42,24,21:42,false,false,9,ninguna,ND,ND,ND,M,8,0,N,N,0,0,false,0,N,N,3,celular,0,0,false,1,1,0,NA,NA,0,NA,1,PARADO,NO,MUJER,2180,-102.25060943,21.96136893
252336698,0,30907,ROBO PERSONA,ND,12,2025-12-01,49,1,1,FRACCIONAMIENTO,LOMAS DE BELLAVISTA,415,415,CALLE,CASIA PONIENTE,NA,NA,",,,",AVENIDA,CULTURA MAYA,3,19,2,23,19:02,false,true,10,otras,1 HOMBRE,ND,H,M,8,0,N,N,0,0,false,0,N,N,3,celular,0,0,false,1,1,0,NA,NA,0,NA,1,PARADO,NO,MUJER,2181,-102.24004289,21.91564346
252341816,0,30422,ROBO PERSONA,ND,12,2025-12-02,49,2,5,RANCHO,RANCHO SECO,1064R,0,AVENIDA,CIRCUNVALACION A SOLIDARIDAD,NA,NA,",,,",AVENIDA,CONSTITUCION,7,16,42,22,16:42,false,true,10,otros,2 HOMBRES,ND,H,H,8,0,N,N,0,0,false,0,N,N,3,celular,0,14000,false,1,13,0,NA,NA,0,NA,1,TRANSITANDO,NO,HOMBRE,2182,-102.35111894,21.97518107
252342384,0,30421,ROBO PERSONA,ND,12,2025-12-02,49,2,1,FRACCIONAMIENTO,LAS AMERICAS,262,262,CALLE,REPUBLICA DE BRASIL,NA,NA,",,,",AVENIDA,DE LA CONVENCION DE 1914 SUR,2,18,13,22,18:13,false,true,4,fuego,1 HOMBRE VISTE CAMISA NEGRA PANTALON MEZCLILLA,ND,H,H,8,0,N,N,0,0,false,0,N,N,28,dinero,6000,6000,false,1,1,0,NA,NA,0,NA,1,TRANSITANDO,NO,HOMBRE,2183,-102.29956087,21.86602007
252345013,0,30422,ROBO PERSONA,ND,12,2025-12-03,49,3,1,FRACCIONAMIENTO,VISTA DE LAS CUMBRES,308,308,CALLE,ARPA,na,NA,",,,",CALLE,MAESTRO FERNANDO VILLALPANDO,4,6,27,19,06:19,false,false,9,ninguna,1 HOMBRE VISTE SUDADERA NEGRA PANTALON MEZCLILLA,ND,H,M,8,0,N,N,0,0,false,0,N,N,26,bolso,0,0,false,1,1,0,NA,NA,0,NA,1,TRANSITANDO,NO,MUJER,2184,-102.23911945,21.89485021
252341821,0,30446,ROBO PERSONA,ND,12,2025-12-02,49,2,1,FRACCIONAMIENTO,INSURGENTES,161,161,AVENIDA,INGENIERO CAMILO ARRIAGA,NA,NA,"200,,,",AVENIDA,DE LA CONVENCION,2,15,42,22,15:42,false,false,9,ninguna,1 HOMBRE,ND,H,H,8,0,N,N,0,0,false,0,N,N,"28,29","dinero,cartera",28000,28000,false,1,1,0,NA,NA,0,NA,1,PARADO,NO,HOMBRE,2185,-102.31476728,21.85288820
252342190,0,30446,ROBO PERSONA,ND,12,2025-12-02,49,2,1,FRACCIONAMIENTO,JESUS GOMEZ PORTUGAL,585,585,CALLE,PLEYADE,NA,NA,"225,,,",CALLE,CRUZ DEL SUR,5,14,0,21,14:00,false,true,3,contusa,1 HOMBRE VISTE SUDADERA NEGRA CON LA GORRA PUESTA,ND,H,H,8,0,N,N,0,0,false,0,N,N,3,celular,0,0,false,1,1,0,NA,NA,0,NA,1,PARADO,NO,HOMBRE,2186,-102.26682419,21.87385792
252342696,0,30446,ROBO PERSONA,MARIPOSA,12,2025-12-02,49,2,1,ESPECIAL,TRES CENTURIAS ESPECIAL,614,614,AVENIDA,MANUEL GOMEZ MORIN,NA,NA,",,,",CALLE,JESUS R MACIAS,6,19,11,23,19:1,false,false,9,ninguna,ND,ND,ND,H,8,0,N,N,0,0,false,0,N,N,14,bicicleta,0,0,false,1,1,0,NA,NA,0,NA,1,PARADO,NO,HOMBRE,2187,-102.28405956,21.89328133
252347558,0,30421,ROBO PERSONA,ND,12,2025-12-03,49,3,5,COLONIA,LOMA ALTA,1057,1057,CALLE,GILBERTO RODRIGUEZ DOMINGUEZ,NA,NA,",,,",CALLE,CARLOS DE LUNA,7,15,41,22,15:41,false,true,1,ninguna,1 HOMBRE 1 MUJER,EL LOCO DEL MONTE LA NENA,A,H,8,1,N,N,0,0,false,0,N,N,"3,28,31","celular,dinero,mochila",1500,1500,false,1,4,0,NA,NA,0,NA,1,TRANSITANDO,NO,HOMBRE,2188,-102.35241525,21.94599943
252349099,0,30422,ROBO PERSONA,ND,12,2025-12-03,49,3,1,FRACCIONAMIENTO,SOLIDARIDAD IV,195,195,CALLE,CARLOS GARCIA HIDALGO,NA,NA,",,,",AVENIDA,POLIDUCTO,5,19,36,23,19:36,false,true,9,ninguna,2 HOMBRES VISTEN SUETER BLANCO CON CAPUCHA Y CACHUCHA,ND,H,H,8,0,N,N,0,0,false,0,N,N,3,celular,0,3000,false,1,1,0,NA,NA,0,NA,1,ND,NO,HOMBRE,2189,-102.25318061,21.85273238
252349892,0,30421,ROBO PERSONA,MARIPOSA,12,2025-12-03,49,3,1,FRACCIONAMIENTO,RODOLFO LANDEROS GALLEGOS,226,226,AVENIDA,SIGLO XXI,NA,NA,"811,,,",CALLE,ELENA CUELLAR A.,4,22,15,24,22:15,false,true,3,contusa,3 HOMBRES UNO VISTE SUDADERA BLANCA OTRO SUDADERA CAFE Y EL OTRO SUDADERA NEGRA,ND,H,H,8,0,N,N,0,0,false,0,N,N,14,bicicleta,0,0,false,1,1,0,NA,NA,0,NA,1,TRANSITANDO,NO,HOMBRE,2190,-102.25407384,21.90131645
252351137,0,30421,ROBO PERSONA,ND,12,2025-12-04,49,4,1,FRACCIONAMIENTO,CIUDAD INDUSTRIAL,627,627,CALLE,JESUS RIVERA FRANCO,NA,NA,",,,",BOULEVARD,JOSE MARIA CHAVEZ,5,6,31,19,06:31,false,true,1,cortante,1 HOMBRE MASCULINO 37 AÑOS,ND,H,H,8,0,N,N,0,0,false,0,N,N,3,celular,0,0,false,1,1,0,NA,NA,0,NA,1,TRANSITANDO,NO,HOMBRE,2191,-102.28965096,21.84108292
252346942,0,30446,ROBO PERSONA,ND,12,2025-12-03,49,3,1,FRACCIONAMIENTO,JOSE GUADALUPE PERALTA GAMEZ,334,334,CALLE,JOSE MANUEL RUIZ DE TEJADA Y OTAL,NA,NA,",,,",CALLE,SALUD,4,13,56,21,13:56,false,false,9,ninguna,ND,ND,ND,M,8,0,N,N,0,0,false,0,N,N,3,celular,0,6500,false,1,1,0,NA,NA,0,NA,1,PARADO,NO,MUJER,2192,-102.24135091,21.86907600
252349063,0,30446,ROBO PERSONA,ND,12,2025-12-03,49,3,5,LOCALIDAD,SAN ANTONIO DE LOS HORCONES,1032,1032,CALLE,FRANCISCO VILLA,NA,NA,"144,,,",CALLE,EMILIANO ZAPATA,7,19,58,23,19:58,false,false,9,ninguna,1 HOMBRE,ND,H,H,3,0,N,N,0,0,false,0,N,N,26,bolso,0,0,false,1,2,0,NA,NA,0,NA,1,PARADO,NO,HOMBRE,2193,-102.32697738,21.99347121
252350795,0,30446,ROBO PERSONA,ND,12,2025-12-04,29,4,1,COLONIA,DEL TRABAJO,246,246,CALLE,SIGLO XIX,NA,NA,",,,",AVENIDA,DE LA CONVENCIO DE 1914 ORIENTE,4,2,11,25,02:11,false,false,9,ninguna,1 HOMBRE EDAD APROX 55 AÑOS,EL CHILANGO,H,H,8,0,N,N,0,0,false,0,N,N,3,celular,0,0,false,1,1,0,NA,NA,0,NA,1,PARADO,NO,HOMBRE,2194,-102.27366938,21.88935300
252350883,0,30904,ROBO PERSONA,ND,12,2025-12-04,49,4,1,CONJUNTO HABITACIONAL,VILLA TAURINA,390,390,CALLE,MARIANO SALAS 128,NA,NA,",,,",CALLE,MARINAO SALAS,5,2,47,25,25,false,true,1,cortante,1 HOMBRE EDAD APROX 21 AÑOS,EL PITBULL,H,H,8,0,N,N,0,0,false,0,N,N,3,celular,0,0,false,1,1,0,NA,NA,0,NA,1,ND,NO,HOMBRE,2195,-102.24822570,21.85981419
252353384,0,30421,ROBO PERSONA,ND,12,2025-12-04,49,4,1,FRACCIONAMIENTO,PERIODISTAS,204,204,CALLE,NOTICICEROS,NA,NA,",,,",AVENIDA,DEL REY,5,15,11,21,15:11,false,true,3,contusa,2 HOMBRES,ND,H,H,8,1,N,N,0,0,false,0,N,N,3,celular,0,6000,true,1,4,0,NA,NA,0,NA,1,ND,NO,HOMBRE,2196,-102.24831113,21.85166166
252353614,0,30422,ROBO PERSONA,ND,12,2025-12-04,49,4,5,FRACCIONAMIENTO,PASEOS DE LAS HACIENDAS,1030,1030,PROLONGACION,NIAGARA,NA,NA,",,,",CALLE,PASEOS DE LA ACEITUNA,7,15,52,22,15:52,false,true,1,cortante,1 HOMBRE VISTE PLAYERA NEGRA PANTALON MEZCLILLA,ND,H,M,8,0,N,N,0,0,false,0,BICICLETA,BICICLETA,3,celular,0,8000,false,1,1,0,NA,NA,0,NA,1,ND,NO,MUJER,2197,-102.34435090,21.99401616
252353835,0,30422,ROBO PERSONA,ND,12,2025-12-04,49,4,1,FRACCIONAMIENTO,INSURGENTES,161,161,CALLE,INGENIERO PASTOR ROUALX,NA,NA,"119,,,",CALLE,DOROTEO ARANGO,2,16,4,22,16:04,false,true,3,contusa,ND,ND,ND,H,8,0,N,N,0,0,false,0,N,N,3,celular,0,6000,false,1,1,0,NA,NA,0,NA,1,PARADO,NO,HOMBRE,2198,-102.30498026,21.85297540
252354225,0,30421,ROBO PERSONA,ND,12,2025-12-04,49,4,1,COLONIA,MIRAVALLE,239,239,CALLE,PEDRO GARCIA ROJAS,NA,NA,",,,",AVENIDA,DE LA CONVENCION PONIENTE,6,17,34,22,17:34,false,true,1,cortante,2 HOMBRES,ND,H,H,8,0,N,N,0,0,false,0,N,N,"6,28,29","tecnologia,dinero,cartera",2500,3200,false,1,1,0,NA,NA,0,NA,1,ND,NO,HOMBRE,2199,-102.31182364,21.89381052
252357368,252357538,30422,ROBO PERSONA,ND,12,2025-12-05,49,5,1,FRACCIONAMIENTO,LOMAS DE BELLAVISTA,415,415,CALLE,CEREZA,NA,NA,",,,",CALLE,BELLA VISTA,3,5,30,26,05:30,false,true,4,fuego,4 HOMBRES,ND,H,M,8,1,N,N,0,0,false,0,N,N,"3,30","celular,llaves",0,0,true,1,4,0,NA,NA,0,NA,1,TRANSITANDO,NO,MUJER,2200,-102.23924691,21.91668130
252357858,0,30422,ROBO PERSONA,ND,12,2025-12-05,49,5,1,FRACCIONAMIENTO,BALCONES DE ORIENTE,376,376,CALLE,CATARATAS DEL NIAGARA,NA,NA,"321,,,",CALLE,ESCOCIA,4,2,0,25,02:00,false,false,9,ninguna,1 HOMBRE,N,H,H,0,0,N,N,0,0,false,0,MOTOCICLETA,MOTOCICLETA,12,ropa,0,1000,false,1,1,0,NA,NA,0,NA,1,PARADO,NO,HOMBRE,2201,-102.23553448,21.88489677
252355270,0,30446,ROBO PERSONA,ND,12,2025-12-04,49,4,1,COLONIA,MARTINEZ DOMINGUEZ,514,514,AVENIDA,MAHATMA GANDHI,NA,NA,",,,",CALLE,VALENTE QUINTANA,2,20,42,23,20:42,false,false,9,ninguna,ND,ND,ND,M,8,0,N,N,0,0,false,0,N,N,"28,29,30,31","dinero,cartera,llaves,mochila",200,200,false,1,1,0,NA,NA,0,NA,2,PARADO,NO,MUJER,2202,-102.29392370,21.85463930
252356285,0,30904,ROBO PERSONA,MARIPOSA,12,2025-12-03,49,3,1,FRACCIONAMIENTO,RODOLFO LANDEROS GALLEGOS,226,226,CALLE,ESCARAMUZA,NA,NA,",,,",AVENIDA,SIGLO XXI,4,22,0,24,22:00,false,true,ND,sin datos,ND,ND,ND,H,8,0,N,N,0,0,false,0,N,N,14,bicicleta,0,0,false,1,1,0,NA,NA,0,NA,1,ND,NO,HOMBRE,2203,-102.25405569,21.90030872
252362729,0,30422,ROBO PERSONA,ND,12,2025-12-05,49,5,1,FRACCIONAMIENTO,PASEOS DE SAN ANTONIO,634,634,CALLE,MENORCA,NA,NA,"410,,,",AVENIDA,PASEOS DE LA HABANA,5,22,14,24,22:14,false,false,9,ninguna,1 HOMBRE,ND,H,H,8,0,N,N,0,0,false,0,N,N,29,cartera,0,0,false,1,2,0,NA,NA,0,NA,1,PARADO,NO,HOMBRE,2204,-102.26934435,21.80902053
252376528,0,30421,ROBO PERSONA,ND,12,2025-12-07,49,7,1,FRACCIONAMIENTO,SAN CAYETANO,591,591,AVENIDA,UNIVERSIDAD,NA,NA,",,,",CALLE,SAN AGUSTIN,6,21,18,23,21:18,false,true,1,cortante,3 HOMBRES,ND,H,H,8,0,N,N,0,0,false,0,CAMIONETA,CAMIONETA COLOR GRIS,"28,29,31","dinero,cartera,mochila",600,600,false,1,1,0,NA,NA,0,NA,1,ND,NO,HOMBRE,2205,-102.30619486,21.89982091
252377913,0,30421,ROBO PERSONA,ND,12,2025-12-08,50,1,1,UNIDAD HABITACIONAL,LOS VOLCANES,324,324,CALLE,POPOCATEPETL,NA,NA,",,,",CALLE,CITLALTEPEC,5,0,40,25,00:40,false,true,1,cortante,1 HOMBRE VISTE SUETER AZUL CLARO PANTALON GRIS,ND,H,H,8,0,N,N,0,0,false,0,N,N,3,celular,0,0,false,1,1,0,NA,NA,0,NA,1,TRANSITANDO,NO,HOMBRE,2206,-102.27034980,21.87658092
252378525,0,30421,ROBO PERSONA,ND,12,2025-12-08,50,1,1,FRACCIONAMIENTO,LOS PERICOS,287,287,CALLE,SAN PEDRO,NA,NA,",,,",CALLE,SAN ISAAC,4,3,55,26,03:55,false,true,3,contusa,ND,ND,ND,M,8,0,N,N,0,0,false,0,N,N,"3,26,28","celular,bolso,dinero",0,0,false,1,1,0,NA,NA,0,NA,1,ND,NO,MUJER,2207,-102.24300556,21.90462146
252360826,0,30446,ROBO PERSONA,ND,12,2025-12-05,49,5,4,RURAL,REFUGIO DE PROVIDENCIA (LA PROVIDENCIA),889,889,CALLE,INSURGENTES,NA,NA,",,,",CALLE,CUAUHTEMOC,7,18,0,22,18:00,false,false,9,ninguna,ND,ND,ND,M,8,0,N,N,0,0,false,0,N,N,"3,40","celular,tarjeta",0,0,false,1,1,0,NA,NA,0,NA,1,TRANSITANDO,NO,MUJER,2208,-102.25940713,22.34720763
252366164,0,30446,ROBO PERSONA,ND,12,2025-12-06,49,6,1,BARRIO,GUADALUPE,502,502,CALLE,GENERAL GUADALUPE VICTORIA,NA,NA,",,,",CALLE,RIVERO Y GUTIERREZ,1,23,47,24,23:47,false,false,9,ninguna,ND,ND,ND,H,8,0,N,N,0,0,false,0,N,N,3,celular,0,3000,false,1,1,0,NA,NA,0,NA,1,PARADO,NO,MENOR,2209,-102.29800428,21.88274308
252369323,0,30446,ROBO PERSONA,MARIPOSA,12,2025-12-06,49,6,1,FRACCIONAMIENTO,OJOCALIENTE I,190,190,AVENIDA,OJOCALIENTE,NA,NA,"1013,,,",CALLE,PUERTECITO,4,22,33,24,22:33,false,false,9,ninguna,ND,ND,ND,H,8,0,N,N,0,0,false,0,N,N,14,bicicleta,0,0,false,1,1,0,NA,NA,0,NA,1,PARADO,NO,HOMBRE,2210,-102.25267272,21.88057075
252374793,0,30446,ROBO PERSONA,MARIPOSA,12,2025-12-07,49,7,1,COLONIA,EL LLANITO,251,251,CALLE,5 DE FEBRERO,NA,NA,"311,,,",CALLE,JOSEFA ORTIZ DE DOMINGUEZ,1,16,37,22,16:37,false,false,9,ninguna,ND,ND,ND,H,8,0,N,N,0,0,false,0,N,N,14,bicicleta,0,0,false,1,1,0,NA,NA,0,NA,1,PARADO,NO,MARIPOSA,2211,-102.28888155,21.87792625
252371531,0,50102,ROBO PERSONA,ND,12,2025-12-07,49,7,1,FFRACCIONAMIENTO,LOMAS DE BELLAVISTA,415,415,AVENIDA,BELLAVISTA,NA,NA,",,,",CALLE,BELLAVISTA 209,3,3,33,26,03:33,false,true,3,contusa,ND,ND,ND,H,8,0,N,N,0,0,false,0,N,N,3,celular,0,0,false,1,57,0,NA,NA,0,NA,1,PARADO,NO,HOMBRE,2212,-102.24041513,21.91746372
252363405,0,30904,ROBO PERSONA,MARIPOSA,12,2025-12-05,49,5,6,FRACCIONAMIENTO,SANTA ISABEL,1141,1141,CALLE,REAL DE PIEDRAS NEGRAS,NA,NA,"210,,,",CALLE,REAL DE ASIENTOS,7,23,42,24,23:42,false,false,9,ninguna,1 HOMBRE VISTE SUDADERA NEGRA PANTALON MEZCLILLA,ND,H,M,8,0,N,N,0,0,false,0,N,N,14,bicicleta,0,0,false,1,1,0,NA,NA,0,NA,1,PARADO,NO,MUJER,2213,-102.26654283,22.07991132
252362498,0,30907,ROBO PERSONA,ND,12,2025-12-05,49,5,5,CONDOMINIO,RUISEÑORES II,1023,1023,CALLE,GAVIOTA,NA,NA,",,,",CALLE,RUISEÑOR,7,21,43,24,21:43,false,false,9,ninguna,1 MUJER,ND,M,M,5,0,N,N,0,0,false,0,N,N,3,celular,0,0,false,1,1,0,NA,NA,0,NA,1,PARADO,NO,MUJER,2214,-102.33011232,21.96799049
142212014,0,30422,ROBO PERSONA,ND,12,2025-12-06,9,6,1,FRACCIONAMIENTO,CASASOLIDA,168,168,CALLE,CERRO MONTE ALTO,NA,NA,"132,,,",CALLE,FAISAN,2,22,9,24,22:09,false,false,9,ninguna,1 HOMBRE,JESUS ALDAHIR PACHECO DAMASCO 25 AÑOS,H,M,8,1,N,N,0,0,false,0,N,N2,3,CELULAR,0,0,false,1,4,0,NA,NA,0,NA,1,ND,NO,MUJER,2215,-102.29676954,21.83271846
742212016,0,30422,ROBO PERSONA,MARIPOSA,12,2025-12-03,49,3,7,FRACCIONAMIENTO,SOLIDARIDAD,1201,1201,CALLE,INGENIERO MIGUEL ANGEL BARBERENA VEGA,NA,NA,"234,,,",CALLE,PEDRO GUERRERO LUCIO,7,12,20,21,12:20,false,false,9,ninguna,ND,ND,ND,ND,8,0,N,N,0,0,false,0,N,N,14,bicicleta,0,13000,false,1,1,0,NA,NA,0,NA,1,ND,NO,ND,2216,-102.32704314,22.22225188
252383374,0,30422,ROBO PERSONA,ND,12,2025-12-08,50,1,1,FRACCIONAMIENTO,"VILLA DE NUESTRA SEÑORA DE LA ASUNCION, SECTOR GUADALUPE",342,342,CALLE,FEDERICO MENDEZ,NA,NA,",,,",AVENIDA,GERONIMO DE LA CUEVA,3,22,5,24,22:05,false,false,9,ninguna,1 HOMBRE VISTE SUDADERA COLOR GRIS CON CAPUCHA,ND,H,H,8,0,N,N,0,0,false,0,N,N,3,celular,0,1300,false,1,1,0,NA,NA,0,NA,1,TRANSITANDO,NO,HOMBRE,2217,-102.25665634,21.93436366
252383549,0,30446,ROBO PERSONA,MARIPOSA,12,2025-12-08,50,1,9,SIN TIPO,SAN ANTONIO,1237,1237,CALLE,16 DE SEPTIEMBRE,NA,NA,"43,,,",CALLE,JOSE MARIA MORELOS,7,22,44,24,22:47,false,false,9,ninguna,ND,ND,ND,H,8,0,N,N,0,0,false,0,N,N,14,bicicleta,0,5000,false,1,1,0,NA,NA,0,NA,1,PARADO,NO,HOMBRE,2218,-102.24992143,22.23081020
252380585,0,30904,ROBO PERSONA,ND,12,2025-12-08,50,1,1,COLONIA,INDUSTRIAL,240,240,AVENIDA,INDEPENDENCIA,NA,NA,",,,",CALLE,PETROLEOS MEXICANOS,6,14,2,21,14:02,false,false,9,ninguna,HOMBRES,ND,H,M,8,0,N,N,0,0,false,0,N,N,3,celular,0,0,false,1,1,0,NA,NA,0,NA,1,PARADO,NO,MUJER,2219,-102.29487576,21.89195216
252385810,0,30422,ROBO PERSONA,ND,12,2025-12-09,50,2,1,COLONIA,DEL TRABAJO,246,246,AVENIDA,DE LA CONVENCION DE 1914 ORIENTE,NA,NA,",,,",CALLE,57,4,12,31,21,12:31,false,false,9,ninguna,2 HOMBRES UNO VISTE SUTER COLOR GUINDA DE TEJIDO EL OTRO DE ROJOPANTALON MEZCLILLA EDAD APROX 65 A 70 AÑOS,NS,H,M,8,0,N,N,0,0,false,0,N,N,28,dinero,30000,30000,false,1,1,0,PACAZO,BANORTE,0,DEL TRABAJO,1,PARADO,NO,MUJER,2220,-102.27291536,21.88691212
252388842,0,30421,ROBO PERSONA,ND,12,2025-12-09,50,2,5,FRACCIONAMIENTO,SOLIDARIDAD,1055,1055,AVENIDA,CIRCUNVALACION SOLIDARIDAD,NA,NA,",,,",CALLE,RAMON LOERA,7,22,17,24,22:17,false,true,1,cortante,3 HOMBRES VISTEN DE NEGRO,ND,H,H,8,0,N,N,0,0,false,0,N,N,"3,11,29","celular,herramienta,cartera",0,0,false,1,1,0,NA,NA,0,NA,1,PARADO,NO,HOMBRE,2221,-102.35150819,21.95194909
252389248,0,30421,ROBO PERSONA,ND,12,2025-12-09,50,2,1,FRACCIONAMIENTO,LOMAS DE ORIENTE I,672,672,AVENIDA,POLIDUCTO,NA,NA,"64,,,",CALLE,LOMA DEL NORTE,3,23,17,24,23:17,false,true,1,cortante,3 HOMBRES UNO VISTE SUDADERA CON GORRO PASAMONTAÑAS GORRA NEGRA,ND,H,H,8,0,N,N,0,0,false,0,N,N,53,casco,0,1500,false,1,1,0,NA,NA,0,NA,1,PARADO,NO,HOMBRE,2222,-102.25379673,21.91559800
252390413,0,30446,ROBO PERSONA,ND,12,2025-12-10,50,3,1,FRACCIONAMIENTO,EJIDO OJOCALIENTE,559,559,AVENIDA,ALAMEDA,NA,NA,",,,",CALLE,RODOLFO LANDEROS,4,7,0,19,07:00,false,false,9,ninguna,ND,ND,ND,M,8,0,N,N,0,0,false,0,N,N,3,celular,0,3000,false,1,1,0,NA,NA,0,NA,1,TRANSITANDO,NO,MUJER,2223,-102.26344867,21.88665135
252370922,0,50301,ROBO PERSONA,ND,12,2025-12-07,49,1,1,FRACCIONAMIENTO,PERIODISTAS,204,204,AVENIDA,DEL REY,NA,NA,",,,",CALLE,NOTICICEROS,5,2,5,25,02:05,false,true,1,cortante,ND,ND,ND,M,3,0,N,N,0,0,false,0,N,N,3,celular,0,0,false,1,1,0,NA,NA,0,NA,1,PARADO,NO,MUJER,2224,-102.24838423,21.85154634
252363602,0,50305,ROBO PERSONA,ND,12,2025-12-06,49,6,1,FRACCIONAMIENTO,GUADALUPE PERALTA GAMEZ,334,334,AVENIDA,TECNOLOGICO,NA,NA,",,,",AVENIDA,POLIDUCTO,4,0,21,25,00:21,false,false,9,ninguna,ND,ND,ND,M,8,0,N,N,0,0,false,0,N,N,28,dinero,300,300,false,1,2,0,NA,NA,0,NA,1,TRANSITANDO,NO,MUJER,2225,-102.24156658,21.86699131
252394269,0,30421,ROBO PERSONA,ND,12,2025-12-10,50,3,1,FRACCIONAMIENTO,JOSE LOPEZ PORTILLO,175,175,CALLE,PROFESOR RICARDO GARCIA MENDOZA,NA,NA,",,,",CALLE,CORONEL JOSE FERRERO,2,22,22,24,22:22,false,true,2,punzante,2 HOMBRES UNO VISTE CAMISA Y CACHUCHA ROJOS PANTALON NEGRO,EL CHATO Y EL TOÑO ALIAS LA LUNETA,H,H,8,2,N,N,0,0,false,0,N,N,"3,12,28","celular,ropa,dinero",1000,1000,false,1,4,0,NA,NA,0,NA,1,ND,NO,HOMBRE,2226,-102.32375895,21.85574282
252397129,0,30446,ROBO PERSONA,MARIPOSA,12,2025-12-11,50,4,1,FRACCIONAMIENTO,TIERRA BUENA,196,196,CALLE,CHILE,NA,NA,",,,",CALLE,CHILE,5,14,9,21,14:09,false,false,9,ninguna,ND,ND,ND,H,0,0,N,N,0,0,false,0,N,N,14,bicicleta,0,0,false,1,1,0,NA,NA,0,NA,1,PARADO,NO,HOMBRE,2227,-102.25130793,21.86158186
252399070,0,30446,ROBO PERSONA,MARIPOSA,12,2025-12-11,50,4,1,FRACCIONAMIENTO,NAZARIO ORTIZ GARZA,222,222,BOULEVARD,GUADALUPANO,NA,NA,",,,",CALLE,GENARO BARBORSA,4,19,57,23,19:57,false,false,9,ninguna,ND,ND,ND,H,8,0,H,H,0,0,false,0,H,H,14,bicilceta,0,0,false,1,1,0,NA,NA,0,NA,1,PARADO,NO,HOMBRE,2228,-102.26093088,21.90561532
252399636,252399676,30446,ROBO PERSONA,MARIPOSA,12,2025-12-11,50,4,1,CC,ESPACIO,559R,0,AVENIDA,TECNOLOGICO,NA,NA,",,,",AVENIDA,LICENCIADO ADOLFO LOPEZ MATEOS,4,21,39,24,21:39,false,false,9,ninguna,ND,ND,ND,H,8,0,N,N,0,0,false,0,N,N,14,bicicleta,0,15000,false,1,13,0,NA,NA,0,NA,1,PARADO,NO,HOMBRE,2229,-102.26053974,21.87918288
252411482,0,30446,ROBO PERSONA,MARIPOSA,12,2025-12-13,50,6,6,COLONIA,ZONA CENTRO,1130,1130,CALLE,VALENTIN GOMEZ FARIAS NORTE,NA,NA,",,,",CALLE,PINO SUAREZ,7,15,26,21,15:26,false,false,9,ninguna,ND,ND,ND,H,8,0,N,N,0,0,false,0,N,N,14,bicicleta,0,5000,false,1,1,0,NA,NA,0,NA,1,PARADO,NO,HOMBRE,2230,-102.27602473,22.14960492
252407155,0,30422,ROBO PERSONA,ND,12,2025-12-12,50,5,5,FRACCIONAMIENTO,MANANTIALES DEL PIÑAR,927,927,CALLE,DEL ARBOL,NA,NA,",,,",CALLE,LOS SAUCES,7,23,19,24,23:19,false,true,1,cortante,5 HOMBRES UNO VESTIA CAPUCHA NEGRA SUDADERA Y PANTALON OSCURO,ND,H,H,8,0,N,N,0,0,false,0,N,N,"3,28","celular,dinero",500,13500,false,1,1,0,NA,NA,0,NA,1,TRANSITANDO,NO,MENOR,2231,-102.34795635,21.95632450
252409036,0,30421,ROBO PERSONA,ND,12,2025-12-13,50,6,1,FRACCIONAMIENTO,VILLA LAS PALMAS III,388,388,CALLE,PALMA DE NAVIDAD,NA,NA,"104,,,",PROLONGACION,MARIANO HIDALGO,5,4,42,26,04:42,false,true,1,cortante,3 HOMBRES UNO VISTE PANS GRIS CACHUCHA ROJA LOS OTROS DOS VISTEN DE NEGRO,ND,H,H,8,0,N,N,0,0,false,0,COCHE,COCHE COLOR ROJO PLACAS 776X76,"3,28","celular,dinero",300,300,false,1,1,0,NA,NA,0,NA,1,ND,NO,HOMBRE,2232,-102.23647448,21.85079274
252417605,0,30422,ROBO PERSONA,ND,12,2025-12-14,50,7,1,FRACCIONAMIENTO,LOMAS DE SAN JORGE,335,335,CALLE,JUAN MIGUEL AGUERO,NA,NA,",,,",CALLE,LORENZO RODRIGUEZ,5,10,0,20,10:00,false,false,9,ninguna,1 HOMBRE VISTE PLAYERA AZUL SHORT DE MEZCLILLA,ND,H,H,8,0,N,N,0,0,false,0,N,N,3,celular,0,3000,false,1,1,0,NA,NA,0,NA,1,ND,NO,HOMBRE,2233,-102.23947009,21.85078486
252418977,0,30422,ROBO PERSONA,ND,12,2025-12-14,50,7,1,FRACCIONAMIENTO,RODOLFO LANDEROS GALLEGOS,226,226,CALLE,MARTHA ROSALBA MALDONADO JIMENEZ,NA,NA,"130,,,",CALLE,PAZ ROMO DEL VIVAR,3,14,25,21,14:25,false,false,9,ninguna,ND,ND,H,M,8,0,N,N,0,0,false,0,N,N,3,celular,0,0,true,1,10,0,NA,NA,0,NA,1,ND,NO,MUJER,2234,-102.25315521,21.90328853
252419482,0,30421,ROBO PERSONA,ND,12,2025-12-14,50,7,1,FRACCIONAMIENTO,SOLIDARIDAD II,193,193,AVENIDA,SIGLO XXI,NA,NA,",,,",CALLE,ATOTONITLAN,5,15,52,22,15:52,false,true,3,contusa,1 HOMBRE EL ALTO VISTE JERSEY EN COLOR AMARILLO CON MORADO PANTALON MEZCLILLA,EL CHORE,H,H,8,0,N,N,0,0,false,0,N,N,3,celular,0,0,false,1,2,0,NA,NA,0,NA,1,TRANSITANDO,NO,HOMBRE,2235,-102.24787060,21.86353475
252404655,0,30446,ROBO PERSONA,ND,12,2025-12-12,50,5,1,COLONIA,ZONA CENTRO,501,501,CALLE,LICENCIADO BENITO JUAREZ,NA,NA,",,,",ANDADOR,RIVERO Y GUTIERREZ,1,16,15,22,16:15,false,false,9,ninguna,ND,ND,ND,H,8,0,N,N,0,0,false,0,N,N,"28,29","dinero,cartera",5000,5000,false,1,1,0,NA,NA,0,NA,1,PARADO,NO,HOMBRE,2236,-102.29622696,21.88332520
252411002,0,30446,ROBO PERSONA,ND,12,2025-12-13,50,6,1,FRACCIONAMIENTO,LA ESTRELLA,207,207,AVENIDA,DE LA CONVENCION DE 1914 ORIENTE,NA,NA,",,,",CALLE,TRIANGULO ASTRAL,3,13,58,21,13:58,false,false,9,ninguna,ND,ND,ND,M,8,0,N,N,0,0,false,0,N,N,3,celular,0,0,false,1,1,0,NA,NA,0,NA,1,PARADO,NO,HOMBRE,2237,-102.28071400,21.89953753
252410867,0,30904,ROBO PERSONA,ND,12,2025-12-12,50,5,1,CONDOMINIO VERTICAL,OJOCALIENTE FOVISSSTE I,279,279,AVENIDA,ANTARES,NA,NA,",,,",CALLE,UNO NORTE,5,19,0,23,19:00,false,false,9,ninguna,1 HOMBRE TEZ MORENO,EL WATSON,H,M,8,0,N,N,0,0,false,0,N,N,3,celular,0,7000,false,1,1,0,NA,NA,0,NA,1,ND,NO,MUJER,2238,-102.25971824,21.87346688
252418212,0,30904,ROBO PERSONA,MARIPOSA,12,2025-12-13,50,6,1,FRACCIONAMIENTO,JARDINES DEL SOL,623,623,CALLE,AURORA BOREAL,NA,NA,",,,",AVENIDA,GENERAL MARIANO ESCOBEDO,5,27,0,27,sin datos,false,false,9,ninguna,1 HOMBRE,FABIAN AGUSTIN MONTAÑEZ HERNANDES,H,H,8,1,N,N,0,0,false,0,N,N,14,bicicleta,0,0,true,1,4,0,NA,NA,0,NA,1,ND,NO,HOMBRE,2239,-102.27320376,21.86162961
252416309,0,30907,ROBO PERSONA,ND,12,2025-12-14,50,7,3,RANCHERIA,LA PANADERA,844,844,AVENIDA,ALAMEDA,NA,NA,",,,",CARRETERA,70 AGUASCALIENTES JALPA,7,3,13,26,03:13,false,false,9,ninguna,1 HOMBRE,CARLOS LOERA GARCIA 34 AÑOS,M,H,8,0,N,N,0,0,false,0,N,N,30,LLAVES,0,0,false,1,1,0,NA,NA,0,NA,1,PARADO,NO,MUJER,2240,-102.69209052,21.86551063
252403652,0,30420,ROBO PERSONA,ND,12,2025-12-12,50,5,1,FRACCIONAMIENTO,COLINAS DEL RIO,663,663,CALLE,RIO DUERO,NA,NA,"102,,,",CALLE,RIO EUFRATES,6,13,32,21,13:32,false,true,9,ninguna,1 HOMBRE VISTE CHAMARRA OLGADA DE MEZCLILLA,ND,H,M,8,0,N,N,0,0,false,0,N,N,"28,29,40","dinero,cartera,tarjetas",10000,10000,false,1,1,0,NA,NA,0,NA,2,PARADO,NO,MUJER,2241,-102.32104173,21.89233838
252424613,0,30422,ROBO PERSONA,ND,12,2025-12-15,51,1,1,NO APLICA,DESARROLLO ESPECIAL PARQUE ECOLOGICO EL CEDAZO,586,586,AVENIDA,AGUASCALIENTES ORIENTE,NA,NA,",,,",AVENIDA,MARIANO HIDALGO,5,11,11,20,11:11,false,false,9,ninguna,8 HOMBRES DE 17 AÑOS DE EDAD APROX,ND,H,H,8,0,N,N,0,0,false,0,N,N,12,ropa,0,0,false,1,1,0,NA,NA,0,NA,1,PARADO,NO,MENOR,2242,-102.25368935,21.86820297
252425065,252428012,30422,ROBO PERSONA,ND,12,2025-12-15,51,1,1,FRACCIONAMIENTO,OJOCALIENTE I,190,190,CALLE,NIAGARA,NA,NA,"103,,,",CALLE,LOS POCITOS,4,13,3,21,13:03,false,false,9,ninguna,1 HOMBRE VISTE SUDADERA NEGRA CON CAPUCHA PANTALON MEZCLILLA,ND,H,M,8,0,N,N,0,0,false,0,BICICLETA,BICICLETA COLOR NEGRO,3,celular,0,0,false,1,1,0,NA,NA,0,NA,1,PARADO,NO,MUJER,2243,-102.25698468,21.88207263
252425125,0,30422,ROBO PERSONA,ND,12,2025-12-15,51,1,1,FRACCIONAMIENTO,PERIODISTAS,204,204,CALLE,NOTICICEROS,NA,NA,"502,,,",AVENIDA,MARIANO HIDALGO,5,13,16,21,13:16,false,false,9,ninguna,1 HOMBRE,ND,H,M,5,0,N,N,0,0,false,0,N,N,3,celular,0,0,false,1,1,0,NA,NA,0,NA,1,PARADO,NO,MUJER,2244,-102.24872301,21.84961378
252425880,0,30421,ROBO PERSONA,ND,12,2025-12-15,51,1,1,FRACCIONAMIENTO,LUIS ORTEGA DOUGLAS,221,221,CALLE,GIGANTE,NA,NA,",,,",CALLE,LA HUERTA,3,15,32,22,15:32,false,true,1,cortante,2 HOMBRES UNO VISTE CAMISA NEGRA Y EL OTRO CAMISA AMARILLA,ND,H,M,8,0,N,N,0,0,false,0,N,N,"3,28","celular,dinero",300,300,false,1,1,0,NA,NA,0,NA,1,PARADO,NO,MUJER,2245,-102.26605470,21.90830926
252426931,0,30422,ROBO PERSONA,ND,12,2025-12-15,51,1,1,FRACCIONAMIENTO,SANTA ANITA,102,102,CALLE,MIGUEL DE CERVANTES SAAVEDRA,NA,NA,"214,,,",CALLE,NAZARIO ORTIZ GARZA,4,27,0,27,sin datos,false,false,9,ninguna,1 HOMBRE,ND,H,H,8,0,N,N,0,0,false,0,N,N,"3,31","celular,mochila",0,0,false,1,1,0,NA,NA,0,NA,1,PARADO,NO,HOMBRE,2246,-102.27764043,21.89730331
252427613,0,30421,ROBO PERSONA,MARIPOSA,12,2025-12-15,51,1,1,FRACCIONAMIENTO,PASEOS DEL SOL,529,529,CALLE,PIANO,NA,NA,",,,",CALLE,SAXOFON,4,20,24,23,20:24,false,true,1,cortante,2 HOMBRES ENCAPUCHADOS,ND,H,H,8,0,N,N,0,0,false,0,N,N,"3,14","celular,bicicleta",0,0,true,1,10,0,NA,NA,0,NA,1,ND,NO,HOMBRE,2247,-102.24097901,21.89908875
252424861,0,30446,ROBO PERSONA,ND,12,2025-12-15,51,1,1,FRACCIONAMIENTO,PRADOS DEL VILLASUNCION,163,163,CALLE,ABRAHAM GONZALEZ,NA,NA,"301,,,",CALLE,PARQUE DE LOS EUCALIPTOS,2,11,50,20,11:50,false,false,9,ninguna,1 MUJER EDAD APROX 42 AÑOS ESTATURA 168 CARA CACARIZA VISTE SUDADERA BLANCA MANGA LARGA PANTALON MEZCLILLA,ND,M,H,8,0,N,N,0,0,false,0,N,N,28,dinero,100,100,false,1,1,0,NA,NA,0,NA,1,PARADO,NO,HOMBRE,2248,-102.29621185,21.84852769
252381808,0,50305,ROBO PERSONA,ND,12,2025-12-08,50,1,11,EJIDO,LA GUAYANA (RANCHO SECO),1354,1354,CALLE,BENITO JUAREZ,NA,NA,",,,",CALLE,MIGUEL HIDALGO,7,17,47,22,17:47,false,true,4,fuego,HOMBRES,ND,H,H,8,0,N,N,0,0,false,0,N,N,28,dinero,500,500,false,1,2,0,NA,NA,0,NA,1,ND,NO,HOMBRE,2249,-102.27426620,21.98145581
252432190,0,30422,ROBO PERSONA,ND,12,2025-12-16,51,2,1,FRACCIONAMIENTO,TROJES DE ORIENTE II,116,116,CALLE,TROJES DE CHICHIMECO,NA,NA,"119,,,",AVENIDA,INDEPENDENCIA,6,16,12,22,16:12,false,false,9,ninguna,ND,ND,ND,H,8,0,N,N,0,0,false,0,N,N,3,celular,0,0,false,1,1,0,NA,NA,0,NA,1,TRANSITANDO,NO,HOMBRE,2250,-102.29893574,21.92791484
252432197,0,30421,ROBO PERSONA,MARIPOSA,12,2025-12-16,51,2,1,FRACCIONAMIENTO,DEL VALLE 1A SECCION,147,147,AVENIDA,AGUASCALIENTES PONIENTE,NA,NA,",,,",AVENIDA,LICENCIADO ADOLFO LOPEZ MATEOS PONIENTE,6,16,32,22,16:32,false,true,3,contusa,ND,ND,ND,H,8,0,N,N,0,0,false,0,N,N,14,bicicleta,0,0,false,1,2,0,NA,NA,0,NA,1,ND,NO,HOMBRE,2251,-102.31841672,21.87202297
252435276,0,30421,ROBO PERSONA,ND,12,2025-12-17,51,3,1,FRACCIONAMIENTO,MIRADOR DE LAS CULTURAS,323,323,CALLE,CULTURA OTOMI,NA,NA,"426,,,",CALLE,CULTURA OTOMI 420,3,1,49,25,01:49,false,true,3,contusa,ND,ND,ND,H,8,0,N,N,0,0,false,0,N,N,"3,28","celular,dinero",1500,16500,false,1,6,0,NA,NA,0,NA,1,TRANSITANDO,NO,HOMBRE,2252,-102.24629874,21.91026207
252433627,0,30446,ROBO PERSONA,MARIPOSA,12,2025-12-16,51,2,1,ESPECIAL,TRES CENTURIAS ESPECIAL,614,614,CALLE,SERVANDO CANALES,NA,NA,",,,",CALLE,FELIPE PESCADOR,4,20,32,23,20:32,false,false,9,ninguna,ND,ND,ND,H,8,0,N,N,0,0,false,0,N,N,14,bicicleta,0,19000,false,1,1,0,NA,NA,0,NA,1,PARADO,NO,HOMBRE,2253,-102.27874581,21.88626451
252431141,0,30904,ROBO PERSONA,ND,12,2025-12-16,51,2,1,FRACCIONAMIENTO,LA RIOJA,369,369,CALLE,NANAHUATZIN,NA,NA,",,,",AVENIDA,CAMINO DE SANTIAGO,6,13,33,21,13:33,false,true,4,fuego,2 HOMBRES,ND,H,H,8,0,N,N,0,0,false,0,COCHE,COCHE COLORPLATA OTRO COLOR NEGRO MOTOCICLETA,53,casco,0,0,false,1,1,0,NA,NA,0,NA,1,PARADO,NO,HOMBRE,2254,-102.33894865,21.88353010
252435687,0,30904,ROBO PERSONA,ND,12,2025-12-17,51,3,5,COLONIA,LA ESCALERA,1064,1064,CALLE,VISTA ALEGRE,NA,NA,"1105,,,",CALLE,GENERAL LAZARO CARDENAS,7,6,11,19,06:11,false,false,9,ninguna,2 HOMBRES UNO VISTE SUDADERA BLANCA CON RAYAS Y EL OTRO VISTE CHAMARRA NEGRA,ND,H,H,8,0,N,N,0,0,false,0,MOTOCICLETA,MOTOCICLETA,"26,28,29,38","bolsa,dinero,dinero,otros",500,500,false,1,1,0,NA,NA,0,NA,1,PARADO,NO,HOMBRE,2255,-102.34900755,21.96895406
252438499,0,30422,ROBO PERSONA,ND,12,2025-12-17,51,3,1,FRACCIONAMIENTO,INSURGENTES,161,161,CALLE,GENERAL MATEO ALMANZA,NA,NA,"311,,,",CALLE,ABRAHAM GONZALEZ,2,16,17,22,16:17,false,false,9,ninguna,1 HOMBRE VISTE BERMUDA COLOR CAFE CAMISA COLOR NEGRO,ND,H,H,8,0,N,N,0,0,false,0,N,N,15,joyeria,0,0,false,1,1,0,NA,NA,0,NA,1,ND,NO,HOMBRE,2256,-102.31048144,21.84931416
252440176,252440480,30422,ROBO PERSONA,ND,12,2025-12-17,51,3,1,FRACCIONAMIENTO,INFONAVIT MORELOS,93,93,ANDADOR,CUARTO PALENQUE,NA,NA,",,,",CALLE,BONAMPAK,5,20,42,23,20:42,false,false,9,ninguna,3 HOMBRES,ND,H,H,8,0,N,N,0,0,false,0,N,N,"3,28,29","celular,dinero,cartera",3000,23000,false,1,1,0,NA,NA,0,NA,1,ND,NO,HOMBRE,2257,-102.25596631,21.86466543
252442183,0,30421,ROBO PERSONA,MARIPOSA,12,2025-12-18,51,4,1,FRACCIONAMIENTO,LOS PERICOS,287,287,CALLE,SAN FRANCISCO,NA,NA,",,,",CALLE,SAN RAFAEL,4,6,14,19,06:14,false,true,3,contusa,3 HOMBRES,ND,H,H,8,0,N,N,0,0,false,0,N,N,14,bicicleta,0,0,false,1,1,0,NA,NA,0,NA,1,PARADO,NO,HOMBRE,2258,-102.24450958,21.90241475
252437887,0,30446,ROBO PERSONA,RATON,12,2025-12-17,51,3,1,FRACCIONAMIENTO,OJOCALIENTE III,191,191,CALLE,CIENEGUILLAS,NA,NA,"810,,,",AVENIDA,SIGLO XXI,4,14,51,21,14:51,false,false,9,ninguna,1 HOMBRE,ND,H,H,8,0,N,N,0,0,false,0,MOTOCICLETA,MOTOCICLETA COLOR BLANCA,3,celular,0,0,false,1,1,0,NA,NA,0,NA,1,PARADO,NO,HOMBRE,2259,-102.24774598,21.87760225
252438864,0,30446,ROBO PERSONA,ND,12,2025-12-17,51,3,1,BARRIO,BARRIO SAN MARCOS,85,85,CALLE,VENUSTIANO CARRANZA,NA,NA,",,,",CALLE,ENRIQUE FERNANDEZ LEDEZMA,1,17,17,22,17:17,false,false,9,ninguna,ND,ND,ND,M,8,0,N,N,0,0,false,0,N,N,3,celular,0,0,false,1,2,0,NA,NA,0,NA,1,ND,NO,MUJER,2260,-102.30230657,21.87995717
252436723,0,30904,ROBO PERSONA,ND,12,2025-12-16,51,2,1,FRACCIONAMIENTO,EJIDO CUMBRES,210,210,AVENIDA,POLIDUCTO,NA,NA,",,,",ND,ND,3,1,30,25,01:30,false,false,9,ninguna,ND,ND,ND,H,8,0,N,N,0,0,false,0,N,N,3,celular,0,0,false,1,1,0,NA,NA,0,NA,1,TRANSITANDO,NO,HOMBRE,2261,-102.25101279,21.90961880
252436332,0,30907,ROBO PERSONA,MARIPOSA,12,2025-12-17,51,3,5,FRACCIONAMIENTO,LOMAS DE JESUS MARIA,196,1096,AVENIDA,EUGENIO GARZA SADA,NA,NA,",,,",CALLE,MISANTLA,7,6,0,19,06:00 - 09:00,false,false,38,otras,2 HOMBRES,nd,H,H,8,0,N,N,0,0,false,0,COCHE,COCHE HONDA CIVIC COLOR GRIS,14,bicicleta,0,0,false,1,1,0,NA,NA,0,NA,1,TRANSITANDO,NO,HOMBRE,2262,-102.34345644,21.94844553
252437885,0,30907,ROBO PERSONA,ND,12,2025-12-17,51,3,1,CONDOMINIO,SAN GERARDO,391,391,PROLONGACION,PASEO DE LA ASUNCION,NA,NA,",,,",CALLE,MURO LUCANO,2,14,50,21,14:50,false,false,9,ninguna,1 HOMBRE,RICARDO VARGAS LIRA 28 AÑOS,H,H,8,1,N,N,0,0,false,0,N,N,3,celular,0,0,false,1,4,0,NA,NA,0,NA,1,PARADO,NO,HOMBRE,2263,-102.29941957,21.80178657
252432294,0,30419,ROBO PERSONA,ND,12,2025-12-16,51,2,1,FRACCIONAMIENTO,VISTA DEL SOL I,570,570,CALLE,PUESTA PICACHOS,NA,NA,"210,,,",CALLE,RESOLANA,5,16,58,22,16:58,false,true,10,otras,2 HOMBRES ESTATURA ALTO TEZ MORENO VISTE SUDADERA GRIS Y EL OTRO SUDADERA NEGRA,ALEJANDRO JERONIMO DIAZ CALDERILLA Y JUAN JOSE GALINDO DIAZ 26 AÑOS,H,M,8,2,N,N,0,0,false,0,N,N,"26,40","bolso,tarjetas",0,0,false,1,4,0,NA,NA,0,NA,2,PARADO,NO,MUJER,2264,-102.27118390,21.86071802
252445974,0,30422,ROBO PERSONA,ND,12,2025-12-18,51,4,1,FRACCIONAMIENTO,COLINAS DEL RIO,372,372,CALLE,COLINAS DE SAN PATRICIO,NA,NA,",,,",CALLE,CATARATAS DEL NIAGARA,4,18,47,22,18:47,false,false,9,ninguna,2 HOMBRES UNO VISTE CAMISA A CUADROS COLOR CREMA EL OTRO CHAMARRA NEGRA,ND,H,H,8,0,N,N,0,0,false,0,MOTOCICLETA,MOTOCICLETA,3,celular,0,14000,false,1,1,0,NA,NA,0,NA,1,ND,NO,HOMBRE,2265,-102.23624538,21.88622069
252447622,0,30421,ROBO PERSONA,ND,12,2025-12-18,51,4,1,FRACCIONAMIENTO,MORELOS I,598,598,CALLE,ALBINO GARCIA,NA,NA,",,,",CALLE,HERMANOS GALEANA,5,23,15,24,23:15,false,true,1,cortante,2 HOMBRES LLEVAN CASCOS TIENE TATUAJES EN LA CARA,ND,H,H,8,0,N,N,0,0,false,0,MOTOCICLETA,MOTOCICLETA ITALIKA COLOR ROJO,"3,30","celular,llaves",0,0,false,1,1,0,NA,NA,0,NA,1,ND,NO,HOMBRE,2266,-102.26442384,21.85656380
252444793,0,30907,ROBO PERSONA,ND,12,2025-12-18,51,4,1,FRACCIONAMIENTO,LAS CUMBRES,218,218,CALLE,LOS ARBOLITOS,NA,NA,"218,,,",CALLE,LOS ARBOLITOS,3,15,43,22,15:43,false,true,"1,3","cortante,contusa",1 PERSONA,ND,ND,H,8,0,N,N,0,0,false,0,N,N,3,celular,0,0,false,1,1,0,NA,NA,0,NA,1,ND,NO,HOMBRE,2267,-102.26370193,21.91028863
252453522,0,30904,ROBO PERSONA,MARIPOSA,12,2025-12-19,51,5,11,FRACCIONAMIENTO,LOS CEDROS,1302,1302,CALLE,FRESNO,NA,NA,"124,,,",CALLE,LAS PALMAS,7,22,35,24,22:35,false,false,9,ninguna,1 HOMBRE VISTE SUDADERA COLOR CAFE PANTALON MEZCLILLA,ND,H,H,8,0,N,N,0,0,false,0,N,N,14,bicicleta,0,0,false,1,1,0,NA,NA,0,NA,1,ND,NO,HOMBRE,2268,-102.27126649,22.07031447
252449538,0,30421,ROBO PERSONA,ND,12,2025-12-19,51,5,1,FRACCIONAMIENTO,VALLE DE LOS CACTUS,360,360,CALLE,PASEO DE LA BISNAGA,NA,NA,",,,",CALLE,ELOISA BARBOSA CHAVEZ,4,10,36,20,10:36,false,true,3,contusa,5 HOMBRES,ND,H,H,8,0,N,N,0,0,false,0,N,N,3,celular,0,10000,false,1,1,0,NA,NA,0,NA,1,TRANSITANDO,NO,HOMBRE,2269,-102.23561872,21.87508055
252450493,0,30422,ROBO PERSONA,MARIPOSA,12,2025-12-19,51,5,1,COLONIA,INDUSTRIAL,240,240,AVENIDA,INDEPENDENCIA,NA,NA,",,,",CALLE,LUIS G GHILARDI,6,14,9,21,14:09,false,false,9,ninguna,2 HOMBRES,EL CHEPE Y EL GORDO,H,H,3,0,N,N,0,0,false,0,N,N,14,bicicleta,0,0,false,1,1,0,NA,NA,0,NA,1,ND,NO,HOMBRE,2270,-102.29522468,21.89386576
252455142,0,30422,ROBO PERSONA,ND,12,2025-12-20,51,6,1,FRACCIONAMIENTO,INFONAVIT MORELOS,93,93,ANDADOR,TERCERO PALENQUE,NA,NA,"109,,,",ANDADOR,CHICHEN ITZA,5,3,9,26,03:09,false,false,9,ninguna,ND,ND,H,H,8,0,N,N,0,0,false,0,N,N,"3,29","celular,cartera",0,0,false,1,2,0,NA,NA,0,NA,1,ND,NO,HOMBRE,2271,-102.25515932,21.86321169
252455628,0,30421,ROBO PERSONA,ND,12,2025-12-20,51,6,1,ESPECIAL,TRES CENTURIAS ESPECIAL,614,614,AVENIDA,MANUEL GOMEZ MORIN,NA,NA,",,,",CALLE,FLORENCIA,3,6,19,19,06:19,false,true,1,cortante,1 HOMBRE EDAD APROX 30 AÑOS VISTE CHAMARRA AZUL,ND,H,H,8,0,N,N,0,0,false,0,BICICLETA,BICICLETA,15,joyeria,0,15000,false,1,1,0,NA,NA,0,NA,1,TRANSITANDO,NO,HOMBRE,2272,-102.28527070,21.90157846
252458500,0,30422,ROBO PERSONA,ND,12,2025-12-20,51,6,1,FRACCIONAMIENTO,CASABLANCA,625,625,AVENIDA,AGUASCALIENTES SUR,NA,NA,",,,",AVENIDA,GENERAL MARIANO ESCOBEDO,5,15,46,22,15:46,false,false,9,ninguna,1 HOMBRE VISTE GORRA MEZCLILLA PLAYERA NEGRA CON PINTURA BLANCA PANTALON MEZCLILLA ROJO,ND,H,M,8,0,N,N,0,0,false,0,BICICLETA,BICICLETA COLOR NEGRO,26,bolso,0,0,false,1,1,0,NA,NA,0,NA,1,TRANSITANDO,NO,MUJER,2273,-102.27271264,21.85980813
252458580,0,30421,ROBO PERSONA,ND,12,2025-12-20,51,6,1,FRACCIONAMIENTO,BAJIO DE LAS PALMAS,588,588,AVENIDA,TECNOLOGICO,NA,NA,",,,",CALLE,PALMA MEXICANA,5,27,0,27,sin datos,false,true,3,contusa,ND,ND,ND,H,8,0,N,N,0,0,false,0,N,N,"3,12,28","celular,ropa,dinero",1000,1000,false,1,1,0,NA,NA,0,NA,1,ND,NO,HOMBRE,2274,-102.23941842,21.86591248
252460124,0,30421,ROBO PERSONA,ND,12,2025-12-20,51,6,1,ESPECIAL,PARQUE RODOLFO LANDEROS GALLEGOS,492,492,BOULEVARD,JOSE MARIA CHAVEZ,NA,NA,",,,",AVENIDA,SIGLO XXI,5,19,17,23,19:17,false,true,3,contusa,ND,ND,H,H,8,0,N,N,1,0,false,0,N,N,"3,28,29","celular,diNero,cartera",0,0,false,1,1,0,NA,NA,0,NA,2,PARADO,NO,HOMBRE,2275,-102.28932571,21.84857178
252461161,0,30421,ROBO PERSONA,ND,12,2025-12-20,51,6,1,COLONIA,MACIAS ARELLANO,608,608,AVENIDA,SOLIDARIDAD,NA,NA,",,,",CALLE,ARCO DE LA LIBERTAD,3,21,14,23,21:14,false,true,1,cortante,2 HOMBRES NO VISTE CAMMISA NEGRA PANTALON MEZCLILLA,ND,H,H,8,0,N,N,0,0,false,0,COCHE,COCHE COLOR ROJO,"3,28,29","celular,dinero,cartera",2700,5000,false,1,1,0,NA,NA,0,NA,1,PARADO,NO,HOMBRE,2276,-102.28662454,21.91050173
252462329,0,30421,ROBO PERSONA,ND,12,2025-12-20,51,6,6,FRACCIONAMIENTO,POPULAR,1129,1129,CALLE,DECIMA,NA,NA,",,,",CALLE,IGNACIO RAMIREZ,7,23,33,24,23:33,false,true,3,contusa,HOMBRES UNO VISTE PLAYERA BLANCA Y PANTALON MEZCLILLA,ND,H,H,8,0,N,N,1,0,false,0,N,N,"3,28,29","celular,dinero,cartera",6000,6000,false,1,1,0,NA,NA,0,NA,1,ND,NO,HOMBRE,2277,-102.27524783,22.13713418
252462623,0,30421,ROBO PERSONA,ND,12,2025-12-21,51,7,1,COMUNIDAD,BUENAVISTA DE PEÑUELAS,48,48,CALLE,CAMINO REAL,NA,NA,",,,",CALLE,N,2,0,4,25,00:04,false,true,"3,4","contusa,fuego",2 HOMBRES VISTEN DE NEGRO,LA MOSCA,H,H,8,0,N,N,0,0,false,0,N,N,29,cartera,0,0,false,1,2,0,NA,NA,0,NA,1,ND,NO,HOMBRE,2278,-102.28627530,21.72298889
252462830,0,30421,ROBO PERSONA,ND,12,2025-12-21,51,7,1,NO APLICA,VIÑEDOS DEL SUR,633,633,AVENIDA,FERROCARRIL,NA,NA,",,,",CALLE,ALBERTO FUENTES DAVILA,5,0,2,25,00:02,false,false,9,ninguna,1 HOMBRE VISTE CHAMARRA NEGRA PANTALON MEZCLILA GORRA NEGRA,ND,H,M,8,0,N,N,0,0,false,0,BICICLETA,BICICLETA COLOR NEGRO CON ROJO,"26,28","bolso,dinero",2100,2100,false,2,1,0,NA,NA,0,NA,1,PARADO,NO,MUJER,2279,-102.27649339,21.80889472
252462866,0,30422,ROBO PERSONA,ND,12,2025-12-20,51,6,1,FRACCIONAMIENTO,BAJIO DE LAS PALMAS,588,588,CALLE,PALMA DE GUADALUPE,NA,NA,"106,,,",AVENIDA,POLIDUCTO,5,23,56,24,23:56,false,false,9,ninguna,5 HOMBRES VISTE ROPA OSCURA,ND,H,H,8,0,N,N,0,0,false,0,N,N,"3,6,11,26","celular,tecnologia,herrramientas,bolso",0,4000,false,1,6,0,NA,NA,0,NA,1,PARADO,NO,HOMBRE,2280,-102.24306565,21.86325026
252464422,0,30421,ROBO PERSONA,ND,12,2025-12-21,51,7,1,FRACCIONAMIENTO,OJOCALIENTE II,577,577,CALLE,ND,NA,NA,",,,",CALLE,ND,4,27,0,27,sin datos,false,true,1,cortante,1 HOMBRE,ND,H,M,8,0,N,N,0,0,false,0,N,N,3,celular,0,0,false,1,1,0,NA,NA,0,NA,1,PARADO,NO,MUJER,2281,-102.25091628,21.87251672
252454928,0,30446,ROBO PERSONA,ND,12,2025-12-20,51,6,1,COLONIA,ZONA CENTRO,501,501,CALLE,GENERAL GUADALUPE VICTORIA,NA,NA,",,,",CALLE,DEL CODO,1,0,26,25,02:26,false,false,9,ninguna,ND,ND,ND,M,8,0,N,N,0,0,false,0,N,N,"3,26,28","celular,bolso,dinero",50000,50000,false,1,0,0,NA,NA,0,NA,1,PARADO,NO,MUJER,2282,-102.29749587,21.88168143
252458877,0,30446,ROBO PERSONA,MARIPOSA,12,2025-12-20,51,6,7,COLONIA,ZONA CENTRO,1166,1166,CALLE,LIBERTAD,NA,NA,",,,",CALLE,HEROICO COLEGIO MILITAR,7,16,39,22,16:39,false,false,9,ninguna,ND,ND,ND,H,8,0,N,N,0,0,false,0,N,N,14,bicicleta,0,0,false,1,1,0,NA,NA,0,NA,1,PARADO,NO,HOMBRE,2283,-102.32159172,22.23303254
252460261,0,30446,ROBO PERSONA,ND,12,2025-12-20,51,6,1,FRACCIONAMIENTO,"VILLA DE NUESTRA SEÑORA DE LA ASUNCION, SECTOR SAN MARCOS",580,580,AVENIDA,POLIDUCTO,NA,NA,",,,",CALLE,GERONIMO DE LA CUEVA,3,19,51,23,19:51,false,false,9,ninguna,1 HOMBRE,ND,H,M,5,0,N,N,0,0,false,0,N,N,3,celular,0,0,false,1,1,0,NA,NA,0,NA,1,PARADO,NO,MUJER,2284,-102.26361671,21.92925600
252466050,0,30446,ROBO PERSONA,MARIPOSA,12,2025-12-21,51,7,1,FRACCIONAMIENTO,CIRCUNVALACION NORTE,243,243,CALLE,ABEDUL,NA,NA,"409,,,",CALLE,LIBERTAD,6,12,22,21,12:22,false,false,9,ninguna,ND,ND,ND,H,8,0,N,N,0,0,false,0,N,N,14,bicicleta,0,0,false,1,1,0,NA,NA,0,NA,1,PARADO,NO,HOMBRE,2285,-102.30154494,21.90148060
252474577,0,30446,ROBO PERSONA,ND,12,2025-12-22,52,1,1,BARRIO,LA PURISIMA,202,202,AVENIDA,FRANCSICO I MADERO,NA,NA,"617,,,",CALLE,PODER LEGISLATIVO NORTE,1,12,12,21,12:12,false,false,9,ninguna,2 MUJERS 1 HOMBRE,ND,A,M,8,0,N,N,0,0,false,0,N,N,3,celular,0,0,false,1,1,0,NA,NA,0,NA,1,PARADO,NO,MUJER,2286,-102.28450018,21.88432627
252453364,0,50102,ROBO PERSONA,ND,12,2025-12-19,51,5,1,FRACCIONAMIENTO,RODOLFO LANDEROS GALLEGOS,226,226,CALLE,ALICIA DIAZ DE LEON,NA,NA,",,,",CALLE,LUZ MARIA DE LOURDES GUERRA,4,22,11,24,22:11,false,true,1,cortante,10 HOMBRES,ND,H,H,8,0,N,N,0,0,false,0,N,N,"3,29","celular,cartera",0,0,false,1,1,0,NA,NA,0,NA,1,ND,NO,HOMBRE,2287,-102.25304408,21.90126033
252457501,0,30904,ROBO PERSONA,MARIPOSA,12,2025-12-19,51,5,11,FRACCIONAMIENTO,LOS CEDROS,1302,1302,CALLE,PINO,NA,NA,"109,,,",AVENIDA,LAS PALMAS,7,27,0,27,sin datos,false,false,9,ninguna,ND,ND,ND,M,8,0,N,N,0,0,false,0,N,N,14,bicicleta,0,28000,false,1,1,0,NA,NA,0,NA,1,PARADO,NO,MUJER,2288,-102.27329455,22.07044385
252476877,0,30907,ROBO PERSONA,MARIPOSA,12,2025-12-22,52,1,1,NO APLICA,DESARROLLO ESPECIAL EL COBANO,534,534,AVENIDA,AGUASCALIENTES ORIENTE,NA,NA,",,,",CALLE,CAMONI AL COBANO,3,18,36,22,18:36,false,true,3,contusa,1 HOMBRE VISTE CAMISA NEGRA PANTALON MEZCLILLA 19 AÑOS APROX,ND,H,H,8,0,N,N,0,0,false,0,N,N,14,bicicleta,0,0,false,1,54,0,NA,NA,0,NA,1,PARADO,NO,HOMBRE,2289,-102.27305804,21.90933343
252473877,0,30421,ROBO PERSONA,ND,12,2025-12-22,52,1,1,COLONIA,OJO DE AGUA,621,621,AVENIDA,DE LA CONVENCION DE 1914 SUR,NA,NA,",,,",AVENIDA,FERROCARRIL,5,9,48,20,09:48,false,true,3,contusa,HOMBRES,ND,H,H,8,0,N,N,0,0,false,0,N,N,"3,28","celular,dinero",0,0,false,1,1,0,NA,NA,0,NA,1,TRANSITANDO,NO,HOMBRE,2290,-102.27831935,21.86762972
252478434,0,30421,ROBO PERSONA,ND,12,2025-12-14,50,7,1,FRACCIONAMIENTO,VILLA LOMA DORADA,75,75,CALLE,DEL CASALE,NA,NA,"148,,,",CALLE,CULTURA OTOMI,3,22,0,24,22:00,false,true,3,contusa,3 HOMBRES,ND,H,H,8,0,N,N,0,0,false,0,COCHE,COCHE JETTA COLOR BLANCO,"3,28","celular,dinero",5000,5000,false,1,1,0,NA,NA,0,NA,1,PARADO,NO,HOMBRE,2291,-102.24569432,21.92441300
252479371,0,30421,ROBO PERSONA,ND,12,2025-12-23,52,2,1,COLONIA,SAN PABLO,242,242,CALLE,AQUILES SERDAN,NA,NA,",,,",CALLE,RIO PAPALOAPAN,6,1,50,25,01:50,false,true,1,cortante,2 HOMBRES UNIO VISTE SUDADERA BLANCA PANTALON MEZCLILLA,ND,H,H,8,0,N,N,0,0,false,0,N,N,3,celular,0,0,false,1,1,0,NA,NA,0,NA,1,ND,NO,HOMBRE,2292,-102.30110975,21.89235754
252475472,0,30446,ROBO PERSONA,ND,12,2025-12-22,52,1,1,CC,ESPACIO,559,559,AVENIDA,TECNOLOGICO,NA,NA,",,,",AVENIDA,LICENCIADO ADOLFO LOPEZ MATEOS ORIENTE,4,14,42,21,14:42,false,false,9,ninguna,ND,ND,ND,H,8,0,N,N,0,0,false,0,N,N,"27,29","documentos,cartera",0,0,false,1,1,0,NA,NA,0,NA,1,PARADO,NO,HOMBRE,2293,-102.26095423,21.87911607
252476131,0,30446,ROBO PERSONA,ND,12,2025-12-22,52,1,7,FRACCIONAMIENTO,SOLIDARIDAD,1201,1201,CALLE,RICARDO NIEVES BARBA,NA,NA,",,,",CALLE,VICTOR CASTORENA,7,13,0,21,13:00,false,false,9,ninguna,ND,ND,ND,H,8,0,N,N,0,0,false,0,N,N,3,celular,0,2000,false,1,1,0,NA,NA,0,NA,1,PARADO,NO,HOMBRE,2294,-102.32932600,22.22316506
64220120,0,30422,ROBO PERSONA,MARIPOSA,12,2025-12-06,49,6,6,COLONIA,ZONA CENTRO,1130,1130,CALLE,VALENTIN GOMEZ FARIAS SUR,NA,NA,",,,",CALLE,ND,7,15,35,22,15:35,false,false,9,ninguna,ND,ND,ND,ND,8,0,N,N,0,0,false,0,N,N,14,bicicleta,0,0,false,1,1,0,NA,NA,0,NA,1,ND,NO,ND,2295,-102.27584791,22.14751223
252481493,0,30422,ROBO PERSONA,ND,12,2025-12-23,52,2,1,FRACCIONAMIENTO,ESPAÑA,171,171,CALLE,ESPAÑA,NA,NA,",,,",CALLE,MALAGA,2,13,37,21,13:37,false,false,9,ninguna,ND,ND,ND,M,8,0,N,N,0,0,false,0,N,N,3,celular,0,0,false,1,1,0,NA,NA,0,NA,1,ND,NO,MUJER,2296,-102.31544413,21.86274381
252484581,0,30446,ROBO PERSONA,MARIPOSA,12,2025-12-23,52,2,6,BARRIO,INDUSTRIAL,1119,1119,CALLE,LEANDRO VALLE,NA,NA,"3,,,",AVENIDA,VENUSTIANO CARRANZA,7,21,0,23,21:00,false,false,9,ninguna,ND,ND,ND,H,8,0,N,N,0,0,false,0,N,N,14,bicicleta,0,3500,false,1,1,0,NA,NA,0,NA,1,PARADO,NO,HOMBRE,2297,-102.27936441,22.14977308
252490259,0,30422,ROBO PERSONA,ND,12,2025-12-24,52,3,1,FRACCIONAMIENTO,NAZARIO ORTIZ GARZA,222,222,BOULEVARD,GUADALUPANO,NA,NA,",,,",AVENIDA,SIGLO XXI,4,18,55,22,18:55,false,false,9,ninguna,ND,ND,ND,M,8,0,N,N,0,0,false,0,N,N,3,celular,0,0,false,1,1,0,NA,NA,0,NA,1,ND,NO,MUJER,2298,-102.25727589,21.90680861
252492547,0,30421,ROBO PERSONA,ND,12,2025-12-24,52,3,5,FRACCIONAMIENTO,CHICAHUALES I,1056,1056,CALLE,DOMINGO GOMEZ,NA,NA,"312,,,",CALLE,SANTIAGO APOSTOL,7,22,43,24,22:43,false,true,4,fuego,1 HOMBRE VISTE CAMISA ROJA A CUADROS NEGROS PANTALON MEZCLILLA,EL CHATO,H,H,8,0,N,N,0,0,false,0,N,N,"3,12","celular,ropa",0,4800,false,1,1,0,NA,NA,0,NA,1,ND,NO,HOMBRE,2299,-102.35024510,21.94657778
252498737,0,30421,ROBO PERSONA,MARIPOSA,12,2025-12-25,52,4,1,FRACCIONAMIENTO,LOS LAURELES II,531,531,CALLE,EL LAUREL SUR,NA,NA,",,,",CALLE,DE LA DAMIANA,4,9,0,20,09:00,false,true,3,contusa,4 HOMBRES,ND,H,H,3,0,N,N,0,0,false,0,N,N,14,bicicleta,0,0,false,1,1,0,NA,NA,0,NA,1,ND,NO,HOMBRE,2300,-102.23787549,21.90178521
252503257,0,30422,ROBO PERSONA,ND,12,2025-12-25,52,4,1,COLONIA,ZONA CENTRO,501,501,CALLE,5 DE MAYO,NA,NA,",,,",CALLE,SAN IGNACIO,1,21,11,23,21:11,false,false,9,ninguna,ND,ND,ND,M,8,0,N,N,0,0,false,0,N,N,"28,29","dinero,cartera",1000,1000,false,1,1,0,NA,NA,0,NA,1,PARADO,NO,MUJER,2301,-102.29636995,21.88786563
252505830,0,30421,ROBO PERSONA,ND,12,2025-12-26,52,5,1,FRACCIONAMIENTO,"VILLA DE NUESTRA SEÑORA DE LA ASUNCION, SECTOR ENCINO",331,331,PROLONGACION,ADORATRICES,NA,NA,",,,",AVENIDA,SIGLO XXI,3,5,0,26,05:00,false,true,1,cortante,3 HOMBRES,ND,H,H,8,0,N,N,0,0,false,0,N,N,"3,31,38","celular,mochila,otros",0,0,false,1,1,0,NA,NA,0,NA,1,PARADO,NO,HOMBRE,2302,-102.26427849,21.92519926
252506008,0,30421,ROBO PERSONA,ND,12,2025-12-26,52,5,1,BARRIO,GUADALUPE,502,502,CALLE,LIBERTAD,NA,NA,",,,",CALLE,LARREATEGUI,1,5,57,26,05:59,false,true,3,contusa,ND,ND,ND,H,8,0,N,N,0,0,false,0,N,N,3,celular,0,20000,false,1,1,0,NA,NA,0,NA,1,PARADO,NO,HOMBRE,2303,-102.29991850,21.88645926
252486803,0,30446,ROBO PERSONA,ND,12,2025-12-24,52,3,1,FRACCIONAMIENTO,VISTA MONTAÑA,601R,0,CALLE,CERRO BAYO,NA,NA,"204,,,",CALLE,DOMINGO VELASCO,3,9,8,20,09:08,false,false,9,ninguna,ND,ND,ND,H,8,0,N,N,0,0,false,0,N,N,11,herramientas,0,0,false,1,1,0,NA,NA,0,NA,1,PARADO,NO,HOMBRE,2304,-102.25220015,21.94287300
252498350,0,30446,ROBO PERSONA,MARIPOSA,12,2025-12-25,52,4,1,FRACCIONAMIENTO,ESPAÑA,171,171,CALLE,MADRID,NA,NA,"121,,,",AVENIDA,DE LOS MAESTROS,2,10,48,20,10:48,false,false,9,ninguna,ND,ND,ND,H,8,0,N,N,0,0,false,0,N,N,14,bicicleta,0,0,false,1,1,0,NA,NA,0,NA,1,PARADO,NO,HOMBRE,2305,-102.31243914,21.86482012
252499463,0,30446,ROBO PERSONA,MARIPOSA,12,2025-12-25,52,4,5,CONDOMICIO,VIÑA ANTIGUA,995R,0,AVENIDA,VIÑA ANTIGUA,NA,NA,",,,",AVENIDA,SIGLO XXI,7,14,7,21,14:07,false,false,9,ninguna,ND,ND,ND,H,8,0,N,N,0,0,false,0,N,N,14,bicicleta,0,8000,false,1,1,0,NA,NA,0,NA,1,PARADO,NO,HOMBRE,2306,-102.31172908,21.95057874
252504612,0,30446,ROBO PERSONA,MARIPOSA,12,2025-12-25,52,4,1,FRACCIONAMIENTO,TROJES DE ALONSO,229,229,CALLE,F,NA,NA,"518,,,",CALLE,TAMARINDO,3,23,19,24,23:19,false,false,9,ninguna,ND,ND,ND,H,8,0,N,N,0,0,false,0,N,N,14,bicicleta,0,8000,false,1,1,0,NA,NA,0,NA,1,PARADO,NO,HOMBRE,2307,-102.27904431,21.90914700
252505664,0,30446,ROBO PERSONA,ND,12,2025-12-26,52,5,1,FRACCIONAMIENTO,JOSE GUADALUPE PERALTA GAMEZ,334,334,CALLE,BENJAMIN VARGAS TAPIA,NA,NA,"611,,,",CALLE,ISABEL JIMENEZ DIAZ,4,3,10,26,03:10,false,false,9,ninguna,2 HOMBRES UNO VISTE CHAMARRA COLOR ROJO COMPLEXION DELGADO ESTATURA MEDIA TEZ MORENO,ND,H,H,8,0,N,N,0,0,false,0,N,N,11,herramienta,0,4000,false,1,1,0,NA,NA,0,NA,1,PARADO,NO,HOMBRE,2308,-102.23462155,21.86905227
252505842,0,30907,ROBO PERSONA,ND,12,2025-12-26,52,5,1,FRACCIONAMIENTO,BENITO PALOMINO DENA,220,220,CALLE,LICENCIADO MIGUEL ROMO MEDINA,NA,NA,",,,",CALLE,GILBERTO LOPEZ VELARDE,3,5,7,26,05:07,false,false,9,ninguna,1 HOMBRE,FRANCISCO,H,H,8,0,N,N,0,0,false,0,N,N,3,ACELULAR,0,4000,false,1,1,0,NA,NA,0,NA,1,PARADO,NO,HOMBRE,2309,-102.25048293,21.91741771
252509288,0,12,ROBO PERSONA,ND,12,2025-12-26,52,5,1,CONDOMINIO,AGROPECUARIO,527,527,AVENIDA,AGUASCALIENTES NORTE,NA,NA,",,,",AVENIDA,INDEPENDENCIA,6,18,30,22,18:30,false,true,4,fuego,1 HOMBRE VISTE SUDADERA COLOR NEGRO PANTALON MEZCLILLA,ND,H,H,8,0,N,N,0,0,false,0,COCHE,COCHE VW JETTA COLOR NEGRO,28,dinero,9700,9700,false,1,1,0,RETIRO,BANCOMER,0,CC BASICOS AGROPECUARIO,1,PARADO,NO,HOMBRE,2310,-102.29708970,21.91542857
252510526,0,30422,ROBO PERSONA,ND,12,2025-12-26,52,5,1,FRACCIONAMIENTO,"VILLA DE NUESTRA SEÑORA DE LA ASUNCION, SECTOR ENCINO",331,331,AVENIDA,SIGLO XXI,NA,NA,",,,",CALLE,MATIAS DE LA MOTA,3,21,21,23,21:23,false,false,9,ninguna,1 HOMBRE VISTE DE NEGRO CASCO NEGRO CON ROJO,ND,H,M,8,0,N,N,0,0,false,0,MOTOCICLETA,MOTOCICLETA COLOR ROJO,3,celular,0,0,false,1,1,0,NA,NA,0,NA,1,TRANSITANDO,NO,MUJER,2311,-102.26655569,21.92694294
252516711,0,30421,ROBO PERSONA,ND,12,2025-12-27,52,6,5,COLONIA,CENTRO,938,938,CALLE,AGUSTIN DE ITURBIDE,NA,NA,",,,",CALLE,GUADALUPE VICTORIA,7,21,12,23,21:12,false,true,4,fuego,2 HOMBRES UNO VISTE CHAMARRA AZUL PANTALON MEZCLILLA EL OTRO PLAYERA BLANCA PANTALON MEZCLILLA,ND,H,H,8,0,N,N,0,0,false,0,N,N,"3,28,29","celular,dinero,cartera",800,9800,false,1,1,0,NA,NA,0,NA,1,PARADO,NO,HOMBRE,2312,-102.34484408,21.96477222
252518487,0,30421,ROBO PERSONA,ND,12,2025-12-28,52,7,1,FRACCIONAMIENTO,VISTAS DL VALLE,453,453,PROLONGACION,CALABACILLA,NA,NA,",,,",AVENIDA,VILLAS DE LAS FUENTES,3,0,46,25,00:46,false,true,3,contusa,6 HOMBRES,ND,H,H,3,0,N,N,1,0,false,0,N,N,"3,6,12","celular,tecnologia,ropa",0,0,false,1,1,0,NA,NA,0,NA,1,PARADO,NO,MENOR,2313,-102.23681028,21.91565025
252519557,0,30421,ROBO PERSONA,ND,12,2025-12-28,52,7,11,FRACCIONAMIENTO,LA RIBERA,1340,1340,CALLE,CAJITITLAN,NA,NA,"129,,,",AVENIDA,RIBERA DE CHAPALA,7,3,36,26,03:36,false,true,3,contusa,2 HOMBRES UNO VISTE PLAYERA CUADRADA CON UN PAÑUELO EN LA CABEZA EL OTRO VISTE CHAMARRA NEGRA,ND,H,H,8,0,N,N,0,0,false,0,N,N,3,celular,0,8000,false,1,1,0,NA,NA,0,NA,1,PARADO,NO,HOMBRE,2314,-102.25172945,21.95411597
252525215,252525250,30422,ROBO PERSONA,ND,12,2025-12-28,52,7,1,FRACCIONAMIENTO,VILLA DE LA LOMA,336,336,CALLE,LOMA DEL PUMA,NA,NA,",,,",CALLE,LOMA DEL CARDENAL,3,22,14,24,22:14,false,false,9,ninguna,2 HOMBRES,ND,H,H,8,0,N,N,0,0,false,0,N,N,28,dinero,0,0,false,1,1,0,NA,NA,0,NA,1,TRANSITANDO,NO,MENOR,2315,-102.24705648,21.91285672
252527163,0,30421,ROBO PERSONA,ND,12,2025-12-29,53,1,1,FRACCIONAMIENTO,SAN MARCOS,148,148,CALLE,RAFAEL,NA,NA,"224,,,",AVENIDA,AGUASCALIENTES PONIENTE,6,4,8,26,04:08,false,true,"1,3","cortante,contusa",2 HOMBRES UNO VISTE CHAMARRA AMARILLA,ND,H,H,8,0,N,N,0,0,false,0,N,N,3,celular,0,13000,false,1,1,0,NA,NA,0,NA,1,PARADO,NO,HOMBRE,2316,-102.31944771,21.87897031
252512404,0,30446,ROBO PERSONA,ND,12,2025-12-27,52,6,1,FRACCIONAMIENTO,MORELOS I,188,188,CALLE,CARLOS M BUSTAMANTE,NA,NA,"613,,,",CALLE,22 DE DICIEMBRE,5,6,42,19,06:42,false,false,9,ninguna,1 HOMBRE VISTE DE NEGRO,ND,H,M,8,0,N,N,0,0,false,0,N,N,12,ropa,0,0,false,1,1,0,NA,NA,0,NA,1,PARADO,NO,MUJER,2317,-102.25767035,21.85306276
252514680,0,30446,ROBO PERSONA,ND,12,2025-12-27,52,6,1,FRACCIONAMIENTO,PERIODISTAS,204,204,AVENIDA,MARINAO HIDALGO,NA,NA,"2954,,,",CALLE,CARMEN SERDAN,5,16,13,22,16:13,false,false,9,ninguna,ND,ND,ND,M,8,0,N,N,0,0,false,0,N,N,"28,29,40","dinero,cartera,tarjetas",50,50,true,1,10,0,NA,NA,0,NA,2,PARADO,NO,HOMBRE,2318,-102.24671043,21.84986980
252517951,0,30446,ROBO PERSONA,ND,12,2025-12-27,52,7,5,CONDOMINIO,RUSCELLO,1107,1107,AVEIDA,EUGENIO GARZA SADA,NA,NA,",,,",AVENIDA,RUSCELLO,7,23,41,24,23:41,false,false,9,ninguna,2 HOMBRES UO VISTE GABARDINA NEGRA ENCAPUCHADO EL OTRO CAMISA VERDE CASCO NEGRO PANTALON MEZCLILLA,ND,H,H,8,0,N,N,0,0,false,0,MOTOCICLETA,MOTOCICLETA BM 150 COLOR ROJO CON PLACAS DE GUERRERO,"3,31","celular,mochila",0,0,false,1,1,0,NA,NA,0,NA,1,PARADO,NO,HOMBRE,2319,-102.33794049,21.92419073
252527370,0,30446,ROBO PERSONA,MARIPOSA,12,2025-12-29,53,1,1,FRACCIONAMIENTO,EL DOARADO 1A SECCION,159,159,CALLE,ALASKA,NA,NA,",,,",CALLE,CORDOBA,2,6,10,19,06:10,false,false,9,ninguna,2 HOMBRES,ND,H,H,8,0,N,N,0,0,false,0,N,N,14,bicicleta,0,0,false,1,1,0,NA,NA,0,NA,1,PARADO,NO,HOMBRE,2320,-102.30581980,21.86091309
252522481,0,30904,ROBO PERSONA,MARIPOSA,12,2025-12-28,52,7,5,COLONIA,LA ESCALERA,1064,1064,CALLE,BELTRAN,NA,NA,"604,,,",CALLE,BENIGNO CHAVEZ,7,16,8,22,16:08,false,false,9,ninguna,1 HOMBRE,ND,H,M,8,0,N,N,0,0,false,0,N,N,14,bicicleta,0,0,true,1,10,0,NA,NA,0,NA,1,PARADO,NO,MUJER,2321,-102.34622364,21.96676057
252517208,0,30907,ROBO PERSONA,ND,12,2025-12-27,52,6,1,EJIDO,SALTO DE OJOCALIENTE,181,181,AVEIDA,TECNOLOGICO,NA,NA,",,,",AVENIDA,SIGLO XXI,5,22,15,24,22:15,false,true,8,sin datos,ND,ND,ND,H,8,0,N,N,2,0,false,0,N,N,39,sin datos,0,0,false,1,1,0,NA,NA,0,NA,1,ND,NO,HOMBRE,2322,-102.24497311,21.86767354
252522647,0,30907,ROBO PERSONA,ND,12,2025-12-28,52,7,1,FRACCIONAMIENTO,"VILLA DE NUESTRA SEÑORA DE LA ASUNCION, SECTOR GUADALUPE",342,342,CALLE,PORFIRIO PADILLA ENRIQUEZ,NA,NA,",,,",AVENIDA,JOSE DE JESUS GONZALEZ GARCIA,3,16,34,22,16:34,false,false,9,ninguna,ND,ND,ND,H,8,0,N,N,0,0,false,0,N,N,12,ropa,0,0,false,1,2,0,NA,NA,0,NA,1,ND,NO,HOMBRE,2323,-102.25365758,21.92944300
542200012,0,30422,ROBO PERSONA,ND,12,2025-12-26,52,5,5,COLONIA,AYUNTAMIENTO,1049,1049,CALLE,CONSTITUCION,NA,NA,",,,",CALLE,GUADALUPE VICTORIA,7,13,13,21,13:13,false,false,9,ninguna,1 HOMBRE,JOSE ALBERTO COLLAZO MARTINEZ 44 AÑOS,H,H,8,1,N,N,0,0,false,0,N,N,"12,28","ropa,dinero",500,500,false,1,4,0,NA,NA,0,NA,1,ND,NO,HOMBRE,2324,-102.35099223,21.96572291
252531721,0,30421,ROBO PERSONA,ND,12,2025-12-29,53,1,5,LOCALIDAD,TEPETATES,992R,0,PRIVADA,INDEPENDENCIA,NA,NA,"104,,,",CALLE,INDEPENDENCIA,7,22,7,24,22:07,false,true,3,contusa,5 HOMBRES TODOS CON PASAMONTAÑA,ND,H,H,8,0,N,N,0,0,false,0,MOTOCICLETA,MOTOCICLETA,3,celular,0,5000,false,1,1,0,NA,NA,0,NA,1,TRANSITANDO,NO,HOMBRE,2325,-102.32317590,21.95583666
252537997,0,30421,ROBO PERSONA,ND,12,2025-12-31,53,3,1,COLONIA,VICENTE GUERRERO,489,489,CALLE,GENERAL JULIAN MEDINA,ND,ND,",,,",CALLE,POCITOS,2,0,7,25,00:07,false,true,"1,4","contusa,fuego",4 HOMBRES UNO VISTE CAPUCHA NAGRA PANTALON NEGRO SUDADERA NEGRA,ND,H,M,8,1,N,N,0,0,false,0,N,N,3,celular,0,0,false,1,4,0,NA,NA,0,NA,1,PARADO,NO,MUJER,2326,-102.31097087,21.84709086
252541109,0,30421,ROBO PERSONA,ND,12,2025-12-31,53,3,1,FRACCIONAMIENTO,VILLA MONTAÑA,601,601,CALLE,CERRO LIRIMA,NA,NA,",,,",CALLE,CONSTITUCIONALISTA,3,17,15,22,17:15,false,true,3,contusa,1 HOMBRE DE 27 AÑOS DE EDAD APROX VISTE PLAYERA BLANCA PANTALON MEZCLILLA Y GORRA,ND,H,H,8,0,N,N,0,0,false,0,N,N,3,celular,0,4000,false,1,1,0,NA,NA,0,NA,1,ND,NO,HOMBRE,2327,-102.25480745,21.94551606
252542067,0,30421,ROBO PERSONA,MARIPOSA,12,2025-12-31,53,3,9,SIN TIPO,SAN ANTONIO,1237,1237,CALLE,LA PRESITA,NA,NA,",,,",CALLE,JUAN DE TOLOSA,7,18,30,22,18:30,false,false,3,contusa,1 HOMBRE VISTE PLAYERA ROJA Y PNATLAON MEZCLILLA,EL MELLO,H,H,8,0,N,N,0,0,false,0,N,N,"3,14","celular,bicicleta",0,0,false,1,1,0,NA,NA,0,NA,1,PARADO,NO,HOMBRE,2328,-102.25151159,22.23671202
252530498,0,30446,ROBO PERSONA,MARIPOSA,12,2025-12-29,53,1,5,CONDOMINIO,VIÑA ANTIGUA,995,995,AVENIDA,VIÑA ANTIGUA,NA,NA,",,,",AVENIDA,SIGLO XXI,7,19,4,23,19:04,false,false,9,ninguna,1 HOMBRE TEZ MORENA COMPLEXION DELGADA TATUAJES EN LOS BRAZOS VISTE PLAYERA ROJA PANTALON MEZCLILLA,ND,H,H,8,0,N,N,0,0,false,0,N,N,14,mariposa,0,0,false,1,1,0,NA,NA,0,NA,1,PARADO,NO,HOMBRE,2329,-102.31172420,21.95077642
252533337,0,30446,ROBO PERSONA,MARIPOSA,12,2025-12-30,53,2,1,FRACCIONAMIENTO,LAS ARBOLEDAS,130,130,CALLE,EUCALIPTO,NA,NA,"503,,,",CALLE,ABEDUL,6,9,43,20,09:43,false,false,9,ninguna,1 HOMBRE VISTE SUDADERA NEGRA PANTALON MEZCLILLA,ND,H,M,8,0,N,N,0,0,false,0,N,N,14,bicicleta,0,0,false,1,1,0,NA,NA,0,NA,2,PARADO,NO,MUJER,2330,-102.30368447,21.90103034
252534728,0,30446,ROBO PERSONA,MARIPOSA,12,2025-12-30,53,2,1,FACCIONAMIENTO,ANEXO BENITO PALOMINO DENA (CUMBRES II),482,482,CALLE,FRANCISCO M REVILLA,NA,NA,",,,",CALLE,UNO,3,14,27,21,14:27,false,false,9,ninguna,1 HOMBRE VISTE CAMISA NEGRA PANTALON MEZCLILLA,ND,H,H,8,0,N,N,0,0,false,0,N,N,14,bicicleta,0,0,false,1,1,0,NA,NA,0,NA,1,PARADO,NO,HOMBRE,2331,-102.25344871,21.91839680
252535997,0,30446,ROBO PERSONA,ND,12,2025-12-30,53,2,5,COLONIA,EL CHAVEÑO,942,942,CALLE,IGNACIO ALLENDE,NA,NA,",,,",CALLE,AGUA MIELILLA,7,18,30,22,18:30,false,false,9,ninguna,1 HOMBRE VISTE CAMISA BLANCA PANTALON MEZCLILLA,ND,H,H,8,0,N,N,0,0,false,0,N,N,3,celular,0,0,false,1,2,0,NA,NA,0,NA,2,PARADO,NO,HOMBRE,2332,-102.35879555,21.96501427
252543263,0,30446,ROBO PERSONA,MARIPOSA,12,2025-12-31,53,3,1,FRACCIONAMIENTO,OJOCALIENTE I,190,190,CALLE,JALTOMATE,NA,NA,",,,",CALLE,CHICALOTE,4,22,11,24,22:11,false,false,9,ninguna,ND,ND,ND,H,8,0,N,N,0,0,false,0,N,N,14,bicicleta,0,9000,false,1,1,0,NA,NA,0,NA,1,PARADO,NO,HOMBRE,2333,-102.25224086,21.88217365
252529843,0,30904,ROBO PERSONA,ND,12,2025-12-29,53,1,1,FRACCIONAMIENTO,JOSE GUADALUPE PERALTA GAMEZ,334,334,AVENIDA,POLIDUCTO,NA,NA,",,,",CALLE,URBANISMO,4,17,26,22,17:26,false,false,9,ninguna,1 PERSONA,ND,ND,H,8,0,N,N,0,0,false,0,N,N,3,celular,0,0,false,1,2,0,NA,NA,0,NA,1,1,NO,MENOR,2334,-102.24266835,21.87215558
252536890,0,30904,ROBO PERSONA,ND,12,2025-12-30,53,2,1,FRACCIONAMIENTO,LAS AMERICAS,262,262,CALLE,REPUBLICA DE BRASIL,NA,NA,"504,,,",CALLE,REPUBLICA DE PANAMA,2,20,51,23,20:51,false,false,9,ninguna,2 HOMBRES,ND,H,M,8,0,N,N,0,0,false,0,N,N,3,celular,0,0,true,1,10,0,NA,NA,0,NA,1,PARADO,NO,MENOR,2335,-102.29934126,21.86692730
252400327,0,50107,ROBO PERSONA,ND,12,2025-12-11,50,4,11,PI,PARQUE INDUSTRIAL SAN FRANCISCO (PISF),1327,1327,CARRETERA,PANAMERICA NORTE,NA,NA,",,,",AVENIDA,MEXICO,7,23,31,24,23:31,false,false,9,ninguna,1 MUJER,ND,M,M,8,0,N,N,0,0,false,0,N,N,"26,28","bolso,dinero",500,500,false,1,2,0,NA,NA,0,NA,1,ND,NO,MUJER,2336,-102.28095082,22.03461653
252439695,0,50305,ROBO PERSONA,ND,12,2025-12-17,51,3,1,FRACCIONAMIENTO,"VILLA DE NUESTRA SEÑORA DE LA ASUNCION, SECTOR GUADALUPE",342,342,AVENIDA,POLIDUCTO,NA,NA,",,,",CALLE,JOSE RUIZ ESPARZA VEGA,3,19,35,23,19:35,false,false,9,ninguna,1 HOMBRE TATUAJES EN BRAZO IZQUIERDO VISTE PANTALON MEZCLILLA PLAYERA ROJA DE BEIS BOL,ND,H,H,8,0,N,N,0,0,false,0,N,N,28,dinero,500,500,false,1,2,0,NA,NA,0,NA,1,ND,NO,HOMBRE,2337,-102.25904109,21.92762212
252484661,0,30909,ROBO PERSONA,ND,12,2025-12-23,52,2,1,FRACCIONAMIENTO,REENCUENTRO,378,378,AVENIDA,DE LA NATURALEZA,NA,NA,",,,",CALLE,QUINTO,5,22,10,24,22:10,false,true,"3,4","contusa,fuego",4 HOMBRES,JOVANNI MOTA DE LEON ALIAS EL MOTILLA AARON,H,H,8,0,N,N,0,0,false,0,N,N,"12,28,29","ropa,dinero,cartera",1000,1000,false,1,1,0,NA,NA,0,NA,1,ND,NO,HOMBRE,2338,-102.25042715,21.83931902
