FOLIO,ID_INC,MES,FECHA,DIA_SEM,HORA,MINUTOS,MUNICIPIO,TIPO_ASEN,NOM_ASEN,OID_ASEN,TIPO_VIAL,NOM_VIAL,EDIFICIO,NUMERO,TIPO_VIAL1,NOM_VIAL1,TIPO_VIAL2,NOM_VIAL2,TIPO_VIALP,NOM_VIALP,DESTACAMEN,PROCESO,VIOLENCIA,ARMA,PER_SOSP,ALIAS,DETENIDO,LESIONADO,T_VEH_SOS,DESCRIP,HORARIO,OBJ_ROBADO,CANTIDAD,MONTO,RECUP_ART,MEC_ROBO,MODALIDAD,TIPO_VEHIC,MARCA_AFEC,SUBMA_AFEC,CORP_ACUD,CIERRE_COR,OID,INCIDENTE,LONG,LAT
1013,30403,1,2019-01-01,2,16,27,1,COLONIA,LAS FLORES,1072,CALLE,LOS LAURELES,NA,",,,",CALLE,TULIPANES,CALLE,CAMELIAS,AVENIDA,DE LAS ORQUIDEAS,2,true,false,9,"H, PLAYERA NEGRA",ND,0,0,AUTOMOVIL,"SENTRA, GRIS",22,41,0,0,false,4,4,AUTOMOVIL,NISSAN,SENTRA,1,7,1,Robo de autopartes y cristalazo,-102.30408835,21.87486768
1541,30403,1,2019-01-02,3,0,17,1,FRACCIONAMIENTO,VILLAS DE NUESTRA SEÑORA DE LA ASUNCION (SECTOR GUADALUPE),402,AVENIDA,JOSE DE JESUS GONZALEZ GARCIA,NA,",,,",PRIVADA,RINCON DE GUADALUPE,CALLE,ELIAS DE LARA,CALLE,ELIAS DE LARA,5,false,false,9,ND,ND,0,0,N,N,15,"22,38",0,2000,false,4,3,AUTOMOVIL,PONTIAC,ND,1,1,2,Robo de autopartes y cristalazo,-102.25238383,21.92902673
1709,30403,1,2019-01-02,3,10,27,1,CONDOMINIO,OJOCALIENTE INEGI,740,AVENIDA,OJOCALIENTE,NA,",,,",CALLE,LOS CONOS,ANDADOR,NINGUNO,ANDADOR,NINGUNO,4,false,false,9,ND,ND,0,0,N,N,27,"27,24,11",0,0,false,4,3,CAMIONETA,ND,ND,1,6,3,Robo de autopartes y cristalazo,-102.25078296,21.87772876
1959,30403,1,2019-01-02,3,16,50,1,COLONIA,LAS FLORES,1072,CALLE,CAMELIAS,NA,",,,",CALLE,LAURELES,AVENIDA,DE LAS ORQUIDEAS,CALLE,TULIPANES,2,false,false,9,ND,ND,0,0,N,N,27,"22,3,26",0,7000,false,4,3,CAMIONETA,NISSAN,ND,1,1,4,Robo de autopartes y cristalazo,-102.30411839,21.87475167
3445,30403,1,2019-01-04,5,11,46,1,FRACCIONAMIENTO,VILLAS DE NUESTRA SEÑORA DE LA ASUNCION (SECTOR ALAMEDA),516,CALLE,RODRIGO RINCON GALLARDO,NA,",,,",CALLE,DOMINGO VELASCO,CALLE,MANUEL CHAVEZ,PRIVADA,PEDRO VITAL,5,false,false,9,ND,ND,0,0,N,N,27,41,0,0,false,4,4,CAMIONETA,ND,ND,1,1,5,Robo de autopartes y cristalazo,-102.26373494,21.93325594
3470,30403,1,2019-01-04,5,12,27,1,FRACCIONAMIENTO,SAN CAYETANO,1118,CALLE,SAN CLEMENTE,NA,",,,",CALLE,SAN COSME,CALLE,SAN JOSE,AVENIDA,UNIVERSIDAD,6,false,false,9,ND,ND,0,0,N,N,15,"12,26",0,7000,false,4,1,AUTOMOVIL,NISSAN,SENTRA,1,20,6,Robo de autopartes y cristalazo,-102.30861454,21.90070352
4160,30403,1,2019-01-05,6,1,59,1,BARRIO,EL ENCINO,1096,CALLE,SEMERIA,NA,"148,,,",AVENIDA,PASEO DE LA CRUZ,CALLE,SANTANA,CALLE,JOSEFA ORTIZ DE DOMINGUEZ,3,false,false,9,ND,ND,0,0,N,N,25,"38,24",0,0,false,4,3,AUTOMOVIL,CHEVROLET,CHEVY,1,28,7,Robo de autopartes y cristalazo,-102.29048345,21.87238443
5411,30403,1,2019-01-06,7,6,22,1,FRACCIONAMIENTO,OJO DE AGUA,1080,AVENIDA,AYUNTAMIENTO,NA,"315,,,",CALLE,NAYARIT,CALLE,PLAZA MICHOACAN,ANDADOR,FRANICSCO PEREZ RIOS,3,false,false,9,ND,ND,0,0,N,N,27,"22,23,24",0,8000,false,4,2,AUTOMOVIL,DODGE,ATOS,1,1,8,Robo de autopartes y cristalazo,-102.27944670,21.86473805
6973,30403,1,2019-01-07,1,21,23,1,FRACCIONAMIENTO,JARDINES DE LA CONCEPCION I,848,CALLE,CERRO DE LA BUFA,NA,"401,,,",PROLONGACION,GENERAL IGNACIO ZARAGOZA,CALLE,VALLE DE GUADALUPE,CALLE,CERRO DEL LAUREL,6,false,false,9,ND,ND,0,0,N,N,23,"6,26,27,3",0,50000,false,4,1,AUTOMOVIL,CHEVROLET,SONIC,1,1,9,Robo de autopartes y cristalazo,-102.30635531,21.92382445
7222,30403,1,2019-01-08,2,4,32,1,BARRIO,EL ENCINO,1096,CALLE,FORTUNA,NA,",,,",CALLE,JOSEFA ORTIZ DE DOMINGUEZ,CALLE,ALEGRIA,CALLE,ALEGRIA,1,false,false,9,ND,ND,0,0,N,N,26,41,0,0,false,4,4,AUTOMOVIL,ND,ND,1,28,10,Robo de autopartes y cristalazo,-102.28930201,21.87432905
7235,30403,1,2019-01-08,2,5,47,5,COLONIA,CHICAHUALES I,155,CALLE,IGNACIO ZAMARRIPA,NA,"413,,,",AVENIDA,ROMAN LOERA,CALLE,SANTIAGO APOSTOL,CALLE,JOSE ACEVES,7,false,false,9,ND,ND,0,0,N,N,27,41,0,0,false,4,4,AUTOMOVIL,VOLKSWAGEN,GOLF,1,1,11,Robo de autopartes y cristalazo,-102.35087738,21.94776524
7302,30403,1,2019-01-08,2,8,59,1,FRACCIONAMIENTO,DEL VALLE 2A SECCION,939,CALLE,PARIS,NA,"1113,,,",CALLE,PRAGA,CALLE,VIENA,CALLE,DINAMARCA,6,false,false,9,ND,ND,0,0,N,N,27,38,0,0,false,4,1,AUTOMOVIL,FORD,FOCUS,1,1,12,Robo de autopartes y cristalazo,-102.32181180,21.87653225
7552,30403,1,2019-01-08,2,14,56,1,FRACCIONAMIENTO,TROJES DEL SUR,980,AVENIDA,FAISAN,NA,"3724,,,",CALLE,PARQUE DE LOS NOGALES NORTE,CALLE,NINGUNO,CERRADA,DE LOS CEREZOS,2,false,false,9,H,ND,0,0,BICICLETA,BICICLETA,21,41,0,0,false,4,4,AUTOMOVIL,VOLKSWAGEN,CABRIO,1,7,13,Robo de autopartes y cristalazo,-102.29718539,21.84635490
10347,30403,1,2019-01-11,5,20,4,1,FRACCIONAMIENTO,LA FUENTE,1061,CALLE,VALPARAISO,NA,",,,",CALLE,COQUIMBO,AVENIDA,LAS AMERICAS,CALLE,BAHIA,2,false,false,9,ND,ND,0,0,N,N,14,26,0,2000,false,4,1,AUTOMOVIL,NISSAN,PLATINA,1,1,14,Robo de autopartes y cristalazo,-102.30192563,21.87192496
10364,30403,1,2019-01-11,5,20,18,1,FRACCIONAMIENTO,SAN CAYETANO,1118,CALLE,SAN CLEMENTE,NA,",,,",CALLE,SAN JORGE,CALLE,SAN COSME,AVENIDA,UNIVERSIDAD,6,false,false,9,ND,ND,0,0,N,N,24,41,0,0,false,4,4,AUTOMOVIL,ND,ND,1,17,15,Robo de autopartes y cristalazo,-102.30874048,21.90100913
10387,30403,1,2019-01-11,5,20,51,1,FRACCIONAMIENTO,MORELOS I,1120,AVENIDA,SIGLO XXI,NA,",,,",AVENIDA,MARIANO HIDALGO,CALLE,CHICHEN ITZA,CALLE,ARTILLERO MIER,3,false,false,9,ND,ND,0,0,N,N,24,22,0,6000,false,4,2,CAMIONETA,CHEVROLET,ND,1,1,16,Robo de autopartes y cristalazo,-102.25674578,21.85549335
12151,30403,1,2019-01-13,7,13,54,1,COLONIA,SAN MARCOS (DELEGACION POCITOS),650,CALLE,PROLONGACION AQUILES ELORDUY,NA,"806,,,",CALLE,GUANAJUATO,CALLE,CAMPECHE,CALLE,TALAMANTES,6,false,false,9,ND,ND,0,0,N,N,27,22,0,0,false,4,2,CAMIONETA,FORD,BRONCO,1,7,17,Robo de autopartes y cristalazo,-102.31490058,21.88059532
12708,30403,1,2019-01-13,7,22,27,1,FRACCIONAMIENTO,VALLE DE LAS TROJES,860,PROLONGACION,GENERAL IGNACIO ZARAGOZA,NA,"2104,,,",CALLE,MONTECRISTO,CALLE,SILOS,CALLE,TRAPICHE,6,false,false,9,ND,ND,0,0,N,N,24,"26,28",2000,2000,false,4,1,CAMIONETA,TOYOTA,YARIS,1,1,18,Robo de autopartes y cristalazo,-102.30508241,21.92854225
13875,30403,1,2019-01-15,2,9,46,1,FRACCIONAMIENTO,VERSALLES II,1071,CALLE,INGENIERO LUIS ORTEGA DOUGLAS,NA,"170,,,",CALLE,BELISARIO DOMINGUEZ,CALLE,GENERAL FRANCISCO CARRERA TORRES,CALLE,ENRIQUE C REBSAMEN,2,false,false,9,ND,ND,0,0,N,N,1,41,0,0,false,4,4,AUTOMOVIL,VOLKSWAGEN,POINTER,1,1,19,Robo de autopartes y cristalazo,-102.30874195,21.85736684
14348,30403,1,2019-01-15,2,22,14,1,FRACCIONAMIENTO,PILAR BLANCO,981,BOULEVARD,AGUILA,NA,",,,",ANDADOR,DEL PELICANO,AVENIDA,FAISAN,ANDADOR,DEL PELICANO,2,false,false,9,ND,ND,0,0,N,N,23,"3,26",0,0,false,4,1,AUTOMOVIL,NISSAN,MARCH,1,2,20,Robo de autopartes y cristalazo,-102.29509617,21.85011313
1185,30411,1,2019-01-01,2,19,1,1,FRACCIONAMIENTO,LA FUENTE,1061,AVENIDA,LAS AMERICAS,NA,",,,",CALLE,BOGOTA,CALLE,VALPARAISO,CALLE,REPUBLICA DE NICARAGUA,2,false,false,9,ND,ND,0,0,N,N,27,"12,26,27,28",0,30000,false,1,1,CAMIONETA,FORD,750,1,1,21,Robo de autopartes y cristalazo,-102.30171671,21.87146211
1720,30411,1,2019-01-02,3,10,44,1,FRACCIONAMIENTO,CNOP ORIENTE,445,CALLE,GILDARDO SANCHEZ OROPEZA,NA,"119,,,",CALLE,PASCUAL CORNEJO,BOULEVARD,GUADALUPANO,CALLE,HUMBERTO BRAND SANCHEZ,5,false,false,9,ND,ND,0,0,N,N,15,"24,25",0,0,false,2,2,AUTOMOVIL,MAZDA,ND,1,12,22,Robo de autopartes y cristalazo,-102.26935115,21.90368180
1997,30411,1,2019-01-02,3,17,30,1,FRACCIONAMIENTO,HEROES DE AGUASCALIENTES,1078,CALLE,DEFENSA NACIONAL,NA,",,,",AVENIDA,HEROE DE NACOZARI SUR,CALLE,SAHOP,CALLE,SERVICIO MILITAR,3,false,false,9,ND,AUTOLAVADO,0,0,N,N,22,3,0,0,false,3,1,AUTOMOVIL,ND,ND,1,6,23,Robo de autopartes y cristalazo,-102.28140478,21.87423785
2148,30411,1,2019-01-02,3,20,25,1,SIN TIPO,DESARROLLO 55 (BODEGA AURRERA PINTORES),802,AVENIDA,SIGLO XXI,NA,",,,",CALLE,JOSE LUIS CUEVAS,CALLE,NINGUNO,CALLE,NINGUNO,5,false,false,9,"H,M",ND,0,0,N,N,27,22,0,7000,false,1,2,CAMIONETA,TOYOTA,TACOMA,1,2,24,Robo de autopartes y cristalazo,-102.26125376,21.91961945
2502,30411,1,2019-01-03,4,8,58,1,FRACCIONAMIENTO,SOLIDARIDAD I,431,CALLE,AGUA POTABLE,NA,"110,,,",CALLE,ESFUERZO,CALLE,UNIDAD,CALLE,SOLIDARIDAD,4,false,false,9,ND,ND,0,0,N,N,24,"22,24",0,0,false,1,2,AUTOMOVIL,FORD,ND,1,1,25,Robo de autopartes y cristalazo,-102.24788571,21.87045616
3031,30411,1,2019-01-03,4,20,50,1,FRACCIONAMIENTO,LINDAVISTA,407,CALLE,DIEGO DE IBARRA,NA,",,,",AVENIDA,CONVENCION DE 1914 SUR,CALLE,JARDIN DEL ESTUDIANTE,CALLE,MIGUEL CALDERA,3,false,false,9,"H, 2 MENORES",ND,0,0,MOTOCICLETA,ROJA,23,24,0,0,false,1,2,CAMIONETA,DODGE,ND,1,1,26,Robo de autopartes y cristalazo,-102.29049935,21.86708667
3199,30411,1,2019-01-03,4,23,44,1,FRACCIONAMIENTO,TIERRA BUENA,575,CALLE,ARROZ,NA,"206,,,",CALLE,B,CALLE,CHILE,CALLE,FRIJOL,3,false,false,9,ND,ND,0,0,N,N,24,37,0,1800,false,5,2,MOTOCICLETA,ITALIKA,ND,1,1,27,Robo de autopartes y cristalazo,-102.25104858,21.86158891
3354,30411,1,2019-01-04,5,7,32,5,COMUNIDAD,MIRAVALLE,179P,PRIVADA,DEL ROSARIO,NA,"2,,,",AVENIDA,DEL ROSARIO,PRIVADA,NINGUNO,CALLE,NINGUNO,7,false,false,9,ND,ND,0,0,N,N,27,24,0,0,false,1,2,CAMIONETA,FORD,ND,1,1,28,Robo de autopartes y cristalazo,-102.31409709,21.97090473
3386,30411,1,2019-01-04,5,7,3,1,FRACCIONAMIENTO,VALLE DE LOS CACTUS,725,ANDADOR,RECINTO CHAVEÑO 504,NA,"7,,,",ANDADOR,RECICNTO CHAVEÐO 504,ANDADOR,RECINTO CHAVEÐO 504,ANDADOR,RECINTO CHAVEÐO 504,4,false,false,9,ND,ND,0,0,N,N,27,"22,38",0,0,false,1,3,AUTOMOVIL,CHEVROLET,AVEO,1,2,29,Robo de autopartes y cristalazo,-102.23206885,21.86819228
3686,30411,1,2019-01-04,5,17,5,1,DESARROLLO ESPECIAL,PARQUE ECOLOGICO DE MEXICO,438,AVENIDA,PENSADORES MEXICANOS,NA,",,,",AVENIDA,AGUASCALIENTES ORIENTE,AVENIDA,OJOCALIENTE,AVENIDA,ALCALDES,5,false,false,9,ND,ND,0,0,N,N,22,26,0,0,false,1,1,AUTOMOVIL,CHEVROLET,CHEVY,1,6,30,Robo de autopartes y cristalazo,-102.27073679,21.90986015
3904,30411,1,2019-01-04,5,21,0,5,RESIDENCIAL,ALCAZAR,353P,CALLE,CALZADA NAVARRA,NA,"415,,,",CALLE,CALZADA VILLA PLATA,N,NINGUNO,CALLE,COTO ALCAZAR CASTILLA,7,false,false,9,H,ND,0,0,N,N,23,24,0,0,true,1,2,AUTOMOVIL,ND,ND,1,1,31,Robo de autopartes y cristalazo,-102.31672234,21.95799474
4314,30411,1,2019-01-05,6,9,38,5,COLONIA,EL TORITO,199,CALLE,LAZARO CARDENAS,NA,"112,,,",CALLE,CHUCATA,CALLE,NINGUNO,CALLE,ORQUIDEA,7,false,false,9,ND,ND,0,0,N,N,16,"11,22",0,3000,false,1,2,AUTOMOVIL,FORD,ND,1,1,32,Robo de autopartes y cristalazo,-102.35656716,21.96927363
4498,30411,1,2019-01-05,6,14,22,3,COMUNIDAD,LA TERESA,150P,AVENIDA,5 DE MAYO,NA,",,,",CALLE,1RO DE MAYO,CALLE,NINGUNO,N,NINGUNO,7,false,false,9,ND,ND,0,0,N,N,1,"24,38",0,0,false,1,2,CAMIONETA,NISSAN,PICK UP,1,1,33,Robo de autopartes y cristalazo,-102.70609225,21.91988220
4500,30411,1,2019-01-05,6,14,25,1,FRACCIONAMIENTO,CLAUSTROS LOMA DORADA,696,BOULEVARD,GUADALUPANO,NA,"1536,,,",AVENIDA,LOMA DORADA,N,N,CALLE,PRIMERA CERRADA EL LAUREL,5,true,false,9,ND,ND,0,0,N,N,22,37,0,0,false,5,2,CAMIONETA,ND,ND,1,2,34,Robo de autopartes y cristalazo,-102.24333314,21.92023048
4713,30411,1,2019-01-05,6,18,49,1,UNIDAD HABITACIONAL,POTRERO DEL OESTE,1098,ANDADOR,DE LAS NUBES,NA,"118,,,",ANDADOR,NINGUNO,PROLONGACION,PASEO DE LA ASUNCION,ANDADOR,LAS NUBES,2,false,false,9,ND,ND,0,0,N,N,22,"22,23",0,0,false,1,2,AUTOMOVIL,NISSAN,TSURU,1,2,35,Robo de autopartes y cristalazo,-102.30085510,21.84315750
5474,30411,1,2019-01-06,7,10,8,1,SIN TIPO,RODOLFO LANDEROS GALLEGOS,1002,BOULEVARD,JOSE MARIA CHAVEZ,NA,",,,",AVENIDA,AGUASCALIENTES SUR,AVENIDA,SIGLO XXI,AVENIDA,DEL PARQUE,3,false,false,9,H,ND,0,0,BICICLETA,BICICLETA,20,"3,27,38,26,11,38",0,1000,false,1,3,AUTOMOVIL,CHEVROLET,SONIC,1,1,36,Robo de autopartes y cristalazo,-102.29147719,21.85069656
6105,30411,1,2019-01-06,7,22,20,5,COLONIA,LUIS DONALDO COLOSIO,201,AVENIDA,SOLIDARIDAD,NA,"503,,,",CALLE,DIEGO FLORES,CALLE,LUIS DONALDO COLOSIO,PRIVADA,16 DE SEPTIEMBRE,7,false,false,9,ND,ND,0,0,N,N,24,24,0,1500,false,1,2,AUTOMOVIL,HONDA,ND,1,1,37,Robo de autopartes y cristalazo,-102.35371206,21.97173028
7228,30403,1,2019-01-08,2,5,24,1,FRACCIONAMIENTO,PERIODISTAS,404,CALLE,REPORTEROS,NA,",,,",CALLE,AMALIA GOMEZ ZEPEDA,CALLE,LINOTIPISTAS,AVENIDA,DEL REY,3,true,false,9,H,ND,0,0,N,N,26,22,0,0,true,4,2,AUTOMOVIL,ND,ND,1,7,38,Robo de autopartes y cristalazo,-102.25072554,21.85261288
7324,30411,1,2019-01-08,2,9,35,1,FRACCIONAMIENTO,LUIS ORTEGA DOUGLAS,440,CALLE,LA UNION,NA,",,,",CALLE,EL GIGANTE,CALLE,EL PICACHO,CALLE,EL TILDIO,5,false,false,9,"H,H",ND,0,0,N,N,24,24,0,0,false,1,2,AUTOMOVIL,ND,ND,1,2,39,Robo de autopartes y cristalazo,-102.25997092,21.90904857
7741,30411,1,2019-01-08,2,18,56,11,FRACCIONAMIENTO,SANTA BARBARA,2,AVENIDA,SANTA BARBARA,NA,"706,,,",CALLE,NINGUNO,CALLE,NINGUNO,N,N,7,false,false,9,ND,ND,0,0,N,N,27,"22,12,23",0,10000,false,1,3,CAMIONETA,CHEVROLET,SUBURBAN,1,1,40,Robo de autopartes y cristalazo,-102.26256791,22.06342252
7786,30411,1,2019-01-08,2,19,33,1,FRACCIONAMIENTO,LA ESTRELLA,483,AVENIDA,PASEO DE LA SOLIDARIDAD,NA,",,,",CALLE,LIRA,CALLE,VIA LACTEA,CALLE,PRIMERO DE MAYO,5,false,false,9,ND,AUTOLAVADO,0,0,N,N,23,6,0,1500,false,3,2,AUTOMOVIL,VOLKSWAGEN,POINTER,1,2,41,Robo de autopartes y cristalazo,-102.28320318,21.90302770
8179,30411,1,2019-01-09,3,8,36,1,COLONIA,MIRAVALLE,750,CALLE,JOSE MARIA LOPEZ NAVA,NA,"214,,,",AVENIDA,FUNDICION,CALLE,PEDRO GARCIA ROJAS,CALLE,ALEJANDRO R UGARTE,6,false,false,9,ND,ND,0,0,N,N,16,11,0,40000,false,1,2,CAMION,ND,ND,1,1,42,Robo de autopartes y cristalazo,-102.31144229,21.89398944
8880,30411,1,2019-01-09,3,23,41,1,BARRIO,SAN MARCOS,735,CALLE,RINCON,NA,",,,",CALLE,MANUEL M PONCE,CALLE,NINGUNO,CALLE,NINGUNO,1,true,false,9,H,ND,0,0,N,N,24,24,0,0,false,1,2,CAMION,ND,ND,1,2,43,Robo de autopartes y cristalazo,-102.30714755,21.87815766
9614,30411,1,2019-01-10,4,21,57,5,COLONIA,EL TORITO,199,AVENIDA,SOLIDARIDAD,NA,"310,,,",CALLE,15 DE SEPTIEMBRE,CALLE,CRISTOBAL COLON,CALLE,SOR JUANA INES DE LA CRUZ,7,true,false,9,"H,H",LOS PELLEJAS,0,0,N,N,23,22,0,1000,false,1,2,AUTOMOVIL,VOLKSWAGEN,SEDAN,1,1,44,Robo de autopartes y cristalazo,-102.35414839,21.97007793
9836,30411,1,2019-01-11,5,8,8,8,SIN TIPO,SAN JOSE DE GRACIA,46,AVENIDA,JUAN HERNANDEZ LOERA,NA,",,,",CALLE,LICENCIADO LUIS ECHEVERRIA,CALLE,RAFAEL GONZALEZ GUERRA,CALLE,LICENCIADO ADOLFO LOPEZ MATEOS,7,false,false,9,ND,ND,0,0,N,N,16,23,0,11000,false,1,2,CAMIONETA,ND,ND,1,5,45,Robo de autopartes y cristalazo,-102.41306301,22.14579025
10070,30411,1,2019-01-11,5,14,47,1,FRACCIONAMIENTO,VILLA MONTAÑA,502R,CALLE,CELESTINO LOPEZ SANCHEZ,NA,",,,",CALLE,FRANCISCO DE J HERRERA L,CALLE,CONSTITUCIONALISTA,CALLE,MONTE PISSIS,5,false,false,9,ND,ND,0,0,N,N,1,25,0,0,false,2,2,TRAILER,ND,ND,1,1,46,Robo de autopartes y cristalazo,-102.25695416,21.94294689
10247,30411,1,2019-01-11,5,18,8,1,FRACCIONAMIENTO,VILLAS DE NUESTRA SEÑORA DE LA ASUNCION (SECTOR GUADALUPE),402,CALLE,NINGUNO,11,",,,",CALLE,NINGUNO,CALLE,JESUS HERNANDEZ DIAZ,CALLE,NINGUNO,5,true,false,9,ND,ND,0,0,N,N,7,24,0,1600,false,1,2,AUTOMOVIL,NISSAN,TSURU,1,1,47,Robo de autopartes y cristalazo,-102.25261668,21.92832883
10905,30411,1,2019-01-12,6,12,31,1,FRACCIONAMIENTO,CIUDAD INDUSTRIAL,982,BOULEVARD,JOSE MARIA CHAVEZ,NA,"2906,,,",AVENIDA,SIGLO XXI,CALLE,JESUS RIVERA FRANCO,CALLE,ALFONSO BERNAL SANTOS C-6N,3,false,false,9,ND,ND,0,0,TAXI,"A3175AAB, NISSAN, TSURU, BLANCO",21,"11,38",0,0,false,1,2,AUTOMOVIL,VOLKSWAGEN,SEDAN,1,2,48,Robo de autopartes y cristalazo,-102.29020618,21.84330005
11066,30411,1,2019-01-12,6,15,54,1,FRACCIONAMIENTO,CIUDAD INDUSTRIAL,982,CALLE,JESUS RIVERA FRANCO,NA,",,,",CALLE,ANGEL DORRONSORO GANDARA,AVENIDA,JULIO DIAZ TORRE C-26N,AVENIDA,SIGLO XXI,3,false,false,9,ND,ND,0,0,N,N,27,"26,12,38",0,7000,false,1,3,TRAILER,ND,ND,1,1,49,Robo de autopartes y cristalazo,-102.28063187,21.84258931
11914,30411,1,2019-01-13,7,7,12,1,CONDOMINIO,OJOCALIENTE INEGI,740,CALLE,LOS ARQUITOS,NA,"112,,,",CALLE,LAS NORIAS,CALLE,LA GUAYANA,CALLE,CIENEGUILLAS,4,false,false,9,H,ND,0,0,BICICLETA,BICICLETA,19,25,0,0,false,2,2,AUTOMOVIL,ND,ND,1,17,50,Robo de autopartes y cristalazo,-102.24979201,21.87447858
12099,30411,1,2019-01-13,7,12,58,1,FRACCIONAMIENTO,INSURGENTES,1046,CALLE,HERMANOS FLORES MAGON,NA,"228,,,",AVENIDA,CONVENCION,CALLE,ABRAHAM GONZALEZ,CALLE,SERAPIO RENDON,2,false,false,9,ND,ND,0,0,N,N,17,24,0,0,false,1,2,AUTOMOVIL,NISSAN,TSURU,1,1,51,Robo de autopartes y cristalazo,-102.30709939,21.84983842
12845,30411,1,2019-01-14,1,0,23,1,FRACCIONAMIENTO,OJOCALIENTE I,741,CALLE,PEÑUELAS,NA,"525,,,",CALLE,PLAZUELA,CALLE,EL SALTO DE LOS SALADO,CALLE,JALTOMATE,4,false,false,9,ND,ND,0,0,N,N,12,"24,38",0,2000,false,1,2,CAMIONETA,ND,ND,1,1,52,Robo de autopartes y cristalazo,-102.25317604,21.88339738
13088,30411,1,2019-01-14,1,9,49,1,FRACCIONAMIENTO,SAN MARCOS,746,CALLE,PUEBLITO,NA,",,,",CALLE,PASEO DEL RIO,CALLE,MIGUEL ANGEL,CALLE,RAFAEL,6,false,false,9,ND,ND,0,0,N,N,6,"11,38,23,26,12",0,2000,false,1,3,CAMIONETA,CHEVROLET,ND,1,1,53,Robo de autopartes y cristalazo,-102.32327046,21.87838552
12110,30411,1,2019-01-14,1,10,33,1,FRACCIONAMIENTO,GOMEZ (DELEGACION CENTRO),907,CALLE,ESMERALDA,NA,",,,",AVENIDA,GUADALUPE,CALLE,OPALO,CALLE,ASUNCION,6,true,false,9,H,ND,0,0,N,N,20,25,0,0,false,2,2,AUTOMOVIL,ND,ND,1,2,54,Robo de autopartes y cristalazo,-102.31016423,21.88508458
13444,30411,1,2019-01-14,1,18,57,1,RANCHO,CAMPESTRE EL POTRERILLO,52PR,CARRETERA,45 LEON-AGUASCALIENTES,NA,",,,",NA,NA,NA,NA,NA,NA,3,false,false,9,ND,ND,0,0,N,N,27,"26,28,27",5000,15000,false,1,1,AUTOMOVIL,CHEVROLET,AVEO,1,2,55,Robo de autopartes y cristalazo,-102.27962804,21.77967084
13445,30411,1,2019-01-14,1,18,57,1,SIN TIPO,DESARROLLO 58 (FRENTE BASICOS),843,AVENIDA,INDEPENDENCIA,NA,",,,",PRIVADA,HAROLD R PAPE,AVENIDA,AGUASCALIENTES NORTE,BOULEVARD,A ZACATECAS,6,false,false,9,ND,ND,0,0,N,N,27,26,0,65000,false,1,1,CAMIONETA,HONDA,ODYSSEY,1,1,56,Robo de autopartes y cristalazo,-102.29713550,21.91606079
13648,30411,1,2019-01-14,1,22,13,6,RANCHO,LOS LOPEZ (RANCHO),221P,CARRETERA,45 AGUASCALIENTES-ZACATECAS,NA,",,,",NA,NA,NA,NA,NA,NA,7,false,false,9,H,ND,0,0,BICICLETA,BICICLETA,24,3,0,0,false,3,1,CAMIONETA,VOLKSWAGEN,COMBI,1,2,57,Robo de autopartes y cristalazo,-102.28302238,22.12337162
13663,30411,1,2019-01-14,1,22,28,1,FRACCIONAMIENTO,LA ESTRELLA,483,AVENIDA,PASEO DE LA SOLIDARIDAD,NA,",,,",CALLE,LIRA,CALLE,VIA LACTEA,CALLE,PRIMERO DE MAYO,5,false,false,9,ND,AUTOLAVADO,0,0,N,N,24,"26,27",0,0,false,3,1,AUTOMOVIL,NISSAN,TSURU,1,1,58,Robo de autopartes y cristalazo,-102.28320241,21.90300550
13809,30411,1,2019-01-15,2,6,42,1,FRACCIONAMIENTO,J GUADALUPE PERALTA GAMEZ,411,CALLE,DESIDERIO MACIAS SILVA,NA,"112,,,",CALLE,URBANISMO,CALLE,JOSE TRINIDAD VELA SALAS,CALLE,CATEDRATICAS,4,false,false,9,ND,ND,0,0,N,N,19,"22,23",0,4000,false,3,2,AUTOMOVIL,NISSAN,SENTRA,1,1,59,Robo de autopartes y cristalazo,-102.24032319,21.87246828
14098,30411,1,2019-01-15,2,15,21,1,FRACCIONAMIENTO,VILLAS DEL PUERTECITO,700,CALLE,PUERTO DE ENCENADA,NA,",,,",CALLE,PUERTO LAZARO CARDENAS,CALLE,PUERTO SALINA CRUZ,CALLE,PUERTO ISLA DEL CARMEN,5,false,false,9,"H, CON UN MENOR",ND,1,0,N,N,21,11,0,0,false,2,2,CAMIONETA,FORD,ND,1,4,60,Robo de autopartes y cristalazo,-102.24796400,21.93835538
3302,30411,1,2019-01-04,5,2,58,5,COMUNIDAD,EL REFUGIO,188P,CALLE,PRIVADA,NA,"116,,,",CALLE,SANTA MARTHA,N,N,N,N,7,false,false,9,ND,ND,0,0,N,N,26,22,0,0,false,1,2,AUTOMOVIL,NISSAN,TSURU,1,1,61,Robo de autopartes y cristalazo,-102.32390998,22.01150963
8780,30411,1,2019-01-09,3,21,32,1,FRACCIONAMIENTO,NATURA,699,CIRCUITO,PERICO,NA,"501,,,",CIRCUITO,PERICO,CIRCUITO,PERICO,CALLE,FEDERICO MENDEZ,5,false,false,9,H,ND,1,0,N,N,20,24,0,0,false,1,1,CAMIONETA,ND,ND,1,4,62,Robo de autopartes y cristalazo,-102.25259248,21.93265611
10620,30403,1,2019-01-12,6,1,38,1,FRACCIONAMIENTO,PENSADORES MEXICANOS,774,CALLE,OCTAVIO PAZ,NA,"625,,,",CALLE,LUIS ESPOTA,CALLE,JUAN RULFO,CALLE,EFRAIN HUERTA,5,false,false,9,ND,ND,0,0,N,N,27,41,0,0,false,4,4,AUTOMOVIL,VOLKSWAGEN,JETTA,1,1,63,Robo de autopartes y cristalazo,-102.25889666,21.91467465
11492,30403,1,2019-01-12,6,23,4,1,RESIDENCIAL,LOS FRESNOS (RESIDENCIAL CAMPESTRE),313PR,AVENIDA,GUADALUPE GONZALEZ,NA,"1116,,,",N,N,N,N,N,N,6,false,false,9,ND,ND,0,0,N,N,24,38,0,0,false,4,1,AUTOMOVIL,ND,ND,20,28,64,Robo de autopartes y cristalazo,-102.34813987,21.91036256
17280,30403,1,2019-01-19,6,5,58,1,FRACCIONAMIENTO,JOSE LOPEZ PORTILLO,955,CALLE,ROSALIA MONRROY,NA,"101,,,",CALLE,RICARDO GARCIA MENDOZA,CALLE,SOBERANA CONVENCION MILITAR REVOLUCIONARIA,CALLE,ANITA BRENER,2,false,false,9,ND,ND,0,0,N,N,26,41,0,0,false,4,4,AUTOMOVIL,VOLKSWAGEN,JETTA,1,6,65,Robo de autopartes y cristalazo,-102.31885173,21.85585129
14556,30403,1,2019-01-16,3,2,26,5,FRACCIONAMIENTO,BUENAVISTA,198,CALLE,TULIPAN,NA,"415,,,",CALLE,PROLONGACION PLAN DE ALLENDE,CALLE,RESS FISHER,CALLE,NARDO,7,false,false,9,ND,ND,0,0,N,N,25,41,0,0,false,4,4,AUTOMOVIL,RENAULT,LOGAN,1,1,66,Robo de autopartes y cristalazo,-102.35785882,21.96886964
19553,30403,1,2019-01-21,1,8,4,1,FRACCIONAMIENTO,ESPAÑA,1052,CALLE,GRANADA,NA,"127,,,",CALLE,ESPAÐA,AVENIDA,DE LOS MAESTROS,CALLE,MALAGA,2,false,false,9,ND,ND,0,0,N,N,27,41,0,0,false,4,4,AUTOMOVIL,VOLKSWAGEN,JETTA,1,1,67,Robo de autopartes y cristalazo,-102.31402644,21.86158169
7105,30411,1,2019-01-07,1,23,36,1,FRACCIONAMIENTO,INSURGENTES,1046,CALLE,GENERAL EUGENIO AGUIRRE BENAVIDES,NA,"114,,,",AVENIDA,DOCTOR MARIANO AZUELA,AVENIDA,CONVENCION,CALLE,GENERAL MATEO ALMANZA,2,false,false,9,H,EL CHOCO,0,0,N,N,24,12,0,7000,false,3,1,CAMIONETA,ND,ND,1,1,68,Robo de autopartes y cristalazo,-102.30936681,21.85251370
11913,30411,1,2019-01-13,7,7,9,1,COLONIA,ZONA CENTRO,906,BOULEVARD,JOSE MARIA CHAVEZ,NA,",,,",PEATONAL,PLAZA DE LA REPUBLICA,CALLE,FRANCISCO G HORNEDO,CALLE,CRISTOBAL COLON,1,false,false,9,ND,ND,0,0,N,N,19,24,0,0,false,1,2,AUTOMOVIL,RENAULT,ND,1,1,69,Robo de autopartes y cristalazo,-102.29608928,21.87898598
16758,30411,1,2019-01-18,5,18,59,1,FRACCIONAMIENTO,EL PLATEADO,828,CALLE,YUCATAN,NA,"406,,,",AVENIDA,INDEPENDENCIA,CALLE,MELQUIADES MORENO,CALLE,QUINTANA ROO,6,false,false,9,H,ND,0,0,AUTOMOVIL,GRIS,22,"26,28,12",10000,0,false,3,1,AUTOMOVIL,ND,ND,1,1,70,Robo de autopartes y cristalazo,-102.29612957,21.90564664
14674,30403,1,2019-01-16,3,8,45,11,COLONIA,28 DE ABRIL,6,CALLE,PRIMERO DE MAYO,NA,",,,",CALLE,20 DE NOVIEMBRE,CALLE,25 DE DICIEMBRE,CALLE,15 DE SEPTIEMBRE,7,false,false,9,ND,ND,0,0,N,N,16,11,0,300,false,4,2,CAMIONETA,CHRYSLER,VOYAGUER,1,1,71,Robo de autopartes y cristalazo,-102.26373198,22.06512569
15219,30403,1,2019-01-16,3,21,13,1,BARRIO,LA SALUD,1122,CALLE,SAN ATANASIO,NA,",,,",CALLE,LA ALUNA,CALLE,3 DE MAYO,PRIVADA,PRIMERA LA LUNA,3,false,false,9,ND,ND,0,0,N,N,23,"24,27,11",0,0,false,4,2,AUTOMOVIL,CHEVROLET,AVEO,1,1,72,Robo de autopartes y cristalazo,-102.28339733,21.87229996
15412,30403,1,2019-01-17,4,2,18,1,FRACCIONAMIENTO,PILAR BLANCO,981,ANDADOR,DE LAS GOLONDRINAS,10MG,",,,",ANDADOR,DEL CARPINTERO,AVENIDA,FAISAN,CALLE,ANDADOR DE LAS GAVIOTAS,2,false,false,9,ND,ND,0,0,N,N,25,24,0,0,false,4,2,AUTOMOVIL,NISSAN,TSURU,1,2,73,Robo de autopartes y cristalazo,-102.29700023,21.84883909
15476,30403,1,2019-01-17,4,6,13,1,FRACCIONAMIENTO,BENITO PALOMINO DENA,499,CALLE,LICENCIADO FRANCISCO RAMIREZ MARTINEZ,NA,"227,,,",CALLE,GILBERTO LOPEZ VELARDE,CALLE,TENIENTE CORONEL ROBERTO JEFKINS RANGEL,CALLE,PEDRO RIVAS CUELLAR,5,false,false,9,ND,ND,0,0,N,N,26,23,0,4000,false,4,2,AUTOMOVIL,VOLKSWAGEN,JETTA,1,1,74,Robo de autopartes y cristalazo,-102.25033353,21.91628813
16427,30403,1,2019-01-18,5,11,14,5,COLONIA,LUIS DONALDO COLOSIO,201,CALLE,16 DE SEPTIEMBRE,NA,",,,",CALLE,CRISTOBAL COLON,CALLE,LUIS DONALDO COLOSIO,AVENIDA,SOLIDARIDAD,7,false,false,9,ND,ND,0,0,N,N,20,38,0,0,false,4,1,AUTOMOVIL,VOLKSWAGEN,JETTA,1,1,75,Robo de autopartes y cristalazo,-102.35320350,21.97106124
17258,30403,1,2019-01-19,6,4,42,1,COMUNIDAD,EL REFUGIO DE PEÐUELAS,28P,CALLE,FRANCISCO I MADERO,NA,"306,,,",CALLE,CRISTOBAL COLON,CALLE,FRANICSCO VILLA,CALLE,ADOLFO LOPEZ MATEOS,2,false,false,9,ND,ND,0,0,N,N,26,41,0,0,false,4,4,AUTOMOVIL,VOLKSWAGEN,JETTA,1,6,76,Robo de autopartes y cristalazo,-102.28631008,21.71556170
17808,30403,1,2019-01-19,6,18,50,1,FRACCIONAMIENTO,SAN CAYETANO,1118,AVENIDA,CANAL INTERCEPTOR,NA,",,,",CALLE,SAN AGBRIEL,CALLE,SAN CLEMENTE,CALLE,SAN GABRIEL,6,false,false,9,ND,ND,0,0,N,N,27,41,0,0,false,4,4,AUTOMOVIL,CHEVROLET,AVEO,1,2,77,Robo de autopartes y cristalazo,-102.30817202,21.90259737
18485,30411,1,2019-01-20,7,6,51,1,COLONIA,SAN PABLO,921,CALLE,GENERAL IGNACIO ZARAGOZA,NA,",,,",CALLE,RIO MORCINIQUE,CALLE,FELIX DE LA PAZ,CALLE,MARINA NACIONAL,6,false,false,9,"H,H",ND,0,0,N,N,19,"28,11,6",0,400,false,1,3,AUTOMOVIL,CHEVROLET,CORSA,1,2,78,Robo de autopartes y cristalazo,-102.29644435,21.89198056
18571,30403,1,2019-01-20,7,10,9,1,FRACCIONAMIENTO,PIRAMIDES,1082,CALLE,TENOCHTITLAN,NA,"221,,,",CALLE,COAHUILA,CALLE,CHIHUAHUA,CALLE,TABASCO,3,false,false,9,ND,ND,0,0,N,N,27,41,0,0,false,4,4,AUTOMOVIL,PONTIAC,ND,1,1,79,Robo de autopartes y cristalazo,-102.27825652,21.85679512
18631,30403,1,2019-01-20,7,11,46,1,COLONIA,SAN MARCOS (DELEGACION POCITOS),650,CALLE,PROLONGACION AQUILES ELORDUY,NA,",,,",CALLE,VERACRUZ,CALLE,GUANAJUATO,CALLE,TALAMANTES,6,false,false,9,ND,ND,0,0,N,N,20,22,0,0,true,4,2,AUTOMOVIL,NISSAN,TSURU,1,1,80,Robo de autopartes y cristalazo,-102.31466445,21.88060207
19199,30403,1,2019-01-20,7,21,43,1,FRACCIONAMIENTO,OJOCALIENTE FOVISSSTE II,395,CALLE,CERRO DE LOS GALLOS,NA,"113,,,",CALLE,CERRO DE LA GLORIA,AVENIDA,PASEO DE LA CRUZ,CIRCUITO,TRES,3,false,false,9,ND,ND,0,0,N,N,27,41,0,0,false,4,4,AUTOMOVIL,HONDA,CIVIC,1,1,81,Robo de autopartes y cristalazo,-102.25888688,21.87272551
14538,30411,1,2019-01-16,3,1,39,1,COLONIA,GREMIAL,917,CALLE,GENERAL MIGUEL BARRAGAN,NA,",,,",CALLE,INGENIERO TOMAS MEDINA UGARTE,CALLE,PROFESOR JOSE REYES MARTINEZ,CALLE,DOCTOR ISIDRO CALERA,6,false,false,9,H,ND,1,0,N,N,25,24,0,0,false,1,2,CAMIONETA,FORD,RANGER,1,4,82,Robo de autopartes y cristalazo,-102.29162804,21.89743989
14626,30411,1,2019-01-16,3,7,8,6,BARRIO,PALO ALTO,92,CALLE,VICENTE GUERRERO,NA,"31B,,,",CALLE,INDEPENDENCIA SUR,CALLE,EDMUNDO GAMEZ OROZCO SUR,CALLE,ALLENDE,7,false,false,9,ND,ND,0,0,N,N,6,24,0,0,false,1,2,CAMIONETA,ND,ND,1,1,83,Robo de autopartes y cristalazo,-102.27237522,22.14321110
15020,30411,1,2019-01-16,3,17,25,11,COMUNIDAD,PUERTECITO DE LA VIRGEN,306P,AVENIDA,16 DE SEPTIEMBRE,NA,",,,",CALLE,OLIVARES SANTANA NORTE,CALLE,LAZARO CARDENAS NORTE,CALLE,FRANCISCO VILLA PONIENTE,7,false,false,9,ND,TALLER MECANICO,0,0,N,N,22,"26,28",500,500,false,3,1,AUTOMOVIL,ND,ND,1,1,84,Robo de autopartes y cristalazo,-102.27080957,21.96058802
15449,30411,1,2019-01-17,4,4,12,1,UNIDAD HABITACIONAL,POTRERO DEL OESTE,1098,ANDADOR,TEJADOS,102,",,,",AVENIDA,FAISAN,ANDADOR,TEJADOS,AVENIDA,SIGLO XXI,2,false,false,9,ND,ND,0,0,N,N,27,24,0,0,false,1,1,AUTOMOVIL,CHEVROLET,CHEVY,1,1,85,Robo de autopartes y cristalazo,-102.29782355,21.84535196
15452,30411,1,2019-01-17,5,4,42,1,FRACCIONAMIENTO,HACIENDAS DE AGUASCALIENTES,410,CALLE,HACIENDA MILPILLAS,NA,",,,",CALLE,HACIENDA MILPILLAS,CALLE,HACIENDA EL MEZQUITE,CALLE,HACIENDA EL MEZQUITE,4,true,false,9,H,ND,0,0,N,N,26,37,0,0,false,5,2,AUTOMOVIL,ND,ND,1,2,86,Robo de autopartes y cristalazo,-102.24431401,21.88682244
15762,30411,1,2019-01-17,4,15,14,1,FRACCIONAMIENTO,CIUDAD INDUSTRIAL,982,CALLE,CAROLINA VILLANUEVA GARCIA,NA,",,,",CALLE,GREGORIO RUIZ VELAZCO,AVENIDA,JULIO DIAZ TORRE C-26N,CALLE,ANTONIO GUTIERREZ SOLA,3,false,false,9,"H,H",ND,0,0,TAXI,"3175,  A175AAD",27,"11,12",0,0,false,1,3,TRAILER,ND,ND,1,6,87,Robo de autopartes y cristalazo,-102.28448651,21.83587690
16211,30411,1,2019-01-18,5,1,26,1,FRACCIONAMIENTO,LOS PERICOS,770,CALLE,SANTA CLARA,NA,",,,",AVENIDA,CULTURA OTOMI,CALLE,CULTURA CHICHIMECA,CALLE,SANTA JUANA,5,true,false,9,ND,ND,0,0,N,N,25,37,0,0,true,5,2,AUTOMOVIL,VOLKSWAGEN,ND,1,0,88,Robo de autopartes y cristalazo,-102.24613029,21.90589180
16683,30403,1,2019-01-18,5,17,32,1,FRACCIONAMIENTO,MUJERES ILUSTRES,602,CALLE,AMALIA GOMEZ ZEPEDA,NA,"126,,,",PROLONGACION,AVENIDA MARIANO HIDALGO,CALLE,DE LA ALIANZA,CALLE,ANGELA PERALTA,3,false,false,9,ND,ND,0,0,N,N,26,41,0,0,false,4,4,CAMIONETA,ND,ND,1,1,89,Robo de autopartes y cristalazo,-102.24884993,21.84860517
16751,30411,1,2019-01-18,5,18,54,6,COLONIA,5 DE MAYO,91,CALLE,DEL DEPORTE,NA,",,,",CALLE,FELIPE ANGELES,CALLE,GUILELRMO PRIETO,CALLE,GUADALUPE DELGADO DE LIRA SUR,7,false,false,9,ND,ND,0,0,N,N,22,"24,22,11",0,4000,false,1,2,AUTOMOVIL,FORD,KA,1,1,90,Robo de autopartes y cristalazo,-102.28077302,22.14263606
17332,30411,1,2019-01-19,6,7,53,1,FRACCIONAMIENTO,CUMBRES II,701,CALLE,TENIENTE CORONEL ROBERTO JEFKINS RANGEL,NA,",,,",CALLE,OSCAR HERNANDEZ DUQUE,CALLE,MANUEL BOSQUES CHAVEZ,CALLE,PRPIV MANUEL BOSQUES CHAVEZ,5,true,false,9,"H,H","IVAN VIVEROS CASILLAS, FABIAN GUADALUPE LOPEZ",2,0,N,N,19,37,0,0,false,5,2,AUTOMOVIL,ND,ND,1,4,91,Robo de autopartes y cristalazo,-102.24791050,21.91848320
17374,30411,1,2019-01-19,6,9,21,1,FRACCIONAMIENTO,INSURGENTES,1046,CALLE,GENERAL FORTUNATO MAYCOTTE,NA,",,,",CALLE,GENERAL LUIS MOYA,CALLE,ABRAHAM GONZALEZ,CALLE,GENERAL CESAREO CASTRO,2,false,false,9,ND,ND,0,0,N,N,20,38,0,4000,false,2,1,CAMIONETA,ND,ND,1,2,92,Robo de autopartes y cristalazo,-102.31474563,21.84981722
18593,30411,1,2019-01-20,7,10,41,1,BARRIO,LA SALUD,1122,CALLE,ACUEDUCTO,NA,"176,,,",CALLE,DELCIAS,CALLE,LA SALUD,AVENIDA,HEROE DE NACOZARI SUR,3,false,false,9,ND,VECINO,0,0,N,N,6,25,0,0,false,2,2,AUTOMOVIL,CHRYSLER,CROSS FIRE,1,1,93,Robo de autopartes y cristalazo,-102.28363836,21.86886985
18639,30411,1,2019-01-20,7,11,54,1,COLONIA,ALTAVISTA,922,CALLE,SAN FELIPE,NA,"407,,,",CALLE,HOMBRES ILUSTRES,CALLE,AMADO NERVO,CALLE,GUILLERMO PRIETO,6,false,false,9,ND,ND,0,0,N,N,4,"22,26,27",0,500,false,1,3,CAMIONETA,CHEVROLET,BLAZER,1,1,94,Robo de autopartes y cristalazo,-102.30397745,21.89355509
18818,30411,1,2019-01-20,7,15,37,1,FRACCIONAMIENTO,LOMA DE LA ASUNCION,485,CALLE,JUAN LOPEZ ELIZALDE,NA,",,,",CALLE,BERNABE DE BALLESTEROS,CALLE,ACEQUIA REAL,CALLE,FRANCISCO TENAMAZTLE,5,true,false,9,H,ND,0,0,N,N,22,37,0,0,false,5,2,MOTOCICLETA,ITALIKA,ND,1,2,95,Robo de autopartes y cristalazo,-102.26252100,21.92518596
19507,30403,1,2019-01-21,1,6,22,1,FRACCIONAMIENTO,CASASOLIDA,689,CALLE,VOLCAN TACANA,NA,"146,,,",CALLE,PICO TANCITARO,CALLE,SIERRA DE QUILA,CALLE,VOLCAN LA MALINCHE,2,false,false,9,ND,ND,0,0,N,N,19,27,0,0,false,4,1,AUTOMOVIL,CHEVROLET,BEAT,1,1,96,Robo de autopartes y cristalazo,-102.29514027,21.83374733
19838,30403,1,2019-01-21,1,14,30,1,SIN TIPO,CANACO SERVYTUR AGUASCALIENTES,424,AVENIDA,TECNOLOGICO,NA,"108,,,",CALLE,NINGUNO,CALLE,URBANISTAS,CALLE,URBANISTAS,4,false,false,9,ND,ND,0,0,N,N,21,"26,27,38",0,10000,false,4,1,CAMIONETA,ND,ND,1,1,97,Robo de autopartes y cristalazo,-102.26769508,21.88257707
20507,30403,1,2019-01-22,2,5,45,11,COLONIA,CENTRO,21,AVENIDA,BENITO JUAREZ,NA,",,,",CALLE,VICENTE GUERRERO,CALLE,PORFIRIO DIAZ,CALLE,JOSE MARIA MORELOS Y PAVON,7,false,false,9,H,ND,0,0,N,N,26,41,0,0,false,4,4,CAMIONETA,ND,PICK UP,1,2,98,Robo de autopartes y cristalazo,-102.27206965,22.08020085
21041,30403,1,2019-01-22,2,18,38,1,FRACCIONAMIENTO,SAN MARCOS,746,CALLE,DEL PARQUE,NA,"333,,,",PRIVADA,DEL PARQUE,CALLE,MIGUEL ANGEL,CALLE,TIZIANO,6,false,false,9,ND,ND,0,0,N,N,27,"22,23",0,5000,false,4,2,AUTOMOVIL,VOLKSWAGEN,DERBY,1,1,99,Robo de autopartes y cristalazo,-102.32268489,21.87949993
21495,30403,1,2019-01-23,3,9,7,1,FRACCIONAMIENTO,VILLA TERESA,790,CALLE,CAPUCHINAS,NA,"636,,,",CALLE,JOSEFINOS,AVENIDA,PAULINO N MARTI,CALLE,CLARISAS,5,false,false,9,ND,ND,0,0,N,N,6,"22,38,11,12",0,5000,false,4,3,CAMIONETA,MAZDA,ND,1,1,100,Robo de autopartes y cristalazo,-102.27951429,21.92034737
21647,30403,1,2019-01-23,3,12,51,1,FRACCIONAMIENTO,TECNOPOLO POCITOS,335,AVENIDA,JESUS MARIA,NA,",,,",PRIVADA,NINGUNO,CALLE,JULIAN PIÐON,N,N,6,false,false,9,ND,ND,0,0,N,N,27,41,0,0,false,4,4,AUTOMOVIL,HONDA,ND,1,2,101,Robo de autopartes y cristalazo,-102.33900270,21.92796198
22176,30403,1,2019-01-23,3,23,3,1,FRACCIONAMIENTO,BOSQUES DEL PRADO SUR,777,CALLE,SIERRA DE TEPOZTLAN,NA,",,,",CALLE,SIERRA DE LAS PALOMAS,AVENIDA,AGUASCALIENTES NORTE,AVENIDA,UNIVERSIDAD,6,false,false,9,ND,ND,0,0,N,N,4,26,0,3000,false,4,1,AUTOMOVIL,CHEVROLET,MATIZ,1,1,102,Robo de autopartes y cristalazo,-102.31110515,21.91519369
22260,30403,1,2019-01-24,4,1,45,1,CONDOMINIO,CENTRO COMERCIAL GALERIAS,357,AVENIDA,INDEPENDENCIA,NA,"1703,,,",CALLE,NINGUNO,CALLE,JOSE REYNOSO,CALLE,NINGUNO,6,false,false,9,H,ND,0,0,N,N,25,41,0,0,false,4,4,AUTOMOVIL,ND,ND,1,2,103,Robo de autopartes y cristalazo,-102.29754174,21.91952057
20548,30411,1,2019-01-22,2,7,31,1,FRACCIONAMIENTO,PILAR BLANCO,981,ANDADOR,GARZA,5TF,",,5,",ANDADOR,GARZA,CALLE,CANARIO,CALLE,AVESTRUZ,2,false,false,9,ND,ND,0,0,N,N,13,24,0,2000,false,1,2,AUTOMOVIL,NISSAN,TSURU,1,1,104,Robo de autopartes y cristalazo,-102.29948956,21.85255335
20635,30411,1,2019-01-22,2,9,58,1,CONDOMINIO,SAN GERARDO,315PR,CARRETERA,45 LEON-AGUASCALIENTES,NA,",,,",N,N,N,N,N,N,2,false,false,9,ND,ND,0,0,AUTOMOVIL,"NISSAN, SENTRA",20,"24,38",0,3000,false,1,2,CAMION,ND,ND,1,1,105,Robo de autopartes y cristalazo,-102.28562521,21.81269035
20717,30411,1,2019-01-22,5,12,28,1,FRACCIONAMIENTO,SAN MARCOS,746,CALLE,NAVARRETE,NA,"1101,,,",CALLE,PASEO DEL RIO,CALLE,MIGUEL ANGEL,CALLE,BOTICELLI,6,false,false,9,ND,ND,0,0,N,N,16,11,0,2000,false,1,2,AUTOMOVIL,CHEVROLET,CITATION,1,6,106,Robo de autopartes y cristalazo,-102.32123306,21.87748512
21468,30411,1,2019-01-23,3,8,7,1,FRACCIONAMIENTO,MORELOS,616,CALLE,PRIMER RETORNO IZAMAL,NA,"103,,,",CALLE,AZAMAL,CALLE,PRIMER RETORNO IZAMAL,CALLE,YAXCHILAN,3,false,false,9,ND,ND,0,0,N,N,27,"24,38",0,2300,false,1,3,AUTOMOVIL,CHRYSLER,SPIRIT,1,1,107,Robo de autopartes y cristalazo,-102.25827735,21.86228969
21773,30411,1,2019-01-23,3,15,32,1,COLONIA,DEL TRABAJO (DELEGACION JESUS TERAN),477,CALLE,57,NA,",,,",AVENIDA,CONVENCION DE 1914 ORIENTE,CALLE,SEGURO SOCIAL,CALLE,SEGURO SOCIAL,4,false,false,9,ND,ND,0,0,N,N,3,"6,3,26",0,0,false,1,1,AUTOMOVIL,CHEVROLET,CHEVY,1,1,108,Robo de autopartes y cristalazo,-102.27288901,21.88701003
22803,30411,1,2019-01-24,4,19,9,1,FRACCIONAMIENTO,BOSQUES DEL PRADO SUR,777,CALLE,SAN JUAN DE LOS LAGOS,NA,",,,",CALLE,SIERRA PICACHOS,CALLE,SIERRA DE LA ESCONDIDA,CALLE,SIERRA DE TEPOZTLAN,6,false,false,9,ND,ND,0,0,N,N,14,"26,27,12",0,1500,false,1,1,AUTOMOVIL,VOLKSWAGEN,JETTA,1,2,109,Robo de autopartes y cristalazo,-102.30966469,21.91527875
23753,30403,1,2019-01-25,5,19,50,5,COLONIA,EL TORITO,199,AVENIDA,SOLIDARIDAD,NA,",,,",CALLE,15 DE SEPTIEMBRE,CALLE,CRISTOBAL COLON,CALLE,SOR JUANA INES DE LA CRUZ,7,false,false,9,ND,ND,0,0,N,N,23,41,0,0,false,4,4,TRAILER,ND,ND,1,2,110,Robo de autopartes y cristalazo,-102.35417069,21.96967460
25057,30403,1,2019-01-26,6,23,8,1,BARRIO,SAN MARCOS,735,PROLONGACION,RAYON,NA,",,,",CALLE,NIETO,PRIVADA,RAYON,CALLE,NIETO,1,false,false,9,ND,ND,0,0,N,N,24,"22,23",0,10000,false,4,2,AUTOMOVIL,VOLKSWAGEN,JETTA,1,1,111,Robo de autopartes y cristalazo,-102.30495336,21.87683830
25737,30403,1,2019-01-27,7,15,49,1,FRACCIONAMIENTO,SOLIDARIDAD II,579,CALLE,PAPALOTL,NA,"201,,,",CALLE,COYOLXAUHQUI,CALLE,ZACATECO,AVENIDA,POLIDUCTO,3,false,false,9,ND,ND,0,0,N,N,22,41,0,0,false,4,4,CAMIONETA,CHEVROLET,S10,1,1,112,Robo de autopartes y cristalazo,-102.24584761,21.86276020
23233,30403,1,2019-01-25,5,7,58,1,FRACCIONAMIENTO,ALAMEDA,476,CALLE,MURALISMO,NA,"118,,,",CALLE,ARTES PLASTICAS,CALLE,MURALISMO 108,CALLE,CANAL INTERCEPTOR,4,true,false,9,H,ALEXIS RICARDO VAZQUEZ ARELLANO,1,0,N,N,19,11,0,0,false,4,2,AUTOMOVIL,CHRYSLER,SHADOW,1,4,113,Robo de autopartes y cristalazo,-102.26970288,21.89146909
23493,30411,1,2019-01-25,5,14,31,6,BARRIO,INDUSTRIAL,102,AVENIDA,VENUSTIANO CARRANZA,NA,"29,,,",AVENIDA,AYUNTAMIENTO,AVENIDA,HEROICO COLEGIO MILITAR,CALLE,ABRAHAM GONZALEZ,7,false,false,9,ND,ND,0,0,N,N,21,"26,27,28",1000,1000,false,1,1,CAMIONETA,MAZDA,ND,1,1,114,Robo de autopartes y cristalazo,-102.27716708,22.14923327
23557,30403,1,2019-01-25,5,15,59,1,FRACCIONAMIENTO,LINDAVISTA,407,AVENIDA,CONVENCION DE 1914 SUR,NA,",,,",CALLE,MIGUEL CALDERA,CALLE,DIEGO DE IBARRA,CALLE,JARDIN DEL ESTUDIANTE,3,false,false,9,ND,ND,0,0,N,N,22,"26,28,27",3000,3000,false,4,1,AUTOMOVIL,DODGE,NEON,1,1,115,Robo de autopartes y cristalazo,-102.29095941,21.86580345
24038,30411,1,2019-01-25,1,23,26,1,FRACCIONAMIENTO,REAL DE HACIENDAS,492,CALLE,HACIENDA HUAXTLA,NA,"114,A,,",CALLE,HACIENDA VENTA DEL ASTILLERO,ANDADOR,HACIENDA CHENKU,CIRCUITO,HACIENDA HUAXTLA,4,false,false,9,ND,ND,0,0,N,N,24,22,0,3000,false,1,2,AUTOMOVIL,VOLKSWAGEN,POLO,1,1,116,Robo de autopartes y cristalazo,-102.24219322,21.88621554
24106,30411,1,2019-01-26,6,0,32,1,FRACCIONAMIENTO,JOSE LOPEZ PORTILLO,955,CALLE,JOSE MARIA GONZALEZ BOCANEGRA,NA,",,,",CALLE,CORONEL JOSE FERRERO,CALLE,LICENCIADO EDUARDO RODRIGUEZ LARIZ,CALLE,RICARDO GARCIA MENDOZA,2,false,false,9,ND,ND,0,0,N,N,27,"23,24",0,0,false,1,2,AUTOMOVIL,NISSAN,MARCH,1,1,117,Robo de autopartes y cristalazo,-102.32426957,21.85394151
24278,30411,1,2019-01-26,2,7,33,1,FRACCIONAMIENTO,VILLA LOMA DORADA,500,CALLE,VILLA SERRANA,NA,"225,,,",CALLE,VILLA CLARA,CALLE,VILLA SERRADA,CALLE,VILLA CONSTITUCION,5,false,false,9,ND,VECINO,0,0,N,N,26,"11,22,24",0,0,false,1,2,AUTOMOVIL,ND,ND,1,1,118,Robo de autopartes y cristalazo,-102.24784520,21.92720336
24348,30411,1,2019-01-26,6,9,49,1,FRACCIONAMIENTO,NAZARIO ORTIZ GARZA,452,AVENIDA,SIGLO XXI,NA,",,,",BOULEVARD,GUADALUPANO,CALLE,MANUEL GARCIA MARTINEZ,CALLE,CUMBRES,5,false,false,9,ND,ND,0,0,N,N,20,3,0,4000,false,3,1,AUTOMOVIL,DODGE,ATOS,1,2,119,Robo de autopartes y cristalazo,-102.25669936,21.90686856
24450,30411,1,2019-01-26,6,12,28,1,FRACCIONAMIENTO,BULEVAR,733,CALLE,ALFONSO HUMBERTO,NA,",,,",CALLE,DE LOS VALADEZ,CALLE,JARDIN DEL ESTUDIANTE,CALLE,CRISTOBAL COLON,3,false,false,9,ND,ND,0,0,N,N,9,"22,24,26,27",0,0,false,1,3,CAMIONETA,FORD,EXPLORER,1,1,120,Robo de autopartes y cristalazo,-102.29272826,21.86707944
24580,30411,1,2019-01-26,6,14,50,1,SIN TIPO,RODOLFO LANDEROS GALLEGOS,1002,BOULEVARD,JOSE MARIA CHAVEZ,NA,",,,",AVENIDA,AGUASCALIENTES SUR,AVENIDA,SIGLO XXI,AVENIDA,DEL PARQUE,3,false,false,9,ND,ND,0,0,N,N,27,"26,12,28",20000,40000,false,1,1,CAMIONETA,PONTIAC,OCRA,1,2,121,Robo de autopartes y cristalazo,-102.29152317,21.85225484
25260,30411,1,2019-01-27,7,1,31,1,FRACCIONAMIENTO,JESUS GOMEZ PORTUGAL,528,CALLE,PISCIS,NA,",,,",AVENIDA,PASEO OJOCALIENTE,CALLE,ACUARIO,CALLE,CANCER,3,false,false,9,H,ND,0,0,N,N,25,38,0,0,false,2,2,AUTOMOVIL,ND,ND,1,6,122,Robo de autopartes y cristalazo,-102.26516345,21.86960134
25346,30411,1,2019-01-27,7,3,12,1,FRACCIONAMIENTO,MIRADOR DE LAS CULTURAS,442,CALLE,CULTURA GUAYCURAS,NA,"120,,,",AVENIDA,CULTURA OTOMI,CALLE,CULTUTA CHICHIMECA,CALLE,CULTURA OTOMI 432,5,false,false,9,H,ND,0,0,N,N,26,22,0,4000,false,1,2,AUTOMOVIL,CHEVROLET,MONZA,1,1,123,Robo de autopartes y cristalazo,-102.24734577,21.91064172
25425,30411,1,2019-01-27,7,6,5,5,COLONIA,EL LLANO,118,AVENIDA,SIGLO XXI,NA,",,,",N,N,AVENIDA,PASEO DE LAS MARAVILLAS,CALLE,NINGUNO,7,false,false,9,ND,ND,0,0,N,N,26,3,0,21000,false,1,1,AUTOMOVIL,VOLKSWAGEN,JETTA,1,1,124,Robo de autopartes y cristalazo,-102.32389244,21.95042494
25449,30411,1,2019-01-27,7,7,32,1,FRACCIONAMIENTO,LOMAS DEL AJEDREZ,1121,AVENIDA,POLIDUCTO,NA,"705,A,,",CALLE,721,CALLE,DE LA ALIANZA,CALLE,NINGUNO,3,false,false,9,ND,ND,0,0,N,N,6,11,0,20000,false,1,2,AUTOMOVIL,VOLKSWAGEN,JETTA,1,1,125,Robo de autopartes y cristalazo,-102.25545985,21.84720549
25479,30411,1,2019-01-27,7,9,29,1,COLONIA,OBRAJE,987,AVENIDA,GLORIETA BENITO JUAREZ,NA,"117,,,",CALLE,IGNACIO T CHAVEZ,CALLE,J ASUNCION TORRES,CALLE,PRIVADA DEFENSORES DE LA REPUBLICA,2,false,false,9,ND,ND,0,0,N,N,16,25,0,2000,false,2,2,AUTOMOVIL,VOLKSWAGEN,JETTA,1,1,126,Robo de autopartes y cristalazo,-102.30036175,21.87358921
25563,30411,1,2019-01-27,7,12,2,1,FRACCIONAMIENTO,LAURELES DEL SUR,316P,CALLE,RECINTO ACANTO,NA,"21,,,",CALLE,LA PASIONARIA,AVENIDA,SAN MILAGRITO FLORES GARCIA,CALLE,RECINTO ALMENDROS,3,true,false,9,H,ND,1,0,N,N,21,3,0,15000,false,3,1,CAMIONETA,MAZDA,ND,1,4,127,Robo de autopartes y cristalazo,-102.27026944,21.82511091
26195,30411,1,2019-01-27,7,22,39,1,COLONIA,GREMIAL,917,CALLE,28 DE AGOSTO,NA,"1228,,,",CALLE,GENERAL ENRIQUE ESTRADA,CALLE,NORBERTO GOMEZ HORNEDO,CALLE,JESUS CONSUELO,6,false,false,9,ND,VECINO,0,0,N,N,23,24,0,0,false,1,2,MOTOCICLETA,ND,ND,1,1,128,Robo de autopartes y cristalazo,-102.28489308,21.89596839
22332,30411,1,2019-01-24,4,7,27,1,FRACCIONAMIENTO,BAJIO DE LAS PALMAS,533,PROLONGACION,IXTLAHUATL,NA,",,,",CALLE,PALMA ABANICO,CALLE,PALMA MEXICANA,CALLE,PALMA DATILERA,3,false,false,9,ND,ND,0,0,N,N,27,37,0,0,false,5,2,AUTOMOVIL,VOLKSWAGEN,JETTA,1,1,129,Robo de autopartes y cristalazo,-102.24050705,21.86335345
21879,30411,1,2019-01-23,3,18,16,1,FRACCIONAMIENTO,EJIDO OJOCALIENTE,356,CALLE,24 DE DICIEMBRE,NA,",,,",CALLE,20 DE NOVIEMBRE,PRIVADA,24 DE DICIEMBRE,CALLE,20 DE NOVIEMBRE,4,true,false,9,"H,H",ND,0,0,N,N,22,37,0,0,false,5,2,AUTOMOVIL,VOLKSWAGEN,JETTA,1,2,130,Robo de autopartes y cristalazo,-102.26248326,21.88394871
25417,30411,1,2019-01-27,7,5,27,1,FRACCIONAMIENTO,MEXICO,1081,CALLE,CASA BLANCA,NA,",,,",CALLE,SONORA,AVENIDA,HEROE DE NACOZARI SUR,AVENIDA,AGUASCALIENTES SUR,3,false,false,9,ND,ND,0,0,N,N,22,24,0,0,false,1,2,AUTOMOVIL,ND,ND,1,6,131,Robo de autopartes y cristalazo,-102.28258851,21.86247989
25929,30411,1,2019-01-27,7,18,53,1,BARRIO,SAN MARCOS,735,PROLONGACION,RAYON,NA,",,,",CALLE,NIETO,PEATONAL,ARTURO J PANI,CALLE,NIETO,1,false,false,9,"H,H",ND,0,0,MOTOCICLETA,"MOTOCICLETA, ITALIKA",23,38,0,0,false,1,1,AUTOMOVIL,CHEVROLET,CHEVY,1,2,132,Robo de autopartes y cristalazo,-102.30618218,21.87652188
21902,30403,1,2019-01-23,3,18,38,1,FRACCIONAMIENTO,JARDINES DEL SOL,566,CALLE,GAMMA,NA,"104,,,",CALLE,VIVERO DE LA FLORESTA,CALLE,IGNACIO VALLARTA,CALLE,ARROYO EL CEDAZO,3,false,false,9,ND,ND,0,0,N,N,22,41,0,0,false,4,4,AUTOMOVIL,HONDA,ND,1,1,133,Robo de autopartes y cristalazo,-102.27746907,21.86353604
22884,30403,1,2019-01-24,4,20,26,1,FRACCIONAMIENTO,JOSE LOPEZ PORTILLO,955,CALLE,ANTONIO HERNANDEZ GALLEGOS,NA,"212,,,",CALLE,RICARDO GARCIA MENDOZA,CALLE,JOSE MARIA GONZALEZ BOCANEGRA,CALLE,GERARDO MURILLO,2,false,false,9,H,FERNANDO TAVAREZ MORA,1,0,N,N,23,41,0,0,false,4,4,AUTOMOVIL,ND,ND,1,4,134,Robo de autopartes y cristalazo,-102.31868599,21.85342505
24708,30403,1,2019-01-26,6,17,6,1,FRACCIONAMIENTO,ESPAÑA,1052,CALLE,ALAMO,NA,"309,,,",AVENIDA,AGUASCALIENTES,CALLE,CADIZ,BOULEVARD,SAN MARCOS,2,false,false,9,ND,ND,0,0,N,N,27,41,0,0,false,4,4,AUTOMOVIL,VOLKSWAGEN,GOLF,1,1,135,Robo de autopartes y cristalazo,-102.31659088,21.86763466
24650,30403,1,2019-01-26,6,16,2,1,FRACCIONAMIENTO,OJOCALIENTE FOVISSSTE II,395,CALLE,CERRO GRANDE,NA,"101,,,",CALLE,CERRO DEL FRAILE,AVENIDA,ANTARES,CALLE,CERRO DEL COBRE,3,false,false,9,ND,ND,0,0,N,N,26,41,0,0,false,4,4,AUTOMOVIL,ND,ND,1,13,136,Robo de autopartes y cristalazo,-102.26043868,21.87291797
24493,30411,1,2019-01-26,6,13,9,1,SIN TIPO,NORIAS DE OJOCALIENTE,353,CALLE,PANFILO NATERA,NA,"210,,,",CALLE,NINGUNO,CALLE,NINGUNO,N,N,4,false,false,9,ND,ND,0,0,N,N,9,"24,22,26",0,0,false,1,3,CAMIONETA,FORD,EXPLORER,1,1,137,Robo de autopartes y cristalazo,-102.22632563,21.88996585
23187,30403,1,2019-01-25,5,3,45,1,FRACCIONAMIENTO,LOMAS DEL AJEDREZ,1121,CALLE,DIAGONAL ALFIL,NA,"336,,,",AVENIDA,DEL REY,CALLE,DEL MATE,CALLE,DE FISHER,3,true,false,9,H,ND,0,0,N,N,26,41,0,0,false,4,4,AUTOMOVIL,NISSAN,PLATINA,1,1,138,Robo de autopartes y cristalazo,-102.25138934,21.84488251
26808,30411,1,2019-01-28,1,16,36,1,FRACCIONAMIENTO,LIBERTAD,695,CALLE,CUMBRE DE ACUTZINGO,NA,"1001,,,",CALLE,CUMBRE DE ACUTZINGO,CALLE,POZO DE LA PLATA,CALLE,GENERAL PANFILO NATERA,5,false,false,9,ND,AUTOLAVADO,1,0,N,N,22,26,0,0,false,3,1,AUTOMOVIL,ND,ND,1,4,139,Robo de autopartes y cristalazo,-102.28341435,21.92914199
26402,30403,1,2019-01-28,1,3,52,1,UNIDAD HABITACIONAL,POTRERO DEL OESTE,1098,AVENIDA,SIGLO XXI,NA,",,,",CALLE,ESTANISLAO MEDINA,AVENIDA,FAISAN,ANDADOR,CACTUS,2,false,false,9,ND,ND,0,0,AUTOMOVIL,"VERSA, BLANCO",26,27,0,0,false,4,1,AUTOMOVIL,NISSAN,VERSA,1,1,140,Robo de autopartes y cristalazo,-102.29718476,21.84468271
27003,30403,1,2019-01-28,1,20,44,1,SIN TIPO,DESARROLLO 99 (CANTERAS SANTA IMELDA),1027,CIRCUITO,NINGUNO,NA,",,,",CIRCUITO,NINGUNO,CIRCUITO,NINGUNO,CIRCUITO,NINGUNO,2,false,false,9,ND,ND,0,0,N,N,27,"26,3",0,0,false,4,1,AUTOMOVIL,VOLKSWAGEN,JETTA,1,2,141,Robo de autopartes y cristalazo,-102.32628088,21.86383944
26355,30411,1,2019-01-28,1,1,54,1,COLONIA,DEL TRABAJO (DELEGACION JESUS TERAN),477,CALLE,RENE DESCARTES,NA,",,,",CALLE,1810,AVENIDA,CONVENCION DE 1914 ORIENTE,AVENIDA,CONVENCION DE 1914 ORIENTE,4,false,false,9,ND,ND,0,0,N,N,25,"24,22",0,3000,false,1,2,AUTOMOVIL,CHEVROLET,CHEVY,1,2,142,Robo de autopartes y cristalazo,-102.27327989,21.88950135
27260,30411,1,2019-01-29,2,4,38,11,FRACCIONAMIENTO,SANTA BARBARA,2,PRIVADA,SAN JORGE PONIENTE,NA,"110,,,",AVENIDA,SANTA BARBARA,N,N,PRIVADA,SAN PATRICIO PONINETE,7,false,false,9,ND,ND,0,0,N,N,15,"11,23",0,0,false,1,2,AUTOMOVIL,HONDA,ND,1,1,143,Robo de autopartes y cristalazo,-102.26302709,22.06143673
27735,30411,1,2019-01-29,2,18,9,1,SIN TIPO,DESARROLLO 72 (PRESA LOS GRINGOS),775,AVENIDA,PENSADORES MEXICANOS,NA,",,,",CALLE,CUATRO MILPAS,CALLE,PASEO DE LOS PARQUES,CALLE,PICACHO,5,false,false,9,ND,ND,0,0,N,N,27,"6,12",0,0,false,1,1,AUTOMOVIL,ND,ND,1,1,144,Robo de autopartes y cristalazo,-102.26657797,21.91221411
27446,30411,1,2019-01-29,2,12,13,1,FRACCIONAMIENTO,LUIS ORTEGA DOUGLAS,440,AVENIDA,SIGLO XXI,NA,",,,",CALLE,EL GIGANTE,CALLE,EL PICACHO,CALLE,EL YUGO,5,false,false,9,ND,ND,0,0,N,N,21,24,0,0,false,1,2,CAMIONETA,FORD,ND,1,1,145,Robo de autopartes y cristalazo,-102.25901168,21.90900039
27855,30411,1,2019-01-29,2,19,58,1,FRACCIONAMIENTO,SAN CAYETANO,1118,CALLE,SAN CLEMENTE,NA,",,,",CALLE,SAN COSME,CALLE,SAN JORGE,CALLE,CARLOS SAGREDO,6,false,false,9,ND,ND,0,0,N,N,14,"6,22,24",0,30000,false,1,3,AUTOMOVIL,NISSAN,SENTRA,1,1,146,Robo de autopartes y cristalazo,-102.30895376,21.90119574
27802,30411,1,2019-01-29,2,19,14,1,FRACCIONAMIENTO,CERRO ALTO,456,CALLE,CERRO DE ALTAMIRA,NA,"128,,,",CALLE,CERRO DE LA ARDILLA,CALLE,CERRO DEL PINAL,CALLE,CIRCUITO DE PINAL,5,false,false,9,H,ND,0,0,N,N,23,22,0,0,true,1,2,AUTOMOVIL,CHEVROLET,BEAT,1,10,147,Robo de autopartes y cristalazo,-102.26103808,21.91644435
28183,30403,1,2019-01-30,3,5,5,1,FRACCIONAMIENTO,INSURGENTES,1046,AVENIDA,DOCTOR MARIANO AZUELA,NA,",,,",CALLE,GENERLA MATEO ALMANZA,CALLE,GENERAL FRANCISCO J MUGICA,CALLE,GENERAL GENOVEVO DE LA O,2,false,false,9,ND,ND,0,0,N,N,27,28,2500,2500,false,4,1,AUTOMOVIL,ND,ND,1,1,148,Robo de autopartes y cristalazo,-102.30857860,21.85288555
28163,30411,1,2019-01-30,3,3,11,1,FRACCIONAMIENTO,BALCONES DE ORIENTE,723,CALLE,SAN FRANCISCO DE LOS VIVEROS 2048,NA,",,,",CALLE,SAN FRANCISCO DE LOS VIVEROS,CALLE,NINGUNO,CALLE,SAN FRANCISCO DE LOS VIVEROS 2046,4,true,false,9,H,ND,1,0,N,N,26,"3,22",0,5000,false,1,3,AUTOMOVIL,CHEVROLET,CHEVY,1,4,149,Robo de autopartes y cristalazo,-102.23805131,21.88395973
29138,30403,1,2019-01-31,4,8,22,1,FRACCIONAMIENTO,SOLIDARIDAD II,579,CALLE,ATOTONITLAN,NA,"116,,,",CALLE,IXTLAHUATL,CALLE,XIUHNEL,CALLE,CHICOMOZTOC,3,false,false,9,ND,ND,0,0,N,N,16,41,0,0,false,4,4,AUTOMOVIL,GEO,METRO,1,1,150,Robo de autopartes y cristalazo,-102.24408463,21.86587573
29855,30403,1,2019-01-31,4,23,49,1,COLONIA,FATIMA,1119,AVENIDA,UNIVERSIDAD,NA,",,,",CALLE,LAGOS DE MORENO,CALLE,SAN MIGUEL EL ALTO,PRIVADA,LAGOS DE MORENO,6,false,false,9,ND,ND,0,0,N,N,4,"26,38",0,2500,false,4,1,AUTOMOVIL,VOLKSWAGEN,VENTO,1,1,151,Robo de autopartes y cristalazo,-102.31123831,21.91076732
29192,30411,1,2019-01-31,4,10,33,1,FRACCIONAMIENTO,INSURGENTES,1046,CALLE,GENERAL LUIS MOYA,NA,",,,",CALLE,GENERAL FORTUNATO MAYCOTTE,CALLE,GENERAL MARTIN ESPINOZA SANCHEZ,CALLE,ABRAHAM GONZALEZ,2,true,false,9,H,ND,0,0,N,N,20,11,0,0,false,3,2,CAMIONETA,DODGE,CARAVAN,1,1,152,Robo de autopartes y cristalazo,-102.31464349,21.84972445
29124,30411,1,2019-01-31,4,9,59,1,FRACCIONAMIENTO,ESPAÑA,1052,CALLE,ALAMO,NA,",,,",CALLE,SALAMANCA,CALLE,SANTANDER,CALLE,ZAMORA,2,false,false,9,ND,ND,0,0,N,N,16,24,0,0,false,1,2,MOTOCICLETA,ND,ND,1,2,153,Robo de autopartes y cristalazo,-102.31630557,21.86774483
29124,30411,1,2019-01-31,4,7,59,1,FRACCIONAMIENTO,ESPAÑA,1052,CALLE,ALAMO,NA,",,,",CALLE,SALAMANCA,CALLE,SANTANDER,CALLE,ZAMORA,2,false,false,9,ND,ND,0,0,N,N,16,24,0,0,false,1,2,AUTOMOVIL,VOLKSWAGEN,JETTA,1,2,154,Robo de autopartes y cristalazo,-102.31629392,21.86776305
29015,30411,1,2019-01-31,4,0,32,1,FRACCIONAMIENTO,MUNICIPIO LIBRE,768,CALLE,ESFUERZO NACIONAL,NA,",,,",CALLE,AMISTAD,CALLE,AGUA CLARA,CALLE,ESCUDO,4,false,false,9,ND,ND,0,0,N,N,25,22,0,3000,false,1,2,AUTOMOVIL,MINI,COOPER,1,1,155,Robo de autopartes y cristalazo,-102.25179711,21.89416112
30367,30403,2,2019-02-01,5,16,10,1,FRACCIONAMIENTO,PILAR BLANCO,981,ANDADOR,PASEO DEL HALCON,9MJ,",,8,",ANDADOR,NINGUNO,ANDADOR,NINGUNO,BOULEVARD,AGUILA,2,false,false,9,ND,ND,0,0,N,N,22,28,10000,10000,false,4,1,AUTOMOVIL,SEAT,IBIZA,1,1,156,Robo de autopartes y cristalazo,-102.29598684,21.85055312
31312,30403,2,2019-02-02,6,14,48,5,N,N,340PR,BOULEVARD,A ZACATECAS,NA,",,,",NA,NA,NA,NA,NA,NA,7,true,false,9,H,ND,0,0,AUTOMOVIL,"AVEO, NEGRO",21,22,0,0,false,4,2,AUTOMOVIL,VOLKSWAGEN,JETTA,1,1,157,Robo de autopartes y cristalazo,-102.29078683,21.94619079
32328,30403,2,2019-02-03,7,6,31,1,CONDOMINIO,CENTRAL DE ABASTOS,1087,BOULEVARD,JOSE MARIA CHAVEZ,NA,",,,",CALLE,NINGUNO,AVENIDA,SIGLO XXI,CALLE,NINGUNO,2,false,false,9,ND,ND,0,0,N,N,27,41,0,0,false,4,4,AUTOMOVIL,NISSAN,TSURU,1,6,158,Robo de autopartes y cristalazo,-102.28891051,21.83280371
32694,30403,2,2019-02-03,7,16,42,1,COLONIA,LAS FLORES,1072,CALLE,MARGARITAS,NA,",,,",AVENIDA,DE LAS ORQUIDEAS,AVENIDA,IGNACIO T CHAVEZ,CALLE,BEGONIAS,2,false,false,9,ND,ND,0,0,N,N,17,22,0,2000,false,4,2,AUTOMOVIL,NISSAN,TSURU,1,2,159,Robo de autopartes y cristalazo,-102.30643643,21.87283578
32781,30403,2,2019-02-03,7,18,33,1,COLONIA,HEROES (DELEGACION CENTRO),522,CALLE,JUAN ESCUTIA,NA,"308,,,",CALLE,FRANCISCO GONZALEZ BOCANEGRA,CALLE,GENERAL ANAYA,CALLE,GUTEMBERG,4,true,false,9,H,ND,0,0,N,N,22,41,0,0,false,4,4,AUTOMOVIL,ND,ND,1,6,160,Robo de autopartes y cristalazo,-102.27312802,21.88193380
33083,30403,2,2019-02-03,7,22,6,5,FRACCIONAMIENTO,SOLAR DE JONACATIQUE,205,AVENIDA,SOLIDARIDAD,NA,"523,,,",CALLE,DOMINGO DE LIMA,CALLE,MARCOS DE SAUCEDO,CALLE,ALVARO OBREGON,7,false,false,9,ND,ND,0,0,N,N,24,22,0,1800,false,4,2,AUTOMOVIL,NISSAN,TSURU,1,1,161,Robo de autopartes y cristalazo,-102.35369140,21.97282755
30025,30411,2,2019-02-01,5,9,42,1,COLONIA,SAN PABLO,921,CALLE,RIO PAPALOAPAN,NA,",,,",PRIVADA,SEGUNDA SAN ALBERTO,CALLE,SAN JUAN,CALLE,SAN ALBERTO,6,false,false,9,ND,ND,0,0,N,N,27,25,0,1200,false,2,2,CAMIONETA,FORD,EXPEDITION,1,2,162,Robo de autopartes y cristalazo,-102.30304127,21.89060765
30217,30411,2,2019-02-01,5,13,49,1,FRACCIONAMIENTO,VICENTE GUERRERO,1102,CALLE,AGUSTIN DE ITURBIDE,NA,",,,",AVENIDA,REVOLUCION,CALLE,JUAN G TIJERINA,CALLE,EULALIO GUTIERREZ,2,false,false,9,ND,ND,0,0,N,N,27,22,0,0,false,1,2,CAMIONETA,NISSAN,ESTACAS,1,1,163,Robo de autopartes y cristalazo,-102.31442342,21.84671175
30896,30411,2,2019-02-02,6,2,10,1,FRACCIONAMIENTO,EJIDO LAS CUMBRES,403,CALLE,CARLOS A MADRAZO,NA,"141,,,",PRIVADA,JESUS REYES HEROLES,PRIVADA,CARLOS MADRAZO,CALLE,PICACHO ORIENTE,5,true,false,9,H,ND,0,0,N,N,25,22,0,0,true,1,2,CAMIONETA,ND,ND,1,17,164,Robo de autopartes y cristalazo,-102.25637188,21.90905298
31042,30403,2,2019-02-02,6,8,7,5,COLONIA,ZONA CENTRO,192,CALLE,BELTRAN,NA,"505,,,",CALLE,BENIGNO CHAVEZ,AVENIDA,GUADALUPE VICTORIA,CALLE,NIAGARA,7,false,false,9,ND,ND,0,0,N,N,27,38,0,0,false,4,2,AUTOMOVIL,CHEVROLET,CAVALIER,1,1,165,Robo de autopartes y cristalazo,-102.34646454,21.96545495
31234,30411,2,2019-02-02,6,13,16,1,SIN TIPO,PARQUE LA PONA,471,PROLONGACION,ALAMEDA,NA,",,,",CALLE,NINGUNO,AVENIDA,AGUASCALIENTES ORIENTE,CALLE,CANAL INTERCEPTOR,4,false,false,9,ND,ND,0,0,N,N,21,22,0,1200,false,1,2,CAMIONETA,DODGE,CARAVAN,1,1,166,Robo de autopartes y cristalazo,-102.26876562,21.88498785
31351,30411,2,2019-02-02,6,15,21,1,SIN TIPO,MOLINO SAN MARCOS,538,AVENIDA,PASEO DE LA CRUZ,NA,",,,",AVENIDA,FERROCARRIL,AVENIDA,MARIANO HIDALGO,CALLE,OSCAR EDUARDO FERNANDEZ,3,false,false,9,ND,ND,0,0,N,N,21,22,0,0,false,1,2,AUTOMOVIL,CHEVROLET,CHEVY,1,2,167,Robo de autopartes y cristalazo,-102.27793132,21.87366958
32871,30403,2,2019-02-03,7,19,42,1,FRACCIONAMIENTO,SAN CAYETANO,1118,AVENIDA,FUNDICION,NA,",,,",CALLE,SAN RAFAEL,CALLE,SAN CAYETANO,CALLE,CARLOS SAGREDO,6,true,false,9,H,ND,0,0,MOTOCICLETA,MOTOCICLETA,23,38,0,0,false,4,1,CAMIONETA,TOYOTA,TACOMA,1,2,168,Robo de autopartes y cristalazo,-102.31270998,21.89790450
33089,30411,2,2019-02-03,7,22,7,1,FRACCIONAMIENTO,INSURGENTES,1046,CALLE,GENERAL JESUS CARRANZA,NA,"408,,,",CALLE,ABRAHAM GONZALEZ,CALLE,GENERAL LUIS MOYA,CALLE,GENERAL LUCIO BLANCO,2,false,false,9,H,EL PIOJO,0,0,N,N,24,22,0,0,false,1,2,CAMIONETA,CHEVROLET,CHEYENNE,1,1,169,Robo de autopartes y cristalazo,-102.30406463,21.84807036
27825,30411,1,2019-01-29,2,19,31,5,COLONIA,EL CALVARIO,220,CALLE,AGUSTIN DE ITURBIDE,NA,"1008,,,",AVENIDA,SOLIDARIDAD,CALLE,CALVARIO,CALLE,BENITO JUAREZ,7,false,false,9,ND,ND,0,0,N,N,27,37,0,0,false,5,2,CAMIONETA,CHEVROLET,ND,1,6,170,Robo de autopartes y cristalazo,-102.34205946,21.97407283
33367,30403,2,2019-02-04,1,1,45,1,FRACCIONAMIENTO,SOLIDARIDAD I,431,CALLE,TRANSPORTES,NA,"124,,,",CALLE,SALUD,CALLE,FRATERNIDAD,AVENIDA,SIGLO XXI,4,true,false,9,H,ND,0,0,N,N,25,41,0,0,false,4,4,CAMIONETA,DODGE,CARAVAN,1,1,171,Robo de autopartes y cristalazo,-102.24402217,21.87066845
34147,30403,2,2019-02-04,1,21,32,1,CONDOMINIO,EXPO PLAZA,1054,CALLE,RINCON,NA,",,,",PROLONGACION,RAYON,AVENIDA,LICENCIADO ADOLFO LOPEZ MATEOS PONIENTE,PEATONAL,ARTURO J PANI,1,false,false,9,ND,ND,0,0,N,N,4,22,0,5000,false,4,2,CAMIONETA,FORD,ND,1,1,172,Robo de autopartes y cristalazo,-102.30681757,21.87622180
34171,30403,2,2019-02-04,1,21,55,1,FRACCIONAMIENTO,JARDINES DE LA CONCEPCION I,848,CALLE,CERRO DEL LAUREL,NA,",,,",CALLE,JULIAN,CALLE,SAN JUAN DE LOS LAGOS,CALLE,MONTES HIMALAYA,6,false,false,9,ND,ND,0,0,N,N,23,"6,27",0,20000,false,4,1,AUTOMOVIL,VOLKSWAGEN,JETTA,1,1,173,Robo de autopartes y cristalazo,-102.30862047,21.92299819
35125,30403,2,2019-02-05,2,22,26,1,BARRIO,LA SALUD,1122,AVENIDA,AYUNTAMIENTO,NA,",,,",PRIVADA,NINGUNO,AVENIDA,CONVENCION DE 1914 SUR,CALLE,ACUEDUCTO,3,false,false,9,ND,ND,0,0,N,N,4,"6,26",0,20000,false,4,1,AUTOMOVIL,NISSAN,TSURU,1,1,174,Robo de autopartes y cristalazo,-102.28357731,21.86716147
33282,30411,2,2019-02-04,1,0,25,1,FRACCIONAMIENTO,OJOCALIENTE FOVISSSTE II,395,CALLE,CERRO DE LA JOYA,NA,"207,,,",AVENIDA,ANATRES,CALLE,CERRO DEL TEPEYAC,CALLE,CERRO DEL AJUSCO,3,false,false,9,ND,ND,0,0,N,N,25,38,0,0,false,1,2,AUTOMOVIL,SEAT,IBIZA,1,1,175,Robo de autopartes y cristalazo,-102.26237725,21.87190335
33535,30411,2,2019-02-04,1,9,17,1,FRACCIONAMIENTO,RODOLFO LANDEROS GALLEGOS,459,CALLE,LUZ MARIA DE LOURDES GUERRA,NA,"127,,,",CALLE,ESTHELA ALDANA,CALLE,ALICIA DIAZ DE LEON,CALLE,CLEMENTINA AGUIRRE A,4,false,false,9,ND,ND,0,0,N,N,16,"22,11",0,6000,false,1,2,AUTOMOVIL,VOLKSWAGEN,GOLF,1,1,176,Robo de autopartes y cristalazo,-102.25214135,21.90150609
33599,30411,2,2019-02-04,1,11,6,11,FRACCIONAMIENTO,SAN JOSE DEL BARRANCO,7,CALLE,SALUD,NA,"434,,,",CALLE,VIVIENDA,CALLE,SEGURIDAD PUBLICA,CALLE,ECOLOGIA,7,false,false,9,ND,ND,0,0,N,N,16,"23,24",0,3000,false,1,2,AUTOMOVIL,PONTIAC,ND,1,1,177,Robo de autopartes y cristalazo,-102.26404448,22.06947261
33906,30411,2,2019-02-04,1,17,39,1,SIN TIPO,RODOLFO LANDEROS GALLEGOS,1002,BOULEVARD,JOSE MARIA CHAVEZ,NA,",,,",AVENIDA,AGUASCALIENTES SUR,AVENIDA,SIGLO XXI,AVENIDA,DEL PARQUE,3,false,false,9,ND,ND,0,0,N,N,22,22,0,0,false,1,2,AUTOMOVIL,CHRYSLER,SHADOW,1,2,178,Robo de autopartes y cristalazo,-102.29157324,21.85245280
33917,30411,2,2019-02-04,1,17,55,1,FRACCIONAMIENTO,PILAR BLANCO,981,CALLE,CANARIO,NA,",,,",ANDADOR,DEL POTRO,ANDADOR,PASEO DEL JILGUERO,ANDADOR,PASEO DEL JILGUERO,2,false,false,9,ND,ND,0,0,N,N,22,22,0,0,false,1,2,AUTOMOVIL,VOLKSWAGEN,JETTA,1,2,179,Robo de autopartes y cristalazo,-102.29922017,21.84594736
35293,30403,2,2019-02-06,3,4,45,5,COLONIA,ZONA CENTRO,192,CALLE,HERNANDEZ,NA,"113,,,",CALLE,ALFAREROS,AVENIDA,CENTENARIO,CALLE,NIAGARA,7,false,false,9,ND,ND,0,0,N,N,26,41,0,0,false,4,4,AUTOMOVIL,DODGE,NEON,1,1,180,Robo de autopartes y cristalazo,-102.34591757,21.96075275
35304,30403,2,2019-02-06,3,5,51,1,FRACCIONAMIENTO,VILLAS DE NUESTRA SEÑORA DE LA ASUNCION (SECTOR GUADALUPE),402,CALLE,JOSE GUADALUPE GARCIA LOPEZ,NA,"94,,,",CALLE,JOSE GUADALUPE GARCIA LOPEZ,CALLE,ERMITA DE SAN SEBASTIAN,CALLE,ENRIQUE JIMENEZ,5,false,false,9,ND,ND,0,0,N,N,26,22,0,2500,false,4,2,AUTOMOVIL,DODGE,ATTITUDE,1,1,181,Robo de autopartes y cristalazo,-102.26141785,21.92984582
35434,30403,2,2019-02-06,3,10,53,1,FRACCIONAMIENTO,BOULEVARES 1A SECCION,1047,CALLE,ANA MARIA BERLANGA,NA,"130,,,",CALLE,RAFAEL RAMIREZ,PROLONGACION,PASEO DE LA ASUNCION,CALLE,JARDINES,2,false,false,9,ND,ND,0,0,N,N,6,"11,22,23",0,20000,false,4,2,AUTOMOVIL,FORD,GRAND MARQUIS,1,1,182,Robo de autopartes y cristalazo,-102.30088484,21.85740491
35285,30411,2,2019-02-06,3,3,41,1,FRACCIONAMIENTO,SOLIDARIDAD I,431,CALLE,TRABAJO,NA,"330,,,",AVENIDA,SIGLO XXI,CALLE,SOLIDARIDAD,CALLE,ESFUERZO,4,false,false,9,ND,ND,0,0,N,N,26,"38,22",0,6000,false,1,3,CAMIONETA,DODGE,RAM,1,1,183,Robo de autopartes y cristalazo,-102.24535438,21.86992705
36484,30403,2,2019-02-07,1,13,44,1,FRACCIONAMIENTO,JARDINES DE LA CONCEPCION I,848,CALLE,CERRO DE LA BUFA,NA,",,,",CALLE,VALLE DE GUADALUPE,PROLONGACION,GENERAL IGNACIO ZARAGOZA,BOULEVARD,LUIS DONALDO COLOSIO,6,false,false,9,ND,ND,0,0,N,N,21,6,0,28000,false,4,1,AUTOMOVIL,NISSAN,VERSA,1,1,184,Robo de autopartes y cristalazo,-102.30641122,21.92393300
36316,30403,2,2019-02-07,4,9,34,1,FRACCIONAMIENTO,LAS CUMBRES,441,CALLE,LOS ARBOLITOS,NA,"201,,,",CALLE,MARIA GUADALUPE RUIZ DE CHAVEZ PINALES,CALLE,EL PICACHO,CALLE,AURORA ESPINOZA REYES,5,false,false,9,ND,ND,0,0,N,N,27,22,0,0,false,4,2,AUTOMOVIL,RENAULT,CLIO,1,1,185,Robo de autopartes y cristalazo,-102.26348920,21.90984994
36893,30411,2,2019-02-07,4,21,3,1,CONDOMINIO,CENTRO COMERCIAL GALERIAS,357,PRIVADA,NINGUNO,NA,",,,",PRIVADA,NINGUNO,CALLE,NINGUNO,CALLE,NINGUNO,6,false,false,9,ND,ND,0,0,N,N,23,6,0,20000,false,1,1,CAMIONETA,HONDA,CRV,1,6,186,Robo de autopartes y cristalazo,-102.29323579,21.92129926
36519,30411,2,2019-02-07,1,14,15,1,FRACCIONAMIENTO,JOSE LOPEZ PORTILLO,955,CALLE,TENIENTE CORONEL MACARIO SARABIA,NA,",,,",CALLE,RICARDO GARCIA MENDOZA,CALLE,JOSE MARIA GONZALEZ BOCANEGRA,CALLE,CORONEL JOSE FERRERO,2,false,false,9,H,ND,0,0,N,N,21,3,0,7000,false,3,1,AUTOMOVIL,CHEVROLET,CHEVY,1,2,187,Robo de autopartes y cristalazo,-102.32419034,21.85574613
36343,30411,2,2019-02-07,4,10,28,6,COLONIA,5 DE MAYO,91,CALLE,GUILLERMO PRIETO,NA,"44,,,",AVENIDA,LAZARO CARDENA,AVENIDA,REVOLUCION,CALLE,MARIANO ESCOBEDO,7,true,false,9,H,ND,0,0,N,N,20,22,0,0,false,1,2,AUTOMOVIL,VOLKSWAGEN,SEDAN,1,1,188,Robo de autopartes y cristalazo,-102.27774587,22.14459043
34911,30403,2,2019-02-05,2,19,0,1,FRACCIONAMIENTO,MISION DE SANTA FE,569,AVENIDA,MISIONEROS,NA,",,,",AVENIDA,ARQUEROS,CALLE,MISON DE SAN FRANCISCO,CALLE,MISION DE SANTAFE,3,false,false,9,ND,ND,0,0,N,N,23,41,0,0,false,4,4,AUTOMOVIL,NISSAN,DATSUN,1,2,189,Robo de autopartes y cristalazo,-102.26979497,21.86682569
36182,30403,2,2019-02-07,4,3,3,1,FRACCIONAMIENTO,HEROES DE AGUASCALIENTES,1078,AVENIDA,HEROE DE NACOZARI SUR,NA,",,,",CALLE,SERVICIO MILITAR,CALLE,DEFENSA NACIONAL,CALLE,SAHOP,3,false,false,9,H,ND,0,0,BICICLETA,BICICLETA,19,11,0,0,false,4,2,AUTOMOVIL,ND,ND,1,2,190,Robo de autopartes y cristalazo,-102.28145547,21.87457899
32029,30411,2,2019-02-03,7,0,48,1,CONDOMINIO,CENTRO COMERCIAL GALERIAS I,844,AVENIDA,INDEPENDENCIA,NA,",,,",BOULEVARD,LUIS DONALDO COLOSIO,CALLE,MONTES HIMALAYA,BOULEVARD,A ZACATECAS,6,true,false,9,H,ND,0,0,MOTOCICLETA,"MOTOCICLETA, ITALICA,NEGRA",21,22,0,0,false,1,2,AUTOMOVIL,ND,ND,1,2,191,Robo de autopartes y cristalazo,-102.29765750,21.92354491
34602,30411,2,2019-02-05,2,12,29,1,CONDOMINIO,CENTRO COMERCIAL GALERIAS I,844,BOULEVARD,A ZACATECAS,NA,",,,",CALLE,MONTES HIMALAYA,BOULEVARD,LUIS DONALDO COLOSIO,AVENIDA,INDEPENDENCIA,6,false,false,9,H,JOSE MANUEL PEDROZA LOPEZ,1,0,N,N,21,22,0,0,false,1,2,AUTOMOVIL,ND,ND,1,4,192,Robo de autopartes y cristalazo,-102.29197062,21.92331376
37068,30403,2,2019-02-08,2,0,1,1,N,N,938R,BOULEVARD,JUAN PABLO II,NA,",,,",NA,NA,NA,NA,NA,NA,2,false,false,9,ND,ND,0,0,N,N,24,6,0,25000,false,4,1,CAMIONETA,NISSAN,KICKS,1,1,193,Robo de autopartes y cristalazo,-102.33200852,21.86539306
37168,30403,2,2019-02-08,5,3,32,1,FRACCIONAMIENTO,VILLAS DE NUESTRA SEÑORA DE LA ASUNCION (SECTOR ESTACION),502,CALLE,FRANCISCO LOPEZ MEDRANO,NA,"303,,,",CALLE,FRANCISCO ARMENGOL,CALLE,DOMINGO VELASCO,CALLE,RAFAEL CARILLO AMBIA,5,false,false,9,ND,ND,0,0,N,N,27,41,0,0,false,4,4,AUTOMOVIL,VOLKSWAGEN,GOL,1,1,194,Robo de autopartes y cristalazo,-102.25909500,21.93823083
37264,30403,2,2019-02-08,5,8,29,5,COLONIA,ZONA CENTRO,192,CALLE,LAS FLORES,NA,"347,,,",AVENIDA,GUADALUPE VICTORIA,CALLE,ABASOLO,CALLE,BELTRAN,7,false,false,9,ND,ND,0,0,N,N,15,"22,24,11",0,6400,false,4,2,CAMIONETA,VOLKSWAGEN,POINTER,1,1,195,Robo de autopartes y cristalazo,-102.34742741,21.96530447
37565,30403,2,2019-02-08,5,15,51,1,COLONIA,LAS FLORES,1072,CALLE,TULIPANES,NA,"105,,,",AVENIDA,DE LAS ORQUIDEAS,CALLE,LOS LAURELES,CALLE,CAMELIAS,2,false,false,9,ND,ND,0,0,N,N,9,11,0,20000,false,4,2,CAMIONETA,MITSUBISHI,ND,1,1,196,Robo de autopartes y cristalazo,-102.30356805,21.87482685
37990,30403,2,2019-02-08,5,22,33,1,SIN TIPO,CAMINERO (SUBDIVISION),718,AVENIDA,AYUNTAMIENTO,NA,",,,",AVENIDA,CONVENCION DE 1914 SUR,CALLE,PITAGORAS,CALLE,PLATON,3,false,false,9,ND,ND,0,0,N,N,4,26,0,0,false,4,1,CAMIONETA,JEEP,LIBERTY,1,1,197,Robo de autopartes y cristalazo,-102.28394555,21.86655105
38150,30403,2,2019-02-09,6,1,2,1,FRACCIONAMIENTO,LA FUENTE,1061,CALLE,REPUBLICA DE URUGUAY,NA,",,,",CALLE,BOGOTA,CALLE,BRASILIA,CALLE,REPUBLICA DE CHILE,2,false,false,9,ND,ND,0,0,N,N,27,41,0,0,false,4,4,AUTOMOVIL,TOYOTA,ND,1,17,198,Robo de autopartes y cristalazo,-102.30081181,21.87115580
38246,30403,2,2019-02-09,3,3,52,1,COLONIA,MIRAVALLE,750,CALLE,PEDRO GARCIA ROJAS,NA,",,,",CALLE,JOSE MARIA AVILA,CALLE,MANUEL CARPIO,AVENIDA,FUNDICION,6,false,false,9,ND,ND,0,0,N,N,27,22,0,0,false,4,2,AUTOMOVIL,HONDA,ND,1,2,199,Robo de autopartes y cristalazo,-102.31076510,21.89298860
38311,30403,2,2019-02-09,6,7,40,1,EJIDO,LOS POCITOS,326,PRIVADA,DE LA PILA,NA,"104,,,",CALLE,ISIDRO MORALES,CALLE,ZACARIAS GUTIERREZ,AVENIDA,JESUS MARIA,6,false,false,9,ND,ND,0,0,N,N,6,22,0,5000,false,4,2,AUTOMOVIL,VOLKSWAGEN,POINTER,1,1,200,Robo de autopartes y cristalazo,-102.33637566,21.92395728
39749,30403,2,2019-02-10,7,9,26,1,FRACCIONAMIENTO,PINTORES MEXICANOS,443,CALLE,ANGEL ZARRAGA,NA,"124,,,",CALLE,RENATO LEDUC,CALLE,CARLOS FUENTES MARES,CALLE,SALVDOR NOVO,5,false,false,9,ND,ND,0,0,N,N,16,41,0,0,false,4,4,AUTOMOVIL,NISSAN,TSURU,1,1,201,Robo de autopartes y cristalazo,-102.26440433,21.91609156
37325,30411,2,2019-02-08,2,10,27,1,FRACCIONAMIENTO,HEROES DE AGUASCALIENTES,1078,AVENIDA,HEROE DE NACOZARI SUR,NA,"732,,,",CALLE,SERVICIO MILITAR,CALLE,DEFENSA NACIONAL,CALLE,SAHOP,3,false,false,9,ND,ND,0,0,N,N,1,"26,28,38",200,1600,false,3,1,AUTOMOVIL,NISSAN,TSURU,1,6,202,Robo de autopartes y cristalazo,-102.28142195,21.87424766
37452,30411,2,2019-02-08,5,13,31,1,FRACCIONAMIENTO,JOSE LOPEZ PORTILLO,955,CALLE,JOSE MARIA GONZALEZ BOCANEGRA,NA,"711,,,",CALLE,ARQUITECTO CARLOS CONTRERAS,CALLE,DOCTOR JESUS ROMO ARMERIA,CALLE,RICARDO GARCIA MENDOZA,2,false,false,9,"H,H,H",ND,0,0,N,N,21,3,0,5000,false,1,1,AUTOMOVIL,CHEVROLET,CHEVY,1,1,203,Robo de autopartes y cristalazo,-102.32152369,21.85294119
37859,30411,2,2019-02-08,5,20,50,1,FRACCIONAMIENTO,INSURGENTES,1046,CALLE,CORONEL ROQUE GONZALEZ GARZA,NA,"406,,,",CALLE,GENERAL LUIS MOYA,CALLE,ABRAHAM GONZALEZ,CALLE,JUAN SARABIA,2,false,false,9,ND,ND,1,0,N,N,27,38,0,0,true,2,2,CAMIONETA,FORD,LOBO,1,4,204,Robo de autopartes y cristalazo,-102.30313144,21.84804705
40167,30411,2,2019-02-10,7,18,4,1,FRACCIONAMIENTO,EMILIANO ZAPATA,585,CALLE,ANTONIO DIAZ SOTO Y GAMA,NA,",,,",CALLE,SIXTO VERDUZCO,CALLE,JOSE MARIA LICEAGA,CALLE,PROFESOR OTILIO E MONTAÑO,3,true,false,9,H,ND,0,0,N,N,22,38,0,0,false,1,1,CAMIONETA,NISSAN,ESTACAS,1,1,205,Robo de autopartes y cristalazo,-102.25489375,21.85454236
37708,30403,2,2019-02-06,3,6,48,1,COLONIA,SAN MARCOS (DELEGACION POCITOS),650,CALLE,VERACRUZ,NA,"414,,,",CALLE,PARIS,CALLE,NAVARRETE,CALLE,GUANAJUATO,6,false,false,9,ND,ND,0,0,N,N,26,22,0,0,false,4,2,AUTOMOVIL,ND,ND,1,17,206,Robo de autopartes y cristalazo,-102.31401844,21.87736716
40079,30411,2,2019-02-10,7,16,24,1,FRACCIONAMIENTO,VISTA DEL SOL III,615,CALLE,AMANECER,NA,"904,,,",CALLE,LOYOLA ESCOBEDO,AVENIDA,MISIONEROS,CALLE,ATARCEDER,3,true,false,9,H,ND,1,0,N,N,22,25,0,0,false,2,2,CAMIONETA,DODGE,RAM,1,0,207,Robo de autopartes y cristalazo,-102.26798479,21.86607075
41292,30411,2,2019-02-11,1,17,59,5,COLONIA,LUIS DONALDO COLOSIO,201,CALLE,LUIS DONALDO COLOSIO,NA,"403,,,",AVENIDA,SOLIDARIDAD,CALLE,AMADO NERVO,CALLE,CRISTOBAL COLON,7,false,false,9,ND,ND,0,0,N,N,27,22,0,0,false,1,2,CAMIONETA,NISSAN,PICK UP,1,1,208,Robo de autopartes y cristalazo,-102.35411975,21.97126616
41464,30411,2,2019-02-11,1,21,8,6,FRACCIONAMIENTO,POPULAR,89,CALLE,SEXTA,NA,"202,,,",PROLONGACION,LAZARO CARDENAS,CALLE,IGNACIO RAMIREZ,CALLE,QUINTA,7,false,false,9,ND,ND,0,0,N,N,23,"3,6,26",0,15000,false,3,1,AUTOMOVIL,CHRYSLER,STRATUS,1,1,209,Robo de autopartes y cristalazo,-102.27598355,22.13897882
41581,30411,2,2019-02-11,1,22,52,1,FRACCIONAMIENTO,BENITO JUAREZ,466,ANDADOR,J,NA,"2,,,",ANDADOR,J,ANDADOR,J,ANDADOR,J,4,false,false,9,ND,ND,0,0,N,N,24,"22,38",0,800,false,1,2,AUTOMOVIL,CHEVROLET,CHEVY,1,1,210,Robo de autopartes y cristalazo,-102.27402238,21.89982083
41766,30403,2,2019-02-12,2,6,40,11,FRACCIONAMIENTO,SAN JOSE DE BUENA VISTA,12,CALLE,BOLIVIA,NA,"302,,,",CALLE,FRANCISCO GUEL ESPARZA,CALLE,LUIS TORRES GAYTAN,CALLE,URUGUAY,7,false,false,9,ND,ND,0,0,N,N,27,41,0,0,false,4,4,AUTOMOVIL,CHEVROLET,MALIBU,1,1,211,Robo de autopartes y cristalazo,-102.26879663,22.07317021
41862,30403,2,2019-02-12,2,10,39,1,COLONIA,HEROES (DELEGACION CENTRO),522,CALLE,JUAN ESCUTIA,NA,",,,",CALLE,FRANCISCO GONZALEZ BOCANEGRA,CALLE,GENERAL ANAYA,CALLE,GUTEMBERG,4,false,false,9,ND,ND,0,0,N,N,24,"26,6,12",0,80000,false,4,1,CAMIONETA,HONDA,CRV,1,7,212,Robo de autopartes y cristalazo,-102.27354643,21.88219063
42420,30403,2,2019-02-12,2,22,37,1,BARRIO,EL ENCINO,1096,CALLE,CRISTOBAL COLON,NA,",,,",AVENIDA,PASEO DE LA CRUZ,CALLE,ALBA,CALLE,GRANJENITO,1,false,false,9,ND,ND,0,0,N,N,27,23,0,10000,false,4,2,AUTOMOVIL,VOLKSWAGEN,JETTA,1,2,213,Robo de autopartes y cristalazo,-102.29312795,21.87231946
42156,30403,2,2019-02-12,2,18,5,1,FRACCIONAMIENTO,SAN CAYETANO,1118,CALLE,SAN COSME,NA,",,,",CALLE,SAN CLEMENTE,AVENIDA,UNIVERSIDAD,CALLE,SAN JORGE,6,false,false,9,ND,ND,0,0,N,N,27,41,0,0,false,4,4,CAMIONETA,ND,ND,1,0,214,Robo de autopartes y cristalazo,-102.30721216,21.90146202
41864,30403,2,2019-02-12,2,1,43,1,FRACCIONAMIENTO,SAN MARCOS,746,CALLE,TIZIANO,NA,",,,",AVENIDA,AGUASCALIENTES PONIENTE,CALLE,MIGUEL ANGEL,CALLE,DEL PARQUE,6,false,false,9,"H,H",ND,0,0,MOTOCICLETA,NEGRA,24,6,0,0,false,4,1,CAMIONETA,ND,ND,1,1,215,Robo de autopartes y cristalazo,-102.31819433,21.88001305
41924,30411,2,2019-02-12,2,12,16,1,SIN TIPO,DESARROLLO 114 (PODER JUDICIAL DE LA FEDERACION),114,AVENIDA,AGUASCALIENTES SUR,NA,",,,",CALLE,PASEO DE LAS GARZAS,CALLE,BUGAMBILIAS,CALLE,INEGI,3,false,false,9,H,ND,0,0,N,N,21,22,0,0,false,1,2,AUTOMOVIL,FORD,FAIRMONT,1,2,216,Robo de autopartes y cristalazo,-102.28675613,21.85914073
41705,30411,2,2019-02-12,2,3,18,1,FRACCIONAMIENTO,EJIDO LAS CUMBRES,403,CALLE,PEDRO QUINTANAR,NA,"413,,,",CALLE,CUMBRE DE JUQUILA,CALLE,SIERRA DE HUAUTLA,CALLE,SIERRA DE LA PARNAZO,5,false,false,9,"H,H",ND,0,0,N,N,26,11,0,0,false,1,2,CAMIONETA,ND,ND,1,1,217,Robo de autopartes y cristalazo,-102.25263521,21.90877702
42210,30411,2,2019-02-12,2,19,8,1,FRACCIONAMIENTO,EMILIANO ZAPATA,585,CALLE,MARIANO JIMENEZ,NA,",,,",CALLE,ANOTNIO DIAZ SOTO Y GAMA,AVENIDA,MARIANO HIDALGO,CALLE,SIXTO VERDUZCO,3,false,false,9,"H,H",ND,0,0,MOTOCICLETA,MOTOCICLETA,23,26,0,0,false,1,1,CAMIONETA,NISSAN,NP300,1,1,218,Robo de autopartes y cristalazo,-102.25520873,21.85495189
41922,30411,2,2019-02-12,2,12,12,1,FRACCIONAMIENTO,MORELOS II,622,CALLE,VALERIO TRUJANO,NA,"204,,,",CALLE,HERMANO GALEANA,CALLE,CORREGIDORA,CALLE,JOSE A TORRES,3,false,false,9,ND,ND,0,0,N,N,20,22,0,1500,false,1,2,CAMIONETA,NISSAN,ESTACAS,1,1,219,Robo de autopartes y cristalazo,-102.26255628,21.85016015
42159,30411,2,2019-02-12,2,18,12,1,COLONIA,FERRONALES,520,AVENIDA,HEROICO COLEGIO MILITAR,NA,",,,",CALLE,FELIPE PESCADOR,CALLE,INGENIERO L RAMIREZ,CALLE,CATARINO ARREOLA,4,true,false,9,"M,H",ND,0,0,N,N,22,24,0,0,false,1,2,AUTOMOVIL,ND,ND,1,2,220,Robo de autopartes y cristalazo,-102.27522080,21.88582427
41733,30411,2,2019-02-12,2,5,2,1,FRACCIONAMIENTO,OJOCALIENTE I,741,CALLE,CHICALOTE,NA,",,,",CALLE,JALTOMATE,CALLE,CALVILLITO,CALLE,PLAZUELA S,4,true,false,9,"H,H",ND,0,0,N,N,26,38,0,0,false,1,1,AUTOMOVIL,ND,ND,1,1,221,Robo de autopartes y cristalazo,-102.25218531,21.88204345
43324,30403,2,2019-02-13,3,21,45,1,FRACCIONAMIENTO,SANTA ELENA,1105,CALLE,BRASILIA,NA,",,,",AVENIDA,IGNACIO T CHAVEZ,CALLE,REPUBLICA DE BELICE,AVENIDA,IGNACIO T CHAVEZ,2,false,false,9,ND,ND,0,0,N,N,27,41,0,0,false,4,4,AUTOMOVIL,ND,ND,20,0,222,Robo de autopartes y cristalazo,-102.30600714,21.87172314
42692,30411,2,2019-02-13,3,9,45,1,SIN TIPO,DESARROLLO 130 (AUTO TIANGUIS),978,BOULEVARD,JOSE MARIA CHAVEZ,NA,",,,",CALLE,NINGUNO,AVENIDA,SIGLO XXI,AVENIDA,MAHATMA GANDHI,2,false,false,9,ND,ND,0,0,N,N,16,11,0,0,false,1,2,CAMIONETA,FORD,F350,1,1,223,Robo de autopartes y cristalazo,-102.29045304,21.84161570
44227,30403,2,2019-02-14,4,21,8,1,COLONIA,LAS FLORES,1072,AVENIDA,DE LAS ORQUIDEAS,NA,"102,,,",PRIVADA,NINGUNO,CALLE,MARAVILLAS,AVENIDA,GLORIETA BENITO JUAREZ,2,false,false,9,H,ND,0,0,N,N,23,26,0,0,false,4,1,AUTOMOVIL,VOLKSWAGEN,JETTA,1,1,224,Robo de autopartes y cristalazo,-102.30114673,21.87483422
43585,30411,2,2019-02-14,4,6,58,1,FRACCIONAMIENTO,INSURGENTES,1046,CALLE,GENERAL FRANCISCO J MUGICA,NA,"123,,,",CALLE,DOROTEO ARANGO,AVENIDA,DOCTOR MARIANO AZUELA,CALLE,GENERAL MANUEL M GIEGUEZ,2,false,false,9,ND,ND,0,0,N,N,27,24,0,0,false,1,2,AUTOMOVIL,ND,ND,1,1,225,Robo de autopartes y cristalazo,-102.30761827,21.85328021
43598,30411,2,2019-02-14,4,7,39,5,FRACCIONAMIENTO,AYUNTAMIENTO,223,AVENIDA,GUADALUPE VICTORIA,NA,"614,,,",CALLE,LAZARO CARDENAS,PRIVADA,TERCERA GUADALUPE VICTORIA,CALLE,ABASOLO,7,false,false,9,ND,ND,0,0,N,N,27,24,0,500,false,1,2,CAMIONETA,FORD,RANGER,1,1,226,Robo de autopartes y cristalazo,-102.34869128,21.96566148
44387,30411,2,2019-02-14,4,23,19,1,COLONIA,ZONA CENTRO,906,CALLE,JESUS BERNAL,NA,"412,,,",CALLE,5 DE MAYO,CALLE,VALLADOLID,CALLE,JESUS MARIA,1,false,false,9,H,VECINO,0,0,N,N,27,24,0,0,false,1,2,AUTOMOVIL,VOLKSWAGEN,CARIBE,1,2,227,Robo de autopartes y cristalazo,-102.29742126,21.88998599
43562,30411,2,2019-02-14,4,5,38,1,FRACCIONAMIENTO,LOMAS DE VISTABELLA II,603,CALLE,MEXICO LIBRE,NA,",,,",CALLE,VISTA DEL VALLE,AVENIDA,AJEDRECISTAS,CALLE,VISTA DE LAS ESTRELLAS,3,false,false,9,ND,ND,0,0,N,N,15,24,0,4500,false,1,2,CAMION,DINA,ND,1,1,228,Robo de autopartes y cristalazo,-102.26266078,21.84352073
44116,30411,2,2019-02-14,4,19,28,1,CONDOMINIO,RINCONADA DEL PARQUE,1083,AVENIDA,HEROE DE NACOZARI SUR,NA,"2400,,,",AVENIDA,DEL LAGO,CALLE,MEZCALA,CALLE,PASEO DE SAN MARCOS,3,false,false,9,H,ND,0,0,N,N,23,38,0,0,false,1,2,AUTOMOVIL,VOLKSWAGEN,PASSAT,1,1,229,Robo de autopartes y cristalazo,-102.28229076,21.85566734
42968,30411,2,2019-02-13,3,16,7,1,FRACCIONAMIENTO,MORELOS II,622,CALLE,CORREGIDORA,NA,"1501,,,",CALLE,MUNGUIA,CALLE,CARLOS MARIA DE BUSTAMANTE,CALLE,HERMANOS GALEANA,3,false,false,9,H,ND,0,0,N,N,21,3,0,2500,false,1,1,CAMIONETA,ND,ND,1,1,230,Robo de autopartes y cristalazo,-102.26153106,21.85202539
44629,30403,2,2019-02-15,5,9,3,1,FRACCIONAMIENTO,MUNICIPIO LIBRE,768,CALLE,PROSPERIDAD,NA,",,,",AVENIDA,SIGLO XXI,CALLE,PILARES,CALLE,MIGUEL ANGEL BARBERENA VEGA,4,false,false,9,ND,ND,0,0,N,N,27,"3,28",3000,5500,false,4,1,AUTOMOVIL,VOLKSWAGEN,BEETLE,1,1,231,Robo de autopartes y cristalazo,-102.25307445,21.89634464
44879,30403,2,2019-02-15,5,14,8,1,FRACCIONAMIENTO,SAN CAYETANO,1118,CALLE,SAN CLEMENTE,NA,",,,",CALLE,SAN JORGE,CALLE,SAN COSME,AVENIDA,UNIVERSIDAD,6,false,false,9,ND,ND,0,0,N,N,27,41,0,0,false,4,4,AUTOMOVIL,CHEVROLET,MALIBU,1,6,232,Robo de autopartes y cristalazo,-102.30891027,21.90134560
45778,30403,2,2019-02-16,6,8,18,1,FRACCIONAMIENTO,J GUADALUPE PERALTA GAMEZ,411,CALLE,CATEDRATICOS,NA,",,,",CALLE,SALVADOR RAMIREZ MARTIN DEL CAMPO,AVENIDA,SALUD,AVENIDA,PROCERES DE LA ENSEÑANZA,4,false,false,9,ND,ND,0,0,N,N,27,41,0,0,false,4,4,CAMIONETA,DODGE,DAKOTA,1,7,233,Robo de autopartes y cristalazo,-102.23875857,21.86826361
46827,30403,2,2019-02-17,7,0,48,1,FRACCIONAMIENTO,DEL VALLE 2A SECCION,939,CALLE,PRAGA,NA,"509,,,",CALLE,PARIS,CALLE,FLORENCIA,CALLE,VIENA,6,true,false,9,H,ND,0,0,N,N,25,41,0,0,false,4,4,CAMIONETA,ND,ND,1,1,234,Robo de autopartes y cristalazo,-102.32219907,21.87637581
44466,30411,2,2019-02-15,5,0,46,1,FRACCIONAMIENTO,RODOLFO LANDEROS GALLEGOS,459,CALLE,PAULA DE J JIMENEZ DE YAÑEZ,NA,"107,,,",CALLE,ROSA MARIA REMUSET S,CALLE,NINGUNO,CALLE,MARGARITA TISCAREÑO,5,false,false,9,ND,ND,0,0,N,N,27,24,0,0,false,1,2,AUTOMOVIL,NISSAN,TSURU,1,1,235,Robo de autopartes y cristalazo,-102.25892382,21.90345754
45338,30411,2,2019-02-15,5,21,55,1,SIN TIPO,DESARROLLO 139 (PREPARATORIA UAA),820,CALLE,VICTOR M DIAZ MACIAS,NA,",,,",AVENIDA,CONVENCION DE 1914 NORTE,CALLE,18 DE MARZO,AVENIDA,INDEPENDENCIA,6,false,false,9,ND,ND,0,0,N,N,14,24,0,1700,false,1,2,CAMIONETA,DODGE,CARAVAN,1,1,236,Robo de autopartes y cristalazo,-102.29512553,21.90099859
45761,30411,2,2019-02-16,6,7,34,1,FRACCIONAMIENTO,POZO BRAVO,421,CALLE,POZO DEL SOL,NA,"203,,,",CALLE,PAULINO N MARTI,CALLE,GENERAL PANFILO NATERA,CALLE,POZO NACIONAL,5,false,false,9,ND,ND,0,0,N,N,6,38,0,0,false,1,1,AUTOMOVIL,NISSAN,TSURU,1,1,237,Robo de autopartes y cristalazo,-102.28079285,21.92707596
45802,30411,2,2019-02-16,6,9,10,7,COMUNIDAD,EL SALITRILLO,246P,CARRETERA,45 AGUASCALIENTES-ZACATECAS,NA,",,,",NA,NA,NA,NA,NA,NA,7,false,false,9,"H,H",ND,0,0,N,N,19,3,0,5000,false,1,1,AUTOMOVIL,CHEVROLET,CAVALIER,1,2,238,Robo de autopartes y cristalazo,-102.29521937,22.17821533
46007,30411,2,2019-02-16,6,14,42,1,FRACCIONAMIENTO,MORELOS II,622,CALLE,SIXTO VERDUZCO,NA,",,,",CALLE,CORREGIDORA,CALLE,HERMANOS GALEANA,CALLE,JOSE MARIA LICEAGA,3,false,false,9,ND,ND,0,0,N,N,27,37,0,0,false,5,2,AUTOMOVIL,CHEVROLET,ND,1,13,239,Robo de autopartes y cristalazo,-102.26184519,21.85290237
46364,30411,2,2019-02-16,6,20,32,11,COMUNIDAD,LA PROVIDENCIA,305P,AVENIDA,BENITO JUAREZ,NA,",,,",NA,NA,NA,NA,NA,NA,7,false,false,9,H,ND,0,0,BICICLETA,BICICLETA,23,"3,22",0,0,false,1,3,CAMION,ND,ND,1,2,240,Robo de autopartes y cristalazo,-102.27662064,22.06023824
47202,30411,2,2019-02-17,7,5,4,11,FRACCIONAMIENTO,HIDALGO,8,CALLE,JOSEFA ORTIZ DE DOMINGUEZ,NA,"328,,,",CALLE,JOSEFA ORTIZ DE DOMINGUEZ,AVENIDA,SAUCE,CALLE,RAFAEL IRIARTE,7,false,false,9,H,ND,0,0,N,N,26,"22,38",0,1700,false,1,3,AUTOMOVIL,ND,ND,1,2,241,Robo de autopartes y cristalazo,-102.26836399,22.07047122
47252,30411,2,2019-02-17,7,6,51,1,FRACCIONAMIENTO,CASA BLANCA,553,AVENIDA,MONTE ALBAN,NA,"526,,,",CALLE,VIVERO DEL PRADO,PROLONGACION,30 DE SEPTIEMBRE,CALLE,VIVERO DEL ROCIO,3,false,false,9,ND,ND,0,0,N,N,27,22,0,0,false,1,2,AUTOMOVIL,CHEVROLET,AVEO,1,2,242,Robo de autopartes y cristalazo,-102.27141477,21.85618281
47260,30411,2,2019-02-17,7,7,14,1,FRACCIONAMIENTO,MORELOS I,1120,CALLE,MEXICO LIBRE,NA,"1523,,,",CALLE,ALBINO GARCIA,CALLE,SOLDADO INSURGENTE,CALLE,30 DE JULIO,3,false,false,9,ND,ND,0,0,N,N,19,22,0,3000,false,1,2,AUTOMOVIL,NISSAN,TSURU,1,17,243,Robo de autopartes y cristalazo,-102.26623373,21.85623519
47768,30411,2,2019-02-17,7,18,0,1,FRACCIONAMIENTO,VILLAS DE NUESTRA SEÑORA DE LA ASUNCION (SECTOR GUADALUPE),402,AVENIDA,JOSE DE JESUS GONZALEZ GARCIA,11,"103,,,",CALLE,ELIAS DE LARA,CALLE,JOSE V LOPEZ,CALLE,GERARDO AMCIAS,5,false,false,9,H,VECINO,0,0,N,N,23,6,0,5000,false,1,1,AUTOMOVIL,NISSAN,TSURU,1,2,244,Robo de autopartes y cristalazo,-102.25302739,21.92911102
47782,30411,2,2019-02-17,7,18,10,1,COLONIA,VICENTE GUERRERO,1108,CALLE,ALLENDE,NA,",,,",AVENIDA,REVOLUCION,CALLE,BENITO MONTOYA,CALLE,DEL POZO,2,false,false,9,ND,ND,0,0,N,N,22,24,0,0,false,1,2,AUTOMOVIL,NISSAN,TSURU,1,2,245,Robo de autopartes y cristalazo,-102.31526184,21.84750709
46779,30411,2,2019-02-17,7,0,24,1,COLONIA,INDUSTRIAL,919,CALLE,JOSE BOLADO,NA,",,,",CALLE,JOSE BOLADO,CALLE,MELQUIADES MORENO,CALLE,LUIS LOPEZ,6,false,false,9,H,ND,0,0,N,N,25,25,0,0,false,2,2,AUTOMOVIL,ND,ND,1,1,246,Robo de autopartes y cristalazo,-102.29422465,21.89465311
46761,30411,2,2019-02-17,7,0,18,1,COLONIA,DEL TRABAJO (DELEGACION JESUS TERAN),477,CALLE,FRANCISCO GONZALEZ BOCANEGRA,NA,"404,,,",CALLE,PRIVADA FORJADORES,CALLE,PRIVADA CARPINTEROS,CALLE,67,4,true,false,9,H,ND,0,0,N,N,25,37,0,0,false,5,2,MOTOCICLETA,ND,ND,1,2,247,Robo de autopartes y cristalazo,-102.27040500,21.88707237
49315,30403,2,2019-02-18,1,23,2,1,FRACCIONAMIENTO,LAS ARBOLEDAS,758,CALLE,EUCALIPTO,NA,",,,",CALLE,MARGIL DE JESUS,CALLE,LAUREL,CALLE,CASUARINA,6,false,false,9,"H,H",ND,0,0,BICICLETA,BICICLETA,24,"3,38",0,8000,false,4,1,AUTOMOVIL,CHEVROLET,MATIZ,1,1,248,Robo de autopartes y cristalazo,-102.30313403,21.89956466
49289,30403,2,2019-02-18,1,22,41,5,COLONIA,EL TORITO,199,CALLE,15 DE SEPTIEMBRE,NA,",,,",CALLE,VICENTE GUERRERO,AVENIDA,SOLIDARIDAD,AVENIDA,FRANCISCO I MADERO,7,false,false,9,ND,ND,0,0,N,N,24,3,0,0,false,4,1,CAMIONETA,CHEVROLET,BLAZER,1,1,249,Robo de autopartes y cristalazo,-102.35382088,21.96960589
48384,30411,2,2019-02-18,1,3,28,1,FRACCIONAMIENTO,VERSALLES II,1071,CALLE,INGENIERO CAMILO ARRIAGA,NA,"237,,,",AVENIDA,CONVENCION,AVENIDA,DOCTOR MARIANO AZUELA,PEATONAL,DOROTEO ARANGO,2,false,false,9,ND,ND,0,0,N,N,5,24,0,1000,false,1,2,CAMIONETA,FORD,AEROSTAR,1,17,250,Robo de autopartes y cristalazo,-102.31445931,21.85353267
49210,30411,2,2019-02-18,1,21,53,1,COLONIA,ZONA CENTRO,906,CALLE,FRANCISCO G HORNEDO,NA,"505,,,",CALLE,RIO RHIN,CALLE,JOSEFA ORTIZ DE DOMINGUEZ,CALLE,MEDINA,1,false,false,9,H,ND,0,0,N,N,23,24,0,1000,false,1,2,AUTOMOVIL,CHRYSLER,SHADOW,1,1,251,Robo de autopartes y cristalazo,-102.28922879,21.88103590
49463,30403,2,2019-02-19,2,5,38,5,FRACCIONAMIENTO,LAS PALMAS,193,CALLE,VISTA ALEGRE,NA,"601,,,",AVENIDA,GUADALUPE VICTORIA,CALLE,LOS OYAMELES,AVENIDA,CONSTITUCION,7,false,false,9,ND,ND,0,0,N,N,26,"22,24",0,0,false,4,2,CAMIONETA,FORD,ND,1,1,252,Robo de autopartes y cristalazo,-102.34991409,21.96621285
50257,30403,2,2019-02-19,2,22,56,1,COLONIA,SAN MARCOS (DELEGACION CENTRO),736,CALLE,22 DE OCTUBRE,NA,",,,",CALLE,NIETO,CALLE,NICOLAS RAMIREZ,AVENIDA,CONVENCION DE 1914 PONIENTE,6,false,false,9,ND,ND,0,0,N,N,24,"26,6",0,50000,false,4,1,CAMIONETA,TOYOTA,RAV4,1,1,253,Robo de autopartes y cristalazo,-102.31140870,21.87454445
50123,30403,2,2019-02-19,2,20,56,1,FRACCIONAMIENTO,BOSQUES DEL PRADO SUR,777,CALLE,LAGOS DE MORENO,NA,",,,",AVENIDA,UNIVERSIDAD,CALLE,SIERRA DE TEPOZTLAN,CALLE,SIERRA AZUL,6,false,false,9,ND,ND,0,0,N,N,23,26,0,0,false,4,1,CAMIONETA,NISSAN,XTRAIL,1,1,254,Robo de autopartes y cristalazo,-102.31125550,21.91088975
49414,30403,2,2019-02-19,2,1,55,1,FRACCIONAMIENTO,CONSTITUCION,794,CALLE,ARTICULO PRIMERO,NA,",,,",CALLE,ARTICULO 21,CALLE,ARTICULO 35,CALLE,ARTICULO 24,5,true,false,9,ND,ND,0,0,N,N,25,41,0,0,false,4,4,CAMIONETA,CHRYSLER,VOYAGUER,1,1,255,Robo de autopartes y cristalazo,-102.28480798,21.93397605
49928,30403,2,2019-02-19,2,18,0,1,COLONIA,LAS FLORES,1072,CALLE,JAZMINES,NA,",,,",AVENIDA,DE LAS ORQUIDEAS,CALLE,LOS LAURELES,CALLE,MARAVILLAS,2,false,false,9,H,ND,0,0,N,N,22,"12,26",0,0,false,4,4,AUTOMOVIL,HONDA,ND,1,1,256,Robo de autopartes y cristalazo,-102.30116073,21.87493157
49621,30411,2,2019-02-19,2,11,25,1,SIN TIPO,CANTERAS DE SANTA IMELDA (SUBDIVISION),1039,BOULEVARD,JUAN PABLO II,NA,"1086,,,",CALLE,DE LOS OLIVOS,CALLE,NINGUNO,CALLE,NINGUNO,2,false,false,9,H,AUTOLAVADO,0,0,N,N,27,38,0,38,false,3,1,AUTOMOVIL,ND,ND,1,6,257,Robo de autopartes y cristalazo,-102.32893760,21.86712961
49836,30411,2,2019-02-19,2,15,38,1,COLONIA,J REFUGIO ESPARZA REYES,446,CALLE,CARLOS A MADRAZO,NA,"135,,,",CALLE,SIERRA DE TLAXCO,PRIVADA,JESUS REYES HEROLES,PRIVADA,JESUS REYES HEROLES,5,true,false,9,H,ND,0,0,N,N,27,6,0,0,false,2,2,CAMIONETA,CHEVROLET,SILVERADO,1,1,258,Robo de autopartes y cristalazo,-102.25670955,21.90904999
49843,30411,2,2019-02-19,2,15,45,1,BARRIO,LA SALUD,1122,CALLE,SAN JOAQUIN,NA,",,,",CALLE,SAN ATANASIO,AVENIDA,HEROE DE NACOZARI SUR,CALLE,DELICIAS,3,false,false,9,ND,ND,0,0,N,N,27,24,0,0,false,1,2,CAMIONETA,ND,ND,1,2,259,Robo de autopartes y cristalazo,-102.28330567,21.87053147
49821,30411,2,2019-02-19,2,15,17,5,FRACCIONAMIENTO,FRATERNIDAD,229R,CALLE,LIBERTAD,NA,"601,,,",CALLE,NINGUNO,CALLE,NINGUNO,CALLE,NINGUNO,7,false,false,9,ND,ND,0,0,N,N,21,3,0,3000,false,3,1,AUTOMOVIL,HONDA,ACCORD,1,1,260,Robo de autopartes y cristalazo,-102.35950475,21.95420269
50832,30403,2,2019-02-20,3,17,1,1,COLONIA,LAS FLORES,1072,CALLE,LAS FLORES,NA,"803,,,",CALLE,GERANIOS,CALLE,CLAVELES,AVENIDA,DE LAS ORQUIDEAS,2,false,false,9,ND,ND,0,0,N,N,27,26,0,0,false,4,1,CAMIONETA,CHRYSLER,VOYAGUER,1,1,261,Robo de autopartes y cristalazo,-102.30458299,21.87234159
50823,30403,2,2019-02-20,3,16,54,1,FRACCIONAMIENTO,SAN CAYETANO,1118,CALLE,SAN JORGE,NA,",,,",AVENIDA,UNIVERSIDAD,CALLE,SAN CLEMENTE,CALLE,SAN COSME,6,false,false,9,ND,ND,0,0,N,N,27,41,0,0,false,4,4,CAMIONETA,FORD,ESCAPE,1,1,262,Robo de autopartes y cristalazo,-102.30759728,21.90225501
50412,30403,2,2019-02-20,3,4,36,1,FRACCIONAMIENTO,MUJERES ILUSTRES,602,CALLE,RIGOBERTA MENCHU,NA,",,,",CALLE,30 DE SEPTIEMBRE,CALLE,JUANA DE ARCO,CALLE,CATO HANRATH,3,false,false,9,ND,ND,0,0,N,N,26,3,0,5000,false,4,1,AUTOMOVIL,NISSAN,TSURU,1,1,263,Robo de autopartes y cristalazo,-102.25628646,21.84957953
51059,30403,2,2019-02-20,3,21,8,1,FRACCIONAMIENTO,CIRCUNVALACION NORTE (DELEGACION POCITOS),808,CALLE,MARGIL DE JESUS,NA,",,,",AVENIDA,INDEPENDENCIA,CALLE,ENCINO,AVENIDA,CONVENCION DE 1914 NORTE,6,false,false,9,ND,ND,0,0,N,N,22,24,0,2099,false,4,2,CAMIONETA,DODGE,CARAVAN,1,1,264,Robo de autopartes y cristalazo,-102.29633007,21.90148613
50390,30403,2,2019-02-20,3,3,5,1,FRACCIONAMIENTO,NAZARIO ORTIZ GARZA,452,CALLE,PASCUAL CORNEJO,NA,"210,,,",CALLE,MATIAS SAUCEDO,CALLE,J ANTONIO VELARDE,BOULEVARD,GUADALUPANO,5,true,false,9,H,ND,1,0,N,N,26,41,0,0,false,4,4,AUTOMOVIL,ND,ND,1,4,265,Robo de autopartes y cristalazo,-102.26743461,21.90476618
50477,30403,2,2019-02-20,3,8,9,5,COLONIA,EL TORITO,199,CALLE,20 DE NOVIEMBRE,NA,"142,,,",CALLE,20 DE NOVIEMBRE,AVENIDA,FRANCISCO I MADERO,CALLE,SOR JUANA INES DE LA CRUZ,7,false,false,9,ND,ND,0,0,N,N,27,41,0,0,false,4,4,AUTOMOVIL,NISSAN,DATSUN,1,2,266,Robo de autopartes y cristalazo,-102.35425786,21.96868785
50589,30411,2,2019-02-20,3,11,20,5,COLONIA,EL TORITO,199,AVENIDA,SOLIDARIDAD,NA,",,,",AVENIDA,FRANCISCO I MADERO,CALLE,15 DE SEPTIEMBRE,CALLE,SOR JUANA INES DE LA CRUZ,7,false,false,9,ND,ND,0,0,N,N,20,"22,28",400,1000,false,1,2,TRAILER,KENWORTH,ND,1,1,267,Robo de autopartes y cristalazo,-102.35421467,21.96912192
50693,30411,2,2019-02-20,3,14,7,1,SIN TIPO,DESARROLLO 89 (FRENTE CC ESPACIO),714,AVENIDA,TECNOLOGICO,NA,",,,",AVENIDA,LICENCIADO ADOLFO LOPEZ MATEOS,CALLE,NINGUNO,CALLE,NINGUNO,4,false,false,9,H,AUTOLAVADO,0,0,N,N,21,28,0,300,false,3,1,AUTOMOVIL,NISSAN,VERSA,1,1,268,Robo de autopartes y cristalazo,-102.26246500,21.87915497
50927,30411,2,2019-02-20,3,18,55,1,SIN TIPO,DESARROLLO 58 (FRENTE BASICOS),843,AVENIDA,INDEPENDENCIA,NA,",,,",PRIVADA,HAROLD R PAPE,AVENIDA,AGUASCALIENTES NORTE,BOULEVARD,A ZACATECAS,6,false,false,9,ND,ND,0,0,N,N,27,"26,27,28",2000,8000,false,1,1,CAMIONETA,ND,ND,1,1,269,Robo de autopartes y cristalazo,-102.29717839,21.91610172
50756,30411,2,2019-02-20,3,15,24,1,COLONIA,ALTAVISTA,922,CALLE,AQUILES SERDAN,NA,"112,,,",CALLE,AQUILES SERDAN,CALLE,AMADO NERVO,CALLE,SAN FELIPE,6,false,false,9,ND,ND,0,0,N,N,9,28,1000,1000,false,1,1,AUTOMOVIL,CHEVROLET,CHEVY,1,6,270,Robo de autopartes y cristalazo,-102.30372226,21.89431417
51411,30403,2,2019-02-21,4,8,37,1,FRACCIONAMIENTO,SAN CAYETANO,1118,CALLE,SAN COSME,NA,",,,",AVENIDA,UNIVERSIDAD,CALLE,SAN CLEMENTE,CALLE,SAN JOSE,6,false,false,9,ND,ND,0,0,N,N,16,41,0,0,false,4,4,AUTOMOVIL,NISSAN,SENTRA,1,1,271,Robo de autopartes y cristalazo,-102.30716972,21.90140835
52169,30403,2,2019-02-21,4,23,54,1,FRACCIONAMIENTO,BOULEVARES 1A SECCION,1047,CALLE,PROFESOR ENRIQUE OLIVARES SANTANA,NA,",,,",PROLONGACION,DIEGO FERNANDEZ VILLA,CALLE,EUGENIO ALCALA,CALLE,LAURO AGUIRRE,2,true,false,9,H,ND,0,0,N,N,24,"11,27",0,0,false,4,3,AUTOMOVIL,DODGE,ATOS,1,1,272,Robo de autopartes y cristalazo,-102.30420614,21.85510927
51889,30411,2,2019-02-21,4,18,52,1,COLONIA,ALTAVISTA,922,CALLE,JESUS MARIA,NA,"312,,,",CALLE,AQUILES SERDAN,CALLE,AMADO NERVO,CALLE,PONCIANO ARRIAGA,6,true,false,9,H,ND,0,0,N,N,22,28,50,50,false,1,1,AUTOMOVIL,VOLKSWAGEN,JETTA,1,6,273,Robo de autopartes y cristalazo,-102.30255091,21.89317957
51611,30403,2,2019-02-21,4,13,33,1,FRACCIONAMIENTO,GAMEZ,690,CALLE,9 DE JULIO,NA,",,,",CALLE,PODER LEGISLATIVO,AVENIDA,HEROE DE NACOZARI,PROLONGACION,SAN MIGUEL,1,false,false,9,"H,H",ND,0,0,N,N,21,"6,3,26,12",0,8000,false,4,1,CAMIONETA,CHEVROLET,TORNADO,1,1,274,Robo de autopartes y cristalazo,-102.28160139,21.87662876
52136,30411,2,2019-02-21,4,23,11,1,FRACCIONAMIENTO,LAS ARBOLEDAS,758,CALLE,JACARANDA,NA,"308,,,",AVENIDA,CONVENCION DE 1914 NORTE,CALLE,MARGIL DE JESUS,CALLE,TABACHIN,6,false,false,9,ND,ND,0,0,N,N,27,"26,6,22",0,5200,false,1,3,AUTOMOVIL,FORD,TOPAZ,1,1,275,Robo de autopartes y cristalazo,-102.30336762,21.89840277
52255,30403,2,2019-02-22,5,3,1,5,COLONIA,EL TORITO,199,AVENIDA,FRANCISCO I MADERO,NA,"409,,,",CALLE,LAZARO CARDENAS,CALLE,ORQUIDEAS,CALLE,NINGUNO,7,false,false,9,ND,ND,0,0,N,N,27,41,0,0,false,4,4,CAMIONETA,CHEVROLET,S10,1,1,276,Robo de autopartes y cristalazo,-102.35581257,21.97008624
52328,30403,2,2019-02-22,5,7,23,1,FRACCIONAMIENTO,MUJERES ILUSTRES,602,CALLE,DOLORES LUDEWING,NA,"107,,,",CALLE,MARIA ASENCION RENTERIA,CALLE,DE LA INFANTERIA,CALLE,EMA GODOY,3,false,false,9,ND,ND,0,0,N,N,15,"22,23",0,6000,false,4,2,AUTOMOVIL,FORD,FIESTA,1,1,277,Robo de autopartes y cristalazo,-102.24949542,21.84677034
524495,30403,2,2019-02-22,5,11,44,1,FRACCIONAMIENTO,GAMEZ,690,CALLE,5 DE FEBRERO,NA,",,,",AVENIDA,HEROE DE NACOZARI SUR,CALLE,PODER LEGISLATIVO,PROLONGACION,SAN MIGUEL,1,true,false,9,ND,ND,0,0,N,N,20,41,0,0,false,4,4,AUTOMOVIL,FORD,FOCUS,1,2,278,Robo de autopartes y cristalazo,-102.28157505,21.87781508
53976,30403,2,2019-02-23,6,21,24,1,COLONIA,ALTAVISTA,922,CALLE,SANTA IRENE,NA,",,,",CALLE,HOMBRES ILUSTRES,CALLE,JESUS GOMEZ PORTUGAL,CALLE,JESUS MARIA RODRIGUEZ,6,false,false,9,H,ND,0,0,N,N,23,22,0,3000,false,4,2,AUTOMOVIL,ND,ND,1,1,279,Robo de autopartes y cristalazo,-102.30366035,21.89290717
54014,30403,2,2019-02-23,6,21,54,1,COLONIA,SAN PABLO,921,CALLE,RIO MORCINIQUE,NA,",,,",CALLE,RIO SAN PEDRO,CALLE,MARINA NACIONAL,CALLE,RIO VERDE,6,false,false,9,ND,ND,0,0,N,N,23,"3,12,26",0,7000,false,4,1,AUTOMOVIL,VOLKSWAGEN,JETTA,1,2,280,Robo de autopartes y cristalazo,-102.29901905,21.89181016
54119,30403,2,2019-02-23,6,23,7,1,FRACCIONAMIENTO,EL PLATEADO,828,AVENIDA,INDEPENDENCIA,NA,",,,",CALLE,YUCATAN,CALLE,VIRREY DE MENDOZA,CALLE,MELQUIADES MORENO,6,false,false,9,ND,ND,0,0,N,N,24,23,0,5000,false,4,2,AUTOMOVIL,CHRYSLER,CIRRUS,1,2,281,Robo de autopartes y cristalazo,-102.29648521,21.90554246
54641,30403,2,2019-02-24,7,9,56,1,FRACCIONAMIENTO,DEL VALLE 2A SECCION,939,CALLE,FLORENCIA,NA,"411,,,",CALLE,PRAGA,CALLE,VIENA,CALLE,PARIS,6,false,false,9,ND,ND,0,0,N,N,16,38,0,1000,false,4,1,AUTOMOVIL,CHEVROLET,CAVALIER,1,1,282,Robo de autopartes y cristalazo,-102.32177376,21.87600048
55069,30403,2,2019-02-24,7,18,19,1,FRACCIONAMIENTO,SAN CAYETANO,1118,CALLE,SAN JORGE,NA,",,,",AVENIDA,UNIVERSIDAD,CALLE,SAN CLEMENTE,CALLE,SAN COSME,6,false,false,9,ND,ND,0,0,N,N,27,41,0,0,false,4,4,AUTOMOVIL,HONDA,ND,1,6,283,Robo de autopartes y cristalazo,-102.30755188,21.90226762
52184,30411,2,2019-02-22,5,0,11,1,SIN TIPO,CANTERAS DE SANTA IMELDA (SUBDIVISION),1039,CALLE,VALLE DEL MORCINIQUE,NA,",,,",RETORNO,DEL COLISEO,RETORNO,MALACATA,CALLE,DE LOS OLIVOS,2,false,false,9,ND,ND,0,0,N,N,17,"26,27",0,10000,false,1,1,CAMIONETA,HONDA,ND,1,1,284,Robo de autopartes y cristalazo,-102.32829553,21.86678446
52309,30411,2,2019-02-22,5,6,50,6,FRACCIONAMIENTO,PLUTARCO ELIAS CALLES,95,CALLE,ESTEBAN AVILA,NA,"734,,,",CALLE,NARCISO PERALES,CALLE,MAURO LOERA DONOSO,CALLE,ISIDRO CALERA,7,false,false,9,ND,ND,0,0,N,N,16,"26,11",0,1000,false,1,3,CAMIONETA,DODGE,DAKOTA,1,1,285,Robo de autopartes y cristalazo,-102.28825699,22.14382158
52607,30411,2,2019-02-22,5,13,59,1,FRACCIONAMIENTO,VILLAS DE LA UNIVERSIDAD,807,AVENIDA,UNIVERSIDAD,NA,",,,",CALLE,LICENCIADO GUILELRMO H MIRAMONTES,AVENIDA,CONVENCION 1914 NORTE,CALLE,TABACHIN,6,false,false,9,ND,ND,0,0,N,N,27,38,0,3500,false,1,1,AUTOMOVIL,ND,ND,1,1,286,Robo de autopartes y cristalazo,-102.30467572,21.89766476
52630,30411,2,2019-02-22,5,14,43,5,FRACCIONAMIENTO,VIÑEDOS EVA,195P,CALLE,CHASELA,NA,",,,",PROLONGACION,INDEPENDENCIA,AVENIDA,SAN EMILIANO,CALLE,CARIÑAN,7,false,false,9,ND,ND,0,0,N,N,9,38,0,15000,false,1,1,AUTOMOVIL,CHEVROLET,CHEVY,1,1,287,Robo de autopartes y cristalazo,-102.29520614,21.95768359
53389,30411,2,2019-02-23,6,9,8,6,FRACCIONAMIENTO,VERGEL DEL VALLE,98,CIRCUITO,UVA,NA,"192,,,",AVENIDA,VERGEL,CIRCUITO,UVAS,AVENIDA,CESAREO RUIZ REYES,7,false,false,9,ND,ND,0,0,N,N,6,"11,25",0,3000,false,3,2,CAMIONETA,CHRYSLER,VOYAGUER,1,1,288,Robo de autopartes y cristalazo,-102.28791017,22.14902580
54113,30411,2,2019-02-23,6,23,3,1,CONDOMINIO,CENTRAL DE ABASTOS,1087,BOULEVARD,JOSE MARIA CHAVEZ,NA,",,,",CALLE,NINGUNO,AVENIDA,SIGLO XXI,CALLE,NINGUNO,2,false,false,9,H,ND,0,0,N,N,24,3,0,0,false,1,1,TRAILER,ND,ND,1,1,289,Robo de autopartes y cristalazo,-102.28889332,21.83271534
54572,30411,2,2019-02-24,7,5,37,1,FRACCIONAMIENTO,PRADOS DEL SUR,1100,CALLE,GERTRUDIS BOCANEGRA,NA,"602,,,",CALLE,COFRE DE PEROTE,CALLE,CAPITAN DIEGO FERNANDEZ VILLA,CALLE,SARGENTO LUCINAO PONCE,2,false,false,9,H,ND,0,0,N,N,26,22,0,0,false,1,2,AUTOMOVIL,CHEVROLET,CHEVY,1,17,290,Robo de autopartes y cristalazo,-102.29883638,21.85634669
54637,30411,2,2019-02-24,7,9,43,1,SIN TIPO,DESARROLLO 92 (CANTIA),931,CALLE,CLAVELES,NA,",,,",CALLE,ROSALES,PRIVADA,MARGARITAS,CALLE,NINGUNO,2,false,false,9,ND,ND,0,0,N,N,26,24,0,10000,true,1,2,CAMION,ND,ND,1,1,291,Robo de autopartes y cristalazo,-102.33558534,21.87047604
54923,30403,2,2019-02-24,7,15,56,1,FRACCIONAMIENTO,LUIS ORTEGA DOUGLAS,440,CALLE,EL COTON,NA,"120,,,",CALLE,EL GIGANTE,CALLE,EL PICACHO,CALLE,TRINIDAD,5,false,false,9,ND,ND,0,0,N,N,16,6,0,50,false,4,1,AUTOMOVIL,VOLKSWAGEN,JETTA,1,17,292,Robo de autopartes y cristalazo,-102.26149748,21.90932266
54959,30403,2,2019-02-24,7,16,12,1,COLONIA,ALTAVISTA,922,CALLE,PONCIANO ARRIAGA,NA,"415,,,",CALLE,JESUS GOMEZ PORTUGAL,CALLE,HOMBRES ILUSTRES,CALLE,JESUS MARIA RODRIGUEZ,6,false,false,9,H,ND,0,0,N,N,22,22,0,0,false,4,2,AUTOMOVIL,CHEVROLET,CHEVY,1,1,293,Robo de autopartes y cristalazo,-102.30306320,21.89214381
55141,30411,2,2019-02-24,7,19,21,1,COLONIA,LAS FLORES,1072,CALLE,JAZMINES,NA,",,,",CALLE,LAURELES,CALLE,ORQUIDEAS,CALLE,JOSE F ELIZONDO,2,false,false,9,ND,ND,0,0,N,N,27,"26,28,12",500,0,false,1,1,AUTOMOVIL,CHEVROLET,OPTRA,1,1,294,Robo de autopartes y cristalazo,-102.30109348,21.87495675
53474,30403,2,2019-02-23,6,11,39,1,SIN TIPO,DESARROLLO 79 (LADO FRACC LA CONCORDIA),671,AVENIDA,DE LOS ARELLANO,NA,",,,",CALLE,MONTEBELLO,AVENIDA,CONVENCION DE 1914 PONIENTE,CALLE,MIRAFLORES,6,false,false,9,H,ND,0,0,N,N,24,41,0,0,false,4,4,CAMIONETA,ND,ND,1,17,295,Robo de autopartes y cristalazo,-102.31394394,21.88714370
54887,30411,2,2019-02-24,7,15,25,1,FRACCIONAMIENTO,MORELOS II,622,CALLE,JOSE GONZALEZ CARRILLO,NA,",,,",CALLE,30 DE SEPTIEMBRE,AVENIDA,MARIANO HIDALGO,CALLE,JOSE A TORRES,3,true,false,9,H,TATUAJES EN BRAZOS,2,0,N,N,21,24,0,0,false,1,2,AUTOMOVIL,CHEVROLET,CHEVY,1,4,296,Robo de autopartes y cristalazo,-102.25570854,21.85121242
55102,30411,2,2019-02-24,7,18,48,1,FRACCIONAMIENTO,BOSQUES DEL PRADO SUR,777,CALLE,SIERRA DE TEPOZTLAN,NA,",,,",CALLE,SIERRA DE LAS PALOMAS,AVENIDA,AGUASCALIENTES NORTE,AVENIDA,UNIVERSIDAD,6,false,false,9,H,ND,0,0,N,N,22,38,0,0,false,1,1,AUTOMOVIL,ND,ND,1,2,297,Robo de autopartes y cristalazo,-102.31114270,21.91552653
48948,30411,2,2019-02-18,1,18,15,1,FRACCIONAMIENTO,INSURGENTES,1046,CALLE,GENERAL FORTUNATO MAYCOTTE,NA,",,,",AVENIDA,CONVENCION,AVENIDA,DOCTOR MARIANO AZUELA,CALLE,GENERAL CESAREO CASTRO,2,true,false,9,H,ND,0,0,N,N,27,37,0,0,false,5,2,AUTOMOVIL,ND,ND,1,6,298,Robo de autopartes y cristalazo,-102.31324972,21.85270710
51365,30411,2,2019-02-20,4,8,0,1,CONDOMINIO,RESIDENCIAL PULGAS PANDAS NORTE,845,AVENIDA,AGUASCALIENTES NORTE,NA,",,,",CALLE,ALAMOS,AVENIDA,INDEPENDENCIA,CALLE,DEL PIRUL,6,false,false,9,ND,ND,0,0,N,N,27,12,0,3000,false,1,1,AUTOMOVIL,VOLKSWAGEN,JETTA,1,1,299,Robo de autopartes y cristalazo,-102.29883787,21.91599458
52326,30411,2,2019-02-22,5,7,21,1,FRACCIONAMIENTO,VILLAS DE NUESTRA SEÑORA DE LA ASUNCION (SECTOR ALAMEDA),516,CALLE,EUGENIO AVILA,NA,"115,,,",AVENIDA,GERONIMO DE LA CUEVA,CALLE,FELIPE TORRES,CALLE,MARCELINO MACIAS DIAZ,5,false,false,9,ND,ND,0,0,N,N,16,23,0,0,false,1,2,CAMION,ND,ND,1,1,300,Robo de autopartes y cristalazo,-102.26268557,21.93221978
52300,30403,2,2019-02-22,5,6,12,5,COLONIA,EJIDAL,196,CALLE,SOLIDARIDAD,NA,",,,",CALLE,PRIMERO DE MARZO,CALLE,FELIPE ANGELES,CALLE,FELIPE ANGELES,7,false,false,9,H,ND,0,0,BICICLETA,"BICICLETA, CROMADA",19,41,0,0,false,4,4,CAMIONETA,ND,ND,1,2,301,Robo de autopartes y cristalazo,-102.35433532,21.96491650
56376,30403,2,2019-02-25,1,21,46,1,CONDOMINIO,CENTRO COMERCIAL GALERIAS,357,CALLE,NINGUNO,NA,",,,",CALLE,NINGUNO,CALLE,NINGUNO,CALLE,NINGUNO,6,false,false,9,ND,ND,0,0,N,N,4,"26,38",0,800,false,4,1,AUTOMOVIL,HONDA,CIVIC,1,1,302,Robo de autopartes y cristalazo,-102.29743971,21.92148301
55811,30403,2,2019-02-25,1,8,21,1,FRACCIONAMIENTO,INSURGENTES,1046,CALLE,GENERAL LUIS CABALELRO,NA,"302,,,",CALLE,CAPITAN GUSTAVO GARMENDIA,CALLE,GENERAL FRANCISCO CARRERA TORRES,CALLE,GENERAL MACLOVIO HERRERA,2,false,false,9,ND,ND,0,0,N,N,27,41,0,0,false,4,4,CAMIONETA,FORD,EXPLORER,1,1,303,Robo de autopartes y cristalazo,-102.31391614,21.84848923
56378,30411,2,2019-02-25,1,21,48,1,FRACCIONAMIENTO,EJIDO LAS CUMBRES,403,CALLE,SIERRA DE LA PARNAZO,NA,"209,,,",CALLE,SIERRA DE LA HUAUTLA,CALLE,CUMBRE DE JUQUILA,CALLE,PEDRO QUINTANAR,5,false,false,9,ND,ND,0,0,N,N,24,23,0,3000,false,1,2,AUTOMOVIL,CHEVROLET,CHEVY,1,1,304,Robo de autopartes y cristalazo,-102.25248325,21.90931233
55753,30411,2,2019-02-25,1,5,26,1,FRACCIONAMIENTO,VISTAS DE ORIENTE,489,CALLE,SANTIAGO 202,NA,"106,,,",CALLE,SANTIAGO 202,CALLE,SANTIAGO 202,CALLE,CATARATAS DEL NIAGARA,4,false,false,9,H,ND,0,0,N,N,27,38,0,0,false,1,1,AUTOMOVIL,CHEVROLET,CHEVY,1,2,305,Robo de autopartes y cristalazo,-102.23420966,21.88260444
55851,30411,2,2019-02-25,1,8,52,1,FRACCIONAMIENTO,MORELOS II,622,CALLE,CORREGIDORA,NA,",,,",AVENIDA,SIGLO XXI,CALLE,MARIANO JIMENEZ,CALLE,MAYO DE 1812,3,false,false,9,H,MALACARA,0,0,N,N,24,28,12000,12000,false,1,1,CAMIONETA,FORD,RANGER,1,1,306,Robo de autopartes y cristalazo,-102.26188117,21.85372047
55924,30411,2,2019-02-25,1,11,53,1,FRACCIONAMIENTO,OJOCALIENTE III,525,CALLE,CAÑADA GRANDE,NA,",,,",CALLE,LA CONGOJA,CALLE,LA LAGUNITA,CALLE,SAN FRANCISCO DE LOS VIVEROS,4,false,false,9,ND,ND,0,0,N,N,20,22,0,0,false,3,2,CAMIONETA,NISSAN,ND,1,1,307,Robo de autopartes y cristalazo,-102.24556437,21.88175034
55806,30411,2,2019-02-25,1,8,15,3,COLONIA,LIBERAL,288,PRIVADA,SANTOS DEGOLLADO,NA,"6,,,",CALLE,MARIANO ESCOBEDO,CALLE,SANTOS DEGOLLADO,PRIVADA,NINGUNO,7,false,false,9,ND,ND,0,0,N,N,19,38,0,5250,false,1,1,CAMIONETA,CHEVROLET,ND,1,2,308,Robo de autopartes y cristalazo,-102.71592717,21.84114802
56617,30403,2,2019-02-26,2,7,11,1,FRACCIONAMIENTO,REENCUENTRO,408,PRIVADA,NINGUNO,NA,"164,,,",AVENIDA,DE LA TORRE,ANDADOR,NINGUNO,CALLE,NINGUNO,3,false,false,9,ND,ND,0,0,N,N,5,22,0,0,false,4,2,AUTOMOVIL,VOLKSWAGEN,JETTA,1,1,309,Robo de autopartes y cristalazo,-102.24887429,21.84011981
56793,30411,2,2019-02-26,2,12,29,1,FRACCIONAMIENTO,MEXICO,1081,CALLE,SINALOA,NA,"112,,,",CALLE,CASA BLANCA,AVENIDA,AGUASCALIENTES SUR,CALLE,TAMAULIPAS,3,false,false,9,ND,ND,0,0,N,N,27,25,0,0,true,2,2,AUTOMOVIL,NISSAN,TIIDA,1,6,310,Robo de autopartes y cristalazo,-102.28153695,21.86170607
56722,30411,2,2019-02-26,2,10,46,1,FRACCIONAMIENTO,MIRADOR DE LAS CULTURAS II,494,CALLE,CULTURA NAZCA 210,NA,"12,,,",CALLE,CULTURA NAZCA,AVENIDA,CULTURA NAZCA,CALLE,CULTURA NAZCA 212,5,false,false,9,ND,ND,0,0,N,N,20,3,0,0,false,3,1,CAMIONETA,ND,ND,1,1,311,Robo de autopartes y cristalazo,-102.23982877,21.91025780
56764,30411,2,2019-02-26,2,11,46,1,FRACCIONAMIENTO,MUNICIPIO LIBRE,768,CALLE,BERRINCHES,NA,"118,,,",CALLE,BERRINCHES,AVENIDA,SIGLO XXI,CALLE,VIRREYES,4,false,false,9,ND,ND,0,0,N,N,16,"22,23,24",0,2500,false,1,2,AUTOMOVIL,VOLKSWAGEN,SEDAN,1,1,312,Robo de autopartes y cristalazo,-102.25480035,21.89840372
57561,30403,2,2019-02-27,3,10,52,1,BARRIO,LA SALUD,1122,AVENIDA,AYUNTAMIENTO,NA,",,,",PRIVADA,NINGUNO,AVENIDA,CONVENCION DE 1914 SUR,CALLE,ACUEDUCTO,3,false,false,9,ND,ND,0,0,N,N,24,22,0,0,false,4,2,CAMIONETA,FORD,ND,1,2,313,Robo de autopartes y cristalazo,-102.28361257,21.86724870
58235,30403,2,2019-02-27,3,22,35,1,EJIDO,SALTO DE OJOCALIENTE,580,AVENIDA,AGUASCALIENTES ORIENTE,NA,",,,",CALLE,NINGUNO,CALLE,CNC,PRIVADA,EL BARZON,3,false,false,9,ND,ND,0,0,N,N,24,"22,26,6",0,4500,false,4,3,AUTOMOVIL,NISSAN,TSURU,1,1,314,Robo de autopartes y cristalazo,-102.25350957,21.86855914
57411,30411,2,2019-02-27,3,6,13,1,FRACCIONAMIENTO,BOULEVARES 1A SECCION,1047,CALLE,LAURO AGUIRRE,NA,",,,",CALLE,EUGENIO ALCALA,PROLONGACION,PASEO DE LA ASUNCION,CALLE,MARINAO ABAD MIRAMONTES,2,true,false,9,H,ND,0,0,BICICLETA,ND,19,38,0,0,false,1,1,CAMIONETA,ND,ND,1,2,315,Robo de autopartes y cristalazo,-102.30259126,21.85430801
57581,30411,2,2019-02-27,3,11,25,1,FRACCIONAMIENTO,LA ESTRELLA,483,AVENIDA,PASEO DE LA SOLIDARIDAD,NA,",,,",CALLE,LIRA,CALLE,VIA LACTEA,CALLE,PRIMERO DE MAYO,5,false,false,9,ND,AUTOLAVADO,0,0,N,N,20,38,0,400,true,3,2,AUTOMOVIL,ND,ND,1,6,316,Robo de autopartes y cristalazo,-102.28322303,21.90304712
57383,30411,2,2019-02-27,3,2,8,1,FRACCIONAMIENTO,VILLAS DE NUESTRA SEÑORA DE LA ASUNCION (SECTOR ESTACION),502,CALLE,PRFIRIO FERNANDEZ SOTO,NA,",,,",CALLE,FRANCISCO ARMENGOL,AVENIDA,GERONIMO DE LA CUEVA,CALLE,CELESTINO LOPEZ SANCHEZ,5,true,false,9,H,ND,0,0,N,N,25,37,0,0,false,5,2,AUTOMOVIL,VOLKSWAGEN,JETTA,1,2,317,Robo de autopartes y cristalazo,-102.25489602,21.93971873
58460,30403,2,2019-02-28,4,7,46,1,FRACCIONAMIENTO,VILLAS DEL PUERTECITO,700,CALLE,PUERTO CAYO ARCAS,NA,"136,,D,",CALLE,PUERTO DE ENSENADA,CALLE,PUERTO ISLA DEL CARMEN,CALLE,PUERTO SALINAS CRUZ,5,false,false,9,ND,ND,0,0,N,N,6,"22,26,27",0,1500,false,4,3,AUTOMOVIL,NISSAN,TSURU,1,1,318,Robo de autopartes y cristalazo,-102.24899278,21.93889866
58461,30403,2,2019-02-28,4,7,47,1,BARRIO,LA SALUD,1122,AVENIDA,HEROE DE NACOZARI SUR,NA,",,,",CALLE,LA SALUD,CALLE,DELCIAS,CALLE,ACUEDUCTO,3,false,false,9,H,"DAVI, EL CHITO",0,0,N,N,19,"38,6",0,0,false,4,1,CAMIONETA,CHEVROLET,TORNADO,1,1,319,Robo de autopartes y cristalazo,-102.28201070,21.86880391
58329,30403,2,2019-02-28,4,0,6,1,FRACCIONAMIENTO,LA FUENTE,1061,AVENIDA,LAS AMERICAS,NA,"205,,,",CALLE,BAHIA,CALLE,QUITO,CALLE,COQUIMBO,2,false,false,9,ND,ND,0,0,N,N,20,6,0,9000,false,4,1,AUTOMOVIL,KIA,OPTIMA,1,1,320,Robo de autopartes y cristalazo,-102.30133971,21.87236264
59244,30403,2,2019-02-28,4,23,38,1,FRACCIONAMIENTO,BOSQUES DEL PRADO,847,CALLE,SAN JULIAN,NA,"102,,,",CALLE,SIERRA DEL LAUREL,CALLE,SIERRA MORENA,CALLE,SAN JUAN DE LOS LAGOS,6,false,false,9,ND,ND,0,0,N,N,4,6,0,30000,false,4,1,CAMIONETA,NISSAN,XTRAIL,1,1,321,Robo de autopartes y cristalazo,-102.30804428,21.91666618
58903,30403,2,2019-02-28,4,18,35,1,FRACCIONAMIENTO,ESPAÑA,1052,CALLE,BARCELONA,NA,"225,,,",AVENIDA,AGUASCALIENTES PONIENTE,CALLE,ESPAÑA,CALLE,GRANDA,2,false,false,9,"H,M",ND,0,0,N,N,22,41,0,0,false,4,4,CAMIONETA,ND,ND,1,1,322,Robo de autopartes y cristalazo,-102.31674209,21.86243063
58419,30411,2,2019-02-28,4,5,18,1,FRACCIONAMIENTO,VILLA MONTAÑA,502R,CALLE,MONTE DE ALOYA,NA,"119,B,,",AVENIDA,CONSTITUCIONALISTA,CALLE,FRANCISCO DE J HERRERA L,CALLE,MONTE GESSI,5,true,false,9,H,ND,0,0,N,N,26,28,0,0,false,1,1,CAMION,ND,ND,1,2,323,Robo de autopartes y cristalazo,-102.26261738,21.93939611
56587,30411,2,2019-02-26,2,4,41,1,FRACCIONAMIENTO,REAL DE HACIENDAS,492,CALLE,DE CANUTILLO,NA,",,,",CALLE,CANUTILLO,CALLE,HACIENDA LOS POZOS,CALLE,HACIENDA DEL ORO,4,true,false,9,ND,ND,0,0,N,N,26,28,0,0,true,1,2,CAMION,ND,ND,1,10,324,Robo de autopartes y cristalazo,-102.24015330,21.88781948
59452,30403,3,2019-03-01,5,5,58,5,FRACCIONAMIENTO,LA TROJE,202,CALLE,FELIPE GAYTAN REYNA,NA,"108,,,",CALLE,VISTA ALEGRE,AVENIDA,CONSTITUCION,CALLE,SILOS,7,false,false,9,ND,ND,0,0,N,N,26,41,0,0,false,4,4,AUTOMOVIL,CHEVROLET,CHEVY,1,1,325,Robo de autopartes y cristalazo,-102.35020622,21.97074053
59478,30403,3,2019-03-01,5,7,14,1,FRACCIONAMIENTO,MUJERES ILUSTRES,602,CALLE,JUANA DE ARCO,NA,"933,,,",CALLE,CATO HANRATH,AVENIDA,POLIDUCTO,CALLE,INDIRA GANDHI,3,false,false,9,ND,ND,0,0,N,N,27,11,0,1800,false,4,2,AUTOMOVIL,FORD,FOCUS,1,1,326,Robo de autopartes y cristalazo,-102.25584127,21.84897942
59750,30403,3,2019-03-01,5,14,23,1,FRACCIONAMIENTO,SANTA ANITA (DELEGACION CENTRO),523,AVENIDA,CONVENCION DE 1914 ORIENTE,NA,",,,",CALLE,NICLO PAGANINI,CALLE,MANUEL DE FALLA,CALLE,FRANZ PETER SCHUBERT,4,false,false,9,ND,ND,0,0,N,N,21,6,0,8000,false,4,1,CAMIONETA,FORD,LOBO,1,2,327,Robo de autopartes y cristalazo,-102.27880210,21.89618256
60435,30403,3,2019-03-02,6,2,44,1,SIN TIPO,DESARROLLO 98 (CANTEAS DE SAN JOSE),1028,BOULEVARD,JUAN PABLO II,NA,",,,",BOULEVARD,SAN MARCOS,PRIVADA,NINGUNO,CALLE,NINGUNO,2,false,false,9,ND,ND,0,0,N,N,25,6,0,25000,false,4,1,AUTOMOVIL,MERCEDES BENZ,ND,1,1,328,Robo de autopartes y cristalazo,-102.33528951,21.86360703
60523,30403,3,2019-03-02,6,5,49,1,SIN TIPO,DESARROLLO 63 (LADO AGROPECUARIO),830,AVENIDA,INDEPENDENCIA,NA,"1703,,,",CALLE,TEPEZALA,CALLE,AGLAYA,CALLE,MELQUIADES MORENO,6,false,false,9,ND,ND,0,0,AUTOMOVIL,"JETTA, NEGRO",26,41,0,0,false,4,4,AUTOMOVIL,VOLKSWAGEN,JETTA,1,1,329,Robo de autopartes y cristalazo,-102.29673731,21.90790071
61685,30403,3,2019-03-03,7,1,45,1,FRACCIONAMIENTO,NAZARIO ORTIZ GARZA,452,AVENIDA,SIGLO XXI,NA,",,,",BOULEVARD,GUADALUPANO,CALLE,MANUEL GARCIA MARTINEZ,CALLE,CUMBRES,5,false,false,9,ND,ND,0,0,N,N,25,22,0,0,false,4,2,CAMIONETA,CHRYSLER,TOWN COUNTRY,1,2,330,Robo de autopartes y cristalazo,-102.25668820,21.90682595
62147,30411,3,2019-03-03,7,14,11,1,SIN TIPO,DESARROLLO 69 (SECUNDARIA 4 FRACC ANDALUCIA),419,CALLE,CAMINO AL COBANO,NA,",,,",CALLE,ARIES,AVENIDA,PASEO DE LA SOLIDARIDAD,AVENIDA,CENTAURY,5,false,false,9,H,ND,0,0,CAMIONETA,"FORD, EXPEDITION",21,"26,3",0,3500,false,3,1,CAMIONETA,CHEVROLET,SIERRA,1,1,331,Robo de autopartes y cristalazo,-102.28423073,21.90489877
59467,30411,3,2019-03-01,5,6,31,1,BARRIO,EL ENCINO,1096,CALLE,16 DE SEPTIEMBRE,NA,"506,,,",CALLE,LEONA VICARIO,CALLE,ABASOLO,CALLE,JOSEFA ORTIZ DE DOMINGUEZ,1,false,false,9,ND,ND,0,0,N,N,19,26,0,0,false,3,1,AUTOMOVIL,CHEVROLET,AVEO,1,1,332,Robo de autopartes y cristalazo,-102.29111655,21.87556493
60564,30411,3,2019-03-02,6,7,52,1,FRACCIONAMIENTO,PRADOS DEL SUR,1100,PRIVADA,NEVADO DE COLIMA,NA,"101,,,",AVENIDA,MAHATMA GANDHI,CALLE,SARGENTO LUCIANO PONCE,PRIVADA,PICO DE ORIZABA,2,false,false,9,ND,ND,0,0,N,N,6,"22,38",0,0,false,1,3,CAMIONETA,FORD,RANGER,1,1,333,Robo de autopartes y cristalazo,-102.29596345,21.85690287
61160,30411,3,2019-03-02,6,20,22,1,COLONIA,ALTAVISTA,922,AVENIDA,CONVENCION DE 1914 NORTE,NA,",,,",CALLE,PROFESOR EDMUNDO GAMEZ OROZCO,AVENIDA,FUNDICION,CALLE,JOSE MARIA LOPEZ DE NAVA,6,false,false,9,H,ND,0,0,AUTOMOVIL,BLANCO,23,24,0,0,false,1,2,CAMIONETA,FORD,WINSTAR,1,28,334,Robo de autopartes y cristalazo,-102.31056774,21.89524761
62143,30411,3,2019-03-03,7,13,59,1,COLONIA,LAS FLORES,1072,CALLE,LOS LAURELES,NA,",,,",CALLE,ROSAS,CALLE,DALIAS,AVENIDA,DE LAS ORQUIDEAS,2,false,false,9,ND,ND,0,0,N,N,25,26,0,20000,false,2,1,MOTOCICLETA,ND,ND,1,1,335,Robo de autopartes y cristalazo,-102.30298293,21.87524827
62216,30411,3,2019-03-03,7,15,28,1,FRACCIONAMIENTO,VILLA MONTAÑA,502R,CALLE,MONTE EL BRUS,NA,"105,A,,",AVENIDA,CONSTITUCIONALISTAS,CALLE,FRANCISCO DE J HERRERA L,CALLE,CIERRA AGUILADA,5,false,false,9,ND,ND,0,0,N,N,27,22,0,1500,false,1,2,CAMIONETA,ND,ND,1,2,336,Robo de autopartes y cristalazo,-102.25639102,21.94349748
62493,30411,3,2019-03-03,7,20,1,1,FRACCIONAMIENTO,EJIDO LAS CUMBRES,403,CALLE,MARTIRES DEL RIO BLANCO,NA,",,,",CALLE,CUMBRE DE JUQUILA,CALLE,SIERRA DE LAS GARZAS,CALLE,SIERRA IXTLAN,5,false,false,9,ND,ND,0,0,N,N,23,3,0,8000,false,3,1,CAMIONETA,MAZDA,ND,1,1,337,Robo de autopartes y cristalazo,-102.25296827,21.90772541
62667,30411,3,2019-03-03,7,21,58,1,COLONIA,SAN MARCOS (DELEGACION CENTRO),736,CALLE,22 DE OCTUBRE,NA,",,,",CALLE,NIETO,CALLE,NICOLAS RAMIREZ,AVENIDA,CONVENCION DE 1914 PONIENTE,6,false,false,9,ND,ND,0,0,N,N,27,"22,12,26,6",0,0,false,1,3,CAMIONETA,CHRYSLER,VOYAGUER,1,1,338,Robo de autopartes y cristalazo,-102.31140875,21.87457841
62700,30411,3,2019-03-03,7,22,20,1,FRACCIONAMIENTO,MIRADOR DE LAS CULTURAS II,494,AVENIDA,CULTURA NAZCA,NA,",,,",CALLE,CULTURA NAZCA 407,CALLE,CULTURA TOTONACA,CALLE,CARACHOL,5,false,false,9,H,ND,0,0,N,N,27,38,0,0,false,2,2,MOTOCICLETA,ND,ND,1,1,339,Robo de autopartes y cristalazo,-102.24130380,21.91227792
61381,30403,3,2019-03-02,6,22,52,11,FRACCIONAMIENTO,PASEOS DE LA PROVIDENCIA,349PR,CARRETERA,45 AGUASCALIENTES-ZACATECAS,NA,",,,",NA,NA,NA,NA,NA,NA,7,false,false,9,"H,H",ND,0,0,N,N,24,41,0,0,false,4,4,TRAILER,ND,ND,1,2,340,Robo de autopartes y cristalazo,-102.28348940,22.02596491
58867,30411,2,2019-02-28,4,17,49,2,COLONIA,EMANCIPACION (BORUNDA),85-P,CALLE,EMANCIPACION,NA,",,,",CALLE,NINGUNO,CALLE,NINGUNO,CALLE,NINGUNO,7,false,false,9,H,ND,0,0,N,N,22,37,0,0,false,5,2,AUTOMOVIL,CHRYSLER,SHADOW,20,28,341,Robo de autopartes y cristalazo,-101.94081882,22.09199284
60522,30411,3,2019-03-02,6,5,41,1,FRACCIONAMIENTO,MORELOS I,379,PRIVADA,CORREGIDORA,NA,"220,,,",CALLE,CAUSILLOS,CALLE,SITIO DE CUAUTLA,CALLE,CORREGIDORA,3,true,false,9,H,JUAN ADRIAN GONZALEZ VELEZ,1,0,CAMIONETA,NISSA,26,38,0,0,false,1,2,AUTOMOVIL,CHEVROLET,CHEVY,1,4,342,Robo de autopartes y cristalazo,-102.26357568,21.85817019
59859,30411,3,2019-03-01,5,16,35,1,FRACCIONAMIENTO,LAS AMERICAS (DELEGACION CENTRO),1114,AVENIDA,MAHATMA GANDHI,NA,",,,",CALLE,REPUBLICA DOMINICANA,CALLE,REPUBLICA DE COSTA RICA,CALLE,REPUBLICA DE ARGENTINA,2,false,false,9,ND,ND,0,0,N,N,22,"24,11",0,6000,false,1,2,CAMIONETA,NISSAN,QUEST,1,1,343,Robo de autopartes y cristalazo,-102.29563672,21.86723960
63880,30403,3,2019-03-04,1,22,35,1,FRACCIONAMIENTO,BOSQUES DEL PRADO SUR,777,AVENIDA,UNIVERSIDAD,NA,"1102,,,",CALLE,SIERRA DE PINOS,CALLE,SAN JOSE DE LOS REYNOSO,CALLE,SIERRA DE TEPOZTLAN,6,false,false,9,ND,ND,0,0,N,N,27,26,0,0,false,4,1,AUTOMOVIL,ND,ND,1,1,344,Robo de autopartes y cristalazo,-102.31221707,21.91311188
62932,30411,3,2019-03-04,1,0,53,1,FRACCIONAMIENTO,MORELOS,616,AVENIDA,AGUASCALIENTES SUR,NA,",,,",CALLE,COBA,CALLE,SEGUNDA PLAZA KABAH,CALLE,KABAH,3,false,false,9,H,ND,0,0,N,N,25,"22,38",0,600,false,1,3,AUTOMOVIL,FORD,MUSTANG,1,1,345,Robo de autopartes y cristalazo,-102.25709793,21.85955183
63133,30411,3,2019-03-04,1,9,18,1,CONDOMINIO,OJOCALIENTE FOVISSSTE I,739,AVENIDA,PASEO DE LA CRUZ,NA,",,,",CIRCUITO,TRES,CALLE,ESTRELLA POLAR,ANDADOR,UNO ORIENTE,3,false,false,9,ND,ND,0,0,AUTOMOVIL,"NISSAN, TSURU",2,"26,28,38",1000,4000,false,1,1,AUTOMOVIL,NISSAN,TSURU,1,1,346,Robo de autopartes y cristalazo,-102.25926996,21.87389895
63469,30411,3,2019-03-04,1,16,32,5,COLONIA,LUIS DONALDO COLOSIO,201,AVENIDA,SOLIDARIDAD,NA,",,,",CALLE,LUIS DONALDO COLOSIO,CALLE,CRISTOBAL COLON,CALLE,16 DE SEPTIEMBRE,7,false,true,5,ND,ND,0,0,N,N,3,"3,22,28",5000,8000,false,1,3,TRAILER,ND,ND,1,1,347,Robo de autopartes y cristalazo,-102.35372779,21.97118799
64046,30403,3,2019-03-05,2,3,50,1,FRACCIONAMIENTO,LAS VIÑAS,487,CIRCUITO,DE LA VID,NA,",,,",CIRCUITO,DE LA VID,CIRCUITO,DE LA VID,CIRCUITO,DE LA VID,4,true,false,9,H,ND,0,0,AUTOMOVIL,AZUL,26,41,0,0,false,4,4,AUTOMOVIL,CHEVROLET,CAVALIER,1,1,348,Robo de autopartes y cristalazo,-102.28291208,21.89960726
64063,30403,3,2019-03-05,2,4,56,1,FRACCIONAMIENTO,OJOCALIENTE LAS TORRES,531,CALLE,PASEO DEL CERRITO,NA,"343,,,",CALLE,PASEO DE LA HACIENDA,AVENIDA,ANTARES,AVENIDA,PASEO DE LA CRUZ,3,true,false,9,"H,H",ND,0,0,N,N,26,41,0,0,false,4,4,AUTOMOVIL,NISSAN,TSURU,1,2,349,Robo de autopartes y cristalazo,-102.25856487,21.87429846
64210,30403,3,2019-03-05,2,10,49,1,FRACCIONAMIENTO,OJOCALIENTE FOVISSSTE II,395,CALLE,CERRO DE AYUTLA,NA,"125,,,",CALLE,CERRO CAPIRE,AVENIDA,PASEOD E OJOCALIENTE,AVENIDA,PASEO DE LA CRUZ,3,false,false,9,ND,ND,0,0,N,N,27,41,0,0,false,4,4,AUTOMOVIL,VOLKSWAGEN,GOLF,1,2,350,Robo de autopartes y cristalazo,-102.25821500,21.87038895
64173,30403,3,2019-03-05,2,9,46,1,FRACCIONAMIENTO,BOULEVARES 1A SECCION,1047,CALLE,ANA MARIA BERLANGA,NA,"121,,,",CALLE,ENRIQUE C REBSAMEN,CALLE,RAFAEL RAMIREZ,CALLE,RAFAELA SUAREZ,2,false,false,9,ND,ND,0,0,N,N,19,22,0,0,false,4,2,AUTOMOVIL,DODGE,ATTITUDE,1,1,351,Robo de autopartes y cristalazo,-102.30093591,21.85803485
64059,30403,3,2019-03-05,2,4,33,1,FRACCIONAMIENTO,CASASOLIDA,689,CALLE,VOLCAN TACANA,NA,"201,,,",AVENIDA,FAISAN,CALLE,CERRO TLALOC,CALLE,SIERRA TERIUTLAN,2,false,false,9,ND,ND,0,0,N,N,26,22,0,600,false,4,2,AUTOMOVIL,CHEVROLET,ND,1,1,352,Robo de autopartes y cristalazo,-102.29578153,21.83385911
64083,30403,3,2019-03-05,2,7,0,5,FRACCIONAMIENTO,ARBOLEDAS,217,CALLE,PROLONGACION ITURBIDE,NA,"501,,,",CALLE,DE LAS PALMERAS,CALLE,DE LOS AHUEHETES,CALLE,DEL ARBOL,7,false,false,9,ND,ND,0,0,N,N,19,41,0,0,false,4,4,CAMIONETA,CHEVROLET,ASTRO,20,28,353,Robo de autopartes y cristalazo,-102.34710983,21.95460348
64880,30411,3,2019-03-05,2,22,3,1,COLONIA,NORIAS DE PASO HONDO,352,CALLE,SALVADOR ALLENDE,NA,"106,,,",CALLE,JOSE MARIN,CALLE,AVELINA GALLEGOS,CALLE,NINGUNO,3,false,false,9,ND,ND,0,0,N,N,23,22,0,0,false,1,2,CAMIONETA,NISSAN,ND,1,1,354,Robo de autopartes y cristalazo,-102.20815423,21.85843759
64606,30411,3,2019-03-05,2,18,22,1,UNIDAD HABITACIONAL,VIVIENDA POPULAR,1055,CALLE,RINCON,NA,",,,",AVENIDA,LICENCIADO ADOLFO LOPEZ MATEOS,CALLE,NIETO,CALLE,DOCTOR PEDRO DE ALBA,1,false,false,9,ND,ND,0,0,N,N,27,22,0,0,false,1,2,AUTOMOVIL,FORD,FIESTA,1,1,355,Robo de autopartes y cristalazo,-102.30682819,21.87580889
64406,30411,3,2019-03-05,2,14,47,1,FRACCIONAMIENTO,JARDINES DE SANTA ELENA 2A SECCION,1106,CALLE,REPUBLICA DEL PERU,NA,",,,",CALLE,REPUBLICA DE URUGUAY,AVENIDA,LAS AMERICAS,CALLE,REPUBLICA MEXICANA,2,false,false,9,H,ND,0,0,N,N,21,26,0,0,false,1,1,CAMIONETA,TOYOTA,ND,1,2,356,Robo de autopartes y cristalazo,-102.30233900,21.86457013
65105,30403,3,2019-03-06,3,5,7,1,FRACCIONAMIENTO,INSURGENTES,1046,CALLE,GENERAL MARTIN ESPINOZA SANCHEZ,NA,",,,",AVENIDA,CONVENCION,CALLE,ABRAHAM GONZALEZ,CALLE,CAPITAN GUSTAVO GARMENDIA,2,true,false,9,H,ND,0,0,N,N,19,27,0,0,false,4,1,CAMIONETA,ND,ND,1,1,357,Robo de autopartes y cristalazo,-102.31309211,21.85170542
65508,30403,3,2019-03-06,3,16,46,1,FRACCIONAMIENTO,PROGRESO,450,CALLE,J MARIANO PANI,NA,"537,,,",CALLE,J MARIANO PANI,CALLE,BLAS E ROMO,CALLE,GENERAL LAZARO CARDENAS CARDENAS,5,false,false,9,ND,ND,0,0,N,N,22,"22,26",0,0,false,4,3,AUTOMOVIL,HONDA,ND,1,1,358,Robo de autopartes y cristalazo,-102.25953384,21.90825454
65835,30411,3,2019-03-06,3,22,13,1,FRACCIONAMIENTO,OJOCALIENTE III,525,CALLE,SAN FRANCISCO DE LOS VIVEROS,NA,"1408,,,",CALLE,SAN PEDRO,CALLE,LA LAGUNITA,CALLE,CAÑADA GRANDE,4,false,false,9,ND,ND,0,0,N,N,27,"22,24",0,5000,false,1,2,AUTOMOVIL,NISSAN,TSURU,1,1,359,Robo de autopartes y cristalazo,-102.24561282,21.88059063
65799,30411,3,2019-03-06,3,21,39,1,FRACCIONAMIENTO,TROJES DE ORIENTE II,788,CALLE,MONTECRISTO,NA,",,,",AVENIDA,INDEPENDENCIA,CALLE,LA PEÑA,CALLE,NINGUNO,6,false,false,9,ND,ND,0,0,N,N,4,6,0,20000,false,1,1,AUTOMOVIL,CHEVROLET,SONIC,1,1,360,Robo de autopartes y cristalazo,-102.29996008,21.93063026
65934,30411,3,2019-03-06,3,23,53,1,SIN TIPO,DESARROLLO 63 (LADO AGROPECUARIO),830,BOULEVARD,A ZACATECAS,NA,"534,,,",CALLE,AGLAYA,CALLE,TEPEZALA,CALLE,MELQUIADES MORENO,6,false,false,9,ND,ND,0,0,N,N,4,24,0,2500,false,1,2,CAMIONETA,CHEVROLET,TORNADO,1,1,361,Robo de autopartes y cristalazo,-102.29245303,21.90831875
66136,30403,3,2019-03-07,4,9,34,11,COLONIA,28 DE ABRIL,6,CALLE,PRIMERO DE MAYO,NA,"403,,,",CALLE,25 DE DICIEMBRE,CALLE,20 DE NOVIEMBRE,CALLE,5 DE MAYO,7,false,false,9,ND,ND,0,0,N,N,1,"22,24",0,0,false,4,2,CAMIONETA,CHEVROLET,SILVERADO,1,1,362,Robo de autopartes y cristalazo,-102.26376931,22.06501185
66895,30403,3,2019-03-07,4,23,25,1,FRACCIONAMIENTO,GOMEZ (DELEGACION POCITOS),663,AVENIDA,CONVENCION DE 1914 PONIENTE,NA,",,,",CALLE,PROLONGACION AQUILES ELORDUY,CALLE,25 DE ABRIL,CALLE,26 DE MARZO,6,false,false,9,ND,ND,0,0,N,N,24,"26,38",0,40000,false,4,1,CAMIONETA,NISSAN,FRONTIER,1,1,363,Robo de autopartes y cristalazo,-102.31255597,21.88077563
66773,30403,3,2019-03-07,4,21,39,1,SIN TIPO,DESARROLLO 102 (TEMPLO 3 AVES MARIAS),1003,BOULEVARD,JOSE MARIA CHAVEZ,NA,"1001,,,",CALLE,PAUL HARRIS,CALLE,REPUBLICA DE ECUADOR,AVENIDA,MAHATMA GANDHI,2,false,false,9,ND,ND,0,0,N,N,2,"26,11",0,10000,false,4,3,CAMIONETA,GMC,ND,1,1,364,Robo de autopartes y cristalazo,-102.29503623,21.86955407
66391,30403,3,2019-03-07,4,14,38,1,COLONIA,INDUSTRIAL,919,CALLE,ALFREDO LEWIS,NA,",,,",CALLE,MELQUIADES MORENO,AVENIDA,PETROLEOS MEXICANOS,AVENIDA,CONVENCION DE 1914 NORTE,6,false,false,9,ND,ND,0,0,N,N,21,38,0,20000,false,4,1,CAMIONETA,FORD,RANGER,1,1,365,Robo de autopartes y cristalazo,-102.29450833,21.89905120
66461,30403,3,2019-03-07,4,15,50,1,SIN TIPO,LOS CEDROS (SUBDIVISION),1066,CALLE,LOS VALADEZ,NA,",,,",CALLE,PAUL HARRIS,AVENIDA,AYUNTAMIENTO,BOULEVARD,JOSE MARIA CHAVEZ,3,false,false,9,ND,ND,0,0,N,N,9,"6,12,38",0,6000,false,4,1,AUTOMOVIL,MERCEDES BENZ,ND,1,1,366,Robo de autopartes y cristalazo,-102.29298341,21.86986103
66446,30411,3,2019-03-07,4,15,37,1,FRACCIONAMIENTO,JARDINES DE LA ASUNCION,991,BOULEVARD,JOSE MARIA CHAVEZ,NA,",,,",CALLE,FRAY JUNIPERO SERRA,AVENIDA,AGUASCALIENTES SUR,PRIVADA,HERNANDO MARTELL,3,false,false,9,ND,ND,0,0,N,N,21,"6,3",0,2000,false,1,1,CAMIONETA,HONDA,ND,1,6,367,Robo de autopartes y cristalazo,-102.29305945,21.85941612
66377,30411,3,2019-03-07,4,14,27,1,SIN TIPO,DESARROLLO 22 (BODEGA AURRERA PINTORES),802,AVENIDA,SIGLO XXI,NA,",,,",CALLE,JOSE LUIS CUEVAS,CALLE,NINGUNO,CALLE,NINGUNO,5,false,false,9,ND,ND,0,0,N,N,27,"23,38",0,30000,false,1,3,CAMIONETA,CHEVROLET,SILVERADO,1,1,368,Robo de autopartes y cristalazo,-102.26130578,21.91950636
66046,30411,3,2019-03-07,4,4,16,1,FRACCIONAMIENTO,CIUDAD INDUSTRIAL,982,BOULEVARD,JOSE MARIA CHAVEZ,NA,",,,",CALLE,JESUS RIVERA FRANCO,CALLE,ANTONIO GUTIERREZ SOLA,CALLE,ALFONSO BERNAL SANTOS C-6N,3,false,false,9,ND,ND,0,0,N,N,26,24,0,0,false,1,2,CAMION,ND,ND,1,1,369,Robo de autopartes y cristalazo,-102.28950332,21.83912749
65964,30411,3,2019-03-07,4,0,34,1,SIN TIPO,LOS CEDROS (SUBDIVISION),1066,AVENIDA,AYUNTAMIENTO,NA,"404,,,",CALLE,DIEGO DE IBARRA,CALLE,CRISTOBAL COLON,CALLE,PAUL HARRIS,3,false,false,9,ND,ND,0,0,N,N,21,"26,38",0,20000,false,1,1,CAMIONETA,DODGE,JOURNEY,1,1,370,Robo de autopartes y cristalazo,-102.29125494,21.87056166
64215,30411,3,2019-03-05,2,10,53,1,SIN TIPO,DESARROLLO 43 (CLUB FUTURAMA),877,PRIVADA,NINGUNO,NA,",,,",PRIVADA,NINGUNO,PRIVADA,NINGUNO,CALLE,ARTICULO PRIMERO,5,true,true,4,M,ND,0,0,TAXI,"TAXI, FORD EXPLORER, NEGRO",20,22,0,0,false,3,2,TRAILER,ND,ND,1,1,371,Robo de autopartes y cristalazo,-102.28744164,21.92927127
68889,30403,3,2019-03-09,6,21,28,1,UNIDAD HABITACIONAL,VIVIENDA POPULAR,1055,ANDADOR,PRIVADA C,NA,"2,,,",ANDADOR,NINGUNO,AVENIDA,LICENCIADO ADOLFO LOPEZ MATEOS PONIENTE,ANDADOR,D,2,false,false,9,ND,ND,0,0,N,N,24,41,0,0,false,4,4,CAMIONETA,HONDA,ODYSSEY,1,2,372,Robo de autopartes y cristalazo,-102.30854816,21.87490880
68157,30403,3,2019-03-09,6,3,5,1,FRACCIONAMIENTO,COLINAS DE ORIENTE,460,PROLONGACION,GOBERNANTES,NA,"734,,,",CALLE,TAIWAN,CALLE,MALASIA,PROLONGACION,HIGUERA,4,false,false,9,ND,ND,0,0,N,N,27,41,0,0,false,4,4,CAMIONETA,FIAT,ND,1,1,373,Robo de autopartes y cristalazo,-102.26014882,21.90186451
70148,30403,3,2019-03-10,7,19,53,1,FRACCIONAMIENTO,LOS BOSQUES,780,CALLE,MONTES APALACHES,NA,",,,",CALLE,SAN JUAN DE LOS LAGOS,CALLE,SAN JULIAN,CALLE,MONTES HIMALAYA,6,true,false,9,H,ND,0,0,AUTOMOVIL,"ALTIMA, AZUL MARINO, SIN PLACAS",23,26,0,8000,false,4,1,CAMIONETA,HONDA,CRV,1,1,374,Robo de autopartes y cristalazo,-102.30919139,21.92197805
69937,30403,3,2019-03-10,7,16,27,1,BARRIO,EL ENCINO,1096,CALLE,CRISTOBAL COLON,NA,",,,",CALLE,HEROES DE CHAPULTEPEC,CALLE,PROFESORA VICENTA TRUJILLO,CALLE,DOCTOR JESUS DIAZ DE LEON,1,false,false,9,ND,ND,0,0,N,N,3,24,0,0,false,4,2,AUTOMOVIL,TOYOTA,COROLLA,1,1,375,Robo de autopartes y cristalazo,-102.29455227,21.87744063
69604,30403,3,2019-03-10,7,6,57,1,FRACCIONAMIENTO,RODOLFO LANDEROS GALLEGOS,459,AVENIDA,SIGLO XXI,NA,",,,",AVENIDA,RODOLFO LANDEROS GALLEGOS,CALLE,ESCARAMUZA,CALLE,ESTHELA ALDANA,4,false,false,9,ND,ND,0,0,N,N,27,41,0,0,false,4,4,AUTOMOVIL,NISSAN,TSURU,1,2,376,Robo de autopartes y cristalazo,-102.25421748,21.90165563
68645,30403,3,2019-03-09,6,18,5,1,FRACCIONAMIENTO,LOMAS DEL AJEDREZ,1121,AVENIDA,POLIDUCTO,NA,"1012,,,",CALLE,DEFENDA FRNACESA,PRIVADA,DE LA VICTORIA,CALLE,DE LA VICTORIA,3,false,false,9,ND,ND,0,0,N,N,16,38,0,0,false,4,2,AUTOMOVIL,CHEVROLET,CAVALIER,1,1,377,Robo de autopartes y cristalazo,-102.25642981,21.84212277
67941,30411,3,2019-03-08,5,23,15,5,N,N,181PR,CARRETERA,45 AGUASCALIENTES-ZACATECAS,NA,",,,",NA,NA,NA,NA,NA,NA,7,false,false,9,ND,ND,0,0,N,N,24,"26,11",0,2000,false,1,3,CAMION,ND,ND,1,2,378,Robo de autopartes y cristalazo,-102.28742309,22.01170579
68009,30411,3,2019-03-09,6,0,23,1,SIN TIPO,DESARROLLO 9 (ATRAS UGASA),813,AVENIDA,AGUASCALIENTES PONIENTE,NA,",,,",CALLE,GUADALUPE GONZALEZ,AVENIDA,CANAL INTERCEPTOR,CALLE,PLOMO,6,false,false,9,ND,ND,0,0,N,N,15,"22,26,3,6",0,15000,false,1,3,AUTOMOVIL,NISSAN,VERSA,1,1,379,Robo de autopartes y cristalazo,-102.31604972,21.90268514
69637,30411,3,2019-03-10,7,8,51,5,COMUNIDAD,TEPETATES,191P,CALLE,5 DE FEBRERO,NA,"106,,,",CALLE,INDEPENDENCIA,CALLE,NINGUNO,CALLE,JUAN ESCUTIA,7,false,false,9,ND,ND,0,0,N,N,16,25,0,1500,false,1,2,CAMIONETA,NISSAN,DATSUN,1,1,380,Robo de autopartes y cristalazo,-102.32221232,21.95663183
67781,30411,3,2019-03-08,5,21,12,5,FRACCIONAMIENTO,RUISEÑORES,338P,CIRCUITO,PALOMA,NA,"112,,,",CIRCUITO,FAISAN,AVENIDA,RUISEÑOR,CIRCUITO,QUETZAL,7,false,false,9,ND,ND,0,0,N,N,13,11,0,3000,false,1,2,CAMIONETA,ND,ND,1,1,381,Robo de autopartes y cristalazo,-102.33084263,21.96849003
70454,30411,3,2019-03-10,7,23,15,5,COLONIA,EL LLANO,118,AVENIDA,GUADALUPE,NA,"107,,,",PRIVADA,SANTA CRUZ,AVENIDA,PASEO DE LAS MARVILLAS,CALLE,JOSE LOPEZ PORTILLO,7,false,false,9,ND,ND,0,0,N,N,14,38,0,30000,false,1,1,CAMIONETA,CHEVROLET,EXPRESS,1,1,382,Robo de autopartes y cristalazo,-102.32266746,21.95026665
67325,30411,3,2019-03-08,5,13,2,1,FRACCIONAMIENTO,HACIENDAS DE AGUASCALIENTES,410,AVENIDA,SIGLO XXI,NA,",,,",CALLE,HACIENDA EL TORIL,AVENIDA,HACIENDA DE OJOCALIENTE,CALLE,HACIENDA JALTOMATE,4,false,false,9,H,ND,0,0,AUTOMOVIL,"NISSAN, SENTRA",21,6,0,32000,false,1,1,AUTOMOVIL,CHEVROLET,MATIZ,1,1,383,Robo de autopartes y cristalazo,-102.25108658,21.88742603
67407,30411,3,2019-03-08,5,14,24,1,FRACCIONAMIENTO,LOS PIRULES,1053,ANDADOR,NINGUNO,NA,",,,",ANDADOR,DE LAS BEGONIAS,ANDADOR,DE LAS BEGONIAS,PRIVADA,DE LAS BEGONIAS,2,false,false,9,ND,ND,0,0,N,N,21,3,0,12000,false,3,1,AUTOMOVIL,ND,ND,1,1,384,Robo de autopartes y cristalazo,-102.31910640,21.86872590
69867,30411,3,2019-03-10,7,15,21,1,SIN TIPO,DESARROLLO 55 (BODEGA AURRERA PINTORES),802,AVENIDA,SIGLO XXI,NA,",,,",CALLE,JOSE LUIS CUEVAS,CALLE,NINGUNO,CALLE,NINGUNO,5,false,false,9,ND,ND,0,0,N,N,21,"26,38",0,1000,false,1,1,CAMIONETA,DODGE,CARAVAN,1,1,385,Robo de autopartes y cristalazo,-102.26128112,21.91941228
67228,30411,3,2019-03-08,5,10,52,1,FRACCIONAMIENTO,BOULEVARES 1A SECCION,1047,PROLONGACION,PASEO DE LA ASUNCION,NA,",,,",CALLE,PROFESOR ENRIQUE OLIVARES SANTANA,CALLE,LAURO AGUIRRE,CALLE,EUGENIO ALCALA,2,false,false,9,ND,ND,0,0,N,N,20,38,0,700,false,1,1,CAMIONETA,FORD,LOBO,1,2,386,Robo de autopartes y cristalazo,-102.30122696,21.85336558
66987,30411,3,2019-03-08,5,1,36,1,N,N,315PR,CARRETERA,45 LEON-AGUASCALIENTES,NA,",,,",NA,NA,NA,NA,NA,NA,2,false,false,9,ND,ND,0,0,N,N,25,24,0,0,false,1,2,AUTOMOVIL,ND,ND,1,17,387,Robo de autopartes y cristalazo,-102.28399178,21.80264682
68666,30411,3,2019-03-08,5,21,0,1,FRACCIONAMIENTO,HACIENDAS DE AGUASCALIENTES,410,AVENIDA,SIGLO XXI,NA,",,,",CALLE,HACIENDA EL TORIL,AVENIDA,HACIENDA DE OJOCALIENTE,CALLE,HACIENDA JALTOMATE,4,false,false,9,ND,ND,0,0,N,N,21,6,0,0,false,1,1,AUTOMOVIL,TOYOTA,YARIS,1,1,388,Robo de autopartes y cristalazo,-102.25102600,21.88749865
65089,30411,3,2019-03-06,3,3,57,1,FRACCIONAMIENTO,CARTAGENA,322P,CALLE,MEMO LARA,NA,"212,A,,",AVENIDA,FERROCARRIL,CALLE,VIÑEDOS RIVIER,CALLE,SALVADOR MARTINEZ,5,true,false,9,H,ND,0,0,BICICLETA,BICICLETA,26,38,0,0,false,1,1,AUTOMOVIL,ND,ND,1,1,389,Robo de autopartes y cristalazo,-102.27701250,21.95727993
70665,30403,3,2019-03-11,1,2,50,1,FRACCIONAMIENTO,VILLAS DE OJOCALIENTE,532,AVENIDA,PASEO DE LA CRUZ,NA,"704,,,",PRIVADA,NINGUNO,PRIVADA,NINGUNO,CALLE,PASEO DEL CERRITO,3,false,false,9,ND,ND,0,0,N,N,25,"26,6",0,4000,false,4,1,AUTOMOVIL,VOLKSWAGEN,GOL,1,1,390,Robo de autopartes y cristalazo,-102.25885942,21.87376734
70637,30403,3,2019-03-11,1,1,54,1,CONDOMINIO,OJOCALIENTE INEGI,740,CALLE,LAS CUMBRES,NA,"632,,,",CALLE,CIENEGUILLAS,CALLE,EL MOCHO,CALLE,EL COECILLO,4,false,false,9,ND,ND,0,0,N,N,27,41,0,0,false,4,4,AUTOMOVIL,NISSAN,TSURU,1,1,391,Robo de autopartes y cristalazo,-102.24811748,21.87644516
71127,30411,3,2019-03-11,1,16,55,1,FRACCIONAMIENTO,EMILIANO ZAPATA,585,CALLE,MARIANO JIMENEZ,NA,"250,,,",CALLE,PROFESOR OTILIO E MONTAÑO,CALLE,ANTONIO DIAZ SOTO Y GAMA,CALLE,SIXTO VERDUZCO,3,false,false,9,H,ND,0,0,N,N,27,3,0,0,false,3,1,AUTOMOVIL,NISSAN,PLATINA,1,1,392,Robo de autopartes y cristalazo,-102.25484505,21.85503508
71433,30403,3,2019-03-11,1,22,26,1,FRACCIONAMIENTO,LA FUNDICION,681,CALLE,ESTAÑO,NA,"201,,,",CALLE,PEDRO GARCIA ROJAS,AVENIDA,FUNDICION,AVENIDA,CANAL INTERCEPTOR,6,false,false,9,ND,ND,0,0,N,N,27,6,0,0,false,4,1,CAMIONETA,RENAULT,ND,1,1,393,Robo de autopartes y cristalazo,-102.31543731,21.90137993
71741,30403,3,2019-03-12,2,9,10,1,FRACCIONAMIENTO,BENITO PALOMINO DENA,499,CALLE,TENIENTE CORONEL ROBERTO JEFKINS RANGEL,NA,"608,,,",CALLE,JUAN MORALES M,CALLE,DOCTOR FRANICSCO GUEL JIMENEZ,BOULEVARD,GUADALUPANO,5,false,false,9,ND,ND,0,0,N,N,16,41,0,0,false,4,4,AUTOMOVIL,VOLKSWAGEN,BEETLE,1,1,394,Robo de autopartes y cristalazo,-102.24986224,21.91535802
71828,30403,3,2019-03-12,2,12,14,1,FRACCIONAMIENTO,SOLIDARIDAD II,579,CALLE,CERRO DEL MIXTON,NA,"133,,,",AVENIDA,SIGLO XXI,CALLE,ATOTONITLAN,CALLE,HUACHICHIL,3,false,false,9,ND,ND,0,0,AUTOMOVIL,"TSURU, GRIS",21,3,0,3000,false,4,1,CAMIONETA,FORD,WINSTAR,1,1,395,Robo de autopartes y cristalazo,-102.24666026,21.86391083
71869,30403,3,2019-03-12,2,13,22,1,SIN TIPO,ADUANA,979,AVENIDA,MAHATMA GANDHI,NA,",,,",CALLE,ABRAHAM GONZALEZ,AVENIDA,SIGLO XXI,BOULEVARD,JOSE MARIA CHAVEZ,2,false,false,9,"H, H",ND,0,0,MOTOCICLETA,MOTOCICLETA,21,"26,3",0,4000,false,4,1,CAMIONETA,JEEP,ND,1,1,396,Robo de autopartes y cristalazo,-102.29374529,21.84676073
72359,30411,3,2019-03-12,2,23,13,1,CONDOMINIO,CENTRO COMERCIAL EL DORADO,952,CALLE,REPUBLICA DEL SALVADOR,NA,",,,",CALLE,REPUBLICA MEXICANA,CALLE,DOCTOR E GONZALEZ MEDINA,AVENIDA,LAS AMERICAS,2,false,false,9,ND,ND,0,0,N,N,27,24,0,0,false,1,2,AUTOMOVIL,NISSAN,TSURU,1,1,397,Robo de autopartes y cristalazo,-102.30499673,21.86184205
72315,30411,3,2019-03-12,2,22,20,1,FRACCIONAMIENTO,LA FUENTE,1061,CALLE,BRASILIA,NA,",,,",AVENIDA,LAS AMERICAS,CALLE,REPUBLICA DE NICARAGUA,CALLE,REPUBLICA DE ECUADOR,2,false,false,9,ND,ND,0,0,N,N,4,"22,26,6",0,15000,false,1,3,CAMIONETA,ND,ND,1,1,398,Robo de autopartes y cristalazo,-102.30207288,21.87095551
71633,30411,3,2019-03-12,2,4,0,1,N,N,315PR,CARRETERA,45 LEON-AGUASCALIENTES,NA,",,,",NA,NA,NA,NA,NA,NA,2,false,false,9,ND,ND,0,0,N,N,27,"26,27,3,28",0,3500,false,1,1,CAMION,ND,ND,1,2,399,Robo de autopartes y cristalazo,-102.28617372,21.81246740
72049,30411,3,2019-03-12,2,17,10,1,SIN TIPO,DESARROLLO 55 (BODEGA AURRERA PINTORES),802,AVENIDA,SIGLO XXI,NA,",,,",CALLE,JOSE LUIS CUEVAS,CALLE,NINGUNO,CALLE,NINGUNO,5,false,false,9,ND,ND,0,0,N,N,22,"26,6,38",0,10000,false,1,1,AUTOMOVIL,CHEVROLET,CHEVY,1,1,400,Robo de autopartes y cristalazo,-102.26127210,21.91946353
72160,30411,3,2019-03-12,2,19,53,1,FRACCIONAMIENTO,LOS PIRULES,1053,CALLE,HORTENSIA,NA,"414,,,",CALLE,MAGNOLIA,CALLE,AMAPOLA,CALLE,GIRASOL,2,false,false,9,ND,ND,0,0,N,N,17,"22,22,11",0,0,false,1,2,AUTOMOVIL,ND,ND,1,1,401,Robo de autopartes y cristalazo,-102.32101306,21.86826319
72474,30403,3,2019-03-13,3,5,51,1,FRACCIONAMIENTO,INSURGENTES,1046,CALLE,JOSE MARIA MAYTORENA,NA,"219,,,",CALLE,ABRAHAM GONZALEZ,AVENIDA,CONVENCION,CALLE,JUAN SARABIA,2,false,false,9,ND,ND,0,0,N,N,26,28,300,300,false,4,1,AUTOMOVIL,CHEVROLET,AVEO,1,1,402,Robo de autopartes y cristalazo,-102.30206334,21.84883499
73025,30411,3,2019-03-13,3,20,21,1,FRACCIONAMIENTO,VILLAS DE NUESTRA SEÑORA DE LA ASUNCION (SECTOR GUADALUPE),402,CALLE,FRANCISCO TISCAREÑO,NA,"909,,,",CALLE,MARIA DE JESUS GONZALEZ,CALLE,MACEDONIO RODRIGUEZ,AVENIDA,JOSE E FEMAT GUTIERREZ,5,false,false,9,ND,ND,0,0,N,N,23,11,0,0,false,1,2,CAMIONETA,CHEVROLET,SILVERADO,1,1,403,Robo de autopartes y cristalazo,-102.25590504,21.93342798
73099,30411,3,2019-03-13,3,21,32,1,FRACCIONAMIENTO,ESPAÑA,1052,CALLE,SEVILLA,NA,",,,",AVENIDA,CONVENCION DE 1914 PONIENTE,CALLE,CATALUÑA,AVENIDA,DE LOS MAESTROS,2,false,false,9,ND,ND,0,0,N,N,14,"6,26,38",0,14500,false,1,1,AUTOMOVIL,ND,ND,1,1,404,Robo de autopartes y cristalazo,-102.31057100,21.86910966
73476,30411,3,2019-03-14,4,11,53,1,COLONIA,TROJES DE ALONSO,798,CALLE,FRANCISCO VILLA,NA,",,,",CALLE,DOLORES,CALLE,EMILIANO ZAPATA,CALLE,NINGUNO,6,false,false,9,H,ND,0,0,N,N,20,38,0,10000,false,1,1,CAMIONETA,FORD,LOBO,1,1,405,Robo de autopartes y cristalazo,-102.30132506,21.93691517
73700,30411,3,2019-03-14,4,16,37,1,FRACCIONAMIENTO,VILLA TERESA,790,CALLE,REFORMADORES,NA,"107,,,",CALLE,OBATAS,CALLE,ADORATRICES,CALLE,MERCEDARIAS,5,false,false,9,ND,ND,0,0,N,N,22,24,0,1500,false,1,2,AUTOMOVIL,VOLKSWAGEN,GOLF,1,1,406,Robo de autopartes y cristalazo,-102.27540644,21.92203336
73727,30411,3,2019-03-14,4,17,8,1,FRACCIONAMIENTO,LAS AMERICAS (DELEGACION CENTRO),1114,CALLE,REPUBLICA DE ECUADOR,NA,"111,,,",CALLE,REPUBLICA DE AREGENTINA,PRIVADA,YPACARAI,CALLE,REPUBLICA DE COLONBIA,2,false,false,9,ND,ND,0,0,N,N,22,"22,23,24",0,5000,false,1,2,AUTOMOVIL,NISSAN,DATSUN,1,1,407,Robo de autopartes y cristalazo,-102.29639091,21.87019056
73708,30411,3,2019-03-14,4,16,47,1,COLONIA,MIRAVALLE,750,AVENIDA,FUNDICION,NA,"701,A,,",CALLE,FRANCISCO SARABIA,CALLE,CARLOS BARRON,CALLE,ARQUITECO ANTONIO AVILA CASTAÑEDA,6,false,false,9,ND,ND,0,0,N,N,3,11,0,12000,false,1,2,CAMIONETA,CHEVROLET,S10,1,1,408,Robo de autopartes y cristalazo,-102.30833734,21.89189228
73258,30411,3,2019-03-14,4,1,15,1,FRACCIONAMIENTO,PALMAS DEL PEDREGAL,761,CALLE,TEPEZALA,NA,",,,",CALLE,SAUCE,PROLONGACION,GENERAL IGNACIO ZARAGOZA,CALLE,ASIENTOS,6,true,false,9,ND,ND,0,0,N,N,25,37,0,0,false,5,2,AUTOMOVIL,ND,ND,1,2,409,Robo de autopartes y cristalazo,-102.30094673,21.90810935
73990,30403,3,2019-03-14,3,21,35,1,FRACCIONAMIENTO,INSURGENTES,1046,CALLE,JOSE MARIA MAYTORENA,NA,"107,,,",AVENIDA,CONVENCION,AVENIDA,DOCTOR MARIANO AZUELA,CALLE,JUAN SARABIA,2,false,false,9,ND,ND,0,0,N,N,24,25,0,0,false,4,2,AUTOMOVIL,NISSAN,TSURU,1,2,410,Robo de autopartes y cristalazo,-102.30165236,21.85080668
73574,30411,3,2019-03-14,4,14,9,1,FRACCIONAMIENTO,MORELOS I,1120,CALLE,PRIMERA CONSTITUCION,NA,",,,",CALLE,CAOBA,AVENIDA,MARIANO HIDALGO,CALLE,ARTILLERO MIER,3,false,false,9,ND,ND,0,0,N,N,1,24,0,0,false,1,2,AUTOMOVIL,ND,ND,1,17,411,Robo de autopartes y cristalazo,-102.25751997,21.85776256
73842,30411,3,2019-03-14,4,19,26,1,FRACCIONAMIENTO,PRADOS DEL SUR,1100,CALLE,COFRE DE PEROTE,NA,"317,,,",CALLE,TLALOC,CALLE,AJUSCO,CALLE,PICO DE ORIZABA,2,false,false,9,ND,ND,0,0,N,N,1,24,0,0,false,1,2,CAMIONETA,ND,PICK UP,1,17,412,Robo de autopartes y cristalazo,-102.29959586,21.85650017
73842,30411,3,2019-03-14,4,19,26,1,FRACCIONAMIENTO,PRADOS DEL SUR,1100,CALLE,COFRE DE PEROTE,NA,"317,,,",CALLE,TLALOC,CALLE,AJUSCO,CALLE,PICO DE ORIZABA,2,false,false,9,ND,ND,0,0,N,N,1,25,0,0,false,2,2,CAMIONETA,NISSAN,XTRAIL,1,17,413,Robo de autopartes y cristalazo,-102.29961487,21.85649624
74373,30403,3,2019-03-15,5,10,10,1,CONDOMINIO,VILLAS DE BONATERRA,1057,BOULEVARD,JOSE MARIA CHAVEZ,NA,"1073,,,",AVENIDA,CENTRAL,AVENIDA,JOSE MARIA ESCRIVA DE BALAGUER,CIRCUITO,BONATERRA,3,false,false,9,ND,ND,0,0,N,N,16,27,0,0,false,4,1,AUTOMOVIL,FORD,FIESTA,1,1,414,Robo de autopartes y cristalazo,-102.28726214,21.82757129
74145,30403,3,2019-03-15,5,0,6,1,FRACCIONAMIENTO,BOSQUES DEL PRADO,847,CALLE,SIERRA DEL LAUREL,NA,",,,",CALLE,SAN JUAN DE LOS LAGOS,CALLE,SAN JULIAN,CALLE,SIERRA MORENA,6,false,false,9,ND,ND,0,0,N,N,17,"26,12,38",0,4000,false,4,1,CAMIONETA,HONDA,CRV,1,1,415,Robo de autopartes y cristalazo,-102.30979501,21.91644618
74261,30403,3,2019-03-15,5,5,49,1,FRACCIONAMIENTO,LOMAS DE ORIENTE 1,453,CALLE,OCTAVIO PAZ,NA,"707,,,",CALLE,SIERRA DE TEPEHUANES,CALLE,LUIS ESPOTA,CALLE,EFRAIN HUERTA,5,true,false,9,H,ND,0,0,N,N,25,38,0,0,false,4,1,AUTOMOVIL,FORD,KA,1,1,416,Robo de autopartes y cristalazo,-102.25787922,21.91455624
75260,30403,3,2019-03-16,6,6,12,1,FRACCIONAMIENTO,VILLAS DE LA LOMA,454,CALLE,LOMA DEL CAMALEON,NA,"104,,,",CALLE,LOMA DEL PUMA,CALLE,LOMA DEL AGUILA,CALLE,LOMA DEL JABALI,5,false,false,9,ND,ND,0,0,N,N,27,41,0,0,false,4,4,AUTOMOVIL,NISSAN,TSURU,1,1,417,Robo de autopartes y cristalazo,-102.24735615,21.91170885
75362,30403,3,2019-03-16,6,10,40,1,FRACCIONAMIENTO,OJOCALIENTE III,525,CALLE,EL CHIQUIHUITE,NA,"210,,,",CALLE,CAÑADA GRANDE,CALLE,LA TACUACHA,CALLE,LA BOQUILLA,4,false,false,9,ND,ND,0,0,N,N,20,22,0,0,false,4,2,AUTOMOVIL,CHEVROLET,CORVETTE,1,1,418,Robo de autopartes y cristalazo,-102.24345577,21.88257711
76165,30403,3,2019-03-17,7,0,27,1,FRACCIONAMIENTO,SAN CAYETANO,1118,CALLE,SAN JORGE,NA,"215,,,",CALLE,SAN CLEMENTE,CALLE,CARLOS SAGREDO,CALLE,SAN COSME,6,true,false,9,"H,H",ND,0,0,AUTOMOVIL,"CHEVROLET, ROJO",25,41,0,0,false,4,4,AUTOMOVIL,CHEVROLET,CHEVY,1,17,419,Robo de autopartes y cristalazo,-102.30987713,21.90132142
76542,30403,3,2019-03-17,7,5,43,1,FRACCIONAMIENTO,MUJERES ILUSTRES,602,AVENIDA,POLIDUCTO,NA,",,,",PROLONGACION,AVENIDA MARIANO HIDALGO,CALLE,JUANA DE ARCO,CALLE,MARIA DOLORES JIMENEZ Y MURO,3,false,false,9,ND,ND,0,0,N,N,27,41,0,0,false,4,4,AUTOMOVIL,VOLKSWAGEN,JETTA,1,16,420,Robo de autopartes y cristalazo,-102.25330788,21.84982893
76576,30403,3,2019-03-17,7,7,12,1,DESARROLLO ESPECIAL,PARQUE ECOLOGICO DE MEXICO,438,AVENIDA,PENSADORES MEXICANOS,NA,",,,",AVENIDA,AGUASCALIENTES,AVENIDA,OJOCALIENTE,AVENIDA,ALCALDES,5,false,false,9,ND,ND,0,0,N,N,27,41,0,0,false,4,4,AUTOMOVIL,CHEVROLET,AVEO,1,1,421,Robo de autopartes y cristalazo,-102.27064157,21.90991570
77326,30403,3,2019-03-17,7,22,17,1,COLONIA,DEL CARMEN,911,CALLE,JESUS TERAN,NA,"222,,,",CALLE,VALLADOLID,CALLE,LIBERTAD,CALLE,SAN IGNACIO,1,false,false,9,ND,ND,0,0,N,N,27,"22,38,11,26",0,4000,false,4,2,CAMIONETA,RENAULT,ND,1,1,422,Robo de autopartes y cristalazo,-102.29829036,21.88891804
74144,30411,3,2019-03-15,5,0,1,1,FRACCIONAMIENTO,INSURGENTES,1046,CALLE,GENERAL LUCIO BLANCO,NA,"322,,,",AVENIDA,CONVENCION,CALLE,ABRAHAM GONZALEZ,CALLE,GENERAL ROQUE GONZALEZ GARZA,2,true,false,9,ND,ND,1,0,N,N,25,37,0,0,false,5,2,CAMIONETA,ND,ND,1,4,423,Robo de autopartes y cristalazo,-102.30332275,21.84912884
75210,30411,3,2019-03-16,6,3,53,1,FRACCIONAMIENTO,JARDINES DEL PARQUE,957,AVENIDA,HEROE DE NACOZARI SUR,NA,",,,",AVENIDA,DEL PARQUE,CALLE,PASEO DE LOS CISNES,CALLE,PASEO DE LOS CISNES,3,false,false,9,ND,ND,0,0,N,N,27,"6,11,23",0,90000,false,1,3,AUTOMOVIL,HONDA,CIVIC,1,1,424,Robo de autopartes y cristalazo,-102.28224319,21.85382013
75657,30411,3,2019-03-16,6,17,7,1,SIN TIPO,RODOLFO LANDEROS GALLEGOS,1002,BOULEVARD,JOSE MARIA CHAVEZ,NA,",,,",AVENIDA,AGUASCALIENTES SUR,AVENIDA,SIGLO XXI SUR,AVENIDA,DEL PARQUE,3,false,false,9,ND,ND,0,0,N,N,3,"22,23,24",0,9000,false,1,2,AUTOMOVIL,VOLKSWAGEN,JETTA,1,1,425,Robo de autopartes y cristalazo,-102.29152154,21.85214323
75762,30411,3,2019-03-16,6,19,7,1,FRACCIONAMIENTO,VALLE DORADO,1049,CALLE,REPUBLICA DE URUGUAY,NA,",,,",CALLE,REPUBLICA DE CHILE,CALLE,REPUBLICA MEXICANA,CALLE,REPUBLICA DE PUERTO RICO,2,false,false,9,ND,ND,0,0,N,N,27,"26,27,28,12",0,0,false,1,1,AUTOMOVIL,VOLKSWAGEN,JETTA,1,1,426,Robo de autopartes y cristalazo,-102.30235342,21.86398246
75934,30411,3,2019-03-16,6,21,39,1,COMUNIDAD,LOMAS DEL PICACHO,50P,CALLE,LAS TRANCAS,NA,",,,",CALLE,PASEO DE LA HACIENDA,CALLE,NINGUNO,CALLE,EL PASTOR,2,false,false,9,ND,ND,0,0,N,N,23,"26,6",0,0,false,1,2,AUTOMOVIL,ND,ND,1,1,427,Robo de autopartes y cristalazo,-102.39405341,21.88527338
75988,30411,3,2019-03-16,6,22,29,6,COLONIA,ZONA CENTRO,94,CALLE,SANTOS DEGOLLADO,NA,",,,",AVENIDA,FILOMENO MATA,AVENIDA,GLORIETA PLUTARCO ELIAS CALLES,AVENIDA,PLITARCO ELIAS CALLES,7,false,false,9,ND,ND,0,0,N,N,24,"26,27",0,3000,false,1,1,CAMIONETA,FORD,RANGER,1,6,428,Robo de autopartes y cristalazo,-102.27901730,22.14695522
76820,30411,3,2019-03-17,7,14,12,7,COLONIA,HECTOR HUGO OLIVARES,52R,CARRETERA,54 PABELLON DE HIDALGO-RINCON DE ROMOS,NA,",,,",NA,NA,NA,NA,NA,NA,7,false,false,9,ND,ND,0,0,N,N,27,3,0,0,false,3,1,CAMIONETA,ND,ND,1,1,429,Robo de autopartes y cristalazo,-102.33963682,22.18531001
77047,30411,3,2019-03-17,7,18,34,1,SIN TIPO,RODOLFO LANDEROS GALLEGOS,1002,BOULEVARD,JOSE MARIA CHAVEZ,NA,",,,",AVENIDA,AGUASCALIENTES SUR,AVENIDA,SIGLO XXI SUR,AVENIDA,DEL PARQUE,3,false,false,9,ND,ND,0,0,N,N,27,24,0,0,false,1,2,AUTOMOVIL,CHRYSLER,SHADOW,1,2,430,Robo de autopartes y cristalazo,-102.29149388,21.85081360
75123,30403,3,2019-03-16,6,1,26,1,FRACCIONAMIENTO,LOMAS DE ORIENTE 1,453,CALLE,LOMA DEL SOL,NA,"113,,,",CALLE,JUAN JOSE ARREOLA,CALLE,LOMA DEL SOLEDADO,CALLE,LOMA EMPEDRADA,5,false,false,9,ND,ND,0,0,N,N,27,41,0,0,false,4,4,AUTOMOVIL,VOLKSWAGEN,JETTA,1,1,431,Robo de autopartes y cristalazo,-102.25538064,21.91378237
75559,30403,3,2019-03-16,6,15,15,1,FRACCIONAMIENTO,EL CEDAZO,578,AVENIDA,AGUASCALIENTES ORIENTE,NA,",,,",CALLE,HUACHICHIL,CALLE,AJONJOLI,CALLE,CERRO DE LOS GALLOS,3,false,false,9,ND,ND,0,0,N,N,21,41,0,0,false,4,4,AUTOMOVIL,NISSAN,ALTIMA,1,2,432,Robo de autopartes y cristalazo,-102.25223995,21.86383846
190316035,30403,3,2019-03-16,6,5,23,5,COLONIA,SAN MIGUELITO,227,AVENIDA,SIGLO XXI,NA,",,,",PRIVADA,SIGLO XXI,AVENIDA,ALEJANDRO DE LA CRUZ,PRIVADA,NINGUNO,7,false,false,9,H,ND,0,0,N,N,26,41,0,0,false,4,4,CAMION,ND,ND,1,1,433,Robo de autopartes y cristalazo,-102.33592242,21.96274740
77435,30411,3,2019-03-17,7,22,26,1,COMUNIDAD,LOMA DE LOS NEGRITOS,21P,CALLE,LICENCIADO CARLOS SALINAS DE GORTARI,NA,",,,",CALLE,LUIS DONALDO COLOSIO MURIETA,CALLE,JUAN SANCHEZ,CALLE,INES MARISCAL,2,false,false,9,ND,ND,0,0,N,N,27,25,0,0,false,3,2,AUTOMOVIL,NISSAN,TSURU,1,13,434,Robo de autopartes y cristalazo,-102.35080171,21.87145734
78363,30403,3,2019-03-18,1,22,19,1,COLONIA,SAN MARCOS (DELEGACION CENTRO),736,AVENIDA,CONVENCION DE 1914 PONIENTE,NA,",,,",CALLE,25 DE ABRIL,CALLE,PROLONGACION AQUILES ELORDUY,CALLE,DAVID REYNOSO,6,false,false,9,ND,ND,0,0,N,N,24,"26,12",0,40000,false,4,2,CAMIONETA,NISSAN,PATHFINDER,1,1,435,Robo de autopartes y cristalazo,-102.31228536,21.88168683
78872,30403,3,2019-03-19,2,14,46,11,PARQUE INDUSTRIAL,PARQUE INDUSTRIAL DEL VALLE DE AGUASCALIENTES,PI1,CALLE,MUNICIPIO DE PABELLON DE ARTEAGA,NA,",,,",CALLE,MUNICIPIO DE COSIO,CALLE,MUNICIPIO DE TEPEZALA,CALLE,CIRCUITO AGUASCALIENTES SUR,7,false,false,9,ND,ND,0,0,AUTOMOVIL,"SONIC, GRIS",27,38,0,0,false,4,2,AUTOMOVIL,NISSAN,TSURU,1,1,436,Robo de autopartes y cristalazo,-102.28785115,21.96370735
77738,30411,3,2019-03-18,1,5,22,5,FRACCIONAMIENTO,ARBOLEDAS,221,CALLE,DE LOS DURAZNOS,NA,"214,,,",CALLE,PROLONGACION ITURBIDE,CALLE,FRANCISCO JAVIER MINA,CALLE,MEZQUITES,7,false,false,9,ND,ND,0,0,N,N,27,"22,11",0,3000,false,1,2,CAMIONETA,CHEVROLET,CHEYENNE,1,1,437,Robo de autopartes y cristalazo,-102.34614286,21.95559430
78110,30411,3,2019-03-18,1,18,12,1,COLONIA,HEROES (DELEGACION CENTRO),522,CALLE,TENIENTE JUAN DE LA BARRERA,NA,",,,",CALLE,MANUEL G ESCOBEDO,CALLE,FERNANDO MONTES DE OCA,CALLE,VICENTE SUAREZ,4,true,false,9,H,ND,0,0,BICICLETA,BICICLETA,22,"22,23",0,0,false,1,2,AUTOMOVIL,CHEVROLET,MATIZ,1,1,438,Robo de autopartes y cristalazo,-102.27550568,21.88206150
78672,30411,3,2019-03-19,2,10,9,1,FRACCIONAMIENTO,VILLERIAS,491,CALLE,VILLA DE ASIENTOS,NA,"406,,,",CALLE,LA MANZANA,CALLE,PASEO DE VILLERIAS,CALLE,HACIENDA LAS AMARILLAS,4,false,false,9,ND,ND,0,0,N,N,16,"22,23,11,28",0,2000,false,1,3,AUTOMOVIL,NISSAN,TSURU,1,1,439,Robo de autopartes y cristalazo,-102.24529702,21.88359356
78816,30411,3,2019-03-19,2,13,44,1,FRACCIONAMIENTO,EJIDO LAS CUMBRES,403,CALLE,SIERRA DE TLAXCO,NA,",,,",CALLE,SIERRA DE LA GAVIA,CALLE,MONTE DE LAS CRUCES,CALLE,SIERRA DE SAN BERNARDINO,5,false,false,9,ND,ND,0,0,N,N,21,24,0,1000,false,1,2,CAMIONETA,NISSAN,ND,1,1,440,Robo de autopartes y cristalazo,-102.25744299,21.91096713
79205,30411,3,2019-03-19,2,21,37,1,SIN TIPO,DESARROLLO 91 (COLEGIO GUADALUPE VICTORIA),710,AVENIDA,LICENCIADO ADOLFO LOPEZ MATEOS ORIENTE,NA,",,,",CALLE,SERGIO A ESPINOZA GURROLA,CALLE,ESTRELLA POLAR,AVENIDA,PASEO DE LA CRUZ,3,false,true,1,"H,H",ND,0,0,ND,ND,24,22,0,7000,false,3,2,CAMIONETA,MERCEDES BENZ,SPRINTER,1,1,441,Robo de autopartes y cristalazo,-102.26606548,21.87764324
79473,30403,3,2019-03-20,3,7,48,1,FRACCIONAMIENTO,PRADOS DEL SUR,1100,CALLE,COFRE DE PEROTE,NA,"206,,,",CALLE,SARGENTO LUCIANO PONCE,CALLE,GERTRUDIS BOCANEGRA,CALLE,CAPITAN DIEGO FERNANDEZ VILLA,2,false,false,9,ND,ND,0,0,N,N,13,"22,23,27",0,0,false,4,3,CAMIONETA,FORD,LOBO,1,1,442,Robo de autopartes y cristalazo,-102.29746102,21.85650656
80023,30411,3,2019-03-20,3,22,2,1,FRACCIONAMIENTO,J GUADALUPE PERALTA GAMEZ,411,PROLONGACION,AVENIDA POLIDUCTO,NA,"641,,,",CALLE,URBANISMO,CALLE,JOSE TRINIDAD VELA SALAS,CALLE,JOSE MANUEL RUIZ DE TEJADA Y OTAL,4,false,false,9,ND,ND,0,0,N,N,14,3,0,1500,false,3,1,AUTOMOVIL,ND,ND,1,2,443,Robo de autopartes y cristalazo,-102.24261367,21.87198598
80187,30403,3,2019-03-21,4,3,12,1,FRACCIONAMIENTO,EJIDO LAS CUMBRES,403,BOULEVARD,GUADALUPANO,NA,",,,",AVENIDA,SIGLO XXI,CALLE,SIERRA DE SAN BERNARDINO,CALLE,CARLOS A MADRAZO,5,false,true,1,H,ND,0,0,N,N,26,41,39,0,false,4,4,AUTOMOVIL,CHRYSLER,STRATUS,1,1,444,Robo de autopartes y cristalazo,-102.25656077,21.90736164
80223,30403,3,2019-03-21,4,7,11,1,COLONIA,DEL CARMEN,911,CALLE,SAN JUAN,NA,"102,,,",CALLE,LIBERTAD,CALLE,PLAN DE AYUTLA,CALLE,LA LUZ,1,false,false,9,ND,ND,0,0,N,N,27,22,0,0,false,4,2,AUTOMOVIL,VOLKSWAGEN,DERBY,1,6,445,Robo de autopartes y cristalazo,-102.29949148,21.88991416
80370,30411,3,2019-03-21,4,13,1,1,COLONIA,LAS FLORES,1072,CALLE,CAMELIAS,NA,",,,",AVENIDA,IGNACIO T CHAVEZ,AVENIDA,DE LAS ORQUIDEAS,CALLE,AZALEAS,2,false,false,9,ND,ND,0,0,N,N,21,"22,3",0,0,false,1,3,CAMIONETA,FORD,EXPEDITION,1,1,446,Robo de autopartes y cristalazo,-102.30334977,21.87279596
79369,30411,3,2019-03-20,3,0,23,1,FRACCIONAMIENTO,VILLAS DE LA CONVENCION,515,CALLE,VILLA DE LA CONVENCION,NA,"214,,,",CALLE,EDUARDO HAY,CALLE,GENERAL PANFILO NATERA,CALLE,ARTICULO 18,5,true,false,9,H,ND,0,0,N,N,25,38,0,0,false,1,1,CAMIONETA,ND,ND,1,17,447,Robo de autopartes y cristalazo,-102.28124157,21.93159623
78491,30411,3,2019-03-19,2,0,45,1,FRACCIONAMIENTO,PRADOS DEL SUR,1100,CALLE,NEVADO DE TOLUCA,NA,",,,",AVENIDA,PASEO DE LA ASUNCION,CALLE,GERTRUDIS BOCANEGRA,AVENIDA,AGUASCALIENTES SUR,2,true,false,9,H,ND,0,0,BICICLETA,BICICLETA,25,39,0,0,false,1,1,CAMIONETA,ND,ND,1,2,448,Robo de autopartes y cristalazo,-102.29903827,21.85898879
81751,30411,3,2019-03-23,6,10,23,1,FRACCIONAMIENTO,INSURGENTES,1046,CALLE,GENERAL LUIS MOYA,NA,"206,,,",CALLE,GENERAL JOSE ISABEL ROBLES,CALLE,GENERAL FRANCISCO MURGUIA,CALLE,ABRAHAM GONZALEZ,2,false,false,9,ND,ND,0,0,N,N,5,"11,23",0,0,false,1,2,AUTOMOVIL,VOLKSWAGEN,SEDAN,1,1,449,Robo de autopartes y cristalazo,-102.30501436,21.84718656
80988,30403,3,2019-03-22,5,11,50,1,UNIDAD HABITACIONAL,POTRERO DEL OESTE,1098,AVENIDA,SIGLO XXI,NA,",,,",CALLE,CANARIO,ANDADOR,NINGUNO,PRIVADA,NINGUNO,2,false,false,9,ND,ND,0,0,N,N,27,"26,6,27",0,40000,false,4,1,CAMIONETA,TOYOTA,RAPTOR,1,1,450,Robo de autopartes y cristalazo,-102.29906457,21.84510197
81251,30403,3,2019-03-22,5,18,59,1,COLONIA,OLIVARES SANTANA,721,CALLE,FUNDICION,NA,",,,",CALLE,MAR CARIBE,CALLE,MAR CASPIO,AVENIDA,FUNDICION,6,false,false,9,ND,ND,0,0,N,N,23,"26,27",0,0,false,4,1,CAMIONETA,NISSAN,ESTACAS,1,1,451,Robo de autopartes y cristalazo,-102.31363791,21.89798325
81509,30403,3,2019-03-22,5,23,30,1,FRACCIONAMIENTO,LAS AMERICAS (DELEGACION CENTRO),1114,AVENIDA,MAHATMA GANDHI,NA,"321,,,",CALLE,REPUBLICA DE COLOMBIA,CALLE,CORONEL VALENTE ARTEAGA,CALLE,REPUBLICA DE ARGENTINA,2,false,false,9,ND,ND,0,0,N,N,4,"26,27,38",0,3000,false,4,1,AUTOMOVIL,TOYOTA,YARIS,1,1,452,Robo de autopartes y cristalazo,-102.29557938,21.86870161
81526,30403,3,2019-03-22,5,23,57,1,COLONIA,OLIVARES SANTANA,721,AVENIDA,FUNDICION,NA,",,,",CALLE,MAR CARIBE,CALLE,MAR DE LAS ANTILLAS,PRIVADA,MAR NEGRO,6,false,false,9,ND,ND,0,0,N,N,24,"26,6",0,14000,false,4,1,AUTOMOVIL,NISSAN,MARCH,1,1,453,Robo de autopartes y cristalazo,-102.31398917,21.89935512
82071,30403,3,2019-03-23,6,19,37,1,FRACCIONAMIENTO,BULEVAR,733,BOULEVARD,JOSE MARIA CHAVEZ,NA,",,,",CALLE,PAUL HARRIS,CALLE,JOSE ARMANDO,CALLE,LUIS ADOLFO,3,false,false,9,ND,ND,0,0,N,N,22,"26,28,38",100000,110000,false,4,1,CAMIONETA,CHRYSLER,TOWN COUNTRY,1,1,454,Robo de autopartes y cristalazo,-102.29471401,21.86945359
82902,30403,3,2019-03-24,7,13,58,7,SIN TIPO,ZONA PONIENTE,47,CALLE,LIBERTAD,NA,",,,",AVENIDA,SIFON,N,N,CALLE,MARCELINO VELAZQUEZ,7,false,false,9,ND,ND,0,0,CAMIONETA,TINTO,21,24,0,0,false,4,2,CAMIONETA,NISSAN,ND,1,28,455,Robo de autopartes y cristalazo,-102.34753933,22.17765206
80789,30411,3,2019-03-22,5,0,51,1,FRACCIONAMIENTO,VISTA DEL SOL II,614,CALLE,CREPUSCULO,NA,"134,,,",CALLE,AMANECER,CALLE,ALBORADAD,CALLE,AURORA BOREAL,3,false,false,9,H,ND,0,0,MOTOCICLETA,VERDE,27,24,0,0,false,1,2,CAMIONETA,ND,ND,1,1,456,Robo de autopartes y cristalazo,-102.26758837,21.86114552
81246,30411,3,2019-03-22,5,18,54,1,DESARROLLO ESPECIAL,PARQUE ECOLOGICO DE MEXICO,438,AVENIDA,ALCALDES,NA,",,,",AVENIDA,AGUASCALIENTES ORIENTE,CALLE,NINGUNO,AVENIDA,PENSADORES MEXICANOS,5,false,false,9,ND,ND,0,0,N,N,22,"22,23,38",0,0,false,1,3,CAMIONETA,NISSAN,ND,1,1,457,Robo de autopartes y cristalazo,-102.27454311,21.91350955
81794,30411,3,2019-03-23,6,11,51,1,FRACCIONAMIENTO,MORELOS II,622,CALLE,ALBINO GARCIA,NA,"101,,,",AVENIDA,HEROE INMORTAL,PROLONGACION,30 DE SEPTIEMBRE,CALLE,PRIMERA CONSTITUCION,3,false,false,9,ND,ND,0,0,N,N,6,25,0,8000,false,2,2,AUTOMOVIL,NISSAN,ALTIMA,1,1,458,Robo de autopartes y cristalazo,-102.27102770,21.85493726
82572,30411,3,2019-03-24,7,2,38,1,COLONIA,LAS FLORES,1072,CALLE,CLAVELES,NA,",,,",CALLE,LOS LAURELES,AVENIDA,DE LAS ORQUIDEAS,CALLE,AZALEAS,2,false,false,9,H,ND,0,0,N,N,25,12,0,0,false,1,1,AUTOMOVIL,VOLKSWAGEN,JETTA,1,12,459,Robo de autopartes y cristalazo,-102.30523136,21.87436981
82699,30411,3,2019-03-24,7,5,2,1,FRACCIONAMIENTO,SAN FERNANDO,1093,ANDADOR,NINGUNO,NA,"147,,,",ANDADOR,NINGUNO,ANDADOR,NINGUNO,CIRCUITO,JOSEFA ORTIZ DE DOMINGUEZ,1,false,false,9,ND,ND,0,0,N,N,26,39,0,0,false,1,1,CAMIONETA,DODGE,DURANGO,1,2,460,Robo de autopartes y cristalazo,-102.28814522,21.87534478
82742,30411,3,2019-03-24,7,7,42,1,FRACCIONAMIENTO,CONSTITUCION,794,CALLE,ARTICULO 24,NA,"614,,,",CALLE,ARTICULO 21,CALLE,ARTICULO 23,CALLE,ARTICULO PRIMERO,5,false,false,9,ND,ND,0,0,N,N,15,38,0,4000,false,1,1,CAMIONETA,NISSAN,ND,1,1,461,Robo de autopartes y cristalazo,-102.28422872,21.93537155
82747,30411,3,2019-03-24,7,8,3,7,SIN TIPO,FRESNILLO,53,CARRETERA,70 LA BOQUILLA,NA,",,,",PRIVADA,NINGUNO,N,N,CALLE,MIGUEL HIDALGO,7,false,false,9,ND,ND,0,0,N,N,19,25,0,0,false,2,2,CAMIONETA,NISSAN,ND,1,1,462,Robo de autopartes y cristalazo,-102.33202592,22.24427605
82885,30411,3,2019-03-24,7,13,34,1,FRACCIONAMIENTO,VILLA TERESA,790,AVENIDA,CONSTITUCION,NA,",,,",CALLE,JUAN BAUTISTA LASALLE,AVENIDA,AGUASCALIENTES NORTE,AVENIDA,PAULINO N MARTI,5,true,false,9,H,HONDUREÑO,1,0,N,N,21,26,0,0,false,3,1,AUTOMOVIL,VOLKSWAGEN,GOLF,1,4,463,Robo de autopartes y cristalazo,-102.28634520,21.91568528
82918,30411,3,2019-03-24,7,14,36,1,FRACCIONAMIENTO,INSURGENTES,1046,CALLE,GENERAL ROQUE GONZALEZ GARZA,NA,"429,,,",CALLE,GENERAL LUIS MOYA,CALLE,ABRAHAM GONZALEZ,CALLE,GENERAL LUCIO BLANCO,2,false,false,9,"H,H",ND,1,0,N,N,21,22,0,5000,false,1,2,AUTOMOVIL,NISSAN,TSURU,1,4,464,Robo de autopartes y cristalazo,-102.30345371,21.84709771
83906,30403,3,2019-03-25,1,17,14,1,SIN TIPO,ADUANA,979,AVENIDA,MAHATMA GANDHI,NA,"504,A,,",CALLE,ABRAHAM GONZALEZ,AVENIDA,SIGLO XXI,BOULEVARD,JOSE MARIA CHAVEZ,2,false,false,9,H,ND,0,0,N,N,22,"26,27,28",1000,1000,false,4,1,CAMIONETA,CHEVROLET,TRAX,1,12,465,Robo de autopartes y cristalazo,-102.29368504,21.84582168
84100,30403,3,2019-03-25,1,21,38,1,SIN TIPO,DESARROLLO 102 (TEMPLO 3 AVES MARIAS),1003,CALLE,PAUL HARRIS,NA,",,,",CALLE,PAUL HARRIS,AVENIDA,MAHATMA GANDHI,AVENIDA,MAHATMA GANDHI,2,false,false,9,ND,ND,0,0,N,N,24,6,0,20000,false,4,1,AUTOMOVIL,VOLKSWAGEN,JETTA,1,1,466,Robo de autopartes y cristalazo,-102.29519152,21.87039272
84100,30403,3,2019-03-25,1,21,38,1,SIN TIPO,DESARROLLO 102 (TEMPLO 3 AVES MARIAS),1003,BOULEVARD,JOSE MARIA CHAVEZ,NA,",,,",CALLE,PAUL HARRIS,AVENIDA,MAHATMA GANDHI,AVENIDA,MAHATMA GANDHI,2,false,false,9,ND,ND,0,0,N,N,24,41,0,0,false,4,4,AUTOMOVIL,NISSAN,TIIDA,1,1,467,Robo de autopartes y cristalazo,-102.29520654,21.87042757
84403,30411,3,2019-03-26,2,11,44,1,FRACCIONAMIENTO,NAZARIO ORTIZ GARZA,452,AVENIDA,SIGLO XXI,NA,",,,",CALLE,MANUELO GARCIA MARTINEZ,CALLE,GENENRAL JOSE REFUGIO VELAZCO,CALLE,CUMBRES,5,false,false,9,ND,AUTOLAVADO,0,0,N,N,20,38,0,0,false,3,2,AUTOMOVIL,DODGE,ATTITUDE,1,14,468,Robo de autopartes y cristalazo,-102.25628484,21.90597910
84277,30403,3,2019-03-26,2,3,48,1,FRACCIONAMIENTO,CTM,760,AVENIDA,DE LA CONVENCION ORIENTE,NA,"236,,,",CALLE,PRIMERO DE MAYO,CALLE,CAN MAYOR,CALLE,FIDEL VELAZQUEZ,5,false,false,9,ND,ND,0,0,N,N,15,"22,24",0,2000,false,4,2,CAMIONETA,FORD,F150,1,1,469,Robo de autopartes y cristalazo,-102.28149926,21.90059236
84627,30403,3,2019-03-26,2,17,42,1,COLONIA,LAS FLORES,1072,AVENIDA,IGNACIO T CHAVEZ,NA,",,,",CALLE,TULIPANES,CALLE,DALIAS,AVENIDA,DE LAS ORQUIDEAS,2,false,false,9,ND,ND,0,0,N,N,22,41,0,0,false,4,4,AUTOMOVIL,NISSAN,VERSA,1,28,470,Robo de autopartes y cristalazo,-102.30263086,21.87302296
84663,30411,3,2019-03-26,2,18,42,1,SIN TIPO,PARQUE FUNERAL JARDINES ETERNOS 2A SECCION,669,AVENIDA,AGUASCALIENTES PONIENTE,NA,",,,",CALLE,PASEOD EL RIO,CALLE,RIO DUERO,CALLE,RAFAEL VELAZQUEZ,6,false,false,9,ND,ND,0,0,N,N,22,"26,28",6000,6000,false,1,1,AUTOMOVIL,CHEVROLET,MONZA,1,2,471,Robo de autopartes y cristalazo,-102.31762515,21.88977584
83658,30411,3,2019-03-25,1,8,53,1,SIN TIPO,AGRICULTURA (SUBDIVISION),990,AVENIDA,QUINTA,NA,"903,,,",CALLE,REPUBLICA DE HONDURAS,CALLE,REPUBLICA MEXICANA,CALLE,REPUBLICA DE BRASIL,2,false,false,9,H,ND,0,0,TAXI,TAXI 2712,23,25,0,0,false,2,2,AUTOMOVIL,NISSAN,TSURU,1,1,472,Robo de autopartes y cristalazo,-102.29915693,21.86321523
83723,30411,3,2019-03-25,1,11,44,1,FRACCIONAMIENTO,LAS CUMBRES,441,CALLE,CANDELARIO RAMOS REYES,NA,"301,,,",CALLE,AMBROSIO VERSTEGUI GUERRERO,CALLE,REFUGIO MIRANDA AGUAYO,CALLE,LA PROVIDENCIA,5,false,false,9,ND,ND,0,0,N,N,16,22,0,0,false,1,2,CAMIONETA,ND,ND,1,1,473,Robo de autopartes y cristalazo,-102.26216181,21.91222801
85134,30403,3,2019-03-27,3,13,48,1,FRACCIONAMIENTO,BOULEVARES 2A SECCION,1103,CALLE,INGENIERO G A LOYOLA ESCOBEDO,NA,",,,",CALLE,DOROTEO ARANGO,CALLE,CAPITAL DIEGO FERNANDEZ VILLA,CALLE,BELISARIO DOMINGUEZ,2,false,false,9,ND,ND,0,0,N,N,9,26,0,0,false,4,1,AUTOMOVIL,VOLKSWAGEN,POLO,1,1,474,Robo de autopartes y cristalazo,-102.30609757,21.85396031
85401,30403,3,2019-03-27,3,20,19,1,BARRIO,DE GUADALUPE,910,CALLE,LIBERTAD,NA,",,,",AVENIDA,GUADALUPE,CALLE,VALENTIN GOMEZ FARIAS,CALLE,JUAN DIEGO,1,false,false,9,ND,ND,0,0,N,N,23,6,0,12000,false,4,1,AUTOMOVIL,VOLKSWAGEN,DERBY,1,1,475,Robo de autopartes y cristalazo,-102.30043286,21.88389366
85280,30411,3,2019-03-27,3,17,39,1,FRACCIONAMIENTO,VILLAS DE NUESTRA SEÑORA DE LA ASUNCION (SECTOR ENCINO),506,CALLE,FRUTALES,NA,",,,",PRIVADA,ANDRES LOPEZ,CALLE,ARROYO SECO,CALLE,JESUS REYES,5,true,false,9,H,ND,1,0,N,N,22,22,0,0,true,1,2,AUTOMOVIL,ND,ND,1,1,476,Robo de autopartes y cristalazo,-102.26602529,21.92588294
85291,30403,3,2019-03-27,3,17,58,1,FRACCIONAMIENTO,LUIS ORTEGA DOUGLAS,440,AVENIDA,SIGLO XXI,NA,",,,",CALLE,EL GIGANTE,CALLE,EL YUGO,CALLE,EL YUGO,5,false,false,9,ND,ND,0,0,N,N,27,"22,3",0,10000,false,4,1,CAMIONETA,NISSAN,ND,1,1,477,Robo de autopartes y cristalazo,-102.25899852,21.90897454
85918,30411,3,2019-03-28,4,17,55,1,FRACCIONAMIENTO,JARDINES DE LAS FUENTES,974,AVENIDA,AGUASCALIENTES SUR,NA,",,,",CALLE,JARDIN DEL ENCINO,CALLE,JARDIN DE SAN MARCOS,CALLE,FRAY JUNIPERO SERRA,3,false,false,9,ND,ND,0,0,N,N,27,"26,27",0,0,false,1,1,AUTOMOVIL,HONDA,CIVIC,1,1,478,Robo de autopartes y cristalazo,-102.28568697,21.85974147
85693,30403,3,2019-03-28,4,7,58,1,BARRIO,DE GUADALUPE,910,CALLE,JUVENTINO ROSAS,NA,"106,,,",AVENIDA,GUADALUPE,CALLE,VALENTIN GOMEZ FARIAS,CALLE,ALAMAN,1,false,false,9,ND,ND,0,0,N,N,19,41,0,0,false,4,4,AUTOMOVIL,CHEVROLET,MERIVA,1,1,479,Robo de autopartes y cristalazo,-102.30455976,21.88485782
84417,30403,3,2019-03-26,2,12,3,1,FRACCIONAMIENTO,GAMEZ,690,CALLE,9 DE JULIO,NA,"106,,,",AVENIDA,HEROE DE NACOZARI,PRIVADA,9 D EJULIO,AVENIDA,PASEO DE LA CRUZ,1,true,false,9,"H,H",ND,0,0,BICICLETA,BICICLETA,21,41,0,0,false,4,4,AUTOMOVIL,FORD,FIESTA,1,1,480,Robo de autopartes y cristalazo,-102.28218404,21.87642480
85901,30411,3,2019-03-28,4,17,17,1,FRACCIONAMIENTO,LOMAS DEL MIRADOR III,620,CALLE,LOMA HUASTECA,NA,",,,",CALLE,LOMA ESCARLATA,CALLE,LOMA ESMERALDA,AVENIDA,AJEDRECISTAS,3,false,false,9,H,ND,0,0,TAXI,TAXI 2572,22,38,0,0,false,1,1,CAMIONETA,FORD,EXPEDITION,1,1,481,Robo de autopartes y cristalazo,-102.25968921,21.84659204
87888,30411,3,2019-03-31,7,4,0,4,COLONIA,SANTA CRUZ,233,PRIVADA,CASTORENA,NA,",,,",CALLE,ESTEBAN S CASTORENA,PRIVADA,PINO SUAREZ,CALLE,16 DE SEPTIEMBRE,7,false,false,9,ND,ND,0,0,N,N,26,39,0,0,false,2,2,CAMION,ND,ND,1,2,482,Robo de autopartes y cristalazo,-102.29844463,22.36296489
190329488,30403,3,2019-03-29,5,20,23,5,SIN TIPO,PUERTA GRANDE,162,AVENIDA,EUGENIO GARZA SADA,NA,",,,",CALLE,NINGUNO,CALLE,VENTURA,PRIVADA,CASTELLANA,7,false,false,9,ND,ND,0,0,N,N,14,"6,26",0,18000,false,4,1,CAMIONETA,NISSAN,ESTACAS,1,1,483,Robo de autopartes y cristalazo,-102.34301502,21.94462324
86301,30403,3,2019-03-29,5,3,39,1,BARRIO,LA SALUD,1122,CALLE,PRLONGACION COSIO,NA,"1009,,,",AVENIDA,AYUNTAMIENTO,CALLE,ACUEDUCTO,CALLE,JOSEFA ORTIZ DE DOMINGUEZ,3,false,false,9,ND,ND,0,0,N,N,27,41,0,0,false,4,4,AUTOMOVIL,FORD,FIGO,1,6,484,Robo de autopartes y cristalazo,-102.28727096,21.87131893
86619,30403,3,2019-03-29,5,18,14,1,UNIDAD HABITACIONAL,LOS VOLCANES,592,AVENIDA,PASEO DE LA CRUZ,11,",,,",ANDADOR,NINGUNO,ANDADOR,NINGUNO,ANDADOR,NINGUNO,3,false,false,9,H,ND,0,0,N,N,22,41,0,0,false,4,4,CAMIONETA,NISSAN,FRONTIER,1,6,485,Robo de autopartes y cristalazo,-102.26887541,21.87425328
86658,30403,3,2019-03-29,5,19,27,1,FRACCIONAMIENTO,EL DORADO 1A SECCION,1048,AVENIDA,AGUASCALIENTES SUR,NA,",,,",PROLONGACION,REPUBLICA DEL SALVADOR,CALLE,DOCTOR G RAMIREZ VALDEZ,CALLE,DOCTOR E GONZALEZ MEDINA,2,false,false,9,ND,ND,0,0,N,N,23,6,0,25000,false,4,4,AUTOMOVIL,CHEVROLET,SONIC,1,1,486,Robo de autopartes y cristalazo,-102.30273947,21.85966654
86926,30403,3,2019-03-30,6,0,46,1,COLONIA,ALTAVISTA,922,CALLE,SAN JACINTO,NA,",,,",CALLE,SAN JACINTO,CALLE,RIO PAPALOAPAN,CALLE,SAN JACINTO,6,false,false,9,H,ND,0,0,N,N,27,41,0,0,false,4,4,AUTOMOVIL,VOLKSWAGEN,JETTA,1,2,487,Robo de autopartes y cristalazo,-102.30165562,21.89155454
87060,30403,3,2019-03-30,6,5,16,1,COLONIA,ZONA CENTRO,906,CALLE,GENERAL IGNACIO ZARAGOZA,NA,",,,",CALLE,PEDRO PARGA,CALLE,ZARAGOZA,PRIVADA,ARQUITECTOS,1,false,false,9,ND,ND,0,0,N,N,27,6,0,0,false,4,1,CAMIONETA,NISSAN,XTRAIL,1,1,488,Robo de autopartes y cristalazo,-102.29154630,21.88543869
86492,30411,3,2019-03-29,5,13,33,1,FRACCIONAMIENTO,CANTERAS DE SAN JAVIER,1050,CALLE,PASEO DE YAHUALICA,NA,"107,,,",CALLE,PASEO DE LA CANTERA,CALLE,PASEO DE LA CANTERA,CALLE,PASEO DE LA CANTERA,2,false,false,9,ND,ND,0,0,N,N,27,11,0,3500,false,1,2,CAMIONETA,NISSAN,ND,1,1,489,Robo de autopartes y cristalazo,-102.33885006,21.85999610
86632,30411,3,2019-03-29,5,18,41,1,FRACCIONAMIENTO,MORELOS,616,CALLE,PALENQUE,NA,",,,",CALLE,BONAMPAK,ANDADOR,TERCERA PLAZA PALENQUE,ANDADOR,NINGUNO,3,false,false,9,H,FERNANDO RODRIGUEZ,0,0,N,N,22,"24,38,28",100,9000,false,1,3,CAMIONETA,ND,ND,1,1,490,Robo de autopartes y cristalazo,-102.25626207,21.86473528
86774,30411,3,2019-03-29,5,22,16,1,COLONIA,SAN MARCOS (DELEGACION CENTRO),736,CALLE,22 DE OCTUBRE,NA,",,,",CALLE,NICOLAS RAMRIEZ,CALLE,NIETO,PRIVADA,NIETO,6,false,false,9,ND,ND,0,0,N,N,27,"26,28",2500,2500,false,1,1,AUTOMOVIL,CHEVROLET,AVEO,1,1,491,Robo de autopartes y cristalazo,-102.31134146,21.87460373
87051,30411,3,2019-03-30,6,4,32,1,FRACCIONAMIENTO,OJOCALIENTE I,741,CALLE,CALVILLITO,NA,"108,,,",CALLE,LA TINAJA,CALLE,PLAZUELA J,CALLE,JALTOMATE,4,false,false,9,ND,ND,0,0,N,N,26,22,0,0,true,1,2,AUTOMOVIL,NISSAN,TSURU,1,1,492,Robo de autopartes y cristalazo,-102.25826970,21.88725080
87490,30411,3,2019-03-30,6,21,4,1,FRACCIONAMIENTO,VISTA DEL SOL II,614,AVENIDA,ARQUEROS,NA,",,,",CALLE,NUBLADO,CALLE,SOLEADO,CALLE,AMANECER,3,true,false,9,H,VICTOR MARTIN AVILA MARMOLEJO,1,0,AUTOMOVIL,"BEETLE, NEGRO, PLACAS MEB5592",23,25,0,0,false,2,2,AUTOMOVIL,VOLKSWAGEN,VENTO,1,4,493,Robo de autopartes y cristalazo,-102.26926014,21.86239199
87937,30411,3,2019-03-31,7,5,52,6,FRACCIONAMIENTO,COSMOS,90,CALLE,ZEUS,NA,"124,,,",CALLE,ANTARES,CALLE,MERCURIO,CALLE,ANDROMEDA,7,false,false,9,ND,ND,0,0,N,N,5,38,0,800,false,2,2,AUTOMOVIL,VOLKSWAGEN,GOL,1,1,494,Robo de autopartes y cristalazo,-102.27853990,22.13828389
87981,30411,3,2019-03-31,7,8,46,1,FRACCIONAMIENTO,VILLA MONTAÑA,502R,CALLE,PICO DE VALDEMADERA,NA,"510,B,,",CALLE,NINGUNO,CALLE,RODRIGO RINCON GALALRDO,CALLE,NINGUNO,5,false,false,9,ND,ND,0,0,N,N,19,27,0,0,false,1,1,AUTOMOVIL,NISSAN,TSURU,1,1,495,Robo de autopartes y cristalazo,-102.26582266,21.93670718
88061,30411,3,2019-03-31,7,12,23,1,EJIDO,SALTO DE OJOCALIENTE,580,CALLE,IGANACIO ALLENDE,NA,",,,",CALLE,JOSE MARIA MORELOS,CALLE,CNC,CALLE,GUADALUPE VICTORIA,3,false,false,9,ND,ND,0,0,N,N,9,24,0,0,false,1,2,AUTOMOVIL,NISSAN,SENTRA,1,2,496,Robo de autopartes y cristalazo,-102.25053625,21.86924767
86466,30403,3,2019-03-29,5,12,43,1,SIN TIPO,DESARROLLO 61 (FRENTE AGROPECUARIO),835,BOULEVARD,A ZACATECAS,NA,",,,",AVENIDA,AGUASCALIENTES,AVENIDA,HEROE DE NACOZARI NORTE,CALLE,FERROCARRIL,5,false,false,9,H,ND,0,0,N,N,21,41,0,0,false,4,4,AUTOMOVIL,CHEVROLET,CHEVY,1,1,497,Robo de autopartes y cristalazo,-102.29176845,21.91475155
86649,30403,3,2019-03-29,5,19,14,1,FRACCIONAMIENTO,JARDINES DE LA CRUZ (DELEGACION CENTRO),610,CALLE,CEDRO,NA,",,,",AVENIDA,CONVENCION DE 1914 ORIENTE,AVENIDA,DE LAS PALMAS,CALLE,DATIL,3,false,false,9,H,ND,1,0,N,N,22,41,0,0,false,4,4,AUTOMOVIL,ND,ND,1,4,498,Robo de autopartes y cristalazo,-102.27158792,21.87694155
86659,30411,3,2019-03-29,5,19,28,1,FRACCIONAMIENTO,J GUADALUPE PERALTA GAMEZ,411,CALLE,GERARDO MARIN MARTINEZ,NA,",,,",CALLE,JOSE MANUEL RUIZ DE TEJADA Y OTAL,CALLE,DESIDERIO MACIAS SILVA,CALLE,J SANTOS REYNA MARTINEZ,4,false,false,9,ND,ND,0,0,N,N,27,24,0,0,false,1,2,AUTOMOVIL,CHEVROLET,CHEVY,1,17,499,Robo de autopartes y cristalazo,-102.24212848,21.87127198
88838,30403,4,2019-04-01,1,9,8,7,SIN TIPO,CENTRO HISTORICO,78,AVENIDA,LIBERTAD,NA,"103,,,",CALLE,PLAZA JUAREZ,CALLE,FRANCISCO I MADERO,CALLE,MIGUEL HIDALGO,7,false,false,9,ND,ND,0,0,N,N,23,"22,12",0,15000,false,4,3,CAMIONETA,FORD,EXPEDITION,1,1,500,Robo de autopartes y cristalazo,-102.32229703,22.23010150
89356,30403,4,2019-04-01,1,22,47,1,FRACCIONAMIENTO,BOSQUES DEL PRADO SUR,777,AVENIDA,UNIVERSIDAD,NA,",,,",CALLE,SIERRA AZUL,CALLE,LAGOS DE MORENO,CALLE,SIERRA DE TEPOZTLAN,6,false,false,9,ND,ND,0,0,AUTOMOVIL,"GRIS, VIDRIOS POLARIZADOS",24,41,0,0,false,4,4,AUTOMOVIL,HYUNDAI,ND,1,1,501,Robo de autopartes y cristalazo,-102.31151989,21.91149563
88791,30411,4,2019-04-01,1,5,3,1,FRACCIONAMIENTO,CASA BLANCA,553,CALLE,VIVERO DEL ALAMO,NA,"112,,,",CALLE,VIVERO DE LA FLORESTA,CALLE,CASA BLANCA,CALLE,CAUDILLOS,3,false,false,9,H,ND,0,0,N,N,26,"22,11",0,0,false,1,2,AUTOMOVIL,CHEVROLET,CHEVY,1,1,502,Robo de autopartes y cristalazo,-102.27713549,21.85874354
89007,30411,4,2019-04-01,1,15,25,6,FRACCIONAMIENTO,PLUTARCO ELIAS CALLES,95,AVENIDA,VAZQUEZ DEL MERCADO,NA,"1310,,,",CALLE,SEBASTIAN BAÑUELOS,CALLE,SATURNINO BARRAGAN,CALLE,NARCISO PERALES AVILA MINA,7,false,false,9,ND,ND,0,0,N,N,21,"11,38",0,0,false,1,2,AUTOMOVIL,ND,ND,1,2,503,Robo de autopartes y cristalazo,-102.28885280,22.14159443
89153,30411,4,2019-04-01,1,18,54,1,COLONIA,LAS FLORES,1072,CALLE,LOS LAURELES,NA,",,,",CALLE,TULIPANES,CALLE,CAMELIAS,AVENIDA,DE LAS ORQUIDEAS,2,true,false,9,"H,M",ND,0,0,ND,ND,22,22,0,0,false,1,2,CAMIONETA,CHEVROLET,CHEVY,1,1,504,Robo de autopartes y cristalazo,-102.30412646,21.87486102
89526,30403,4,2019-04-02,6,7,28,1,FRACCIONAMIENTO,EL DORADO 1A SECCION,1048,CALLE,ALMERIA,NA,"220,,,",CALLE,CANADA,CALLE,SANTANDER,CALLE,PROFESOR ENRIQUE OLIVARES SANTANA,2,false,false,9,ND,ND,0,0,N,N,27,41,0,0,false,4,4,AUTOMOVIL,VOLKSWAGEN,SEDAN,1,1,505,Robo de autopartes y cristalazo,-102.30846793,21.86178691
89640,30403,4,2019-04-02,6,13,13,1,FRACCIONAMIENTO,LA FUENTE,1061,CALLE,VALPARAISO,NA,",,,",AVENIDA,LAS AMERICAS,CALLE,REPUBLICA DE NICARAGUA,CALLE,BOGOTA,2,false,false,9,ND,ND,0,0,N,N,21,"26,28,27",5000,6000,false,4,1,CAMIONETA,JEEP,CHEROKEE,1,1,506,Robo de autopartes y cristalazo,-102.30303415,21.87203280
89998,30411,4,2019-04-02,6,22,44,1,FRACCIONAMIENTO,SAN CAYETANO,1118,AVENIDA,CANAL INTERCEPTOR NORTE,NA,",,,",AVENIDA,UNIVERSIDAD,CALLE,SAN GABRIEL,CALLE,SAN GABRIEL,6,false,false,9,ND,ND,0,0,N,N,24,"26,3",0,40000,false,1,1,CAMIONETA,HONDA,CRV,1,1,507,Robo de autopartes y cristalazo,-102.30830096,21.90260438
88882,30411,4,2019-04-01,1,11,20,1,FRACCIONAMIENTO,JARDINES DEL SOL,566,AVENIDA,MARIANO ESCOBEDO,NA,",,,",AVENIDA,AGUASCALIENTES SUR,CALLE,AURORA BOREAL,CALLE,IGNACIO VALTIERRA,3,false,false,9,"H,H","JORGE NORIEGA ENRIQUEZ, ALFONSO NORIEGA ENRIQUEZ",2,0,N,N,20,38,0,0,false,2,2,AUTOMOVIL,ND,ND,1,4,508,Robo de autopartes y cristalazo,-102.27309235,21.86032032
90381,30411,4,2019-04-03,3,15,56,1,FRACCIONAMIENTO,ESPAÑA,1052,CALLE,SEGOVIA,NA,"237,A,,",CALLE,ZAMORA,CALLE,ESPAÑA,CALLE,CADIZ,2,false,false,9,ND,ND,0,0,N,N,4,"11,27",0,0,false,1,3,CAMIONETA,FORD,WINSTAR,1,1,509,Robo de autopartes y cristalazo,-102.31485207,21.86764947
90471,30411,4,2019-04-03,3,19,21,1,BARRIO,EL ENCINO,1096,CALLE,CRISTOBAL COLON,NA,",,,",CALLE,HEROES DE CHAPULTEPEC,CALLE,DEL SOL,CALLE,DOCTOR JESUS DIAZ DE LEON,1,false,false,7,ND,ND,0,0,N,N,10,24,0,0,false,1,2,AUTOMOVIL,NISSAN,SENTRA,1,1,510,Robo de autopartes y cristalazo,-102.29474705,21.87809463
90464,30411,4,2019-04-03,3,19,12,1,FRACCIONAMIENTO,JARDINES DE SANTA ELENA 2A SECCION,1106,CALLE,REPUBLICA DE URUGUAY,NA,"1502,,,",CALLE,REPUBLICA DEL PERU,CALLE,REPUBLICA MEXICANA,CALLE,REPUBLICA DEL CHILE,2,false,false,9,ND,ND,0,0,N,N,27,38,0,5000,false,1,1,AUTOMOVIL,CHEVROLET,AVEO,1,1,511,Robo de autopartes y cristalazo,-102.30218671,21.86432008
190403151,30411,4,2019-04-03,3,10,56,6,COLONIA,FRANCISCO VILLA,108,CALLE,EDMUNDO GAMEZ OROZCO SUR,NA,",,,",CALLE,MANUEL M PONCE,AVENIDA,20 DE NOVIEMBRE,CALLE,NIÑOS HEROES SUR,7,true,false,9,H,ND,0,0,N,N,20,25,0,0,false,2,2,CAMIONETA,FORD,LOBO,1,2,512,Robo de autopartes y cristalazo,-102.27210575,22.14855728
90755,30403,4,2019-04-04,1,5,6,1,UNIDAD HABITACIONAL,IV CENTENARIO,1065,RETORNO,IGNACIO GALELGOS,NA,",,,",RETORNO,SILVESTRE DORADOR,CALLE,DELICIAS,RETORNO,SILVESTRE DORADOR,3,false,false,9,H,ND,0,0,N,N,26,24,0,0,false,4,2,AUTOMOVIL,CHEVROLET,CHEVY,1,1,513,Robo de autopartes y cristalazo,-102.27947984,21.86845948
91315,30411,4,2019-04-04,4,22,51,1,COLONIA,SAN MARCOS (DELEGACION CENTRO),736,AVENIDA,CONVENCION DE 1914 PONIENTE,NA,",,,",CALLE,PUEBLITO,CALLE,NAVARRETE,CALLED,DAVID REYNOSO FLORES,6,false,false,9,ND,ND,0,0,N,N,24,"26,28,27",0,0,false,1,1,CAMIONETA,ND,ND,1,1,514,Robo de autopartes y cristalazo,-102.31209371,21.87772866
90738,30411,4,2019-04-04,1,3,1,1,FRACCIONAMIENTO,VILLAS DE NUESTRA SEÑORA DE LA ASUNCION (SECTOR ESTACION),502,CALLE,JULIO VILLASEÑOR NORMAN,NA,"308,,,",CALLE,FRANCISCO ARMENGOL,AVENIDA,GERONIMO D ELA CUEVA,CALLE,JUAN CONTRERAS PALACIOS,5,false,false,9,ND,ND,0,0,N,N,27,27,0,0,false,1,1,AUTOMOVIL,CHEVROLET,CHEVY,1,1,515,Robo de autopartes y cristalazo,-102.25788892,21.93746901
90837,30411,4,2019-04-04,4,10,54,1,FRACCIONAMIENTO,PILAR BLANCO,981,BOULEVARD,AGUILA,9,",MG,,",ANDADOR,NINGUNO,ANDADOR,NINGUNO,ANDADOR,PASEO DEL HALCON,2,false,false,9,ND,ND,0,0,N,N,16,23,0,2500,false,1,2,AUTOMOVIL,CHEVROLET,MONZA,1,1,516,Robo de autopartes y cristalazo,-102.29638271,21.85043733
90959,30411,4,2019-04-04,4,14,44,1,FRACCIONAMIENTO,ESPAÑA,1052,CALLE,SALAMANCA,NA,"208,,,",CALLE,ESPAÑA,CALLE,ZAMORA,CALLE,SANTANDER,2,true,false,9,ND,FAMILIAR,1,0,N,N,21,38,0,0,true,1,1,AUTOMOVIL,ND,ND,1,4,517,Robo de autopartes y cristalazo,-102.31396155,21.86660988
90254,30403,4,2019-04-03,4,11,59,1,COLONIA,SAN MARCOS (DELEGACION CENTRO),736,CALLE,DAVID REYNOSO FLORES,NA,",,,",CALLE,NAVARRETE,CALLE,PUEBLITO,AVENIDA,CONVENCION DE 1914 PONIENTE,6,false,false,9,ND,ND,0,0,N,N,27,41,0,0,false,4,4,AUTOMOVIL,CHEVROLET,MATIZ,1,2,518,Robo de autopartes y cristalazo,-102.31176262,21.87779073
90754,30411,4,2019-04-04,4,4,48,1,FRACCIONAMIENTO,SAN MARCOS,746,CALLE,RAFAEL,NA,",,,",CALLE,MIGUEL ANGEL,AVENIDA,AGUASCALIENTES PONIENTE,CALLE,DEL PARQUE,6,true,false,9,"H,H","ERNESTO GUERRERO GUTIERREZ, 30 AÑOS, MANUEL ALEJANDRO GONZALEZ TORRES, 23 AÑOS",2,0,N,N,26,"11,22",0,0,false,1,2,AUTOMOVIL,VOLKSWAGEN,GOLF,1,4,519,Robo de autopartes y cristalazo,-102.31919033,21.87903212
92126,30403,4,2019-04-06,6,3,38,1,FRACCIONAMIENTO,PILAR BLANCO,981,ANDADOR,DEL CARPINTERO,NA,",,,",ANDADOR,DE LAS GOLONDRINAS,ANDADOR,DE LAS GOLONDRINAS,ANDADOR,DE LAS GOLONDRINAS,2,false,false,9,ND,ND,0,0,N,N,27,"24,27",0,1200,false,4,3,CAMIONETA,CHRYSLER,VOYAGUER,1,1,520,Robo de autopartes y cristalazo,-102.29663392,21.84906619
92184,30403,4,2019-04-06,6,7,20,1,FRACCIONAMIENTO,MORELOS I,1120,CALLE,HERMANOS BRAVO,NA,"508,,,",CALLE,HERMANOS GALEANA,CALLE,CORREGIDORA,CALLE,PRIMERA CONSTITUCION,3,false,false,9,ND,ND,0,0,N,N,27,11,0,1000,false,4,2,CAMIONETA,FORD,PICK UP,1,1,521,Robo de autopartes y cristalazo,-102.26385115,21.85586912
92003,30403,4,2019-04-06,6,0,8,1,CONDOMINIO,SANTA MARIA,328,AVENIDA,EUGENIO GARZA SADA,NA,",,,",AVENIDA,PUNTA QUERENCIA,CALLE,NINGUNO,CALLE,NINGUNO,6,false,false,9,ND,ND,0,0,N,N,27,6,0,0,false,4,1,AUTOMOVIL,ND,ND,1,1,522,Robo de autopartes y cristalazo,-102.32996824,21.91456551
92973,30403,4,2019-04-07,7,5,16,1,COLONIA,BUENOS AIRES (DELEGACION CENTRO),720,CALLE,FERNANDO M HERNANDEZ,NA,"208,,,",CALLE,OCEANIA,CALLE,ALFREDO LEWIS,CALLE,ASIA,6,false,false,9,ND,ND,0,0,N,N,26,41,0,0,false,4,4,AUTOMOVIL,VOLKSWAGEN,GOLF,1,1,523,Robo de autopartes y cristalazo,-102.30477858,21.89602257
91655,30403,4,2019-04-05,5,15,15,1,COLONIA,LAS FLORES,1072,CALLE,AZALEAS,NA,"109,,,",AVENIDA,DE LAS ORQUIDEAS,CALLE,LOS LAURELES,CALLE,CLAVELES,2,false,false,9,H,ND,0,0,N,N,27,26,0,0,false,4,1,AUTOMOVIL,ND,ND,1,2,524,Robo de autopartes y cristalazo,-102.30463605,21.87430688
92904,30411,4,2019-04-07,7,4,5,1,UNIDAD HABITACIONAL,POTRERO DEL OESTE,1098,AVENIDA,PASEO DE LA ASUNCION,NA,",,,",ANDADOR,CORCEL,AVENIDA,SIGLO XXI,ANDADOR,NINGUNO,2,false,false,9,"H,H,H",ND,0,0,N,N,27,39,0,0,false,1,1,AUTOMOVIL,VOLKSWAGEN,CHEVY,1,2,525,Robo de autopartes y cristalazo,-102.30137429,21.84544765
92120,30411,4,2019-04-06,6,3,34,1,UNIDAD HABITACIONAL,POTRERO DEL OESTE,1098,ANDADOR,TEJADOS,NA,"121,,,",ANDADOR,TEJADOS,AVENIDA,FAISAN,ANDADOR,PORTALES,2,false,false,9,H,EL SORISAS,0,0,N,N,27,11,0,0,false,1,2,AUTOMOVIL,CHEVROLET,CHEVY,1,1,526,Robo de autopartes y cristalazo,-102.29801256,21.84537771
91704,30411,4,2019-04-05,5,17,28,1,SIN TIPO,RODOLFO LANDEROS GALLEGOS,1002,BOULEVARD,JOSE MARIA CHAVEZ,NA,",,,",AVENIDA,AGUASCALIENTES SUR,AVENIDA,SIGLO XXI,AVENIDA,DEL PARQUE,3,false,false,9,ND,ND,0,0,N,N,3,24,0,2500,false,1,2,AUTOMOVIL,HONDA,CIVIC,1,1,527,Robo de autopartes y cristalazo,-102.29149343,21.85202292
91860,30411,4,2019-04-05,5,21,50,1,COLONIA,SAN MARCOS (DELEGACION CENTRO),736,CALLE,22 DE OCTUBRE,NA,",,,",CALLE,NICOLAS RAMIREZ,CALLE,NIETO,PRIVADA,NIETO,6,false,false,9,ND,ND,0,0,N,N,23,"26,27,38",0,0,false,1,3,CAMIONETA,CHEVROLET,ND,1,1,528,Robo de autopartes y cristalazo,-102.31135340,21.87457376
92804,30411,4,2019-04-07,7,1,44,1,FRACCIONAMIENTO,LINDAVISTA,407,CALLE,JARDIN DE GUADALUPE,NA,",,,",AVENIDA,CONVENCION DE 1914 SUR,CALLE,JARDIN DEL ESTUDIANTE,CALLE,DIEGO DE IBARRA,3,false,false,9,"H,H",ND,0,0,MOTOCICLETA,BLANCA,15,24,0,0,false,1,2,AUTOMOVIL,TOYOTA,COROLLA,1,2,529,Robo de autopartes y cristalazo,-102.28972689,21.86717163
92438,30411,4,2019-04-06,6,18,49,1,SIN TIPO,DEPORTIVO FERROCARRILERO,511,AVENIDA,ALAMEDA,NA,",,,",AVENIDA,MANUEL GOMEZ MORIN,CALLE,FELIPE PESCADOR,CALLE,FELIPE PESCADOR,4,true,false,9,"H,H",ND,2,0,N,N,22,25,0,0,false,2,2,AUTOMOVIL,ND,ND,1,4,530,Robo de autopartes y cristalazo,-102.27870508,21.88365934
93015,30411,4,2019-04-07,7,6,48,1,FRACCIONAMIENTO,LA ESTANCIA,1090,CALLE,PETIRROJO,NA,"108,A,,",CALLE,AMANECER,CALLE,CANARIO,CALLE,ARNULFO VALDEZ,2,false,false,9,"H,H,H",ND,0,0,N,N,27,3,0,4000,false,3,1,CAMIONETA,ND,ND,1,2,531,Robo de autopartes y cristalazo,-102.29841708,21.84051472
91799,30403,4,2019-04-05,5,20,44,1,FRACCIONAMIENTO,JARDINES DE LA ASUNCION,991,AVENIDA,CONVENCION DE 1914 SUR,NA,"1108,,,",CALLE,JUAN B OROZCO,CALLE,HERNANDO MARTELL,CALLE,PASEO JUAN DE TOLOSA,3,false,false,9,ND,ND,0,0,N,N,27,"27,28",7000,8000,false,4,1,AUTOMOVIL,NISSAN,TIIDA,1,1,532,Robo de autopartes y cristalazo,-102.29317332,21.86533268
92512,30411,4,2019-04-06,6,21,3,1,FRACCIONAMIENTO,COLINAS DEL RIO,398,CALLE,CAMINO ANTIGUO A SAN IGNACIO,NA,"222,,,",CALLE,RIO ARNO,CALLE,RIO TIGRIS,CALLE,RIO COLORADO,6,false,false,9,ND,ND,0,0,N,N,27,38,15000,15000,false,1,1,CAMIONETA,HONDA,CRV,1,1,533,Robo de autopartes y cristalazo,-102.32025957,21.89809918
91370,30403,4,2019-04-05,5,0,10,1,FRACCIONAMIENTO,MORELOS,616,CALLE,PRIMERA PLAZA BONAMPAK,NA,"103,,,",CALLE,BONAMPAK,CALLE,PRIMERA PLAZA BONAMPAK,ANDADOR,SEGUNDA PLAZA BONAMPAK,3,false,false,9,ND,ND,0,0,N,N,25,41,0,0,false,4,4,AUTOMOVIL,CHEVROLET,CAVALIER,1,1,534,Robo de autopartes y cristalazo,-102.25577210,21.86107502
92788,30403,4,2019-04-07,4,1,32,1,FRACCIONAMIENTO,RUSTICOS CALPULLI,1056,AVENIDA,CENTRAL,NA,"217,,,",CALLE,JOSE MAMRIA ESCRIVA DE BALAGUER,CALLE,PAJAR,CALLE,DEL GRANERO,3,false,false,9,ND,ND,0,0,N,N,27,41,0,0,false,4,4,AUTOMOVIL,CHEVROLET,CHEVY,1,2,535,Robo de autopartes y cristalazo,-102.27929437,21.82870552
92140,30411,4,2019-04-06,6,4,34,1,CONDOMINIO,SAN GERARDO,315P,CALLE,PASEO SAN GERARDO,NA,",,,",CALLE,COTO 205,CALLE,COTO 205,CALLE,COTO 205,2,false,true,3,"H,H,H",ND,0,0,N,N,27,24,0,0,false,1,2,CAMION,INTERNATIONAL,ND,1,6,536,Robo de autopartes y cristalazo,-102.29315848,21.80608731
90108,30411,4,2019-04-03,3,3,38,1,FRACCIONAMIENTO,REAL DE HACIENDAS,492,CALLE,HACIENDA HUAXTLA,NA,"131,,,",ANDADOR,HACIENDA CHENKU,CALLE,HAICENDA VENTA DEL ASTILLERO,CIRCUITO,HACIENDA COPALA,4,true,false,9,H,ND,1,0,N,N,26,23,0,0,false,1,2,AUTOMOVIL,ND,ND,1,1,537,Robo de autopartes y cristalazo,-102.24182557,21.88658116
92170,30411,4,2019-04-06,6,6,23,1,FRACCIONAMIENTO,LOMAS DEL MIRADOR IV,619,CALLE,LOMA DE MARFIL,NA,",,,",CALLE,30 DE SEPTIEMBRE,PROLONGACION,C DE LA ALIANZA,CALLE,LOMA DEL ORIENTE,3,false,false,9,ND,ND,0,0,TAXI,TAXI 1599,19,39,0,0,false,2,2,AUTOMOVIL,ND,ND,1,2,538,Robo de autopartes y cristalazo,-102.26117046,21.84860508
190404088,30411,4,2019-04-04,4,3,56,11,FRACCIONAMIENTO,SANTA BARBARA,2,CALLE,PRIVADA SAN AGUSTIN PONIENTE,NA,"106,,,",CALLE,SANTA BARBARA,N,N,CALLE,NINGUNO,7,true,false,9,H,ND,0,0,N,N,26,23,0,350,false,1,2,CAMIONETA,NISSAN,ND,1,1,539,Robo de autopartes y cristalazo,-102.26283689,22.06348417
190407498,30403,4,2019-04-07,7,17,22,7,SIN TIPO,ZONA PONIENTE,47,CALLE,LIBERTAD,NA,",,,",N,N,CALLE,CALVILLO,CALLE,EMILIANO ZAPATA,7,false,false,9,ND,ND,0,0,N,N,3,"26,38",0,0,false,4,1,AUTOMOVIL,NISSAN,TSURU,1,2,540,Robo de autopartes y cristalazo,-102.34759872,22.17776738
190407271,30411,4,2019-04-07,7,10,54,11,FRACCIONAMIENTO,PASEOS DE LA PROVIDENCIA,349P,CALLE,PASEOS DE SANTA BEATRIZ,NA,"430,,,",CALLE,PASEOS DE SAN JOSE,AVENIDA,PASEOS DE LA PROVIDENCIA,CALLE,PASEOS DE SANTA CLARA,7,false,false,9,ND,ND,0,0,N,N,27,38,0,8000,false,1,1,TRAILER,ND,ND,1,2,541,Robo de autopartes y cristalazo,-102.27208223,22.02514543
190406422,30403,4,2019-04-06,6,19,21,3,SIN TIPO,POTRERO DE LOS LOPEZ (LOS LOPEZ),246,AVENIDA,INSURGENTES,NA,"110,,,",CALLE,LAUREL,CALLE,NINGUNO,CALLE,SAUZ,7,true,false,9,H,ND,0,0,N,N,23,41,0,0,false,4,4,CAMIONETA,ND,ND,1,2,542,Robo de autopartes y cristalazo,-102.67629789,21.86867618
93700,30403,4,2019-04-08,1,1,52,1,COLONIA,MIRAVALLE,750,AVENIDA,FUNDICION,NA,"402,,,",CALLE,ARQUITECTO ANTONIO AVILA CASTAÑEDA,AVENIDA,FUNDICION,CALLE,GUILLERMO PRIETO,6,true,false,9,"H,H",ND,0,0,N,N,25,38,0,500,false,4,4,AUTOMOVIL,VOLKSWAGEN,JETTA,1,2,543,Robo de autopartes y cristalazo,-102.30731647,21.89039908
93808,30411,4,2019-04-08,1,7,48,1,FRACCIONAMIENTO,LAS CUMBRES,441,CALLE,MARIA BERTHA LARA GUERRERO,NA,",,,",CALLE,REFUGIO MIRANDA AGUAYO,CALLE,EL PICACHO,CALLE,MARCELINA CERVANTES SANCHEZ,5,false,false,9,ND,ND,0,0,N,N,16,"22,11",0,3000,false,1,2,CAMIONETA,CHEVROLET,CARAVAN,1,1,544,Robo de autopartes y cristalazo,-102.26515365,21.91094455
93821,30403,4,2019-04-08,5,9,25,1,COLONIA,DEL CARMEN,911,CALLE,JESUS TERAN,NA,",,,",CALLE,LIBERTAD,CALLE,VALLADOLID,CALLE,JESUS MARIA,1,false,false,9,ND,ND,0,0,N,N,6,41,0,0,false,4,4,AUTOMOVIL,CHEVROLET,CORSA,1,1,545,Robo de autopartes y cristalazo,-102.29925113,21.88921135
93733,30411,4,2019-04-08,1,2,40,1,FRACCIONAMIENTO,PENSADORES MEXICANOS,774,CALLE,OCTAVIO PAZ,NA,",,,",CALLE,JUAN RULFO,CALLE,LUIS ESPOTA,CALLE,SALVADOR NOVO,5,false,false,9,H,ND,0,0,N,N,25,"22,11",0,5000,true,1,2,CAMIONETA,ND,ND,1,1,546,Robo de autopartes y cristalazo,-102.25837648,21.91467557
190410504,30403,4,2019-04-08,1,21,24,1,FRACCIONAMIENTO,LA FUENTE,1061,CALLE,BAHIA,NA,",,,",AVENIDA,LAS AMERICAS,CALLE,REPUBLICA DE URUGUAY,CALLE,QUITO,2,false,false,9,ND,ND,0,0,N,N,27,26,0,0,false,4,1,CAMIONETA,NISSAN,XTRAIL,1,1,547,Robo de autopartes y cristalazo,-102.30116021,21.87222739
190410825,30403,4,2019-04-08,1,23,24,1,FRACCIONAMIENTO,LOMAS DE VISTABELLA I,604,CALLE,VERDE,NA,"101,,,",N,N,CALLE,VISTA DE LA LUNA,CALLE,DIAGONAL ALFIL,3,false,false,9,ND,ND,0,0,N,N,24,41,0,0,false,4,4,AUTOMOVIL,RENAULT,ND,1,2,548,Robo de autopartes y cristalazo,-102.25796238,21.84344643
190409195,30411,4,2019-04-08,5,15,19,1,SIN TIPO,DESARROLLO 55 (BODEGA AURRERA PINTORES),802,AVENIDA,SIGLO XXI,NA,",,,",CALLE,JOSE LUIS CUEVAS,CALLE,NINGUNO,CALLE,NINGUNO,5,false,false,9,ND,ND,0,0,N,N,21,"22,6",0,2500,false,1,3,CAMIONETA,FORD,EXPEDITION,1,1,549,Robo de autopartes y cristalazo,-102.26135827,21.91945807
190408944,30411,4,2019-04-08,1,14,14,1,FRACCIONAMIENTO,LAS CUMBRES,441,AVENIDA,SIGLO XXI,NA,",,,",CALLE,EL PICACHO,CALLE,MARIA GUADALUPE RUIZ DE CHAVEZ PINALES,CALLE,LA UNION,5,false,false,9,ND,ND,0,0,N,N,21,26,0,0,false,3,1,AUTOMOVIL,ND,ND,1,1,550,Robo de autopartes y cristalazo,-102.25965372,21.90968293
190412254,30411,4,2019-04-09,2,15,0,1,OTRO,BALNEARIO OJOCALIENTE,737,AVENIDA,TECNOLOGICO,NA,",,,",AVENIDA,TECNOLOGICO,AVENIDA,AGUASCALIENTES ORIENTE,AVENIDA,AGUASCALIENTES ORIENTE,4,false,false,9,ND,ND,0,0,N,N,22,22,0,5000,false,1,2,AUTOMOVIL,FORD,FIESTA,1,1,551,Robo de autopartes y cristalazo,-102.26171133,21.87960312
190414281,30403,4,2019-04-10,3,9,53,11,COMUNIDAD,LA PROVIDENCIA,305P,CALLE,BENITO JUAREZ,NA,"8,,,",CALLE,MIGUEL HIDALGO,CALLE,MORELOS,CALLE,GUADALUPE VICTORIA,7,false,false,9,ND,ND,0,0,N,N,20,41,0,0,false,4,4,AUTOMOVIL,ND,ND,1,1,552,Robo de autopartes y cristalazo,-102.27668785,22.05978977
190413885,30411,4,2019-04-10,3,4,39,1,FRACCIONAMIENTO,INSURGENTES,1046,CALLE,ABRAHAM GONZALEZ,NA,"1404,,,",CALLE,SERAPIO RENDON,CALLE,ANTONIO DIAZ SOTO Y GAMA,AVENIDA,CONVENCION,2,false,false,9,ND,ND,0,0,N,N,27,22,0,1000,false,1,2,AUTOMOVIL,NISSAN,TSURU,1,1,553,Robo de autopartes y cristalazo,-102.30654455,21.84922322
190414359,30411,4,2019-04-10,3,10,39,1,COLONIA,INDUSTRIAL,919,CALLE,ALFREDO LEWIS,NA,",,,",CALLE,PETROLEOS MEXICANOS,CALLE,MELQUIADES MORENO,CALLE,MANUEL AVILA CAMACHO,6,false,false,9,ND,ND,0,0,N,N,27,"22,11,23,38",0,10000,false,1,2,AUTOMOVIL,ND,ND,1,1,554,Robo de autopartes y cristalazo,-102.29308521,21.89932382
190414593,30411,4,2019-04-10,3,12,15,1,BARRIO,SAN MARCOS,735,CALLE,RINCON,NA,",,,",CALLE,IGNACIO LOMAS,CALLE,TALAMANTES,CALLE,DOCTOR PEDRO DE ALBA,1,false,false,9,ND,ND,0,0,N,N,20,"22,26",0,0,false,3,3,AUTOMOVIL,CHEVROLET,CHEVY,1,1,555,Robo de autopartes y cristalazo,-102.30741979,21.87983021
190414600,30411,4,2019-04-10,3,12,17,1,FRACCIONAMIENTO,LAS AMERICAS (DELEGACION INSURGENTES),406,CALLE,REPUBLICA DE GUATEMALA,NA,"210,,,",CALLE,REPUBLICA DE BRASIL,CALLE,REPUBLICA DE CHILE,CALLE,REPUBLICA DE PARAGUAY,2,false,false,9,ND,ND,0,0,N,N,21,24,0,4200,false,1,2,CAMION,ND,ND,1,1,556,Robo de autopartes y cristalazo,-102.30048732,21.86563220
190414603,30411,4,2019-04-10,3,12,18,1,COLONIA,LAS FLORES,1072,CALLE,GERANIOS,NA,",,,",AVENIDA,DE LAS ORQUIDEAS,AVENIDA,IGNACIO T CHAVEZ,CALLE,CLAVELES,2,false,false,9,H,ND,0,0,N,N,21,"26,27,6,28",4000,15000,false,1,1,AUTOMOVIL,NISSAN,TSURU,1,1,557,Robo de autopartes y cristalazo,-102.30535819,21.87323773
190414933,30403,4,2019-04-10,3,13,55,1,SIN TIPO,DESARROLLO 45 (VILLAS DEL RIO),698,CALLE,RIO DAYMAN,NA,"305,,,",CALLE,RIO CAZONES,CALLE,RIO IGUAZU,CALLE,RIO AGUA NAVAL,5,false,false,9,ND,ND,0,0,N,N,21,22,0,2500,false,4,2,AUTOMOVIL,DODGE,MAGNUM,1,2,558,Robo de autopartes y cristalazo,-102.24383397,21.93761125
190417461,30411,4,2019-04-11,4,6,25,1,FRACCIONAMIENTO,VILLAS DE NUESTRA SEÑORA DE LA ASUNCION (SECTOR ALAMEDA),516,CALLE,JOSE A PINEDO,NA,",,,",CALLE,ALFREDO MUÑOZ,CALLE,ISAAC DE LA PEÑA,CALLE,IGNACIO ORTIZ,5,false,false,9,ND,ND,0,0,N,N,27,11,0,22000,false,1,2,CAMIONETA,ND,ND,1,1,559,Robo de autopartes y cristalazo,-102.26691721,21.93336386
190417758,30411,4,2019-04-11,4,9,27,9,COLONIA,ZONA CENTRO,41,CALLE,FILOMENO MALDONADO,NA,",,,",CALLE,EMILIANO ZAPATA,CALLE,SAN ANGEL,CALLE,JOSE MARIA ELIZALDE,7,false,false,9,ND,ND,0,0,N,N,16,22,0,0,false,1,2,AUTOMOVIL,VOLKSWAGEN,JETTA,1,1,560,Robo de autopartes y cristalazo,-102.16962905,22.22421104
190422486,30411,4,2019-04-12,5,16,33,1,COLONIA,ZONA CENTRO,906,CALLE,JESUS TERAN,NA,"123,,,",CALLE,VALLADOLID,CALLE,5 D EMAYO,CALLE,JESUS MARIA,1,false,false,9,"H,H",ND,0,0,N,N,22,37,0,0,false,5,2,AUTOMOVIL,NISSAN,SENTRA,1,6,561,Robo de autopartes y cristalazo,-102.29666189,21.88861847
190420707,30411,4,2019-04-12,5,6,45,1,CONDOMINIO,OJOCALIENTE FOVISSSTE I,739,AVENIDA,ANTARES,28,",,204,",ANDADOR,NINGUNO,ANDADOR,NINGUNO,CIRCUITO,TRES,3,false,false,9,ND,ND,0,0,N,N,16,"24,23,11",0,30000,false,1,2,CAMIONETA,FORD,EXPLORER,1,1,562,Robo de autopartes y cristalazo,-102.25974313,21.87311997
190421070,30411,4,2019-04-12,5,9,49,1,FRACCIONAMIENTO,JOSE LOPEZ PORTILLO,955,CALLE,JOSE MARIA GONZALEZ BOCANEGRA,NA,"305,,,",CALLE,CASIMIRA ARTEAGA,CALLE,ANTONIO HERNANDEZ GALLEGOS,CALLE,RICARDO GARCIA MENDOZA,2,false,false,9,ND,ND,0,0,N,N,27,"26,38",0,3000,false,1,1,AUTOMOVIL,CHEVROLET,SPARK,1,1,563,Robo de autopartes y cristalazo,-102.31951136,21.85217816
190421085,30411,4,2019-04-12,5,9,53,1,FRACCIONAMIENTO,LAS ARBOLEDAS,758,CALLE,JACARANDAS,MA,"313,,,",CALLE,MARGIL DE JESUS,AVENIDA,CONVENCION DE 1914 NORTE,CALLE,EUCALIPTO,6,false,false,9,ND,ND,0,0,N,N,27,38,0,2000,false,2,2,CAMIONETA,ND,ND,1,1,564,Robo de autopartes y cristalazo,-102.30337786,21.89867653
190421371,30411,4,2019-04-13,6,2,38,11,SIN TIPO,EX VIÑEDOS GUADALUPE,1,CALLE,VIÑEDOS SAN MARCOS,NA,",,,",CALLE,VIÑEDOS SANTA TERESA,CALLE,VIEÑDOS GUADALUPE,CALLE,VIÑEDOS RIVIER,7,false,false,9,ND,ND,0,0,N,N,25,38,0,0,false,2,2,AUTOMOVIL,VOLKSWAGEN,BEETLE,1,1,565,Robo de autopartes y cristalazo,-102.27364008,21.95960327
190427270,30411,4,2019-04-13,6,20,25,1,RESIDENCIAL,LOS FRESNOS (RESIDENCIAL CAMPESTRE),313P,AVENIDA,GUADALUPE GONZALEZ,NA,",,,",NA,NA,NA,NA,NA,NA,6,false,false,9,ND,ND,0,0,N,N,14,26,0,12000,false,1,1,CAMIONETA,HONDA,ND,1,1,566,Robo de autopartes y cristalazo,-102.33568611,21.90994685
190429562,30411,4,2019-04-14,7,13,22,1,COLONIA,SAN PABLO,921,CALLE,LIBERTAD,NA,"1106,,,",CALLE,RIO VERDE,CALLE,RIO PAPALOAPAN,CALLE,RIO VERDE,6,false,false,9,ND,ND,0,0,N,N,21,24,0,0,false,1,2,AUTOMOVIL,CHRYSLER,SPIRIT,1,1,567,Robo de autopartes y cristalazo,-102.29922446,21.89308349
190430232,30411,4,2019-04-14,7,16,15,2,COMUNIDAD,SAN GIL,331P,CALLE,20 DE NOVIEMBRE,NA,",,,",CALLE,NETZAHUALCOYOTL,CALLE,SAN MANUEL,N,N,7,true,false,9,"H,H",ND,2,0,N,N,22,25,0,0,false,2,2,CAMIONETA,TOYOTA,ND,1,4,568,Robo de autopartes y cristalazo,-102.02065565,22.20809632
190423623,30403,4,2019-04-12,5,21,38,1,COLONIA,SAN LUIS (II),743,CALLE,NUEVA DE LA PAZ,NA,"217,,,",CALLE,28 DE AGOSTO,CALLE,PROFESORA ZOILA CARDENAS,PRIVADA,JOSE FLORES VACA,1,false,false,9,ND,ND,0,0,N,N,24,39,0,18000,false,4,4,CAMIONETA,FORD,ECOSPORT,1,1,569,Robo de autopartes y cristalazo,-102.28012679,21.88146540
190418953,30411,4,2019-04-11,4,16,9,1,SIN ASIGNACION,SIN NOMBRE DE COLONIA 1 (CALVILLITO),339,AVENIDA,REVOLUCION,NA,",,,",CARRETERA,70 OJUELOS-AGUASCALIENTES,CALLE,LUCIO BLANCO,N,N,3,false,false,9,H,ND,0,0,N,N,22,38,0,0,true,2,1,CAMIONETA,CHEVROLET,TORNADO,1,2,570,Robo de autopartes y cristalazo,-102.18778055,21.84888055
190431878,30411,4,2019-04-15,1,0,29,1,FRACCIONAMIENTO,OJOCALIENTE III,525,CALLE,BETULIA,NA,"416,,,",CALLE,EL MOCHO,CALLE,LA GLORIA,CALLE,CHURUBUSCO,4,false,false,9,ND,ND,0,0,N,N,25,"11,24",0,5000,false,1,2,AUTOMOVIL,ND,ND,1,1,571,Robo de autopartes y cristalazo,-102.24345427,21.87831265
190432310,30411,4,2019-04-15,1,5,38,1,FRACCIONAMIENTO,VILLAS DE NUESTRA SEÑORA DE LA ASUNCION (SECTOR ESTACION),502,CALLE,SALVADOR PATILLO DOMINGUEZ,NA,"211,,,",CALLE,FRANCISCO ARMENGOL,CALLE,DOMINGO VELASCO,AVENIDA,FERNANDO MENDEZ,5,false,false,9,ND,ND,0,0,N,N,27,22,0,0,false,1,2,CAMIONETA,FORD,RANGER,1,1,572,Robo de autopartes y cristalazo,-102.25959889,21.93759309
190432196,30403,4,2019-04-15,1,3,13,1,FRACCIONAMIENTO,INSURGENTES,1046,CALLE,INGENIERO PASTOR ROUALX,NA,"227,,,",AVENIDA,CONVENCION,AVENIDA,MARIANO AZUELA,CALLE,ANTONIO DIAZ SOTO Y GAMA,2,false,false,9,ND,ND,0,0,N,N,26,41,0,0,false,4,4,AUTOMOVIL,SEAT,ND,1,1,573,Robo de autopartes y cristalazo,-102.30545126,21.85104919
190432383,30411,4,2019-04-15,1,6,55,1,FRACCIONAMIENTO,MIRADOR DE LAS CULTURAS,442,CALLE,CULTURA OTOMI 432,NA,",,,",CALLE,CULTURA CHICHIMECA,AVENIDA,CULTURA OTOMI,CALLE,CULTURA GUAYCURAS,5,false,false,9,ND,ND,0,0,N,N,16,24,0,0,false,1,2,CAMION,ND,ND,1,6,574,Robo de autopartes y cristalazo,-102.24664192,21.91040421
190432411,30403,4,2019-04-15,1,7,29,1,FRACCIONAMIENTO,BOULEVARES 2A SECCION,1103,CALLE,JOSE ISABEL ROBLES,NA,"211,,,",CALLE,ENRIQUE C REBSAMEN,PROLONGACION,DIEGO FERNANDEZ VILLA,CALLE,PROFESOR ENRIQUE OLIVARES SANTANA,2,false,false,9,ND,ND,0,0,N,N,19,22,0,2800,false,4,2,AUTOMOVIL,SEAT,IBIZA,1,1,575,Robo de autopartes y cristalazo,-102.30532589,21.85626271
190435957,30411,4,2019-04-16,2,2,58,1,FRACCIONAMIENTO,NAZARIO ORTIZ GARZA,452,AVENIDA,SIGLO XXI,NA,",,,",CALLE,MANUEL GARCIA MARTINEZ,BOULEVARD,GUADALUPANO,PRIVADA,GUADALUPE ALVARADO,5,false,false,9,ND,ND,0,0,N,N,27,3,0,0,false,1,1,AUTOMOVIL,NISSAN,TSURU,1,1,576,Robo de autopartes y cristalazo,-102.25710863,21.90671791
190428730,30403,4,2019-04-16,2,20,40,1,FRACCIONAMIENTO,BOSQUES DEL PRADO,847,PROLONGACION,GENERAL IGNACIO ZARAGOZA,NA,",,,",CALLE,SIERRA DE LA CANELA,CALLE,SIERRA FRIA,CALLE,VALLE DE GUADALUPE,6,false,false,9,ND,ND,0,0,N,N,10,6,0,40000,false,4,1,CAMIONETA,TOYOTA,ND,1,1,577,Robo de autopartes y cristalazo,-102.30424277,21.91829711
190438954,30403,4,2019-04-16,2,21,46,1,FRACCIONAMIENTO,GAMEZ,690,PROLONGACION,SAN MIGUEL,NA,",,,",AVENIDA,HEROE DE NACOZARI SUR,CALLE,PODER LEGISLATIVO,CALLE,9 DE JULIO,1,false,false,9,ND,ND,0,0,N,N,27,"26,27",0,1500,false,4,1,CAMIONETA,DODGE,CALIVER,1,2,578,Robo de autopartes y cristalazo,-102.28166363,21.87704135
190439773,30411,4,2019-04-17,3,5,48,1,COLONIA,EL LLANITO,988,CALLE,EULALIO GUTIERREZ,NA,"103,,,",CALLE,2 DE ABRIL,CALLE,NEVEROS,CALLE,5 DE FEBRERO,1,false,false,9,H,ND,0,0,N,N,26,22,0,0,false,1,2,CAMIONETA,ND,ND,1,1,579,Robo de autopartes y cristalazo,-102.28800676,21.87829240
190440509,30411,4,2019-04-17,3,11,3,1,COLONIA,GREMIAL,917,CALLE,DOCTOR GERONIMO DE OROZCO,NA,",,,",AVENIDA,HEROE DE NACOZARI NORTE,CALLE,20 DE NOVIEMBRE,CALLE,CORONEL JESUS R MACIAS,6,false,false,9,H,ND,0,0,BICICLETA,"BICICLETA, CAJA AZUL",20,22,0,0,false,1,2,AUTOMOVIL,CHEVROLET,CHEVY,1,2,580,Robo de autopartes y cristalazo,-102.28664700,21.89348566
190447488,30411,4,2019-04-19,5,0,44,1,FRACCIONAMIENTO,LAS CUMBRES,441,CALLE,EL TILDIO,NA,"237,,,",CALLE,MARIA GUADALUPE RUIZ DE CHAVEZ PINALES,CALLE,EL PICACHO,CALLE,LA UNION,5,false,false,9,ND,ND,0,0,N,N,25,11,0,15000,false,1,2,CAMIONETA,NISSAN,ND,1,1,581,Robo de autopartes y cristalazo,-102.26079108,21.91067981
190448034,30411,4,2019-04-19,5,8,20,1,CONDOMINIO,VALLE DEL CEDAZO,572,RETORNO,22 DE DICIEMBRE,NA,"119,A,,",RETORNO,22 DE DICIEMBRE,CALLE,RETORNO 22 DE DICIEMBRE,CALLE,ALBINO GARCIA,3,false,false,9,ND,ND,0,0,N,N,16,26,0,0,false,1,1,AUTOMOVIL,NISSAN,MARCH,1,1,582,Robo de autopartes y cristalazo,-102.25922365,21.85845248
190450862,30403,4,2019-04-19,5,23,28,1,FRACCIONAMIENTO,BOSQUES DEL PRADO,847,CALLE,SIERRA DEL LAUREL,NA,",,,",CALLE,SAN JULIAN,CALLE,VALLE DE GUADALUPE,CALLE,SIERRA MORENA,6,false,false,9,ND,ND,0,0,N,N,27,6,0,0,false,4,1,AUTOMOVIL,NISSAN,MARCH,1,6,583,Robo de autopartes y cristalazo,-102.30783585,21.91657283
190451825,30403,4,2019-04-20,6,9,11,1,FRACCIONAMIENTO,OJOCALIENTE FOVISSSTE II,395,AVENIDA,PASEO DE OJOCALIENTE,NA,"722,,,",CALLE,CERRO AYUTLA,AVENIDA,PASEO DE LA CRUZ,CALLE,CERRO CAPIRE,3,false,false,9,ND,ND,0,0,N,N,6,38,0,0,false,4,1,AUTOMOVIL,VOLKSWAGEN,JETTA,1,1,584,Robo de autopartes y cristalazo,-102.25793339,21.86966592
190452029,30411,4,2019-04-20,6,10,47,5,SIN TIPO,CORRAL DE BARRANCOS,142,CALLE,JOSE LOPEZ PORTILLO,NA,"108,,,",PRIVADA,DEL MOTOR,CALLE,LAS FLORES,PRIVADA,NINGUNO,7,false,false,9,ND,ND,0,0,N,N,6,"38,22,23",0,6000,false,1,3,CAMIONETA,CHEVROLET,SILVERADO,1,1,585,Robo de autopartes y cristalazo,-102.32583158,21.94751726
190452699,30411,4,2019-04-20,6,13,55,1,FRACCIONAMIENTO,INSURGENTES,1046,CALLE,GENERAL FRANCISCO MURGUIA,NA,",,,",CALLE,GENERAL LUIS MOYA,CALLE,ABRAHAM GONZALEZ,CALLE,GENERAL JOSE ISABEL ROBLES,2,true,false,9,H,ND,0,0,N,N,21,37,0,0,false,2,2,CAMIONETA,CHEVROLET,S10,1,13,586,Robo de autopartes y cristalazo,-102.30484371,21.84719449
190453480,30411,4,2019-04-20,6,17,25,1,OTRO,BALNEARIO OJOCALIENTE,737,AVENIDA,TECNOLOGICO,NA,",,,",AVENIDA,TECNOLOGICO,AVENIDA,TECNOLOGICO,CALLE,PUENTE DE ALVARADO,4,false,false,9,ND,ND,0,0,N,N,9,24,0,0,false,1,2,CAMIONETA,ND,ND,1,1,587,Robo de autopartes y cristalazo,-102.26291575,21.87988785
190454692,30411,4,2019-04-20,6,23,33,1,COLONIA,FRANCISCO GUEL JIMENEZ,526,CALLE,FLORENCIA,NA,"705,,,",CALLE,ALFREDO LEWIS,CALLE,FRANCISCO GULE JIMENEZ,AVENIDA,CONVENCION DE 1914 ORIENTE,4,false,false,9,ND,ND,0,0,N,N,27,24,0,2000,false,1,2,AUTOMOVIL,NISSAN,TSURU,1,1,588,Robo de autopartes y cristalazo,-102.28502872,21.90165848
190456230,30411,4,2019-04-21,7,10,50,1,FRACCIONAMIENTO,PROGRESO,450,CALLE,PASCUAL CORNEJO,NA,",,,",CALLE,J ANTONIO VELARDE,CALLE,JOSE CLAVILLO,CALLE,AGUSTIN MEJIA,5,false,false,9,ND,ND,0,0,N,N,6,"23,24,38",0,12000,false,1,2,CAMION,ND,ND,1,2,589,Robo de autopartes y cristalazo,-102.26787797,21.90476273
190439394,30403,4,2019-04-17,3,0,0,1,FRACCIONAMIENTO,LA FUENTE,1061,CALLE,BOGOTA,NA,"403,,,",CALLE,REPUBLICA DE NICARAGUA,AVENIDA,LAS AMERICAS,CALLE,VALPARAISO,2,false,false,9,ND,ND,0,0,N,N,27,38,0,4000,false,4,1,CAMIONETA,HONDA,ND,1,2,590,Robo de autopartes y cristalazo,-102.30211265,21.87150665
190440111,30403,4,2019-04-17,3,9,2,1,FRACCIONAMIENTO,AGUA CLARA,576,CALLE,CERRO DE LOS GALLOS,NA,"411,,,",CALLE,AJONJOLI,CALLE,GARBANZO,CALLE,CHILE,3,false,false,9,ND,ND,0,0,N,N,27,41,0,0,false,4,4,AUTOMOVIL,TOYOTA,TUNDRA,1,2,591,Robo de autopartes y cristalazo,-102.25199524,21.86340990
190441817,30403,4,2019-04-17,3,16,17,1,FRACCIONAMIENTO,CUMBRES III,320P,CALLE,GEREMIAS,NA,"109,,,",CALLE,MIGUEL ALEMAN,CALLE,NINGUNO,CALLE,NINGUNO,5,true,false,9,H,LUIS FERNANDO GUEVARA,1,0,N,N,22,"22,6",0,0,false,4,3,AUTOMOVIL,ND,ND,1,4,592,Robo de autopartes y cristalazo,-102.23252602,21.92421219
190441888,30403,4,2019-04-17,3,16,35,1,FRACCIONAMIENTO,INSURGENTES,1046,AVENIDA,PASEO DE LA ASUNCION,NA,"221,,,",AVENIDA,CONVENCION,AVENIDA,DOCTOR MARIANO AZUELA,CALLE,JOSE MARIA MAYTORENA,2,false,false,9,ND,ND,0,0,N,N,22,26,0,0,false,4,1,AUTOMOVIL,VOLKSWAGEN,JETTA,1,2,593,Robo de autopartes y cristalazo,-102.30123880,21.85021396
190442979,30411,4,2019-04-17,3,21,50,1,FRACCIONAMIENTO,BONA GENS,527,AVENIDA,LICENCIADO ADOLFO LOPEZ MATEOS ORIENTE,NA,",,,",CALLE,TANYVETH,CALLE,IZTACCIHUATL,CALLE,TAYDE,3,false,false,9,ND,ND,0,0,N,N,27,26,0,0,false,1,1,AUTOMOVIL,CHEVROLET,MONZA,1,2,594,Robo de autopartes y cristalazo,-102.26841548,21.87780137
190443865,30403,4,2019-04-18,4,3,59,1,FRACCIONAMIENTO,LAS CUMBRES,441,CALLE,LA PROVIDENCIA,NA,",,,",CALLE,EFUGIO MIRANDA AGUAYO,CALLE,MARIA GUADALUPE RUIZ DE CHAVEZ PINALES,CALLE,EL TILDIO,5,false,false,9,H,ND,0,0,N,N,26,41,0,0,false,4,4,CAMIONETA,ND,ND,1,2,595,Robo de autopartes y cristalazo,-102.26166183,21.91196576
190450954,30403,4,2019-04-19,5,23,59,1,FRACCIONAMIENTO,SAN SEBASTIAN,321P,PRIVADA,SAN VALENTIN,ND,"101,,,",AVENIDA,SAN SEBASTIAN,PRIVADA,SAN BENJAMIN,PRIVADA,SAN BENJAMIN,3,false,false,9,ND,ND,0,0,N,N,27,41,0,0,false,4,4,CAMIONETA,CHRYSLER,TOWN COUNTRY,1,6,596,Robo de autopartes y cristalazo,-102.27007080,21.82063575
190454247,30403,4,2019-04-20,6,21,19,1,COLONIA,GREMIAL,917,CALLE,GENERAL BARRAGAN,NA,",,,",PRIVADA,MIGUEL BARRAGAN,CALLE,NORBERTO GOMEZ HORNEDO,PRIVADA,MIGUEL BARRAGAN,6,false,false,9,ND,ND,0,0,N,N,23,"6,26,38,27",8000,35000,false,4,1,CAMIONETA,TOYOTA,ND,1,1,597,Robo de autopartes y cristalazo,-102.29082628,21.89488392
190455392,30403,4,2019-04-21,7,3,42,1,FRACCIONAMIENTO,MORELOS I,1120,CALLE,ALBINO GARCIA,NA,"511,,,",CALLE,HERMANOS GALEANA,CALLE,CORREGIDORA,CALLE,SOLDADO INSURGENTE,3,false,false,9,H,ND,0,0,N,N,26,41,0,0,false,4,4,AUTOMOVIL,ND,ND,1,2,598,Robo de autopartes y cristalazo,-102.26402739,21.85669857
190456173,30403,4,2019-04-21,7,10,24,1,FRACCIONAMIENTO,VERSALLES II,1071,CALLE,INGENIERO LUIS ORTEGA DOUGLAS,NA,"143,,,",CALLE,GENERAL FRANCISCO CARRERA TORRES,CALLE,BELISARIO DOMINGUEZ,CALLE,LICENCIADO JESUS REYES  HEROLES,2,false,false,9,ND,ND,0,0,N,N,6,41,0,0,false,4,4,AUTOMOVIL,VOLKSWAGEN,VENTO,1,1,599,Robo de autopartes y cristalazo,-102.30870926,21.85743044
190454976,30403,4,2019-04-21,7,0,58,1,FRACCIONAMIENTO,CASA BLANCA,553,CALLE,VIVERO DE LA FLORESTA,NA,"504,,,",CALLE,VIVERO DE LA LOMA,CALLE,VIVERO HONDO,CALLE,CASA BLANCA,3,false,false,9,ND,ND,0,0,N,N,27,41,0,0,false,4,4,AUTOMOVIL,CHEVROLET,CHEVY,1,1,600,Robo de autopartes y cristalazo,-102.27754630,21.85757906
190451215,30411,4,2019-04-20,6,1,38,1,FRACCIONAMIENTO,LAS BRISAS,677,CALLE,MAR DE GALILEA,NA,",,,",CALLE,JOSE MARIA ELIZALDE,CALLE,MIGUEL RUELAS,CALLE,BENITO DIAZ,6,false,false,9,ND,ND,0,0,N,N,18,24,0,0,false,1,1,AUTOMOVIL,ND,ND,1,1,601,Robo de autopartes y cristalazo,-102.31517907,21.89483552
190440654,30411,4,2019-04-17,3,11,39,1,FRACCIONAMIENTO,INSURGENTES,1046,CALLE,JUAN SARABIA,NA,"105,,,",AVENIDA,DOCTOR MARIANO AZUELA,CALLE,DOROTEO ARANGO,CALLE,GENERAL ROQUE GONZALEZ GARZA,2,false,false,9,H,ND,0,0,N,N,20,38,0,0,false,1,1,CAMIONETA,ND,ND,1,2,602,Robo de autopartes y cristalazo,-102.30164109,21.85243487
190441596,30411,4,2019-04-17,3,15,25,1,FRACCIONAMIENTO,LA HUERTA,1113,CALLE,HACIENDA,NA,"104,,,",CALLE,SANTA ROSA,CALLE,HACIENDA,CALLE,PEÑUELAS,3,true,false,9,H,ND,1,0,N,N,21,22,0,0,false,1,2,AUTOMOVIL,ND,ND,1,4,603,Robo de autopartes y cristalazo,-102.27975527,21.87608399
190455861,30403,4,2019-04-21,7,8,6,1,FRACCIONAMIENTO,EL DORADO 1A SECCION,1048,CALLE,SANTANDER,NA,"242,,,",CALLE,CANADA,CALLE,SANTANDER,CALLE,MADRID,2,false,false,9,ND,ND,0,0,N,N,16,22,0,0,false,4,2,CAMIONETA,ND,ND,1,1,604,Robo de autopartes y cristalazo,-102.30701530,21.86257602
190442167,30411,4,2019-04-17,3,17,46,1,FRACCIONAMIENTO,VILLAS DE NUESTRA SEÑORA DE LA ASUNCION (SECTOR ENCINO),506,CALLE,MATIAS A DE LA MOTA,NA,",,,",AVENIDA,SIGLO XXI,CALLE,FELIPE SERRANO,CALLE,FRUTALES,5,false,false,9,ND,ND,0,0,N,N,22,38,0,749,false,1,1,AUTOMOVIL,CHEVROLET,CHEVY,1,1,605,Robo de autopartes y cristalazo,-102.26625099,21.92671406
190459442,30403,4,2019-04-22,1,6,40,1,FRACCIONAMIENTO,PENSADORES MEXICANOS,774,CALLE,SALVADOR NOVO,NA,"311,,,",AVENIDA,PENSADORES MEXICANOS PONIENTE,CALLE,RENATO LEDUC,CALLE,OCTAVIO PAZ,5,false,false,9,ND,ND,0,0,N,N,27,"11,23,27",0,0,false,4,3,AUTOMOVIL,DODGE,ATTITUDE,1,1,606,Robo de autopartes y cristalazo,-102.26330321,21.91557688
190459607,30411,4,2019-04-22,1,8,48,1,FRACCIONAMIENTO,VILLAS DEL PUERTECITO,700,CALLE,PUERTO DOS BOCAS,NA,"211,,,",CALLE,PUERTO ISLA DEL CARMEN,CALLE,PUERTO DE ENSENADA,CALLE,PUERTO LAZARO CARDENAS,5,false,false,9,ND,ND,0,0,N,N,19,24,0,0,false,1,2,CAMIONETA,ND,ND,1,1,607,Robo de autopartes y cristalazo,-102.24914609,21.93767542
190460270,30411,4,2019-04-22,1,12,37,1,FRACCIONAMIENTO,PROGRESO,450,CALLE,PASCUAL CORNEJO,NA,",,,",CALLE,JOSE CALVILLO,CALLE,MATIAS SAUCEDO,CALLE,AGUSTIN MEJIA,5,false,false,9,ND,ND,0,0,N,N,5,"11,22,23",0,0,true,1,2,CAMION,ND,ND,1,10,608,Robo de autopartes y cristalazo,-102.26765678,21.90479227
190459534,30411,4,2019-04-22,1,8,6,1,FRACCIONAMIENTO,J GUADALUPE PERALTA GAMEZ,411,CALLE,JUVENTINO DE LA TORRE TORRES,NA,"215,,,",CALLE,OFELIA SORIANO ESQUIVEL,CALLE,ISABEL JIMENEZ DIAZ,CALLE,ALBERTO VEGA LEYVA,4,false,false,9,ND,ND,0,0,N,N,27,23,0,0,false,1,2,AUTOMOVIL,FORD,ND,1,1,609,Robo de autopartes y cristalazo,-102.23362181,21.86711055
190459301,30403,4,2019-04-22,1,4,27,1,FRACCIONAMIENTO,PENSADORES MEXICANOS,774,CALLE,SALVADOR NOVO,NA,"311,,,",CALLE,RENATO LEDUC,AVENIDA,EPNSADORES MEXICANOS PONIENTE,CALLE,OCTAVIO PAZ,5,false,false,9,ND,ND,0,0,N,N,27,"11,38,24",0,0,true,4,3,AUTOMOVIL,DODGE,ATTITUDE,1,1,610,Robo de autopartes y cristalazo,-102.26331261,21.91557833
190462277,30403,4,2019-04-22,1,21,35,1,FRACCIONAMIENTO,BULEVAR,733,BOULEVARD,JOSE MARIA CHAVEZ,NA,",,,",CALLE,JOSE ARMANDO,CALLE,HERNAN GONZALEZ,CALLE,LUIS ADOLFO,3,false,false,9,ND,ND,0,0,N,N,23,"26,38",0,6000,false,4,3,AUTOMOVIL,NISSAN,MARCH,1,1,611,Robo de autopartes y cristalazo,-102.29460550,21.86875126
190442104,30411,4,2019-04-17,3,17,28,1,COLONIA,ALTAVISTA,922,CALLE,PROFESOR EDMUNDO GAMEZ OROZCO,NA,"1902,,,",CALLE,FELIPE RUIZ DE CHAVEZ,CALLE,MANUEL CARPIO,CALLE,CARLOS SAGREDO,6,false,false,9,ND,ND,0,0,N,N,22,3,0,0,false,1,2,CAMIONETA,ND,ND,1,1,612,Robo de autopartes y cristalazo,-102.30686451,21.89503910
190460591,30411,4,2019-04-22,1,14,8,1,FRACCIONAMIENTO,RODOLFO LANDEROS GALLEGOS,459,CALLE,GENERAL LAZARO CARDENAS,NA,"106,,,",AVENIDA,RODOLFO LANDEROS GALLEGOS,CALLE,GENERAL FRANCISCO J MUGICA,CALLE,EMILIO PORTES GIL,5,false,false,9,ND,ND,0,0,N,N,1,22,0,0,false,1,2,AUTOMOVIL,ND,ND,1,2,613,Robo de autopartes y cristalazo,-102.25018535,21.90343735
190466156,30411,4,2019-04-23,2,23,41,1,FRACCIONAMIENTO,DEL VALLE 1A SECCION,734,CALLE,VERACRUZ,NA,",,,",CALLE,VERSALLES,CALLE,NAPOLES,CALLE,GUANAJUATO,6,true,false,9,ND,ND,0,0,N,N,24,24,0,2500,false,1,2,AUTOMOVIL,VOLKSWAGEN,JETTA,1,1,614,Robo de autopartes y cristalazo,-102.31385948,21.87512509
190465802,30403,4,2019-04-23,2,21,42,1,SIN TIPO,DESARROLLO 115 (INEGI),998,AVENIDA,HEROE DE NACOZARI SUR,NA,",,,",CALLE,INEGI,AVENIDA,AGUASCALIENTES SUR,CALLE,HOSTAL DE LAS CAMELIAS,3,false,false,9,ND,ND,0,0,N,N,24,"26,12",0,20000,false,4,1,CAMIONETA,FORD,EXPEDITION,1,1,615,Robo de autopartes y cristalazo,-102.28308718,21.85981892
190460388,30411,4,2019-04-22,1,13,10,5,COMUNIDAD,TEPETATES,191P,CALLE,INDEPENDENCIA,NA,",,,",NA,NA,NA,NA,NA,NA,7,false,false,9,H,EDGAR ALEJANDRO HERNANDEZ MARTINEZ,1,0,N,N,21,"38,11",0,0,false,1,3,CAMIONETA,ND,ND,1,4,616,Robo de autopartes y cristalazo,-102.32241297,21.95668282
190467882,30411,4,2019-04-24,3,13,20,11,COMUNIDAD,PUERTECITO DE LA VIRGEN,306P,AVENIDA,16 DE SEPTIEMBRE,NA,",,,",CALLE,LUIS ECHEVERRIA SUR,CALLE,22 DE FEBRERO,CALLE,FRANCISCO VILLA ORIENTE,7,false,false,9,H,ND,0,0,N,N,21,28,5000,5000,false,3,1,AUTOMOVIL,DODGE,ATTITUDE,1,1,617,Robo de autopartes y cristalazo,-102.26655375,21.95916358
190470235,30411,4,2019-04-25,4,5,40,1,FRACCIONAMIENTO,VILLAS DEL OESTE,1011,CALLE,PEDRO INFANTE,NA,"135,,,",CALLE,CARLOS LOPEZ MOCTEZUMA,PROLONGACION,PASEO DE LA ASUNCION,CALLE,JORGE NEGRETE,2,false,false,9,ND,ND,0,0,N,N,22,26,0,0,true,1,1,AUTOMOVIL,VOLKSWAGEN,POINTER,1,1,618,Robo de autopartes y cristalazo,-102.30285492,21.84404985
190466669,30403,4,2019-04-24,7,4,51,1,FRACCIONAMIENTO,PERIODISTAS,404,CALLE,PRENSISTAS,NA,"125,,,",CALLE,RADIODIFUSORES,CALLE,CARMEN SERDAN,CALLE,ROTATIVAS,3,false,false,9,ND,ND,0,0,N,N,1,3,0,1200,false,4,2,CAMIONETA,FORD,EXPEDITION,1,1,619,Robo de autopartes y cristalazo,-102.24738355,21.85015543
190469906,30411,4,2019-04-25,4,1,21,1,FRACCIONAMIENTO,NAZARIO ORTIZ GARZA,452,AVENIDA,SIGLO XXI,NA,",,,",BOULEVARD,GUADALUPANO,CALLE,MANUEL GARCIA MARTINEZ,CALLE,CUMBRES,5,false,false,9,ND,ND,0,0,N,N,26,3,0,0,false,3,1,AUTOMOVIL,ND,ND,1,1,620,Robo de autopartes y cristalazo,-102.25667928,21.90686353
190475045,30411,4,2019-04-26,5,14,46,1,SIN TIPO,DESARROLLO 83 (PLAZA ATIKA),457,AVENIDA,AGUASCALIENTES ORIENTE,NA,",,,",CALLE,NINGUNO,CALLE,MIGUEL ANGEL BARBEREBA VEGA,CALLE,NACIONALISMO,4,false,false,9,ND,ND,0,0,N,N,27,24,0,0,false,1,2,CAMION,ND,ND,1,2,621,Robo de autopartes y cristalazo,-102.26935402,21.89540074
190476536,30411,4,2019-04-26,5,22,48,1,CONDOMINIO,CENTRO COMERCIAL GALERIAS I,844,BOULEVARD,A ZACATECAS,NA,",,,",CALLE,MONTES HIMALAYA,BOULEVARD,LUIS DONALDO COLOSIO,AVENIDA,INDEPENDENCIA,6,false,false,9,ND,ND,0,0,N,N,27,24,0,0,false,1,2,AUTOMOVIL,CHEVROLET,CHEVY,1,1,622,Robo de autopartes y cristalazo,-102.29195260,21.92373900
190476821,30411,4,2019-04-27,6,0,21,5,COLONIA,CENTRO,126,CALLE,MORELOS,NA,"412,,,",CALLE,NORTE,CALLE,IGNACIO ZARAGOZA,CALLE,NORTE,7,false,false,9,ND,ND,0,0,N,N,25,26,0,0,false,3,1,CAMIONETA,ND,ND,1,2,623,Robo de autopartes y cristalazo,-102.28938716,21.99776127
190477588,30411,4,2019-04-27,6,8,49,1,FRACCIONAMIENTO,INSURGENTES,1046,CALLE,GENERAL CESAREO CASTRO,NA,"333,,,",CALLE,GENERAL LUIS MOYA,CALLE,ABRAHAM GONZALEZ,CALLE,DOCTOR FRANCISCO VAZQUEZ GOMEZ,2,false,false,9,"H,H",ND,0,0,N,N,19,25,0,2000,false,1,2,CAMIONETA,DODGE,ND,1,2,624,Robo de autopartes y cristalazo,-102.31513593,21.85015422
190482004,30411,4,2019-04-28,4,16,12,1,FRACCIONAMIENTO,J GUADALUPE PERALTA GAMEZ,411,CALLE,JOSE GUERRA PALOS,NA,"117,,,",CALLE,DESIDERIO MACIAS SILVA,CALLE,JOSE MANUEL RUIZ DE TEJADA Y OTAL,AVENIDA,SALUD,4,false,false,9,ND,ND,0,0,N,N,22,"22,26,12",0,5000,false,1,3,AUTOMOVIL,VOLKSWAGEN,JETTA,1,1,625,Robo de autopartes y cristalazo,-102.24091310,21.86953729
190482896,30411,4,2019-04-28,1,21,32,1,FRACCIONAMIENTO,GOMEZ (DELEGACION CENTRO),907,CALLE,ASUNCION,NA,",,,",AVENIDA,GUADALUPE,CALLE,RUBI,CALLE,SAN MARCOS,6,false,false,9,ND,ND,0,0,N,N,24,38,0,800,false,1,1,CAMIONETA,CHEVROLET,PICK UP,1,1,626,Robo de autopartes y cristalazo,-102.30965320,21.88504626
190484319,30403,4,2019-04-29,1,9,5,5,FRACCIONAMIENTO,LOMAS DE JESUS MARIA,164,CALLE,BONAMPAK,NA,",,,",CALLE,MISANTLA,CALLE,MONTEALBAN,CALLE,XOCHICALCO,7,false,false,9,ND,ND,0,0,N,N,16,"22,11,38",0,3500,false,4,2,TRAILER,ND,ND,1,1,627,Robo de autopartes y cristalazo,-102.34292902,21.94846046
190485244,30411,4,2019-04-29,1,14,21,5,FRACCIONAMIENTO,AGUA CLARA,189,AVENIDA,ALEJANDRO DE LA CRUZ SAUCEDO,NA,",,,",CALLE,AGUAS TERMALES,CALLE,AGUA LLUVIA,CALLE,AGUA POTABLE,7,false,false,9,ND,ND,0,0,N,N,5,38,0,0,false,2,2,CAMIONETA,CHEVROLET,SILVERADO,1,1,628,Robo de autopartes y cristalazo,-102.33758699,21.95782198
190485848,30411,4,2019-04-29,1,17,20,1,SIN TIPO,RODOLFO LANDEROS GALLEGOS,1002,BOULEVARD,JOSE MARIA CHAVEZ,NA,",,,",AVENIDA,AGUASCALIENTES SUR,AVENIDA,SIGLO XXI SUR,AVENIDA,HEROE DE NACOZARI SUR,3,false,false,9,ND,ND,0,0,N,N,27,22,0,0,false,1,2,AUTOMOVIL,FORD,FOCUS,1,1,629,Robo de autopartes y cristalazo,-102.29057044,21.84534721
190487791,30411,4,2019-04-30,2,8,26,5,COLONIA,SAN MIGUELITO,227,CALLE,SIGLO XXI,NA,",,,",PRIVADA,SIGLO XXI,BOULEVARD,ALEJANDRO DE LA CRUZ SAUCEDO,PRIVADA,NINGUNO,7,false,false,9,ND,ND,0,0,N,N,13,11,0,15000,false,1,2,CAMIONETA,NISSAN,ND,1,1,630,Robo de autopartes y cristalazo,-102.33586649,21.96273241
190491647,30411,5,2019-05-01,3,5,57,5,COLONIA,CHICAHUALES I,155,CALLE,DAVID GUARDADO,NA,"321,,,",CALLE,SANTIAGO APOSTOL,CALLE,FELICIANO MARTINEZ CRUZ,CALLE,IGNACIO ZAMARRIPA,7,false,false,9,ND,ND,0,0,N,N,26,"22,11",0,2000,false,1,2,AUTOMOVIL,VOLKSWAGEN,JETTA,1,1,631,Robo de autopartes y cristalazo,-102.35006764,21.94737108
190491670,30411,5,2019-05-01,3,6,23,1,FRACCIONAMIENTO,EJIDO LAS CUMBRES,403,CALLE,PICACHO ORIENTE,NA,"321,,,",RETORNO,SIERRA ATRAVEZADA,BOULEVARD,GUADALUPANO,RETORNO,SANTA ELENA,5,false,false,9,ND,ND,0,0,N,N,16,24,0,0,false,1,2,CAMIONETA,JEEP,GRAND CHEROKEE,1,1,632,Robo de autopartes y cristalazo,-102.25211022,21.91066205
190489769,30411,4,2019-04-30,2,18,1,1,FRACCIONAMIENTO,RODOLFO LANDEROS GALLEGOS,459,CALLE,21 DE MAYO,NA,"127,,,",CALLE,PAULA DE J JIMENEZ YAÑEZ,CALLE,PAZ ROMO DE VIVAR,CALLE,19 DE OCTUBRE,5,false,false,9,ND,ND,0,0,N,N,27,38,0,0,false,2,1,CAMIONETA,ND,ND,2,2,633,Robo de autopartes y cristalazo,-102.25019651,21.90539801
190480922,30403,4,2019-04-28,7,9,43,1,FRACCIONAMIENTO,EMILIANO ZAPATA,585,AVENIDA,SIGLO XXI SUR,NA,"242,,,",CALLE,PROFESOR OTILIO E MONTAÑO,CALLE,ANTONIO DIAZ SOTO Y GAMA,CALLE,MARIANO JIMENEZ,3,false,false,9,ND,ND,0,0,N,N,27,41,0,0,false,4,4,AUTOMOVIL,NISSAN,TSURU,1,1,634,Robo de autopartes y cristalazo,-102.25486593,21.85546639
190483863,30411,4,2019-04-29,1,4,5,1,FRACCIONAMIENTO,MUNICIPIO LIBRE,768,CALLE,COMERCIANTES,NA,"307,,,",CALLE,PESCADORES,CALLE,PRESIDENTES,CALLE,PROFESORES,4,true,false,9,H,ND,1,0,N,N,26,37,0,0,false,5,2,CAMIONETA,ND,ND,1,4,635,Robo de autopartes y cristalazo,-102.26404670,21.89370480
190491221,30403,5,2019-05-01,3,0,52,1,BARRIO,DE GUADALUPE,910,CALLE,BENJAMIN DE LA MORA,NA,"518,,,",CALLE,ALAMAN,CALLE,REFORMA,CALLE,REFORMA,1,false,false,9,ND,ND,0,0,N,N,27,41,0,0,false,4,4,AUTOMOVIL,ND,ND,1,17,636,Robo de autopartes y cristalazo,-102.30582300,21.88842515
190473732,30403,4,2019-04-26,5,4,47,1,FRACCIONAMIENTO,LOMAS DEL MIRADOR II,617,CALLE,LOMA DE LA PLATA,NA,"246,,,",CALLE,JUANA DE ARCO,CALLE,DE LA ALIANZA,CALLE,LOMA AMARILLA,3,false,false,9,ND,ND,0,0,N,N,26,41,0,0,false,4,4,AUTOMOVIL,ND,ND,1,1,637,Robo de autopartes y cristalazo,-102.25872205,21.84759766
190473756,30403,4,2019-04-26,5,5,9,1,FRACCIONAMIENTO,MORELOS I,1120,CALLE,HERMANOS BRAVO,NA,"738,,,",CALLE,MAYO DE 1912,CALLE,22 DE DICIEMBRE,CALLE,PRIMERA CONSTITUCION,3,false,false,9,ND,ND,0,0,N,N,26,41,0,0,false,4,4,AUTOMOVIL,VOLKSWAGEN,JETTA,1,1,638,Robo de autopartes y cristalazo,-102.25971139,21.85687194
190473883,30403,4,2019-04-26,5,7,16,1,FRACCIONAMIENTO,EL DORADO 1A SECCION,1048,CALLE,MADRID,NA,"220,,,",CALLE,CANADA,CALLE,SANTANDER,CALLE,CORDOBA,2,false,false,9,ND,ND,0,0,N,N,16,22,0,1000,false,4,2,AUTOMOVIL,DODGE,VERSA,1,6,639,Robo de autopartes y cristalazo,-102.30792841,21.86250877
190476524,30403,4,2019-04-26,5,22,41,1,FRACCIONAMIENTO,GAMEZ,690,PROLONGACION,SAN MIGUEL,NA,",,,",CALLE,PODER LEGISLATIVO,AVENIDA,HEROE DE NACOZARI SUR,CALLE,5 DE FEBRERO,1,false,false,9,ND,ND,0,0,N,N,27,26,0,8000,false,4,1,AUTOMOVIL,VOLKSWAGEN,VENTO,1,1,640,Robo de autopartes y cristalazo,-102.28155692,21.87710087
190477171,30411,4,2019-04-27,6,3,8,1,FRACCIONAMIENTO,VILLAS DE NUESTRA SEÑORA DE LA ASUNCION (SECTOR ESTACION),502,CALLE,RAFAEL CARRILLO AMBIA,NA,"303,,,",AVENIDA,GERONIMO DE LA CUEVA,CALLE,FRANCISCO ARMENGOL,CALLE,SALVADOR PATILLO DOMINGUEZ,5,false,false,9,ND,ND,0,0,N,N,27,26,0,0,false,1,1,AUTOMOVIL,ND,ND,1,1,641,Robo de autopartes y cristalazo,-102.25871038,21.93708980
190480284,30403,4,2019-04-28,1,3,35,1,FRACCIONAMIENTO,VILLAS DE LA CONVENCION,515,CALLE,GENERAL SAMUEL M DE LOS SANTOS,NA,"74,,,",CALLE,LOS NARANJOS,CALLE,VILLA DE LA CONVENCION,CALLE,GENERAL PANFILO NATERA,5,false,false,9,ND,ND,0,0,N,N,26,41,0,0,false,4,4,AUTOMOVIL,CHEVROLET,MALIBU,1,2,642,Robo de autopartes y cristalazo,-102.27943405,21.93157559
190480472,30403,4,2019-04-28,7,4,53,1,FRACCIONAMIENTO,MUJERES ILUSTRES,602,AVENIDA,DEL REY,NA,",,,",PROLONGACION,MARIANO HIDALGO,CALLE,JUANA DE ARCO,CALLE,CARMEN MACIAS PEÑA,3,false,false,9,ND,ND,0,0,N,N,27,"22,23",0,2000,false,4,2,AUTOMOVIL,NISSAN,TSURU,1,1,643,Robo de autopartes y cristalazo,-102.25140382,21.84969947
190482354,30403,4,2019-04-28,7,17,59,1,FRACCIONAMIENTO,VISTA DEL SOL I,771,CALLE,CREPUSCULO,NA,"232,,,",AVENIDA,ARQUEROS,CALLE,AMANECER,CALLE,AURORA BOREAL,3,false,false,9,ND,ND,0,0,N,N,1,41,0,0,false,4,4,AUTOMOVIL,ND,ND,1,6,644,Robo de autopartes y cristalazo,-102.26868983,21.86114362
190482497,30403,4,2019-04-28,7,18,51,1,FRACCIONAMIENTO,CAMPESTRE 3A SECCION,873,AVENIDA,LICENCIADO MIGUEL DE LA MADRID HURTADO,NA,"2275,,,",CALZADA,ISABEL LA CATOLICA,AVENIDA,LA HUERTA,CALLE,FRONTERA,6,false,false,9,ND,ND,0,0,N,N,27,41,0,0,false,4,4,AUTOMOVIL,HONDA,ND,1,2,645,Robo de autopartes y cristalazo,-102.32017516,21.92932321
190490406,30411,4,2019-04-30,2,20,31,1,COLONIA,OBRAJE,987,CALLE,IGNACIO T CHAVEZ,NA,",,,",AVENIDA,GALEANA SUR,BOULEVARD,JOSE MARIA CHAVEZ,CALLE,HEROES DE CHAPULTEPEC,1,false,false,9,H,ND,0,0,BICICLETA,N,27,26,0,0,false,1,1,CAMIONETA,CHEVROLET,ND,1,2,646,Robo de autopartes y cristalazo,-102.29514776,21.87560994
190494956,30411,5,2019-05-02,4,4,10,1,SIN TIPO,DESARROLLO 100 (DESIERTO DE LOS LEONES),1008,CALLE,VIGIA DEL RIO,NA,",,,",NA,NA,NA,NA,NA,NA,2,false,false,9,ND,ND,0,0,N,N,27,24,0,8000,false,1,2,CAMION,ND,ND,1,13,647,Robo de autopartes y cristalazo,-102.32946236,21.85663292
190496199,30411,5,2019-05-02,4,13,56,1,FRACCIONAMIENTO,INSURGENTES,1046,CALLE,GENERAL JOSE ISABEL ROBLES,NA,"426,,,",CALLE,ABRAHAM GONZALEZ,CALLE,GENERAL LUIS MOYA,CALLE,GENERAL FRANCISCO MURGUIA,2,false,false,9,H,ND,0,0,N,N,21,38,0,2700,false,2,1,MOTOCICLETA,ND,ND,1,2,648,Robo de autopartes y cristalazo,-102.30512180,21.84765160
190494855,30403,5,2019-05-02,4,2,56,1,FRACCIONAMIENTO,OJOCALIENTE III,525,AVENIDA,SIGLO XXI,NA,",,,",CALLE,CIENEGUILLAS,CALLE,LOS CONOS,CALLE,EL COECILLO,4,false,false,9,ND,ND,0,0,N,N,25,41,0,0,false,4,4,CAMIONETA,ND,ND,1,2,649,Robo de autopartes y cristalazo,-102.24775568,21.87770483
190494923,30411,5,2019-05-02,4,3,43,1,COLONIA,J REFUGIO ESPARZA REYES,446,CALLE,CARLOS A MADRAZO,NA,"127,,,",CALLE,SIERRA DE TLAXCO,PRIVADA,JESUS REYES HEROLES,PRIVADA,JESUS REYES HEROLES,5,false,false,9,H,ND,0,0,BICICLETA,N,26,"11,28",3000,3600,false,1,3,AUTOMOVIL,NISSAN,SENTRA,1,1,650,Robo de autopartes y cristalazo,-102.25690733,21.90905510
190469865,30403,4,2019-04-25,4,1,1,1,BARRIO,EL ENCINO,1096,CALLE,DEL SOL,NA,",,,",CALLE,DOCTOR JESUS DIAZ DE LEON,CALLE,CRISTOBAL COLON,CALLE,PROFESORA VICENTA TRUJILLO,1,false,false,9,ND,ND,0,0,N,N,15,38,0,0,false,4,1,AUTOMOVIL,DODGE,ATTITUDE,1,2,651,Robo de autopartes y cristalazo,-102.29341226,21.87764214
190501857,30411,5,2019-05-03,5,22,27,11,PARQUE INDUSTRIAL,PARQUE INDUSTRIAL DEL VALLE DE AGUASCALIENTES,PI1,CARRETERA,45 AGUASCALIENTES-ZACATECAS,NA,",,,",CALLE,AGUASCALIENTES,CARRETERA,25 ENT RIVIER-SAN MARCOS,CALLE,MUNICIPIO COSIO,7,false,false,9,ND,ND,0,0,N,N,27,24,0,8000,false,1,2,CAMION,ND,ND,20,28,652,Robo de autopartes y cristalazo,-102.28949861,21.96338610
190503392,30411,5,2019-05-04,6,12,38,1,FRACCIONAMIENTO,CIUDAD INDUSTRIAL,982,BOULEVARD,JOSE MARIA CHAVEZ,NA,",,,",AVENIDA,SIGLO XXI,CALLE,JESUS RIVERA FRANCO,CALLE,ALFONSO BERNAL SANTOS C-6N,3,false,false,9,ND,ND,0,0,N,N,21,24,0,10000,false,1,2,TRAILER,ND,ND,1,1,653,Robo de autopartes y cristalazo,-102.29036775,21.84415955
190504948,30411,5,2019-05-04,6,21,18,1,FRACCIONAMIENTO,VISTAS DE ORIENTE,489,AVENIDA,VALLARTA,NA,",,,",AVENIDA,VISTAS DE ORIENTE,CALLE,VALLARTA 204,CALLE,GRAN CAÑON,4,false,false,9,ND,ND,0,0,N,N,14,24,0,1400,false,1,2,CAMIONETA,FORD,RANGER,1,1,654,Robo de autopartes y cristalazo,-102.23581110,21.88101152
190505684,30411,5,2019-05-05,7,1,57,5,COLONIA,UNIDAD DEPORTIVA CIELO CLARO,222,AVENIDA,MIGUEL HIDALGO,NA,",,,",CALLE,NINGUNO,CALLE,NINGUNO,CALLE,NINGUNO,7,false,false,9,ND,ND,0,0,N,N,27,22,0,0,false,1,2,AUTOMOVIL,ND,ND,1,1,655,Robo de autopartes y cristalazo,-102.34205014,21.95848633
190505982,30411,5,2019-05-05,7,4,1,1,FRACCIONAMIENTO,RODOLFO LANDEROS GALLEGOS,459,CALLE,TRAJE TIPICO,101,"6,,,",CALLE,MARTHA MANJARREZ PIMENTEL,CALLE,POLIDUCTO,CALLE,JUEGOS FLORALES,4,false,false,9,ND,ND,0,0,N,N,27,24,0,0,false,1,2,AUTOMOVIL,ND,ND,1,1,656,Robo de autopartes y cristalazo,-102.24875921,21.90222183
190506938,30411,5,2019-05-05,7,12,52,1,COLONIA,SAN PABLO,921,CALLE,PONCIANO ARRIAGA,NA,",,,",CALLE,MARINA NACIONAL,CALLE,EJERCITO NACIONAL,CALLE,PROFESOR JOSE REYES MARTINEZ,6,false,false,9,ND,ND,0,0,N,N,27,24,0,0,false,1,2,AUTOMOVIL,ND,ND,1,2,657,Robo de autopartes y cristalazo,-102.29947891,21.89482941
190501962,30403,5,2019-05-03,5,23,6,1,SIN TIPO,DESARROLLO 9 (ATRAS UGASA),813,AVENIDA,CANAL INTERCEPTOR,NA,",,,",AVENIDA,AGUASCALIENTES PONIENTE,CALLE,PLOMO,AVENIDA,GUADALUPE GONZALEZ,6,false,false,9,H,ND,0,0,N,N,24,41,0,0,false,4,4,AUTOMOVIL,ND,ND,1,2,658,Robo de autopartes y cristalazo,-102.31592869,21.90269785
190501999,30403,5,2019-05-03,5,23,21,1,FRACCIONAMIENTO,FUNDICION,681,AVENIDA,FUNDICION,NA,",,,",CALLE,ORO,PRIVADA,NINGUNO,CALLE,MANUEL KANT,6,false,false,9,H,ND,0,0,BICICLETA,BICICLETA,27,6,0,17000,false,4,1,CAMIONETA,TOYOTA,HILUX,1,1,659,Robo de autopartes y cristalazo,-102.31442336,21.90038827
190502802,30403,5,2019-05-04,6,7,51,1,FRACCIONAMIENTO,LOMAS DE SANTA ANITA,478,CALLE,SIGLO XIX,NA,",,,",AVENIDA,AGUASCALIENTES,CALLE,SALVADOR DALI,CALLE,DAVID ALFARO SIQUEIROS,4,false,false,9,ND,ND,0,0,N,N,19,41,0,0,false,4,4,AUTOMOVIL,NISSAN,TSURU,1,1,660,Robo de autopartes y cristalazo,-102.26951490,21.89486450
190503275,30411,5,2019-05-04,6,11,57,1,FRACCIONAMIENTO,ESPAÑA,1052,CALLE,ESPAÑA,NA,",,,",CALLE,MALAGA,CALLE,GALICIA,AVENIDA,AGUASCALIENTES PONIENTE,2,false,false,9,H,ND,0,0,N,N,20,11,0,3000,false,3,2,AUTOMOVIL,ND,ND,1,1,661,Robo de autopartes y cristalazo,-102.31526472,21.86310748
190506608,30411,5,2019-05-05,7,10,57,1,FRACCIONAMIENTO,LA FLORIDA,320PR,CALLE,PETAMA,NA,"122,,,",CALLE,BRETONICA,CALLE,MARLIN PESCADOR,CALLE,CULTURA OTOMI,5,false,false,9,ND,ND,0,0,N,N,6,"26,6,38",0,35000,false,1,1,AUTOMOVIL,VOLKSWAGEN,JETTA,1,1,662,Robo de autopartes y cristalazo,-102.24345662,21.92332036
190508272,30403,5,2019-05-05,7,19,34,1,FRACCIONAMIENTO,VALLE DORADO,1049,CALLE,REPUBLICA DE URUGUAY,NA,",,,",CALLE,REPUBLICA DE CHILE,CALLE,REPUBLICA MEXICANA,CALLE,REPUBLICA DE PUERTO RICO,2,false,false,9,ND,ND,0,0,N,N,23,"6,11,22,26",0,70000,false,4,3,CAMIONETA,NISSAN,PICK UP,1,1,663,Robo de autopartes y cristalazo,-102.30235979,21.86398161
190494933,30411,5,2019-05-02,4,3,49,1,FRACCIONAMIENTO,PILAR BLANCO,981,ANDADOR,AIRON,NA,",,,",ANDADOR,MIRLO,CALLE,ANDADOR DE LAS GAVIOTAS,ANDADOR,DEL GANSO,2,true,false,9,H,ND,0,0,N,N,26,38,0,0,false,1,1,AUTOMOVIL,ND,ND,1,2,664,Robo de autopartes y cristalazo,-102.30072849,21.84796952
190496945,30411,5,2019-05-02,4,17,23,1,COLONIA,EL LLANITO,988,CALLE,EULALIO GUTIERREZ,NA,",,,",CALLE,2 DE ABRIL,CALLE,NEVEROS,CALLE,5 DE FEBRERO,1,false,false,9,H,ND,0,0,N,N,22,25,0,0,false,2,2,AUTOMOVIL,ND,ND,1,6,665,Robo de autopartes y cristalazo,-102.28754249,21.87818382
190505838,30403,5,2019-05-05,7,2,56,1,COLONIA,LAS FLORES,1072,CALLE,BEGONIAS,NA,",,,",AVENIDA,IGNACIO T CHAVEZ,AVENIDA,DE LAS ORQUIDEAS,CALLE,MARGARITAS,2,false,false,9,"H,H,M",ND,0,0,N,N,25,41,0,0,false,4,4,AUTOMOVIL,ND,ND,1,2,666,Robo de autopartes y cristalazo,-102.30564051,21.87229538
190515787,30411,5,2019-05-07,2,21,28,1,FRACCIONAMIENTO,SOLIDARIDAD IV,584,CALLE,ISAAC DIAZ DE LEON,NA,"252,,,",AVENIDA,MARIANO HIDALGO,CALLE,CARLOS GARCIA HIDALGO,CALLE,J GUADALUPE ZAMARRIPA,3,false,false,9,ND,ND,0,0,N,N,2,22,0,1200,false,1,2,CAMIONETA,ND,ND,1,1,667,Robo de autopartes y cristalazo,-102.25354209,21.85221186
190516804,30411,5,2019-05-08,5,9,4,5,FRACCIONAMIENTO,ARBOLEDAS,221,CALLE,ANDADOR LAS ZARZAMORAS,NA,"425,,,",CALLE,DEL ARBOL,CALLE,PROLONGACION ITURBIDE,CALLE,ADOLFO LOPEZ MATEOS,7,false,false,9,ND,ND,0,0,N,N,2,38,0,4500,false,1,1,AUTOMOVIL,CHEVROLET,CHEVY,1,1,668,Robo de autopartes y cristalazo,-102.34723270,21.95646925
190517811,30411,5,2019-05-08,3,14,37,1,FRACCIONAMIENTO,NAZARIO ORTIZ GARZA,452,BOULEVARD,GUADALUPANO,NA,",,,",AVENIDA,SIGLO XXI,PRIVADA,GUADALUPE ALVARADO,CALLE,MANUEL GARCIA MARTINEZ,5,false,false,9,ND,ND,0,0,N,N,21,24,0,0,false,1,2,CAMION,ND,ND,1,1,669,Robo de autopartes y cristalazo,-102.25715033,21.90679780
190517871,30411,5,2019-05-08,3,14,54,1,BARRIO,EL ENCINO,1096,CALLE,CRISTOBAL COLON,NA,",,,",CALLE,PROFESORA VICENTA TRRUJILLO,CALLE,HEROES DE CHAPULTEPEC,BOULEVARD,JOSE MARIA CHAVEZ,1,false,false,9,H,ND,0,0,BICICLETA,BICICLETA,27,22,0,3000,false,1,2,CAMIONETA,ND,ND,1,1,670,Robo de autopartes y cristalazo,-102.29446265,21.87685955
190519626,30411,5,2019-05-08,3,22,36,1,BARRIO,DE GUADALUPE,910,CALLE,GENERAL EMILIANO ZAPATA,NA,"437,,,",CALLE,AZTECA,PRIVADA,NINGUNO,CALLE,RAFAEL GARCIA MACIAS,1,false,false,9,ND,ND,0,0,N,N,4,22,0,0,false,1,2,AUTOMOVIL,VOLKSWAGEN,GOLF,1,2,671,Robo de autopartes y cristalazo,-102.30535701,21.88251568
190519660,30403,5,2019-05-08,3,22,48,1,FRACCIONAMIENTO,BOSQUES DEL PRADO,847,CALLE,SIERRA DEL LAUREL,NA,",,,",CALLE,SIERRA DEL LAUREL,CALLE,SAN JUAN DE LOS LAGOS,CALLE,SAN JULIAN,6,false,false,9,ND,ND,0,0,N,N,27,41,0,0,false,4,4,AUTOMOVIL,NISSAN,MARCH,1,6,672,Robo de autopartes y cristalazo,-102.30965591,21.91645611
190519697,30403,5,2019-05-08,3,22,58,1,FRACCIONAMIENTO,FUENTES DE LA ASUNCION,1058,AVENIDA,HEROE DE NACOZARI SUR,NA,",,,",CALLE,FUENTE DE LAS CIBELES,CALLE,FRAY ANTONIO SEGOVIA,CALLE,FUENTE DE LAS CIBELES,3,false,false,9,ND,ND,0,0,N,N,24,6,0,20000,false,4,1,CAMIONETA,FORD,LOBO,1,1,673,Robo de autopartes y cristalazo,-102.28289345,21.86099044
190520036,30411,5,2019-05-09,4,2,21,1,FRACCIONAMIENTO,PRADOS DEL SUR,1100,CALLE,GERTRUDIS BOCANEGRA,NA,"135,,,",CALLE,CAPITAN DIEGO FERNANDEZ VILLA,CALLE,COFRE DE PEROTE,AVENIDA,PASEO DE LA ASUNCION,2,false,false,9,ND,ND,0,0,N,N,27,25,0,2000,false,2,2,CAMIONETA,HONDA,CRV,1,1,674,Robo de autopartes y cristalazo,-102.29893422,21.85631953
190509478,30403,5,2019-05-06,1,4,17,1,FRACCIONAMIENTO,OJO DE AGUA,1080,CALLE,JESUS YUREM,NA,",,,",CALLE,NAYARIT,ANDADOR,PLAZA  JESUS ELIAS PIÑA,CALLE,FRANCISCO PEREZ RIOS,3,false,false,9,"H,M",ND,0,0,N,N,26,39,0,0,false,4,4,CAMIONETA,ND,ND,1,2,675,Robo de autopartes y cristalazo,-102.27975688,21.86400340
190510795,30411,5,2019-05-06,1,14,17,1,COLONIA,OBRAJE,987,CALLE,IGNACIO T CHAVEZ,NA,",,,",CALLE,GENERAL VICENTE GUERRERO SUR,AVENIDA,GALEANA SUR,PRIVADA,NINGUNO,1,false,false,9,ND,ND,0,0,N,N,27,"22,11",0,0,false,3,2,AUTOMOVIL,DODGE,ATOS,1,1,676,Robo de autopartes y cristalazo,-102.29663228,21.87524714
190511142,30411,5,2019-05-06,1,16,15,1,FRACCIONAMIENTO,MIRADOR DE LAS CULTURAS II,494,PRIVADA,CULTURA TOTONACA 104,NA,",,,",CALLE,CULTURA TOTONACA,CALLE,CULTURA TARAHUMARA,CALLE,CUTLTURA TOTONACA,5,false,false,9,ND,ND,0,0,N,N,9,24,0,1200,false,1,2,AUTOMOVIL,VOLKSWAGEN,POINTER,1,1,677,Robo de autopartes y cristalazo,-102.23865228,21.90826457
190511340,30403,5,2019-05-06,1,17,25,1,FRACCIONAMIENTO,OJOCALIENTE LAS TORRES,531,CALLE,PASEO DE LAS TORRES PONIENTE,NA,"249,,,",CALLE,PASEO DEL CEDAZO,CALLE,PASEO DE LA HACIENDA,CALLE,PASEO DEL CERRITO,3,false,false,9,ND,ND,0,0,N,N,22,41,0,0,false,4,4,AUTOMOVIL,CHEVROLET,CHEVY,1,1,678,Robo de autopartes y cristalazo,-102.25753741,21.87318778
190511580,30411,5,2019-05-06,1,18,39,1,SIN TIPO,DESARROLLO 80 (BODEGA AURRERA GUADALUPE),924,CALLE,ARROYO DE LOS ARELLANO,NA,",,,",AVENIDA,GUADALUPE,CALLE,ARROYO DE LOS ARELLANO,CALLE,FELIPE ANGELES,6,false,false,9,ND,ND,0,0,N,N,27,26,0,0,false,1,1,AUTOMOVIL,CHEVROLET,SPARK,1,1,679,Robo de autopartes y cristalazo,-102.31220200,21.88565020
190517751,30403,5,2019-05-08,3,14,16,1,FRACCIONAMIENTO,PROGRESO,450,CALLE,JOSE CALVILLO,NA,",,,",CALLE,PASCUAL CORNEJO,CALLE,AGUSTIN MEJIA,CALLE,J ANTONIO VELARDE,5,false,false,9,"H,H",ND,0,0,N,N,26,12,0,3000,false,4,1,AUTOMOVIL,VOLKSWAGEN,JETTA,1,1,680,Robo de autopartes y cristalazo,-102.26785078,21.90530989
190519046,30403,5,2019-05-08,3,20,0,1,FRACCIONAMIENTO,PRADOS DEL SUR,1100,CALLE,NEVADO DE TOLUCA,NA,",,,",CALLE,GERTRUDIS BOCANEGRA,CALLE,SARGENTO LUCIANO PONCE,AVENIDA,AGUASCALIENTES SUR,2,false,false,9,ND,ND,0,0,N,N,22,39,0,0,false,4,4,AUTOMOVIL,TOYOTA,ND,1,1,681,Robo de autopartes y cristalazo,-102.29764885,21.85821065
190519046,30403,5,2019-05-08,3,20,0,1,FRACCIONAMIENTO,VILLERIAS,491,CALLE,PASEO DE VILLERIAS,NA,"426,,,",CALLE,VILLA DE COSIO,CALLE,EL CHIQUIHUITE,CALLE,VILLA DE SAN FRANCISCO,4,false,false,9,ND,ND,0,0,N,N,27,41,0,0,false,4,4,CAMIONETA,ND,ND,1,1,682,Robo de autopartes y cristalazo,-102.24385869,21.88540298
190502171,30411,5,2019-05-04,6,0,35,11,PARQUE INDUSTRIAL,PARQUE INDUSTRIAL SAN FRANCISCO DE LOS ROMO,2-PI,CARRETERA,45 AGUASCALIENTES-ZACATECAS,NA,",,,",CALLE,MEXICO,CARRETERA,32 LA ESCONDIDA,CALLE,CANADA,7,false,false,9,ND,ND,0,0,N,N,25,"24,22,11",0,8000,false,1,2,CAMION,ND,ND,1,1,683,Robo de autopartes y cristalazo,-102.28121843,22.03517922
190503036,30411,5,2019-05-04,6,10,18,1,FRACCIONAMIENTO,LA RINCONADA,819,CALLE,OAXACA,NA,",,,",CALLE,ROBLE,CALLE,JACARANDA,CALLE,EBANO,6,false,false,9,ND,ND,0,0,N,N,26,24,0,800,false,1,2,CAMIONETA,DODGE,VOYAGUER,1,17,684,Robo de autopartes y cristalazo,-102.29766314,21.90467138
190442104,30411,4,2019-04-17,3,17,28,1,COLONIA,ALTAVISTA,922,CALLE,PROFESOR EDMUNDO GAMEZ OROZCO,NA,"1902,,,",CALLE,FELIPE RUIZ DE CHAVEZ,CALLE,MANUEL CARPIO,CALLE,CARLOS SAGREDO,6,false,false,9,H,ND,0,0,N,N,22,3,0,0,false,1,1,CAMIONETA,NISSAN,NP300,1,1,685,Robo de autopartes y cristalazo,-102.30690001,21.89504268
190502323,30411,5,2019-05-04,6,1,36,5,COLONIA,EL TORITO,199,CALLE,15 DE SEPTIEMBRE,NA,",,,",CALLE,VICENTE GUERRERO,AVENIDA,SOLIDARIDAD,AVENIDA,FRANCISCO I MADERO,7,false,false,9,H,ND,0,0,N,N,25,"26,6",0,0,false,1,1,CAMION,ND,ND,1,1,686,Robo de autopartes y cristalazo,-102.35383119,21.96957077
190519910,30411,5,2019-05-09,4,0,36,1,FRACCIONAMIENTO,J GUADALUPE PERALTA GAMEZ,411,CALLE,ALBERTO VEGA Y LEYVA,NA,"135,,,",AVENIDA,SALUD,CALLE,ISABEL JIMENEZ DIAZ,CALLE,JUVENTINO DE LA TORRE TORRES,4,false,false,9,ND,ND,0,0,N,N,27,37,0,0,false,5,2,AUTOMOVIL,ND,ND,1,13,687,Robo de autopartes y cristalazo,-102.23508864,21.86720785
190520036,30411,5,2019-05-09,4,2,21,1,FRACCIONAMIENTO,PRADOS DEL SUR,1100,CALLE,GERTRUDIS BOCANEGRA,NA,"601,,,",CALLE,CAPITAN DIEGO FERNANDEZ VILLA,CALLE,COFRE DE PEROTE,PROLONGACION,PASEO DE LA ASUNCION,2,false,false,9,ND,ND,0,0,N,N,27,25,0,2000,false,2,2,CAMIONETA,HONDA,CRV,1,1,688,Robo de autopartes y cristalazo,-102.29892898,21.85634346
190524003,30411,5,2019-05-10,5,6,44,1,COLONIA,DEL CARMEN,911,CALLE,BENJAMIN DE LA MORA,NA,",,,",CALLE,SANTO TOMAS,PRIVADA,NINGUNO,CALLE,DEL CARMEN,1,false,false,9,ND,ND,0,0,N,N,27,25,0,0,false,2,2,AUTOMOVIL,AUDI,A4,1,6,689,Robo de autopartes y cristalazo,-102.30364565,21.88812667
190526960,30411,5,2019-05-11,6,5,46,1,FRACCIONAMIENTO,RODOLFO LANDEROS GALLEGOS,459,CALLE,POLIDUCTO,NA,",,,",CALLE,PELEA DE GALLOS,CALLE,EXPOSICION INDUSTRIAL,CALLE,MARTHA MANJARREZ PIMENTEL,4,false,false,9,ND,ND,0,0,N,N,26,24,0,0,false,1,2,AUTOMOVIL,ND,ND,1,2,690,Robo de autopartes y cristalazo,-102.24778380,21.90024820
190529839,30411,5,2019-05-11,6,21,33,1,BARRIO,SAN MARCOS,735,CALLE,RINCON,NA,"111,,,",CALLE,NINGUNO,CALLE,NIETO,CALLE,JOSE GUADALUPE POSADA,1,false,false,9,ND,ND,0,0,N,N,14,"26,28,22",1300,13000,false,1,3,AUTOMOVIL,VOLKSWAGEN,JETTA,1,6,691,Robo de autopartes y cristalazo,-102.30695162,21.87700322
190532039,30411,5,2019-05-12,7,13,8,1,FRACCIONAMIENTO,EJIDO LAS CUMBRES,403,CALLE,GENERAL JOSE REFUGIO VELAZCO,NA,",,,",CALLE,GUADALUPE ALVARADO,CALLE,BLAS E ROMO,CALLE,NETZAHUALCOYOTL,5,false,false,9,H,ND,0,0,N,N,21,24,0,0,true,1,2,CAMIONETA,IZUZU,ND,1,10,692,Robo de autopartes y cristalazo,-102.25912373,21.90429975
190533526,30403,5,2019-05-12,7,21,10,1,COLONIA,TALAMANTES PONCE,883,CALLE,DAMIAN CARMONA,NA,",,,",CALLE,TROJES,CALLE,MIGUEL HIDALGO,CALLE,BARTOLOME DE LAS CASAS,6,false,false,9,ND,ND,0,0,N,N,27,24,0,0,false,4,2,AUTOMOVIL,CHEVROLET,CHEVY,1,13,693,Robo de autopartes y cristalazo,-102.29660559,21.93438471
190522794,30403,5,2019-05-09,4,20,29,1,FRACCIONAMIENTO,PILAR BLANCO,981,CALLE,CANARIO,NA,",,,",ANDADOR,DEL POTRO,ANDADOR,PASEO DEL JILGUERO,ANDADOR,PASEO DEL JILGUERO,2,false,false,9,ND,ND,0,0,N,N,23,"26,27,6",0,800,false,4,3,CAMIONETA,FORD,ESCAPE,1,1,694,Robo de autopartes y cristalazo,-102.29923172,21.84593337
190522924,30403,5,2019-05-09,4,21,9,1,COLONIA,SAN MARCOS (DELEGACION CENTRO),736,AVENIDA,CONVENCION DE 1914 PONIENTE,NA,",,,",CALLE,NAVARRETE,CALLE,PARIS,CALLE,22 DE OCTUBRE,6,false,false,9,ND,ND,0,0,N,N,27,"28,38",0,4000,false,4,1,AUTOMOVIL,HONDA,ND,1,1,695,Robo de autopartes y cristalazo,-102.31206588,21.87734419
190524029,30403,5,2019-05-10,5,7,0,11,SIN TIPO,EX VIÑEDOS GUADALUPE,1,CALLE,VIÑEDOS MARQUITOS,NA,",,,",CALLE,VIÑEDOS SAN MARCOS,AVENIDA,VIÑEDOS MARQUITOS,CALLE,VIÑEDOS SAN FERNANDO,7,false,false,9,ND,ND,0,0,N,N,27,41,0,0,false,4,4,AUTOMOVIL,ND,ND,1,1,696,Robo de autopartes y cristalazo,-102.27555366,21.95860860
190526152,30403,5,2019-05-10,5,21,59,1,SIN TIPO,DESARROLLO 109 (PLAZA FIESTA),972,AVENIDA,AGUASCALIENTES,NA,",,,",BOULEVARD,JOSE MARIA CHAVEZ,CALLE,JUAN B OROZCO,CALLE,FRAY JUNIPERO SERRA,3,false,false,9,ND,ND,0,0,N,N,24,3,0,6000,false,4,1,AUTOMOVIL,DODGE,ATTITUDE,1,1,697,Robo de autopartes y cristalazo,-102.29266723,21.85836458
190526226,30403,5,2019-05-10,5,22,39,1,FRACCIONAMIENTO,LAS AMERICAS (DELEGACION INSURGENTES),406,AVENIDA,CONVENCION DE 1914 SUR,NA,",,,",CALLE,REPUBLICA DE BRASIL,CALLE,REPUBLICA DE CHILE,CALLE,REPUBLICA DE GUATEMALA,2,false,false,9,ND,ND,0,0,N,N,24,"26,12,38",0,2000,false,4,1,CAMIONETA,FORD,ECOSPORT,1,1,698,Robo de autopartes y cristalazo,-102.29962195,21.86618588
190526226,30403,5,2019-05-10,5,22,39,1,FRACCIONAMIENTO,LAS AMERICAS (DELEGACION INSURGENTES),406,AVENIDA,CONVENCION DE 1914 SUR,NA,",,,",CALLE,REPUBLICA DE BRASIL,CALLE,REPUBLICA DE CHILE,CALLE,REPUBLICA DE GUATEMALA,2,false,false,9,ND,ND,0,0,N,N,27,41,0,0,false,4,4,AUTOMOVIL,NISSAN,SENTRA,1,1,699,Robo de autopartes y cristalazo,-102.29966676,21.86618997
190526997,30403,5,2019-05-11,6,6,11,1,FRACCIONAMIENTO,VERSALLES I,960,CALLE,JARDINES DE VERSALLES,NA,",,,",CALLE,SANTANDER,AVENIDA,DE LOS MAESTROS,AVENIDA,AGUASCALIENTES SUR,2,false,false,9,H,ND,0,0,BICICLETA,BICICLETA,19,41,0,0,false,4,4,AUTOMOVIL,KIA,FORTE,1,1,700,Robo de autopartes y cristalazo,-102.31154896,21.85957042
190527170,30403,5,2019-05-11,6,8,18,1,FRACCIONAMIENTO,VERSALLES I,960,CALLE,GALERIAS,NA,"130,,,",CALLE,ALASKA,CALLE,CANADA,CALLE,JARDIN DE VERSALLES,2,false,false,9,ND,ND,0,0,N,N,27,22,0,2000,false,4,2,CAMIONETA,ND,ND,1,1,701,Robo de autopartes y cristalazo,-102.30787426,21.85971965
190529872,30403,5,2019-05-11,6,21,42,1,GRANJA,DEL VALLE,21PR,CARRETERA,70 AGUASCALIENTES-JALPA,NA,",,,",NA,NA,NA,NA,NA,NA,6,false,false,9,ND,ND,0,0,N,N,27,41,0,0,false,4,4,AUTOMOVIL,ND,ND,1,1,702,Robo de autopartes y cristalazo,-102.35292860,21.87887651
190530711,30403,5,2019-05-12,7,2,38,1,CONDOMINIO,VALLE DEL CEDAZO,572,CALLE,RETORNO 22 DE DICIEMBRE,NA,"106,A,,",CALLE,RETORNO 22 DE DICIEMBRE,RETORNO,22 DE DICIEMBRE,CALLE,22 DE DICIEMBRE,3,false,false,9,ND,ND,0,0,N,N,25,38,0,0,false,4,1,AUTOMOVIL,ND,ND,1,6,703,Robo de autopartes y cristalazo,-102.25925513,21.85859562
190532507,30403,5,2019-05-12,7,15,29,1,COLONIA,OBRAJE,987,CALLE,VICENTE GUERRERO,NA,"310,,,",AVENIDA,LICENCIADO ADOLFO LOPEZ MATEOS PONIENTE,PRIVADA,NINGUNO,PRIVADA,NINGUNO,1,false,false,9,ND,ND,0,0,N,N,27,41,0,0,false,4,4,AUTOMOVIL,HYUNDAI,ND,1,13,704,Robo de autopartes y cristalazo,-102.29882044,21.87755234
190529085,30411,5,2019-05-11,6,17,39,1,COLONIA,LAS FLORES,1072,CALLE,BEGONIAS,NA,",,,",AVENIDA,DE LAS ORQUIDEAS,AVENIDA,IGNACIO T CHAVEZ,CALLE,GERANIOS,2,false,false,9,H,ND,0,0,N,N,27,22,0,0,false,1,2,CAMIONETA,ND,ND,1,2,705,Robo de autopartes y cristalazo,-102.30590021,21.87304488
190522460,30411,5,2019-05-09,4,19,2,1,FRACCIONAMIENTO,EJIDO LAS CUMBRES,403,CALLE,SIERRA DE HUAUTLA,NA,",,,",CALLE,NIÑO ARTILLERO,CALLE,MARTIRES DEL RIO BLANCO,CALLE,SIERRA MADRE DEL SUR,5,false,false,9,"H,H,H",ND,2,0,N,N,23,37,0,0,false,5,2,AUTOMOVIL,VOLKSWAGEN,ND,1,4,706,Robo de autopartes y cristalazo,-102.25192944,21.90875358
190516422,30403,5,2019-05-08,3,3,38,1,FRACCIONAMIENTO,EMILIANO ZAPATA,585,AVENIDA,SIGLO XXI,NA,"1135,,,",CALLE,JOSE GONZALEZ CARRILLO,CALLE,PROFESOR OTILIO E MONTAÑO,CALLE,MARIANO JIMENEZ,3,false,false,9,ND,ND,0,0,N,N,26,41,0,0,false,4,4,AUTOMOVIL,ND,ND,1,6,707,Robo de autopartes y cristalazo,-102.25289985,21.85594832
190523562,30411,5,2019-05-10,5,1,29,11,SIN TIPO,EX VIÑEDOS GUADALUPE,1,CARRETERA,25 ENT RIVIER-SAN MARCOS,NA,",,,",NA,NA,NA,NA,NA,NA,7,false,false,9,H,ND,0,0,N,N,25,38,0,0,false,2,2,AUTOMOVIL,ND,ND,1,2,708,Robo de autopartes y cristalazo,-102.28155807,21.96137907
190519867,30411,5,2019-05-09,4,0,12,1,FRACCIONAMIENTO,HERMANOS CARREON,954,CALLE,PIRULES,NA,",,,",CALLE,NISPERO,CALLE,SAUCE,CALLE,ESPAÑA,2,false,false,9,H,ND,0,0,N,N,25,37,0,0,false,5,2,AUTOMOVIL,ND,ND,1,2,709,Robo de autopartes y cristalazo,-102.31166392,21.87015350
190534445,30403,5,2019-05-13,1,3,31,1,FRACCIONAMIENTO,MUJERES ILUSTRES,602,CALLE,GUADALUPE APENDINI ROMO,NA,"228,,,",CALLE,JUANA DE ARCO,CALLE,DE LA ALIANZA,CALLE,EULALIA GUZMAN,3,false,false,9,ND,ND,0,0,N,N,27,41,0,0,false,4,4,AUTOMOVIL,NISSAN,TSURU,1,6,710,Robo de autopartes y cristalazo,-102.25267120,21.84803867
190534520,30403,5,2019-05-13,1,4,44,1,FRACCIONAMIENTO,EJIDO LAS CUMBRES,403,CALLE,MIAHUATLAN,NA,"304,,,",CALLE,NIÑO ARTILLERO,CALLE,MARTIRES DEL RIO BLANCO,CALLE,SIERRA DE LAS GARZAS,5,false,false,9,ND,ND,0,0,N,N,27,3,0,0,false,4,1,AUTOMOVIL,NISSAN,MARCH,1,13,711,Robo de autopartes y cristalazo,-102.25448083,21.90739643
190534894,30403,5,2019-05-13,1,9,19,1,COLONIA,OBRAJE,987,CALLE,GENERAL VICENTE GUERRERO,NA,",,,",AVENIDA,LICENICADO ADOLFO LOPEZ MATEOS PONIENTE,PRIVADA,NINGUNO,PRIVADA,NINGUNO,1,false,false,9,ND,ND,0,0,ND,ND,1,41,0,0,false,4,4,AUTOMOVIL,HONDA,ND,1,13,712,Robo de autopartes y cristalazo,-102.29885306,21.87762631
190537810,30403,5,2019-05-14,1,0,31,11,FRACCIONAMIENTO,SAN JOSE DEL BARRANCO,7,AVENIDA,LICENCIADO OTTO GRANADOS ROLDAN,NA,",,,",CALLE,GUAYABITOS,CALLE,VIVIENDA,CALLE,GLORIETA HACIENDA SAN JOSE DEL BARRANCO,7,false,false,9,ND,ND,0,0,N,N,27,41,0,0,false,4,4,CAMIONETA,ND,ND,1,1,713,Robo de autopartes y cristalazo,-102.26594816,22.06920673
190539862,30403,5,2019-05-14,2,15,17,1,SIN TIPO,ANTIGUOS BAÑOS DEL OJOCALIENTE,412,AVENIDA,TECNOLOGICO,NA,",,,",AVENIDA,ALAMEDA,CALLE,BALNEARIOS,PRIVADA,NINGUNO,4,false,false,9,ND,ND,0,0,N,N,27,22,0,1000,false,4,2,AUTOMOVIL,VOLKSWAGEN,JETTA,1,1,714,Robo de autopartes y cristalazo,-102.26964454,21.88403522
190540783,30411,5,2019-05-14,2,19,18,1,UNIDAD HABITACIONAL,LOS VOLCANES,592,PRIVADA,TERCERA CONVENCION,NA,",,,",CALLE,POPOCATEPETL,AVENIDA,CONVENCION DE 1914 ORIENTE,PRIVADA,TERCERA CONVENCION,3,false,false,9,H,ND,0,0,AUTOMOVIL,"VERSA, BLANCO",27,24,0,0,false,1,2,CAMIONETA,ND,ND,1,2,715,Robo de autopartes y cristalazo,-102.27043248,21.87604340
190541280,30403,5,2019-05-14,2,21,28,1,FRACCIONAMIENTO,ESPAÑA,1052,CALLE,SEVILLA,NA,",,,",CALLE,CATALUÑA,CALLE,SAUCE,CALLE,PAMPLONA,2,false,false,9,ND,ND,0,0,N,N,23,"11,12,6",0,5000,false,4,3,AUTOMOVIL,DODGE,ATOS,1,2,716,Robo de autopartes y cristalazo,-102.31130691,21.86800132
190543218,30411,5,2019-05-15,3,13,8,1,SIN TIPO,AGRICULTURA (SUBDIVISION),990,AVENIDA,MAHATMA GANDHI,NA,",,,",CALLE,REPUBLICA DEL PERU,CALLE,REPUBLICA DEL PARAGUAY,CALLE,QUEBEC,2,false,false,9,ND,ND,0,0,N,N,21,24,0,0,false,1,2,CAMIONETA,FORD,RANGER,1,1,717,Robo de autopartes y cristalazo,-102.29568114,21.86352973
190543398,30411,5,2019-05-15,3,13,56,1,FRACCIONAMIENTO,JESUS TERAN PEREDO,587,AVENIDA,MARIANO ESCOBEDO,NA,",,,",CALLE,PEDRO MORENO,AVENIDA,LAS PALMAS,PROLONGACION,OLIVOS,3,false,false,9,ND,ND,0,0,N,N,27,3,0,0,false,3,1,CAMION,ND,ND,1,2,718,Robo de autopartes y cristalazo,-102.27678865,21.86993916
190544121,30411,5,2019-05-15,3,17,22,1,FRACCIONAMIENTO,VALLE DE LOS CACTUS,725,CALLE,CABUYA,NA,",,,",CALLE,ELOISA BARBOSA,CALLE,FRAILEA,CALLE,REBUTIA,4,false,false,9,ND,ND,0,0,N,N,27,27,0,0,false,1,1,CAMIONETA,FORD,ND,1,1,719,Robo de autopartes y cristalazo,-102.23305932,21.87547459
190545091,30411,5,2019-05-15,3,22,9,1,FRACCIONAMIENTO,HACIENDAS DE AGUASCALIENTES,410,AVENIDA,HACIENDA JOSE MARIA MORELOS,NA,",,,",CALLE,HACIENDA EL TORIL,CALLE,HACIENDA REFUGIO DE AGUA ZARCA,CALLE,HACIENDA SAN LORENZO,4,false,false,9,ND,ND,0,0,N,N,27,24,0,0,false,3,2,AUTOMOVIL,ND,ND,1,1,720,Robo de autopartes y cristalazo,-102.24511215,21.89148854
190546513,30411,5,2019-05-16,4,11,6,1,FRACCIONAMIENTO,INSURGENTES,1046,CALLE,GENERAL FRANCISCO CARRERA TORRES,NA,"116,,,",AVENIDA,DOCTOR MARIANO AZUELA,AVENIDA,CONVENCION,CALLE,GENERAL GABRIEL LEYVA,2,false,false,9,ND,ND,0,0,N,N,20,26,0,0,false,1,1,CAMION,ND,ND,1,6,721,Robo de autopartes y cristalazo,-102.31039858,21.85264662
190546681,30411,5,2019-05-16,4,11,56,1,FRACCIONAMIENTO,GOMEZ (DELEGACION CENTRO),907,AVENIDA,GUADALUPE,NA,"808,,,",CALLE,ESMERALDA,CALLE,DIAMANTE,CALLE,TLAXCALA,6,false,false,9,ND,ND,0,0,AUTOMOVIL,"VOLKSWAGEN, PLATA",27,25,0,0,false,2,2,AUTOMOVIL,ND,ND,1,17,722,Robo de autopartes y cristalazo,-102.31064116,21.88516824
190551542,30411,5,2019-05-17,5,15,44,1,SIN TIPO,DESARROLLO 80 (BODEGA AURRERA GUADALUPE),924,AVENIDA,GUADALUPE,NA,",,,",AVENIDA,CONVENCION DE 1914 PONIENTE,CALLE,FELIPE NAGELES,CALLE,ARROYO DE LOS ARELLANO,6,false,false,9,ND,ND,0,0,N,N,21,"22,26",0,3000,false,1,3,CAMIONETA,CHEVROLET,SILVERADO,1,1,723,Robo de autopartes y cristalazo,-102.31219399,21.88562952
190554053,30411,5,2019-05-18,6,5,13,1,COLONIA,SAN MARCOS (DELEGACION POCITOS),650,CALLE,FATIMA,NA,",,,",CALLE,PUEBLITO,CALLE,NAVARRETE,CALLE,CAMPECHE,6,false,false,9,ND,ND,0,0,MOTOCICLETA,"ITALIKA, AZUL",26,24,0,0,false,1,2,AUTOMOVIL,CHEVROLET,CHEVY,1,1,724,Robo de autopartes y cristalazo,-102.31619214,21.87840029
190557036,30411,5,2019-05-18,6,23,34,1,FRACCIONAMIENTO,LAS AMERICAS (DELEGACION CENTRO),1114,AVENIDA,CONVENCION DE 1914 SUR,NA,",,,",CALLE,REPUBLICA DE ARGENTINA,AVENIDA,MAHATMA GANDHI,CALLE,REPUBLICA DE PANAMA,2,false,false,9,ND,ND,0,0,N,N,27,38,0,0,false,3,1,AUTOMOVIL,SEAT,LEON,1,6,725,Robo de autopartes y cristalazo,-102.29695262,21.86599850
190557528,30411,5,2019-05-19,7,1,37,1,FRACCIONAMIENTO,PENSADORES MEXICANOS,774,CALLE,SALVADOR NOVO,NA,"547,,,",CALLE,LUIS ESPOTA,CALLE,JUAN RULFO,CALLE,OCTAVIO PAZ,5,false,false,9,H,ND,0,0,MOTOCICLETA,"MOTOCICLETA, COLOR ROJA",27,22,0,700,false,1,2,AUTOMOVIL,CHRYSLER,SPIRIT,1,2,726,Robo de autopartes y cristalazo,-102.25859518,21.91501267
190559395,30411,5,2019-05-19,7,13,51,1,SIN TIPO,DESARROLLO 139 (PREPARATORIA UAA),820,CALLE,VICTOR M DIAZ MACIAS,NA,",,,",CALLE,18 DE MARZO,AVENIDA,CONVENCION DE 1914 NORTE,BOULEVARD,A ZACATECAS,6,false,false,9,ND,ND,0,0,N,N,9,24,0,0,false,1,2,AUTOMOVIL,HONDA,CIVIC,1,1,727,Robo de autopartes y cristalazo,-102.29501031,21.90114287
190559740,30411,5,2019-05-19,7,15,13,1,FRACCIONAMIENTO,EL SOL,920,CALLE,SAUCE,NA,",,,",CALLE,FELIX D ELA PAZ,CALLE,PROFESOR JOSE REYES MARTINEZ,CALLE,GENERAL IGNACIO ZARAGOZA,6,false,false,9,ND,ND,0,0,N,N,21,"38,12",0,0,false,1,1,CAMIONETA,ND,ND,1,1,728,Robo de autopartes y cristalazo,-102.29652412,21.89402263
190545875,30411,5,2019-05-16,4,5,51,1,FRACCIONAMIENTO,INSURGENTES,1046,CALLE,GENERAL FRANCISCO MURGUIA,NA,"305,,,",CALLE,ABRAHAM GONZALEZ,AVENIDA,CONVENCION,CALLE,GENERAL JOSE ISABEL ROBLES,2,false,false,9,ND,ND,0,0,N,N,27,24,0,1600,false,1,2,CAMIONETA,ND,ND,1,1,729,Robo de autopartes y cristalazo,-102.30414300,21.85004636
190550685,30403,5,2019-05-17,5,11,36,1,FRACCIONAMIENTO,CIUDAD INDUSTRIAL,982,CALLE,ALFONSO BERNAL SANTOS C-6N,NA,",,,",AVENIDA,SIGLO XXI,CALLE,JESUS RIVERA FRANCO,CALLE,FILEMON ALONSO MUÑOZ C-10N,3,false,false,9,ND,ND,0,0,N,N,27,41,0,0,false,4,4,AUTOMOVIL,DODGE,ATTITUDE,1,2,730,Robo de autopartes y cristalazo,-102.28866585,21.84508528
190552328,30411,5,2019-05-17,5,19,19,1,N,N,1032R,AVENIDA,SIGLO XXI,NA,",,,",BOULEVARD,JUAN PABLO II,PROLONGACION,CONSTITUCION,CALLE,NINGUNO,2,false,false,9,ND,ND,0,0,N,N,27,26,0,0,false,1,1,AUTOMOVIL,ND,ND,1,1,731,Robo de autopartes y cristalazo,-102.35166141,21.85151262
190553179,30403,5,2019-05-17,5,23,9,1,SIN TIPO,DESARROLLO 10 (PUERTA NAVARRA),757,AVENIDA,UNIVERSIDAD,NA,",,,",AVENIDA,CANAL INTERCEPTOR,CALLE,BENJAMIN MENDEZ,CALLE,NINGUNO,6,false,false,9,ND,ND,0,0,N,N,24,"3,26",0,7800,false,4,1,AUTOMOVIL,ZUZUKI,ND,1,1,732,Robo de autopartes y cristalazo,-102.30880987,21.90478437
190554366,30411,5,2019-05-18,6,9,0,2,BARRIO,TEPOZAN,314,CALLE,MOYA,NA,"15,,,",CALLE,ALEGRIA,CALLE,JOSE MARIA VILLALOBOS,PRIVADA,LA BUFA,7,false,false,9,ND,ND,0,0,N,N,13,24,0,0,false,1,2,CAMIONETA,CHEVROLET,ND,1,1,733,Robo de autopartes y cristalazo,-102.09083291,22.23640518
190555933,30411,5,2019-05-18,6,17,56,1,FRACCIONAMIENTO,PILAR BLANCO,981,ANDADOR,DEL CISNE,8MR,",,,",ANDADOR,DEL CISNE,ANDADOR,PASEO DEL JILGUERO,AVENIDA,FAISAN,2,false,false,9,ND,ND,0,0,N,N,27,24,0,0,false,1,2,AUTOMOVIL,FORD,TOPAZ,1,1,734,Robo de autopartes y cristalazo,-102.29748146,21.84629575
190560587,30403,5,2019-05-19,7,19,46,1,FRACCIONAMIENTO,VALLE DORADO,1049,CALLE,REPUBLICA DE PUERTO RICO,NA,"130,,,",CALLE,REPUBLICA DE CHILE,CALLE,REPUBLICA MEXICANA,AVENIDA,LAS AMERICAS,2,false,false,9,ND,ND,0,0,N,N,23,"26,12",0,0,false,4,1,CAMIONETA,NISSAN,KICKS,1,1,735,Robo de autopartes y cristalazo,-102.30269504,21.86278658
190561309,30411,5,2019-05-19,7,23,24,1,FRACCIONAMIENTO,DEL VALLE 2A SECCION,939,AVENIDA,AGUASCALIENTES PONIENTE,NA,",,,",CALLE,FLORENCIA,CALLE,PARIS,CALLE,LIVERPOOL,6,false,false,9,ND,ND,0,0,N,N,4,24,0,1300,false,1,2,CAMIONETA,CHRYSLER,VOYAGUER,1,1,736,Robo de autopartes y cristalazo,-102.31847524,21.87579407
190527783,30411,5,2019-05-11,6,11,52,1,FRACCIONAMIENTO,LOS ARCOS,834,CALLE,FERROCARRIL,NA,",,,",AVENIDA,AGLAYA,CALLE,CIRCE,CALLE,LOS ARCOS,5,false,false,9,AUTOLAVADO,AUTOLAVADO,0,0,N,N,27,3,0,2000,false,3,1,AUTOMOVIL,ND,ND,1,1,737,Robo de autopartes y cristalazo,-102.28707304,21.90812142
190539087,30411,5,2019-05-14,2,12,0,1,FRACCIONAMIENTO,INSURGENTES,1046,CALLE,GENERAL JESUS CARRANZA,NA,"408,,,",CALLE,ABRAHAM GONZALEZ,CALLE,GENERAL LUIS MOYA,CALLE,GENERAL LUCIO BLANCO,2,false,false,9,ND,ND,0,0,N,N,20,11,0,500,false,2,2,CAMIONETA,ND,ND,1,1,738,Robo de autopartes y cristalazo,-102.30406423,21.84807623
190549848,30403,5,2019-05-17,5,2,49,1,BARRIO,SAN MARCOS,735,CALLE,NIETO,NA,",,,",CALLE,MONROY,PEATONAL,ARTURO J PANI,CALLE,MANUEL M PONCE,1,true,false,9,ND,ND,0,0,N,N,25,41,0,0,false,4,4,AUTOMOVIL,ND,ND,1,2,739,Robo de autopartes y cristalazo,-102.30458341,21.87750240
190535315,30411,5,2019-05-13,1,11,38,1,FRACCIONAMIENTO,EJIDO LAS CUMBRES,403,CALLE,SIERRA DE LA PARNAZO,NA,",,,",CALLE,SIERRA DE HUATLA,CALLE,POLIDUCTO,CALLE,SIERRA DEL TIGRE,5,true,false,9,ND,ND,0,0,N,N,20,37,0,0,false,5,2,AUTOMOVIL,ND,ND,1,2,740,Robo de autopartes y cristalazo,-102.25219373,21.90969022
190546870,30411,5,2019-05-16,4,12,40,1,COLONIA,SAN FRANCISCO DEL ARENAL,1085,CALLE,MIGUEL APARICIO,NA,",,,",CALLE,ALFREDO REYES VELAZQUEZ,N,N,CALLE,EFRAIN GONZALEZ,2,false,false,9,H,ND,0,0,N,N,5,38,0,0,false,1,1,TRAILER,ND,ND,1,2,741,Robo de autopartes y cristalazo,-102.29619013,21.82668617
190562026,30411,5,2019-05-20,1,6,8,1,FRACCIONAMIENTO,VILLAS DEL OESTE,1011,CALLE,EMILIO FERNANDEZ,NA,",,,",CALLE,CARLOS LOPEZ MOCTEZUMA,PROLONGACION,PASEO DE LA ASUNCION,CALLE,PEDRO INFANTE,2,false,false,9,ND,ND,0,0,N,N,19,25,0,0,false,2,2,AUTOMOVIL,ND,ND,1,2,742,Robo de autopartes y cristalazo,-102.30380443,21.84360581
190562679,30411,5,2019-05-20,1,11,45,1,COLONIA,OJO DE AGUA,986,CALLE,CRUCITAS,NA,",,,",AVENIDA,CONVENCION DE 1914 SUR,PRIVADA,CRUCITAS,CALLE,CRUCITAS,3,false,false,9,ND,ND,0,0,N,N,27,37,0,0,false,5,2,CAMIONETA,ND,ND,1,16,743,Robo de autopartes y cristalazo,-102.28014890,21.86694350
190564653,30411,5,2019-05-20,1,19,44,1,FRACCIONAMIENTO,CUMBRES III,320P,CALLE,15 SUR,NA,",,,",CALLE,NINGUNO,CALLE,NINGUNO,CALLE,NINGUNO,5,false,false,9,ND,ND,0,0,N,N,27,"24,11",0,1500,false,1,2,CAMIONETA,NISSAN,QUEST,1,2,744,Robo de autopartes y cristalazo,-102.23111698,21.92472850
190565261,30403,5,2019-05-20,1,22,18,1,SIN TIPO,ANTIGUA ESTACION DE PEMEX,821,CALLE,18 DE MARZO,NA,",,,",CALLE,MELQUIADES MORENO,BOULEVARD,A ZACATECAS,CALLE,EBANO,6,false,false,9,ND,ND,0,0,N,N,24,"26,27",0,13000,false,4,1,CAMIONETA,TOYOTA,RAV4,1,1,745,Robo de autopartes y cristalazo,-102.29490541,21.90204556
190526248,30411,5,2019-05-10,5,22,49,1,FRACCIONAMIENTO,INSURGENTES,1046,AVENIDA,CONVENCION,NA,"503,,,",CALLE,CAPITAN GUSTAVO GARMENDIA,CALLE,GENERAL MARTIN ESPINOZA SANCHEZ,CALLE,ABRAHAM GONZALEZ,2,false,false,9,ND,ND,0,0,N,N,27,39,0,0,false,1,2,AUTOMOVIL,VOLKSWAGEN,JETTA,1,13,746,Robo de autopartes y cristalazo,-102.31265748,21.85235408
190568481,30411,5,2019-05-21,2,20,6,1,COLONIA,INDUSTRIAL,919,CALLE,ALFREDO LEWIS,NA,",,,",CALLE,PETROLEOS MEXICANOS,CALLE,MELQUIADES MORENO,CALLE,MANUEL AVILA CAMACHO,6,false,false,9,ND,ND,0,0,N,N,27,24,0,1000,false,1,2,CAMIONETA,FORD,EXPLORER,1,1,747,Robo de autopartes y cristalazo,-102.29447476,21.89891100
190568756,30411,5,2019-05-21,2,21,26,1,FRACCIONAMIENTO,LAS AMERICAS (DELEGACION CENTRO),1114,AVENIDA,CONVENCION DE 1914 SUR,NA,",,,",AVENIDA,QUINTA,CALLE,REPUBLICA DE ARGENTINA,CALLE,REPUBLICA DE PANAMA,2,false,false,9,ND,ND,0,0,N,N,23,11,0,10000,false,2,2,CAMIONETA,NISSAN,ND,1,1,748,Robo de autopartes y cristalazo,-102.29807435,21.86620371
190568920,30403,5,2019-05-21,2,22,1,1,FRACCIONAMIENTO,DEL VALLE RIO SAN PEDRO,747,AVENIDA,AGUASCALIENTES PONIENTE,NA,",,,",CALLE,VALLE DE SANTIAGO,CALLE,TLAXCALA,CALLE,VALLE DE AGUASCALIENTES,6,false,false,9,ND,ND,0,0,N,N,24,"26,6",0,11000,false,4,1,AUTOMOVIL,NISSAN,VERSA,1,1,749,Robo de autopartes y cristalazo,-102.31800394,21.88268557
190569347,30411,5,2019-05-22,3,0,16,1,FRACCIONAMIENTO,BAJIO DE LAS PALMAS,533,CALLE,PALMA MEXICANA,NA,",,,",AVENIDA,POLIDUCTO,CALLE,PALMA GUADALUPE,AVENIDA,POLIDUCTO,3,false,false,9,H,ND,0,0,BICICLETA,BICICLETA,25,"28,38",0,0,false,3,1,AUTOMOVIL,ND,ND,1,6,750,Robo de autopartes y cristalazo,-102.24207644,21.86223081
190570821,30411,5,2019-05-22,3,12,39,1,SIN TIPO,DESARROLLO 15 (HOGAR DEL ANCIANO CURTIDORES),667,AVENIDA,DE LOS ARELLANO,NA,",,,",AVENIDA,CONVENCION DE 1914 PONIENTE,PRIVADA,COTO 104,AVENIDA,PPROLONGACION DOCTOR QUEZADA LIMON,6,false,false,9,ND,ND,0,0,N,N,21,"26,6",0,8000,false,1,1,AUTOMOVIL,VOLKSWAGEN,SEDAN,1,2,751,Robo de autopartes y cristalazo,-102.31273365,21.88716873
190573738,30411,5,2019-05-23,4,4,55,5,FRACCIONAMIENTO,RUISEÑORES,338P,CIRCUITO,GOLONDRINA,NA,"109,,,",CIRCUITO,GOLONDRINA,CIRCUITO,GOLONDRINA,CIRCUITO,GOLONDRINA,7,false,false,9,ND,ND,0,0,N,N,26,"26,28",400,400,true,3,1,AUTOMOVIL,ND,ND,1,1,752,Robo de autopartes y cristalazo,-102.33071190,21.96701852
190522437,30411,5,2019-05-09,5,18,56,1,FRACCIONAMIENTO,EJIDO LAS CUMBRES,403,CALLE,SIERRA DE LA PARNAZO,NA,",,,",CALLE,POLIDUCTO,CALLE,SIERRA DE HUAUTLA,CALLE,NIÑO ARTILLERO,5,true,false,9,H,ND,2,0,N,N,22,37,0,0,false,5,2,AUTOMOVIL,ND,ND,1,4,753,Robo de autopartes y cristalazo,-102.25103667,21.90989017
190573476,30411,5,2019-05-23,4,0,46,1,SIN TIPO,CANTERAS DE SANTA IMELDA (SUBDIVISION),1039,BOULEVARD,JUAN PABLO II,NA,",,,",CALLE,DE LOS OLIVOS,CALLE,VALLE DEL MORCINIQUE,CALLE,RETORNO DEL COLISEO,2,false,false,9,ND,ND,0,0,AUTOMOVIL,BEETLE,15,23,0,20000,false,1,2,AUTOMOVIL,MAZDA,A6,1,1,754,Robo de autopartes y cristalazo,-102.32857962,21.86731649
190575307,30411,5,2019-05-23,4,14,21,1,FRACCIONAMIENTO,LA FUENTE,1061,CALLE,BRASILIA,NA,",,,",AVENIDA,ALAS AMERICAS,CALLE,REPUBLICA DE URUGUAY,CALLE,BOGOTA,2,false,false,9,H,ND,0,0,N,N,21,24,0,0,false,1,2,AUTOMOVIL,ND,ND,1,2,755,Robo de autopartes y cristalazo,-102.30169786,21.87096966
190576190,30411,5,2019-05-23,4,18,14,1,FRACCIONAMIENTO,DEL VALLE RIO SAN PEDRO,747,AVENIDA,AGUASCALIENTES PONIENTE,NA,",,,",CALLE,TIZIANO,CALLE,PROLONGACION AQUILES ELOURDUY,CALLE,MIGUEL ANGEL,6,false,false,9,ND,ND,0,0,N,N,22,24,0,0,false,1,2,CAMIONETA,ND,ND,1,2,756,Robo de autopartes y cristalazo,-102.31813200,21.88013646
190573424,30403,5,2019-05-23,4,0,23,1,FRACCIONAMIENTO,LA ESTRELLA,483,CALLE,ORION,NA,"415,,,",CALLE,LIRA,CALLE,LIBRA,CALLE,GEMINIS,5,false,false,9,ND,ND,0,0,N,N,25,41,0,0,false,4,4,AUTOMOVIL,VOLKSWAGEN,POINTER,1,1,757,Robo de autopartes y cristalazo,-102.28037381,21.90337745
190574104,30403,5,2019-05-23,4,9,19,1,FRACCIONAMIENTO,NAZARIO ORTIZ GARZA,452,CALLE,GUADALUPE ALVARADO,NA,",,,",CALLE,GENERAL JOSE REFUGIO VELAZCO,CALLE,MANUEL GARCIA MARTINEZ,CALLE,ARIAS MUJICA,5,false,false,9,ND,ND,0,0,N,N,27,41,0,0,false,4,4,AUTOMOVIL,ND,ND,1,1,758,Robo de autopartes y cristalazo,-102.25728852,21.90502642
190577067,30403,5,2019-05-23,4,22,18,1,FRACCIONAMIENTO,MORELOS,616,AVENIDA,AGUASCALIENTES ORIENTE,NA,",,,",CALLE,UXMAL,CALLE,MARIANO HIDALGO,RETORNO,QUINTO MARIANO HIDALGO,3,false,false,9,ND,ND,0,0,N,N,14,41,0,0,false,4,4,AUTOMOVIL,CHEVROLET,MATIZ,1,2,759,Robo de autopartes y cristalazo,-102.25358875,21.86757590
190569872,30411,5,2019-05-22,3,7,19,1,BARRIO,LA SALUD,1122,CALLE,ACUEDUCTO,NA,"176,,,",CALLE,DELICIAS,CALLE,SALUD,AVENIDA,HEROE DE NACOZARI,3,false,false,9,ND,ND,0,0,N,N,16,22,0,0,false,1,2,AUTOMOVIL,CHRYSLER,CROSS FIRE,1,1,760,Robo de autopartes y cristalazo,-102.28364215,21.86888022
190578496,30411,5,2019-05-24,5,11,6,1,FRACCIONAMIENTO,MUNICIPIO LIBRE,768,CALLE,SAN MIGUELITO,NA,"229,,,",CALLE,EVOLUCION,CALLE,LAS AVES,CALLE,PROSPERIDAD,4,false,false,9,H,ND,0,0,N,N,20,11,0,0,false,1,2,AUTOMOVIL,NISSAN,SENTRA,1,1,761,Robo de autopartes y cristalazo,-102.25545490,21.89657853
190581820,30411,5,2019-05-25,5,6,41,1,COLONIA,SAN PABLO,921,CALLE,RIO PIRULES,NA,",,,",CALLE,MARINA NACIONAL,CALLE,GENERAL IGNACIO ZARAGOZA,CALLE,RIO MORCINIQUE,6,false,false,9,ND,ND,0,0,N,N,19,25,0,0,false,2,2,AUTOMOVIL,NISSAN,TSURU,1,2,762,Robo de autopartes y cristalazo,-102.29731914,21.89136703
190589169,30411,5,2019-05-26,7,22,53,1,COLONIA,INDUSTRIAL,919,CALLE,FELIX DE LA PAZ,NA,",,,",AVENIDA,INDEPENDENCIA,CALLE,JOSE BOLADO,CALLE,LUIS LOPEZ,6,false,false,9,ND,ND,0,0,N,N,27,38,0,0,false,2,2,MOTOCICLETA,ITALIKA,ND,1,1,763,Robo de autopartes y cristalazo,-102.29519009,21.89437286
190577703,30411,5,2019-05-24,5,2,7,1,FRACCIONAMIENTO,JARDINES DE LA CRUZ (DELEGACION CENTRO),610,AVENIDA,CONVENCION DE 1914 ORIENTE,NA,"101,,,",CALLE,CEDRO,AVENIDA,LICENCIADO ADOLFO LOPEZ MATEOS ORIENTE,AVENIDA,LAS PALMAS,3,false,false,9,ND,ND,0,0,N,N,11,11,0,5000,false,1,2,CAMIONETA,MERCURY,VILLAGER,1,1,764,Robo de autopartes y cristalazo,-102.27160948,21.87751416
190057816,30403,5,2019-05-24,5,9,4,1,FRACCIONAMIENTO,CIRCUNVALACION NORTE (DELEGACION POCITOS),808,CALLE,GENERAL IGNACIO ZARAGOZA,NA,"1627,,,",CALLE,MARGIL DE JESUS,AVENIDA,CONVENCION DE 1914NORTE,CALLE,SAUCE,6,false,false,9,ND,ND,0,0,N,N,5,28,600,600,false,4,1,CAMIONETA,JEEP,ND,1,1,765,Robo de autopartes y cristalazo,-102.29888837,21.90019341
190581509,30403,5,2019-05-25,6,2,39,6,COLONIA,ZONA CENTRO,94,AVENIDA,PLUTARCO ELIAS CALLES,NA,",,,",AVENIDA,PLUTARCO ELIAS CALLES,AVENIDA,HEROICO COLEGIO MILITAR,CALLE,SANTOS DEGOLLADO,7,false,false,9,ND,ND,0,0,N,N,27,41,0,0,false,4,4,AUTOMOVIL,KIA,ND,1,2,766,Robo de autopartes y cristalazo,-102.27929498,22.14738182
190585074,30403,5,2019-05-25,6,22,42,1,FRACCIONAMIENTO,SANTA ANITA 4A SECCION,465,CALLE,VALLE REAL,NA,",,,",AVENIDA,GABRIELA MISTRAL,CALLE,VALLE REAL,CALLE,VALLE DE LOS REYES PONIENTE,4,false,false,9,H,ND,0,0,N,N,24,41,0,0,false,4,4,AUTOMOVIL,ND,ND,1,7,767,Robo de autopartes y cristalazo,-102.27203915,21.90233632
190583469,30411,5,2019-05-25,6,16,38,1,FRACCIONAMIENTO,HACIENDAS DE AGUASCALIENTES,410,AVENIDA,HACIENDA DE OJOCALIENTE,NA,"301,,,",AVENIDA,HACIENDA JOSE MARIA MORELOS,CALLE,HACIENDA SAN JOSE DE GUADALUPE,CALLE,HACIENDA GARABATO,4,false,false,9,AUTOLAVADO,AUTOLAVADO,0,0,N,N,22,3,0,9000,false,3,1,AUTOMOVIL,ND,ND,1,1,768,Robo de autopartes y cristalazo,-102.24525378,21.88921598
190578754,30411,5,2019-05-24,5,12,36,1,FRACCIONAMIENTO,NAZARIO ORTIZ GARZA,452,CALLE,NIÑOS HEROES,NA,"118,,,",CALLE,MIHUATLAN,CALLE,CUMBRES,CALLE,MARTIRES DEL RIO BLANCO,5,false,false,9,H,ND,2,0,N,N,21,11,0,2000,false,3,2,CAMIONETA,ND,ND,1,14,769,Robo de autopartes y cristalazo,-102.25542845,21.90745711
190581521,30411,5,2019-05-25,5,2,30,1,FRACCIONAMIENTO,VALLE DE LOS CACTUS,725,ANDADOR,RECITO HIGUERILLA,NA,"30,,,",ANDADOR,RECINTO HIGUERILLA 501,ANDADOR,RECINTO HIGUERILLA 501,ANDADOR,RECINTO HIGUERILLA 501,4,false,true,3,H,ND,0,1,N,N,25,11,0,0,false,3,2,CAMIONETA,ND,ND,1,1,770,Robo de autopartes y cristalazo,-102.23111201,21.87026556
190589920,30411,5,2019-05-27,1,4,24,6,FRACCIONAMIENTO,SANTA ISABEL,230P,CALLE,REAL DE TEPEZALA,NA,"209,A,,",CALLE,REAL DE ASIENTOS,CALLE,REAL DEL POTOSI,CALLE,REAL DE PIEDRAS NEGRAS,7,false,false,9,ND,ND,0,0,N,N,27,11,0,1000,false,1,2,CAMIONETA,ND,ND,1,1,771,Robo de autopartes y cristalazo,-102.26757524,22.08031698
190591996,30411,5,2019-05-27,1,16,29,1,BARRIO,SAN MARCOS,735,CALLE,AZTECA,NA,",,,",CALLE,GENERAL EMILIANO ZAPATA,CALLE,TALAMANTES,CALLE,ANTONIO ARIAS BERNAL,1,false,false,9,ND,ND,0,0,N,N,16,"22,23,27",0,0,false,1,3,AUTOMOVIL,NISSAN,TSURU,1,2,772,Robo de autopartes y cristalazo,-102.30545251,21.88241099
190593556,30411,5,2019-05-27,1,22,23,1,SIN TIPO,DESARROLLO 9 (ATRAS UGASA),813,AVENIDA,AGUASCALIENTES PONIENTE,NA,",,,",AVENIDA,GUADALUPE GONZALEZ,AVENIDA,CANAL INTERCEPTOR,PRIVADA,NINGUNO,6,false,false,9,ND,ND,0,0,N,N,4,"6,26",0,15000,false,1,1,AUTOMOVIL,MAZDA,ND,1,1,773,Robo de autopartes y cristalazo,-102.31608208,21.90268388
190594837,30411,5,2019-05-28,2,10,45,1,COLONIA,DEL TRABAJO (DELEGACION JESUS TERAN),477,CALLE,FRANCISCO GONZALEZ BOCANEGRA,NA,",,,",CALLE,SEGURO SOCIAL,CALLE,PRIVADA FORJADORES,CALLE,67,4,false,false,9,ND,ND,0,0,N,N,27,37,0,0,false,5,2,CAMIONETA,ND,ND,1,13,774,Robo de autopartes y cristalazo,-102.27065665,21.88670301
190595002,30411,5,2019-05-28,2,11,39,1,FRACCIONAMIENTO,CIUDAD INDUSTRIAL,982,AVENIDA,SIGLO XXI,NA,",,,",CALLE,ALFONSO BERNAL SANTOS C-6N,BOULEVARD,JOSE MARIA CHAVEZ,CALLE,JESUS RIVERA,3,false,false,9,ND,ND,0,0,N,N,27,24,0,0,false,1,2,AUTOMOVIL,ND,ND,1,1,775,Robo de autopartes y cristalazo,-102.29010174,21.84481305
190595296,30411,5,2019-05-28,2,13,5,1,SIN TIPO,AGRICULTURA (SUBDIVISION),990,CALLE,REPUBLICA DE PERU,NA,",,,",CALLE,YUKON,CALLE,QUEBEC,CALLE,REPUBLICA DE HONDURAS,2,false,false,9,ND,ND,0,0,N,N,21,24,0,0,false,1,2,AUTOMOVIL,NISSAN,SENTRA,1,1,776,Robo de autopartes y cristalazo,-102.29638107,21.86352468
190596987,30411,5,2019-05-28,2,19,48,1,RANCHO,LA FORTUNA,961R,CARRETERA,42 AGUASCALIENTES-TANQUE DE LOS JIMENEZ,NA,",,,",NA,NA,NA,NA,NA,NA,2,false,false,9,ND,ND,0,0,N,N,10,"24,11",0,6000,false,1,2,AUTOMOVIL,VOLKSWAGEN,JETTA,1,2,777,Robo de autopartes y cristalazo,-102.32961573,21.83390765
190597076,30411,5,2019-05-28,2,20,16,1,CONDOMINIO,CENTRO COMERCIAL GALERIAS,657,CALLE,NINGUNO,NA,",,,",AVENIDA,INDEPENDENCIA,BOULEVARD,A ZACATECAS,PRIVADA,NINGUNO,6,false,false,9,ND,ND,0,0,N,N,27,"3,6,28",1500,0,false,1,1,AUTOMOVIL,FORD,MUSTANG,1,1,778,Robo de autopartes y cristalazo,-102.29433473,21.92090308
190594133,30403,5,2019-05-28,2,2,47,1,FRACCIONAMIENTO,RODOLFO LANDEROS GALLEGOS,459,CALLE,GENERAL LAZARO CARDENAS,NA,",,,",CALLE,PAZ ROMO DE VIVAR,CALLE,EXPROPIACION PETROLERA,AVENIDA,POLIDUCTO,5,false,false,9,H,ND,0,0,N,N,26,41,0,0,false,4,4,AUTOMOVIL,ND,ND,1,1,779,Robo de autopartes y cristalazo,-102.25053757,21.90404919
190594602,30403,5,2019-05-28,2,9,10,1,FRACCIONAMIENTO,OJOCALIENTE III,525,CALLE,EL CEDAZO,NA,"101,,,",CALLE,OCOTE,AVENIDA,SIGLO XXI,CALLE,EL CUERVERO,4,false,false,9,ND,ND,0,0,N,N,27,41,0,0,false,4,4,AUTOMOVIL,VOLKSWAGEN,POINTER,1,1,780,Robo de autopartes y cristalazo,-102.24739081,21.87803299
190600955,30411,5,2019-05-29,3,20,22,1,FRACCIONAMIENTO,VILLA MONTAÑA,502R,CALLE,SALVADOR RANGEL LOPEZ,NA,"1033,,,",CALLE,CONSTITUCIONALISTA,CALLE,FRANCISCO DE J HERRERA L,CALLE,MONTE PISSIS,5,false,false,9,EMPLEADO,EMPLEADO,0,0,N,N,27,22,0,0,false,3,2,CAMIONETA,ND,ND,1,2,781,Robo de autopartes y cristalazo,-102.25806863,21.94299406
190600700,30411,5,2019-05-29,3,19,20,1,FRACCIONAMIENTO,HACIENDAS DE AGUASCALIENTES,410,AVENIDA,SIGLO XXI,NA,",,,",CALLE,HACIENDA EL TORIL,AVENIDA,HAICENDA DE OJOCALIENTE,CALLE,HACIENDA JALTOMATE,4,false,false,9,ND,ND,0,0,N,N,27,"22,38",0,2000,false,1,3,CAMIONETA,CHEVROLET,BLAZER,1,13,782,Robo de autopartes y cristalazo,-102.25109572,21.88750394
190602261,30411,5,2019-05-30,4,5,45,1,UNIDAD HABITACIONAL,LOS VOLCANES,592,ANDADOR,NINGUNO,1,"102,,,",ANDADOR,NINGUNO,ANDADOR,NINGUNO,ANDADOR,NINGUNO,3,false,false,9,ND,ND,0,0,N,N,26,"22,24,38",0,0,false,1,3,AUTOMOVIL,FORD,MUSTANG,1,1,783,Robo de autopartes y cristalazo,-102.26943491,21.87490444
190602320,30411,5,2019-05-30,4,6,42,1,COLONIA,OJO DE AGUA,986,CALLE,CRUCITAS,NA,",,,",CALLE,LOS DIAZ,AVENIDA,CONVENCION DE 1914 SUR,AVENIDA,AYUNTAMIENTO,3,false,false,9,H,ND,0,0,N,N,19,38,0,0,false,2,2,CAMIONETA,NISSAN,ND,1,13,784,Robo de autopartes y cristalazo,-102.28023583,21.86691919
190604539,30411,5,2019-05-30,4,18,16,3,FRACCIONAMIENTO,VALLE HUEJUCAR,158P,CARRETERA,70 AGUASCALIENTES-JALPA,NA,",,,",CALLE,AGUASCALIENTES,CALLE,JALISCO,CALLE,GUANAJUATO,7,false,false,9,H,ND,0,0,N,N,22,3,0,2500,false,3,1,CAMIONETA,ND,ND,1,13,785,Robo de autopartes y cristalazo,-102.74928891,21.83354824
190605331,30411,5,2019-05-30,4,21,33,1,FRACCIONAMIENTO,VILLAS DE LA CANTERA,719,BOULEVARD,JUAN PABLO II,NA,",,,",AVENIDA,LOMAS ALTAS,CALLE,HEROES DE CHAPULTEPEC,CALLE,DEL AGUA CLARA,2,false,false,9,ND,ND,0,0,N,N,27,"26,6",0,20000,false,1,3,AUTOMOVIL,HONDA,CIVIC,1,1,786,Robo de autopartes y cristalazo,-102.34198219,21.85854543
190603712,30411,5,2019-05-30,4,14,36,1,SIN TIPO,COSTCO,661,AVENIDA,AGUASCALIENTES NORTE,NA,",,,",BOULEVARD,A ZACATECAS,CALLE,ARTICULO PRIMERO,CALLE,NINGUNO,5,false,false,9,ND,ND,0,0,N,N,21,"26,27",0,0,false,1,1,CAMIONETA,NISSAN,ND,1,1,787,Robo de autopartes y cristalazo,-102.28823573,21.91556575
190604767,30411,5,2019-05-30,4,19,7,1,FRACCIONAMIENTO,CIUDAD INDUSTRIAL,982,CALLE,GENERAL GREGORIO RUIZ VELAZCO,NA,",,,",CALLE,JESUS RIVERA FRANCO,CALLE,ANTONIO GUTIERREZ SOLA,CALLE,ANGEL DORRONSORO GANDARA,3,false,false,9,ND,ND,0,0,N,N,20,"11,22,24,38",0,3000,false,1,3,CAMIONETA,ND,ND,1,1,788,Robo de autopartes y cristalazo,-102.28522572,21.83936312
190605688,30403,5,2019-05-30,4,23,15,1,FRACCIONAMIENTO,VALLE DE LAS TROJES,860,PROLONGACION,GENERAL IGNACIO ZARAGOZA,NA,",,,",CALLE,VIVEROS,CALLE,MONTECRISTO,CALLE,VALLE DE GUADALUPE,6,false,false,9,H,ND,0,0,AUTOMOVIL,"BEETLE, PLACAS DF",24,41,0,0,false,4,4,AUTOMOVIL,ND,ND,1,2,789,Robo de autopartes y cristalazo,-102.30536545,21.92985714
190609954,30411,5,2019-05-31,5,21,59,1,FRACCIONAMIENTO,VERSALLES II,1071,AVENIDA,CONVENCION,NA,",,,",PEATONAL,FRANCISCO GUZMAN,PEATONAL,DOROTEO ARANGO,AVENIDA,DOCTOR MARIANO AZUELA,2,false,false,9,ND,ND,0,0,N,N,24,22,0,3000,false,1,2,AUTOMOVIL,ND,ND,1,1,790,Robo de autopartes y cristalazo,-102.31568452,21.85360261
190610995,30411,6,2019-06-01,6,3,37,1,FRACCIONAMIENTO,PINTORES MEXICANOS,443,CALLE,RAFAEL CORONEL,NA,"402,,,",CALLE,CARLOS FUENTES MARES,CALLE,JUAN SORIANO,CALLE,VICENTE ROJO,5,false,false,9,H,ND,0,0,CAMIONETA,"BLAZER, COLOR ROJA",26,22,0,0,false,1,2,AUTOMOVIL,NISSAN,TSURU,1,2,791,Robo de autopartes y cristalazo,-102.26432985,21.92050658
190605829,30403,5,2019-05-31,5,0,0,5,COLONIA,EL LLANO,118,AVENIDA,PASEO DE LAS MARAVILLAS,NA,",,,",PRIVADA,LARA GONZALEZ,CALLE,EL MOLINO NORTE,CALLE,EL MOLINO NORTE,7,true,false,9,H,ND,0,0,N,N,25,6,0,14000,false,4,1,AUTOMOVIL,RENAULT,ND,1,1,792,Robo de autopartes y cristalazo,-102.32444324,21.93716643
190606020,30403,5,2019-05-31,5,1,15,1,FRACCIONAMIENTO,BOSQUES DEL PRADO,847,CALLE,SAN JUAN DE LOS LAGOS,NA,",,,",CALLE,SIERRA MORENA,CALLE,SIERRA DEL LAUREL,CALLE,SAN JULIAN,6,false,false,9,ND,ND,0,0,N,N,23,"6,26",0,20000,false,4,1,CAMIONETA,CHEVROLET,ND,1,1,793,Robo de autopartes y cristalazo,-102.30989113,21.91681026
190606276,30403,5,2019-05-31,5,4,13,1,COMUNIDAD,PEÑUELAS (EL CIENEGAL),27P,CALLE,MIGUEL HIDALGO,NA,"209,,,",CALLEA,DOLFO LOPEZ MATEOS,CALLE,LICENCIADO ADOLFO RUIZ CORTINEZ,CALLE,FRANCISCO I MADERO,3,false,false,9,H,ND,0,0,N,N,26,41,0,0,false,4,4,AUTOMOVIL,NISSAN,TSURU,1,7,794,Robo de autopartes y cristalazo,-102.27652965,21.72420652
190608923,30403,5,2019-05-31,5,18,32,1,CONDOMINIO,BARRIO DE SANTIAGO,884,CALLE,NINGUNO,NA,",,,",CALLE,MONTECRISTO,CALLE,TROJES,CALZADA,LOS MEZQUITES,6,false,false,9,ND,ND,0,0,N,N,22,26,0,3000,false,4,1,CAMIONETA,MAZDA,X5,1,1,795,Robo de autopartes y cristalazo,-102.30536018,21.93079811
190610181,30403,5,2019-05-31,5,22,46,1,BARRIO,EL ENCINO,1096,AVENIDA,AYUNTAMIENTO,NA,",,,",CALLE,CRISTOBAL COLON,CALLE,DOCTOR JESUS DIAZ DE LEON,AVENIDA,PASEO DE LA CRUZ,3,false,false,9,ND,ND,0,0,N,N,24,"26,22",0,0,false,4,3,AUTOMOVIL,VOLKSWAGEN,GOLF,1,6,796,Robo de autopartes y cristalazo,-102.29175098,21.87083536
190610303,30403,5,2019-05-31,5,23,29,1,SIN TIPO,DESARROLLO 79 (LADO FRACC LA CONCORDIA),671,AVENIDA,CONVENCION DE 1914 PONIENTE,NA,",,,",AVENIDA,DE LOS ARELLANO,CALLE,MIRAFLORES,CALLE,MONTEBELLO,6,false,false,9,ND,ND,0,0,N,N,24,"6,26",0,15000,false,4,1,CAMIONETA,CHEVROLET,ND,1,2,797,Robo de autopartes y cristalazo,-102.31266578,21.88775301
190510532,30403,6,2019-06-01,6,0,34,1,FRACCIONAMIENTO,PRADOS DEL SUR,1100,AVENIDA,AGUASCALIENTES SUR,NA,",,,",AVENIDA,MAHATMA GANDHI,CALLE,SARGENTO LUCIO PONCE,PRIVADA,NEVADO DE TOLUCA,2,false,false,9,ND,ND,0,0,N,N,27,"26,27,3",0,0,false,4,1,CAMIONETA,NISSAN,XTRAIL,1,1,798,Robo de autopartes y cristalazo,-102.29608706,21.85793903
190613685,30403,6,2019-06-01,6,22,28,1,RANCHO,RANCHO SECO,19PR,CARRETERA,72 HACIENDA NUEVA-LA CONCORDIA,NA,",,,",NA,NA,NA,NA,NA,NA,6,false,false,9,ND,ND,0,0,N,N,27,"26,3,28",3000,13000,false,4,1,CAMIONETA,NISSAN,F300,1,1,799,Robo de autopartes y cristalazo,-102.35843265,21.91090197
190613728,30403,6,2019-06-01,6,22,39,1,FRACCIONAMIENTO,NAZARIO ORTIZ GARZA,452,AVENIDA,SIGLO XXI,NA,",,,",BOULEVARD,GUADALUPANO,CALLE,MANUEL GARCIA MARTINEZ,CALLE,CUMBRES,5,false,false,9,ND,ND,0,0,N,N,22,39,0,0,false,4,2,TRAILER,ND,ND,1,2,800,Robo de autopartes y cristalazo,-102.25670894,21.90690170
190615946,30411,6,2019-06-02,7,12,12,1,SIN TIPO,DESARROLLO 139 (PREPARATORIA UAA),820,AVENIDA,INDEPENDENCIA,NA,",,,",CALLE,18 DE MARZO,AVENIDA,CONVENCION DE 1914 NORTE,CALLE,VICTOR MA DIAZ MACIAS,6,false,false,9,ND,ND,0,0,N,N,21,22,0,3000,false,1,2,CAMIONETA,ND,ND,1,1,801,Robo de autopartes y cristalazo,-102.29606868,21.90147827
190617857,30411,6,2019-06-02,7,21,35,1,CONDOMINIO,EXPO PLAZA,1054,PROLONGACION,RAYON,NA,",,,",PEATONAL,ARTURO J PANI,CALLE,RINCON,AVENIDA,LICENCIADO ADOLFO LOPEZ MATEOS PONIENTE,1,false,false,9,ND,ND,0,0,N,N,27,24,0,0,false,1,2,AUTOMOVIL,ND,ND,1,2,802,Robo de autopartes y cristalazo,-102.30513777,21.87671640
190617907,30411,6,2019-06-02,7,21,47,1,CONDOMINIO,EXPO PLAZA,1054,PROLONGACION,RAYON,NA,",,,",PEATONAL,ARTURO J PANI,CALLE,RINCON,AVENIDA,LICENCIADO ADOLFO LOPEZ MATEOS PONIENTE,1,false,false,9,ND,ND,0,0,N,N,27,24,0,0,false,1,2,CAMIONETA,CHRYSLER,VOYAGUER,1,13,803,Robo de autopartes y cristalazo,-102.30520166,21.87670036
190614311,30403,6,2019-06-02,7,1,33,1,FRACCIONAMIENTO,PILAR BLANCO,981,AVENIDA,PASEO DE LA ASUNCION,NA,",,,",ANDADOR,CERNICALO,CALLE,AVESTRUZ,ANDADOR,CERNICALO,2,false,false,9,ND,ND,0,0,N,N,27,41,0,0,false,4,4,CAMIONETA,NISSAN,QUEST,1,1,804,Robo de autopartes y cristalazo,-102.30075915,21.85257013
190615010,30403,6,2019-06-02,7,6,9,1,FRACCIONAMIENTO,CASA BLANCA,553,CALLE,CAUDILLOS,NA,",,,",CALLE,VIVERO DE LA FLORESTA,CALLE,CASA BLANCA,AVENIDA,AGUASCALIENTES SUR,3,false,false,9,ND,ND,0,0,N,N,27,41,0,0,false,4,4,AUTOMOVIL,NISSAN,TIIDA,1,2,805,Robo de autopartes y cristalazo,-102.27700845,21.85927355
190617467,30403,6,2019-06-02,7,19,40,1,FRACCIONAMIENTO,PILAR BLANCO,981,ANDADOR,DEL RUISEÑOR,NA,",,,",ANDADOR,DEL RUISEÑOR,ANDADOR,DEL RUISEÑOR,ANDADOR,PASEO DEL PELICANO,2,false,false,9,ND,ND,0,0,N,N,23,41,0,0,false,4,4,AUTOMOVIL,ND,ND,1,1,806,Robo de autopartes y cristalazo,-102.29455358,21.84950331
190617698,30411,6,2019-06-02,7,20,44,1,COLONIA,VICENTE GUERRERO,1108,AVENIDA,REVOLUCION,NA,",,,",CALLE,INDEPENDENCIA,PRIVADA,PRIMERA REVOLUCION,CALLE,GENERAL JULIAN MEDINA,2,false,false,9,H,ND,0,0,N,N,23,3,0,4000,false,3,1,AUTOMOVIL,ND,ND,1,1,807,Robo de autopartes y cristalazo,-102.31605459,21.84782177
190613192,30411,6,2019-06-01,6,19,46,1,N,N,64PR,CARRETERA,71 ENT PENITENCIARIA-VILLA HIDALGO,NA,",,,",NA,NA,NA,NA,NA,NA,2,false,false,9,ND,ND,0,0,N,N,27,"26,6",0,20000,false,1,1,CAMIONETA,TOYOTA,ND,1,2,808,Robo de autopartes y cristalazo,-102.37101355,21.86966662
190607857,30411,5,2019-05-31,5,14,24,5,COLONIA,MARTINEZ ANDRADE,176,CALLE,SAUCEDO,NA,"104,,,",CALLE,ALDAMA,CALLE,FRANCISCO JAVIER MINA,CALLE,ADOLGFO LOPEZ MATEOS,7,false,false,9,ND,ND,0,0,N,N,27,3,0,400,false,3,1,CAMIONETA,NISSAN,ND,1,1,809,Robo de autopartes y cristalazo,-102.34492403,21.95826922
190607316,30411,5,2019-05-31,5,12,32,1,FRACCIONAMIENTO,PIRAMIDES,1082,CALLE,TENOCHTITLAN,NA,"221,,,",CALLE,COAHUILA,CALLE,CHIHUAHUA,CALLE,TABASCO,3,false,false,9,ND,ND,0,0,N,N,4,"27,26,38",0,0,false,3,1,CAMIONETA,NISSAN,XTRAIL,1,1,810,Robo de autopartes y cristalazo,-102.27824649,21.85679832
190606699,30403,5,2019-05-31,5,9,15,1,FRACCIONAMIENTO,CIRCUNVALACION PONIENTE (DELEGACION INSURGENTES),685,AVENIDA,LICENCIADO ADOLFO LOPEZ MATEOS PONIENTE,NA,"906,,,",CALLE,TORONJA,CALLE,CASTAÑO,CALLE,MANZANO,2,false,false,9,ND,ND,0,0,N,N,27,41,0,0,false,4,4,AUTOMOVIL,NISSAN,PLATINA,1,13,811,Robo de autopartes y cristalazo,-102.31377857,21.87335856
190619367,30411,6,2019-06-03,1,10,5,1,FRACCIONAMIENTO,VISTAS DE ORIENTE,489,CALLE,SERENGUETI,NA,"506,,,",CALLE,SANTIAGO,CALLE,MAPOCHO,CALLE,NINGUNO,4,false,false,9,ND,ND,0,0,N,N,27,"23,26",0,7000,false,1,3,AUTOMOVIL,NISSAN,TIIDA,1,1,812,Robo de autopartes y cristalazo,-102.23322354,21.88392446
190622284,30403,6,2019-06-03,1,23,4,1,COLONIA,SAN MARCOS (DELEGACION CENTRO),736,CALLE,NIETO,NA,",,,",PRIVADA,NIETO,CALLE,ANGEL GARCIA,CALLE,NICOLAS RAMIREZ,6,false,false,9,ND,ND,0,0,N,N,24,41,0,0,false,4,4,CAMIONETA,DODGE,CARAVAN,1,1,813,Robo de autopartes y cristalazo,-102.31021634,21.87500322
190622284,30403,6,2019-06-03,1,23,4,1,COLONIA,SAN MARCOS (DELEGACION CENTRO),736,CALLE,NIETO,NA,",,,",PRIVADA,NIETO,CALLE,ANGEL GARCIA,CALLE,NICOALS RAMIREZ,6,false,false,9,ND,ND,0,0,N,N,24,"26,27,28",0,40000,false,4,1,AUTOMOVIL,MAZDA,ND,1,1,814,Robo de autopartes y cristalazo,-102.31018652,21.87500328
190623923,30411,6,2019-06-04,3,12,28,1,FRACCIONAMIENTO,SAN CAYETANO,1118,CALLE,SAN COSME,NA,",,,",CALLE,SAN CLEMENTE,CALLE,CARLOS SAGREDO,CALLE,SAN JOSE,6,false,false,9,H,ND,0,0,N,N,21,25,0,0,false,1,2,CAMIONETA,ND,ND,1,2,815,Robo de autopartes y cristalazo,-102.31102715,21.89968771
190626090,30411,6,2019-06-04,2,20,44,1,FRACCIONAMIENTO,MORELOS II,622,CALLE,RODRIGO PALACIO,NA,"105,,,",CALLE,SOBERANIA DEL PUEBLO,CALLE,30 DE SEPTIEMBRE,CALLE,VIDAL ROLDAN AVILA,3,false,false,9,H,ND,0,0,N,N,14,24,0,0,false,1,2,AUTOMOVIL,FORD,TOPAZ,1,1,816,Robo de autopartes y cristalazo,-102.26171877,21.84978744
190626689,30411,6,2019-06-04,2,23,1,1,CONDOMINIO,EXPO PLAZA,1054,PROLONGACION,RAYON,NA,",,,",PEATONAL,ARTURO J PANI,CALLE,RINCON,AVENIDA,LICENCIADO ADOLFO LOPEZ MATEOS PONIENTE,1,false,false,9,ND,ND,0,0,N,N,4,23,0,0,false,1,2,AUTOMOVIL,VOLKSWAGEN,JETTA,1,1,817,Robo de autopartes y cristalazo,-102.30507410,21.87673357
190626550,30403,6,2019-06-04,2,22,26,1,SIN TIPO,UNIDAD DEPORTIVA IV CENTENARIO,425,AVENIDA,LICENCIADO ADOLFO LOPEZ MATEOS ORIENTE,NA,",,,",CALLE,PRIVADA JAIME NUNO,PRIVADA,NINGUNO,CALLE,URBANISMO,3,false,false,9,ND,ND,0,0,N,N,24,6,0,5000,false,4,1,AUTOMOVIL,VOLKSWAGEN,JETTA,1,1,818,Robo de autopartes y cristalazo,-102.26850221,21.87805119
190630615,30411,6,2019-06-05,3,23,31,1,FRACCIONAMIENTO,RODOLFO LANDEROS GALLEGOS,459,CALLE,PELEA DE GALLOS,NA,"203,,,",CALLE,CECILIA LEAL ARREGUI,CALLE,MARIA DEL CARMEN HERRERA R,CALLE,FERIAL,4,true,false,9,H,ND,0,0,N,N,23,24,0,0,false,1,2,AUTOMOVIL,NISSAN,TSURU,1,6,819,Robo de autopartes y cristalazo,-102.24937453,21.89960410
190629801,30411,6,2019-06-05,3,19,34,1,FRACCIONAMIENTO,LINDAVISTA,407,CALLE,CRISTOBAL COLON,NA,"808,,,",CALLE,JARDIN DEL ESTUDIANTE,CALLE,HERNAN GONZALEZ,CALLE,ALFONSO HUMBERTO,3,false,false,9,ND,ND,0,0,N,N,9,24,0,1200,false,1,2,AUTOMOVIL,DODGE,NEON,1,1,820,Robo de autopartes y cristalazo,-102.29202353,21.86750052
190630413,30411,6,2019-06-05,3,22,18,1,FRACCIONAMIENTO,LUIS ORTEGA DOUGLAS,440,CALLE,EL TILDIO,NA,"105,,,",CALLE,EL PICACHO,CALLE,EL GIGANTE,CALLE,LA UNION,5,false,false,9,ND,ND,0,0,N,N,24,24,0,1300,false,1,2,CAMIONETA,FORD,EXPLORER,1,6,821,Robo de autopartes y cristalazo,-102.26038945,21.90910226
190629021,30403,6,2019-06-05,3,16,31,1,UNIDAD HABITACIONAL,POTRERO DEL OESTE,1098,CALLE,CANARIO,NA,",,,",PRIVADA,NINGUNO,AVENIDA,SIGLO XXI,ANDADOR,NINGUNO,2,false,false,9,ND,ND,0,0,N,N,22,"26,23",0,0,false,4,3,CAMIONETA,CHEVROLET,ND,1,1,822,Robo de autopartes y cristalazo,-102.29911189,21.84514655
190630940,30411,6,2019-06-06,4,3,1,1,FRACCIONAMIENTO,NAZARIO ORTIZ GARZA,452,CALLE,MANUEL GARCIA MARTINEZ,NA,"609,,,",CALLE,CLAUDIA GONZALEZ,PRIVADA,INGENIERO MANUEL GARCIA MARTINEZ,CALLE,GENERAL JOSE REFUGIO VELAZCO,5,false,false,9,"H,H",ND,0,0,N,N,26,24,0,0,false,1,2,CAMIONETA,DODGE,CARAVAN,1,6,823,Robo de autopartes y cristalazo,-102.25918399,21.90528892
190631915,30411,6,2019-06-06,4,12,8,1,COLONIA,OBRAJE,987,AVENIDA,GALEANA SUR,NA,",,,",CERRADA,DE RAMOS,CALLE,REPUBLICA DE ECUADOR,CALLE,CORONEL VALENTE ARTEAGA,2,true,false,9,H,ND,0,0,N,N,21,11,0,1000,false,1,2,AUTOMOVIL,VOLKSWAGEN,JETTA,1,2,824,Robo de autopartes y cristalazo,-102.29746279,21.87005310
190632295,30411,6,2019-06-06,4,13,52,1,COLONIA,LAS FLORES,1072,CALLE,LOS LAURELES,NA,",,,",CALLE,TULIPANES,CALLE,DELICIAS,AVENIDA,DE LAS ORQUIDEAS,2,false,false,9,ND,ND,0,0,N,N,27,11,0,3000,false,1,2,CAMIONETA,FORD,RANGER,1,1,825,Robo de autopartes y cristalazo,-102.30355964,21.87505550
190632385,30411,6,2019-06-06,4,14,20,1,COLONIA,ZONA CENTRO,906,CALLE,VAZQUEZ DEL MERCADO,NA,",,,",CALLE,GENERAL MIGUEL BARRAGAN,CALLE,DURANGO,CALLE,TORREON,1,false,false,9,ND,ND,0,0,N,N,21,"26,28",5000,5000,false,1,1,AUTOMOVIL,NISSAN,SENTRA,1,1,826,Robo de autopartes y cristalazo,-102.28910745,21.88619607
190630815,30403,6,2019-06-06,4,1,10,11,FRACCIONAMIENTO,LA RIBERA,350P,CALLE,ZACOALCO,NA,",,,",CALLE,TEXCOCO,CALLE,TENAYUCA,CALLE,CAJITITLAN,7,false,false,9,ND,ND,0,0,N,N,27,22,0,0,false,4,2,CAMIONETA,FORD,RANGER,1,6,827,Robo de autopartes y cristalazo,-102.24757926,21.95598949
190630953,30403,6,2019-06-06,4,3,6,1,CONDOMINIO,LA TERRAZA,573,CALLE,COBA,NA,",14,,",AVENIDA,AGUASCALIENTES SUR,CALLE,COBA 101,CALLE,TULUM,3,true,false,9,ND,JESUS ISMAEL GOMEZ PEREZ,1,0,N,N,27,11,0,0,true,4,2,CAMIONETA,VOLKSWAGEN,POINTER,1,13,828,Robo de autopartes y cristalazo,-102.25622013,21.85929867
190631109,30403,6,2019-06-06,4,6,31,1,FRACCIONAMIENTO,CIRCUNVALACION NORTE (DELEGACION CENTRO),399,CALLE,ALFREDO LEWIS,NA,",,,",CALLE,JACARANDA,CALLE,EJERCITO NACIONAL,CALLE,PROFESOR EDMINDO GAMEZ OROZCO,6,false,false,9,ND,ND,0,0,N,N,27,41,0,0,false,4,4,AUTOMOVIL,VOLKSWAGEN,BEETLE,1,6,829,Robo de autopartes y cristalazo,-102.30289909,21.89656743
190623626,30411,6,2019-06-04,2,11,12,5,COLONIA,CHICAHUALES I,155,CALLE,JESUS DEMETRIO,NA,",,,",CALLE,FELICIANO MARTINEZ CRUZ,CALLE,SANTIAGO APOSTOL,CALLE,DOMINGO GOMEZ,7,false,false,9,ND,ND,0,0,N,N,5,22,0,0,false,1,2,CAMION,ND,ND,1,17,830,Robo de autopartes y cristalazo,-102.34987955,21.94691378
190621879,30403,6,2019-06-03,1,21,17,1,FRACCIONAMIENTO,PENSADORES MEXICANOS,774,AVENIDA,SIGLO XXI,NA,",,,",CALLE,JUAN JOSE ARREOLA,CALLE,LUIS URBINA,CALLE,JUAN RULFO,5,false,false,9,ND,ND,0,0,N,N,27,41,0,0,false,4,4,TRAILER,ND,ND,1,6,831,Robo de autopartes y cristalazo,-102.26073360,21.91409452
190622812,30403,6,2019-06-04,2,3,27,1,COLONIA,SAN PABLO,921,CALLE,RIO PAPALOAPAN,NA,",,,",CALLE,LIBERTAD,CALLE,EJERCITO NACIONAL,CALLE,RIO VERDE,6,true,false,9,H,ND,0,0,N,N,27,26,0,0,false,4,4,CAMIONETA,FORD,WINSTAR,1,2,832,Robo de autopartes y cristalazo,-102.30053756,21.89252970
190634895,30411,6,2019-06-07,5,3,28,1,COLONIA,OBRAJE,987,CALLE,PIMENTEL,NA,",,,",BOULEVARD,JOSE MARIA CHAVEZ,CALLE,GALEANA SUR,AVENIDA,AYUNTAMIENTO,1,true,false,9,"H,H",ND,0,0,N,N,26,25,0,0,false,2,2,AUTOMOVIL,ND,ND,1,2,833,Robo de autopartes y cristalazo,-102.29514385,21.87472053
190634923,30411,6,2019-06-07,5,3,52,1,FRACCIONAMIENTO,MORELOS I,1120,CALLE,1821,NA,"215,,,",CALLE,MEXICO LIBRE,CALLE,30 DE JULIO,CALLE,SITIO DE CUAUTLA,3,false,false,9,ND,ND,0,0,N,N,26,"22,24",0,2000,false,1,2,CAMIONETA,CHEVROLET,S10,1,1,834,Robo de autopartes y cristalazo,-102.26750193,21.85709322
190636047,30411,6,2019-06-07,5,12,46,1,FRACCIONAMIENTO,LAS ARBOLEDAS,758,CALLE,ACACIA,NA,",,,",CALLE,MARGIL DE JESUS,AVENIDA,CONVENCION DE 1914 NORTE,CALLE,LIBERTAD,6,false,false,9,ND,ND,0,0,N,N,9,23,0,0,false,1,2,AUTOMOVIL,VOLKSWAGEN,DERBY,1,1,835,Robo de autopartes y cristalazo,-102.30181550,21.89989408
190638153,30411,6,2019-06-07,5,22,30,1,FRACCIONAMIENTO,MORELOS I,1120,CALLE,11-6,NA,",,,",CALLE,11-1,CALLE,30 DE JULIO,CALLE,11-8,3,false,false,9,ND,ND,0,0,N,N,10,23,0,10000,false,1,2,AUTOMOVIL,VOLKSWAGEN,GOLF,1,1,836,Robo de autopartes y cristalazo,-102.26766768,21.85814470
190641835,30411,6,2019-06-08,6,20,25,1,CONDOMINIO,CENTRO COMERCIAL GALERIAS I,844,BOULEVARD,A ZACATECAS,NA,",,,",CALLE,MONTES HIMALAYA,BOULEVARD,LUIS DONALDO COLOSIO,AVENIDA,INDEPENDENCIA,6,false,false,9,ND,ND,0,0,N,N,27,24,0,0,false,1,2,CAMIONETA,FORD,EXPLORER,1,2,837,Robo de autopartes y cristalazo,-102.29193211,21.92339933
190642522,30411,6,2019-06-08,6,23,14,1,FRACCIONAMIENTO,GOMEZ (DELEGACION CENTRO),907,CALLE,DIAMANTE,NA,",,,",CALLE,TLAXCALA,AVENIDA,GUADALUPE,CALLE,ZAFIRO,6,false,false,9,ND,ND,0,0,N,N,27,"25,6,11",0,5000,false,1,3,CAMIONETA,GMC,ND,1,1,838,Robo de autopartes y cristalazo,-102.31101440,21.88495906
190643792,30411,6,2019-06-09,7,9,59,1,CONDOMINIO,CENTRO COMERCIAL PLAZA SAN MARCOS,804,AVENIDA,CONVENCION DE 1914 NORTE,NA,",,,",AVENIDA,FUNDICION,CALLE,CARLOS SAGREDO,CALLE,SAN FRANCISCO,6,false,false,9,ND,ND,0,0,N,N,20,"11,24",0,2500,false,1,2,CAMIONETA,TOYOTA,ND,1,1,839,Robo de autopartes y cristalazo,-102.31084341,21.89557577
190644017,30411,6,2019-06-09,7,11,6,1,FRACCIONAMIENTO,MUNICIPIO LIBRE,768,AVENIDA,OJOCALIENTE,NA,",,,",CALLE,LOS CAMPOS,CALLE,PRESIDENTES,CALLE,DEL ROSARIO,4,false,false,9,ND,ND,0,0,N,N,27,"22,23,26",0,5000,false,1,3,CAMIONETA,ND,ND,1,1,840,Robo de autopartes y cristalazo,-102.25879954,21.89607265
190645796,30411,6,2019-06-09,7,18,48,1,SIN TIPO,DESARROLLO 80 (BODEGA AURRERA GUADALUPE),924,AVENIDA,CONVENCION DE 1914 PONIENTE,NA,",,,",CALLE,ARROYO DE LOS ARELLANO,AVENIDA,GUADALUPE,CALLE,FELIPE ANGELES,6,false,false,9,ND,ND,0,0,N,N,22,"22,23",0,4000,false,1,2,CAMIONETA,CHEVROLET,TAHOE,1,1,841,Robo de autopartes y cristalazo,-102.31215151,21.88561739
190635716,30411,6,2019-06-07,5,11,20,1,COMUNIDAD,CUMBRES III,320P,CALLE,MIGUEL ALEMAN,NA,",,,",CALLE,MIGUEL ALEMAN,CALLE,NINGUNO,CALLE,GEREMIAS,5,false,false,9,ND,ND,0,0,N,N,27,28,800,800,false,3,1,CAMIONETA,NISSAN,DATSUN,1,1,842,Robo de autopartes y cristalazo,-102.23207715,21.92459383
190637309,30411,6,2019-06-07,5,18,18,1,COLONIA,MARTINEZ DOMINGUEZ,1099,AVENIDA,MAHATMA GANDHI,NA,",,,",CALLE,VALENTE QUINTANA,CALLE,VICTOR ROSALES,CALLE,SARGENTO RAMON AZCONA,2,false,false,9,ND,ND,0,0,N,N,22,"26,27,28",400,400,false,3,1,AUTOMOVIL,ND,ND,1,2,843,Robo de autopartes y cristalazo,-102.29442328,21.85256665
190637439,30403,6,2019-06-07,5,18,52,1,FRACCIONAMIENTO,DEL VALLE 1A SECCION,734,AVENIDA,LICENCIADO ADOLFO LOPEZ MATEOS PONIENTE,NA,",,,",AVENIDA,AGUASCALIENTES PONIENTE,CALLE,FATIMA,CALLE,ROMA,6,false,false,9,ND,ND,0,0,N,N,27,"26,27,12",0,0,false,4,1,AUTOMOVIL,VOLKSWAGEN,GOLF,1,1,844,Robo de autopartes y cristalazo,-102.31627888,21.87267849
190639106,30403,6,2019-06-08,6,6,46,1,SIN TIPO,CAMINERO (SUBDIVISION),718,CALLE,JOSEFA ORTIZ DE DOMINGUEZ,NA,",,,",CALLE,JARDIN DEL ESTUDIANTE,AVENIDA,CONVENCION DE 1914 SUR,CALLE,SOCRATES,6,true,false,9,"H,H",ND,0,0,N,N,19,41,0,0,false,4,4,AUTOMOVIL,ND,ND,1,2,845,Robo de autopartes y cristalazo,-102.28647055,21.86747862
190634623,30403,6,2019-06-09,7,22,0,1,FRACCIONAMIENTO,EL DORADO 1A SECCION,1048,AVENIDA,AGUASCALIENTES SUR,NA,",,,",CALLE,DOCTOR G RAMIREZ VALADEZ,AVENIDA,LAS AMERICAS,CALLE,DOCTOR E GONZALEZ MEDINA,2,true,false,9,"H,H",ND,0,0,AUTOMOVIL,"NISSAN, GRIS",24,41,0,0,false,4,4,AUTOMOVIL,ND,ND,1,2,846,Robo de autopartes y cristalazo,-102.30123110,21.86023356
190625483,30411,6,2019-06-04,2,18,45,1,FRACCIONAMIENTO,PALMAS DEL PEDREGAL,761,CALLE,SAUCE,NA,",,,",PROLONGACION,TEPEZALA,CALLE,MEZQUITE,CALLE,ALAMO,6,false,false,9,ND,ND,0,0,N,N,18,24,0,0,false,1,2,CAMION,ND,ND,1,2,847,Robo de autopartes y cristalazo,-102.29979775,21.90817839
190638960,30411,6,2019-06-08,6,4,17,5,COLONIA,LOS ARROYITOS,230,CALLE,EMILIANO ZAPATA,NA,",,,",AVENIDA,ALEJANDRO DE LA CRUZ SAUCEDO,CALLE,ARROYO DEL CALVARIO,CALLE,ARROYO BLANCO,7,true,false,9,H,JUAN ENRIQUE JIMENEZ CISNEROS,1,0,N,N,26,38,0,0,false,2,2,CAJA,ND,ND,1,4,848,Robo de autopartes y cristalazo,-102.34068506,21.96999569
190635465,30411,6,2019-06-07,5,9,49,1,FRACCIONAMIENTO,ESPAÑA,1052,AVENIDA,AGUASCALIENTES SUR,NA,"2641,,,",CALLE,ESPAÑA,AVENIDA,DE LOS MAESTROS,CALLE,TOLEDO,2,false,false,9,ND,ND,0,0,N,N,27,3,0,0,false,3,1,CAMIONETA,ND,ND,1,1,849,Robo de autopartes y cristalazo,-102.31498867,21.85950547
190647250,30411,6,2019-06-10,1,3,10,1,FRACCIONAMIENTO,CASA BLANCA,553,AVENIDA,MARIANO ESCOBEDO,NA,"123,,,",CALLE,VIVERO D ELA LOMA,CALLE,CAUDILLOS,CALLE,VIVERO DE LA HACIENDA,3,true,false,9,H,ND,0,0,N,N,26,26,0,0,false,1,1,CAMIONETA,ND,ND,1,17,850,Robo de autopartes y cristalazo,-102.27304894,21.85808529
190647342,30411,6,2019-06-10,1,4,43,5,FRACCIONAMIENTO,PASEOS DE AGUASCALIENTES,117,CALLE,PASEOS DE ASIENTOS,NA,"100,,,",CALLE,PASEOS DE SAN FRANCISCO DE LOS ROMO,CALLE,PASEOS DE SAN JOSE DE GRACIA,CALLE,PASEO DE AMARILLAS,7,true,false,9,H,ND,0,0,N,N,26,22,0,0,false,1,2,CAMIONETA,HONDA,ACURA,1,13,851,Robo de autopartes y cristalazo,-102.29477076,21.96498489
190648131,30411,6,2019-06-10,1,11,48,11,FRACCIONAMIENTO,LA RIBERA,350P,CALLE,ZACOALCO,NA,",,,",CALLE,TEXCOCO,CALLE,CULHUACAN,CALLE,SAN JUAN COSALA,7,false,false,9,ND,ND,0,0,N,N,20,26,0,10000,false,1,1,CAMIONETA,NISSAN,ND,1,6,852,Robo de autopartes y cristalazo,-102.24766771,21.95592286
190648784,30411,6,2019-06-10,1,14,23,1,FRACCIONAMIENTO,CIUDAD INDUSTRIAL,982,AVENIDA,JULIO DIAZ TORRE C-26N,NA,"104,,,",CALLE,JESUS RIVERA FRANCO,AVENIDA,SIGLO XXI SUR,CALLE,ANGEL DORRONSORO GANDARA,3,false,false,9,H,ND,0,0,N,N,21,11,0,3000,false,3,3,CAMIONETA,ND,ND,1,2,853,Robo de autopartes y cristalazo,-102.28044622,21.84283305
190649088,30411,6,2019-06-10,1,15,36,1,SIN TIPO,ARROYO DE LA HACIENDA,879,AVENIDA,INDEPENDENCIA,NA,",,,",CALLE,SALVADOR RODRIGUEZ ESPARZA,PRIVADA,ARROYO DE LA HACIENDA,PRIVADA,MOLINA DE FLORES,6,false,false,9,ND,ND,0,0,N,N,27,"26,27",0,0,false,3,1,CAMIONETA,ND,ND,1,1,854,Robo de autopartes y cristalazo,-102.29814361,21.93006487
190651294,30411,6,2019-06-11,2,3,49,1,FRACCIONAMIENTO,BONA GENS,527,CALLE,ROSA,NA,"127,,,",CALLE,ESTRELLA POLAR,AVENIDA,PASEO DE LA CRUZ,CALLE,PLEYADES,3,false,false,9,H,ND,0,0,AUTOMOVIL,"NISSAN, TSURU, SIN PLACAS",26,22,0,2000,false,1,2,AUTOMOVIL,FORD,MUSTANG,1,1,855,Robo de autopartes y cristalazo,-102.26568781,21.87440597
190650960,30403,6,2019-06-11,2,0,0,11,FRACCIONAMIENTO,PASEOS DE LA PROVIDENCIA,349PR,CARRETERA,45 AGUASCALIENTES-ZACATECAS,NA,",,,",NA,NA,NA,NA,NA,NA,7,false,false,9,ND,ND,0,0,N,N,25,3,0,2000,false,4,1,TRAILER,ND,ND,1,1,856,Robo de autopartes y cristalazo,-102.28243250,22.02582465
190651224,30403,6,2019-06-11,2,2,47,1,FRACCIONAMIENTO,MORELOS I,1120,CALLE,30 DE JULIO,NA,"213,,,",CALLE,1813,CALLE,CAUDILLOS,CALLE,MONTSERRAT,3,false,false,9,H,ND,0,0,AUTOMOVIL,"NISSAN,TSURU, GRIS",27,6,0,1300,false,4,1,AUTOMOVIL,NISSAN,TSURU,1,1,857,Robo de autopartes y cristalazo,-102.26845309,21.85867323
190651281,30403,6,2019-06-11,2,3,31,1,FRACCIONAMIENTO,MORELOS I,1120,CALLE,11-8,NA,"114,,,",CALLE,30 DE JULIO,CALLE,11-1,CALLE,11-6,3,false,false,9,ND,ND,0,0,N,N,27,23,0,4000,false,4,2,AUTOMOVIL,VOLKSWAGEN,GOLF,1,1,858,Robo de autopartes y cristalazo,-102.26783484,21.85788863
190651381,30403,6,2019-06-11,2,5,51,1,FRACCIONAMIENTO,MORELOS I,1120,CALLE,ALBINO GARCIA,NA,"813,,,",AVENIDA,MARIANO HIDALGO,CALLE,22 DE DICIEMBRE,CALLE,PRIMERA CONSTITUCION,3,false,false,9,H,EL CHILANGO,0,0,N,N,26,41,0,0,false,4,4,AUTOMOVIL,CHEVROLET,CORSA,1,1,859,Robo de autopartes y cristalazo,-102.25896569,21.85786425
190654497,30403,6,2019-06-11,2,22,39,1,FRACCIONAMIENTO,LA FUENTE,1061,AVENIDA,LAS AMERICAS,NA,",,,",CALLE,QUITO,CALLE,BAHIA,CALLE,REPUBLICA DE URUGUAY,2,false,false,9,ND,ND,0,0,N,N,24,6,0,25000,false,4,1,AUTOMOVIL,ND,ND,1,1,860,Robo de autopartes y cristalazo,-102.30116914,21.87226055
190650990,30411,6,2019-06-11,2,0,12,1,FRACCIONAMIENTO,JARDINES DE LA CONCEPCION II,846,BOULEVARD,LUIS DONALDO COLOSIO,NA,",,,",CALLE,MONTE BLANCO,PROLONGACION,GENERAL IGNACIO ZARAGOZA,CALLE,CARDILLERA DE LOS ALPES NORTE,6,false,false,9,ND,ND,0,0,N,N,24,"6,26",0,48000,false,1,1,AUTOMOVIL,CHEVROLET,CORSA,1,1,861,Robo de autopartes y cristalazo,-102.30400900,21.92463557
190656007,30411,6,2019-06-12,3,11,49,1,UNIDAD HABITACIONAL,IV CENTENARIO,1065,RETORNO,PASAJE PEDRO PARGA,NA,"108,,,",CALLE,PLAZOLETA,RETORNO,PEDRO PARGA,RETORNO,PEDRO PARGA,3,true,false,9,"H,H",ND,0,0,N,N,11,25,0,0,false,2,2,AUTOMOVIL,ND,ND,1,2,862,Robo de autopartes y cristalazo,-102.28005200,21.87164147
190655181,30411,6,2019-06-12,3,6,41,5,COMUNIDAD,LOS ARQUITOS,173PR,AVENIDA,SIGLO XXI,NA,",,,",NA,NA,NA,NA,NA,NA,7,false,false,9,ND,ND,0,0,N,N,27,25,0,0,false,2,2,AUTOMOVIL,RENAULT,LAGUNA,1,1,863,Robo de autopartes y cristalazo,-102.36375743,21.92620065
190656656,30411,6,2019-06-12,3,14,28,1,FRACCIONAMIENTO,COLINAS DEL RIO,398,CALLE,RIO RHIN,NA,"214,,,",CALLE,RIO BRAVO,CALLE,RIO COLORADO,CALLE,RIO AMAZONAS,6,false,false,9,ND,ND,0,0,N,N,27,24,0,0,false,1,2,AUTOMOVIL,CHEVROLET,CAVALIER,1,1,864,Robo de autopartes y cristalazo,-102.31993529,21.89484904
190656680,30411,6,2019-06-12,3,14,33,1,FRACCIONAMIENTO,LINDAVISTA,407,CALLE,MIGUEL CALDERA,NA,",,,",CALLE,HERNAN GONZALEZ,CALLE,JARDIN DEL ESTUDIANTE,CALLE,DIEGO DE IBARRA,3,false,false,9,ND,ND,0,0,N,N,27,24,0,0,false,1,2,AUTOMOVIL,MITSUBISHI,ND,1,1,865,Robo de autopartes y cristalazo,-102.29128893,21.86838145
190656113,30403,6,2019-06-12,3,11,14,1,FRACCIONAMIENTO,EJIDO OJOCALIENTE,356,CALLE,20 DE NOVIEMBRE,NA,",,,",CALLE,LAZARO MALDONADO DEL RIO,CALLE,20 DE NOVIEMBRE,CALLE,24 DE DICIEMBRE,4,false,false,9,ND,ND,0,0,N,N,27,41,0,0,false,4,4,AUTOMOVIL,ND,ND,1,7,866,Robo de autopartes y cristalazo,-102.26408109,21.88387806
190656343,30411,6,2019-06-12,3,13,8,1,SIN TIPO,DESARROLLO 58 (FRENTE BASICOS),843,AVENIDA,INDEPENDENCIA,NA,",,,",CALLE,NINUGNO,AVENIDA,AGUASCALIENTES NORTE,BOULEVARD,AGUASCALIENTES NORTE,6,false,false,9,ND,ND,0,0,N,N,27,"26,27",0,0,false,1,1,CAMIONETA,NISSAN,ND,1,1,867,Robo de autopartes y cristalazo,-102.29729467,21.91621627
190656365,30411,6,2019-06-12,3,13,12,1,CONDOMINIO,CENTRO COMERCIAL GALERIAS,357,BOULEVARD,A ZACATECAS,NA,",,,",CALLE,NINGUNO,PRIVADA,NINGUNO,CALLE,NINGUNO,6,false,false,9,ND,ND,0,0,N,N,27,"26,6",0,20000,false,1,1,AUTOMOVIL,DODGE,NEON,1,1,868,Robo de autopartes y cristalazo,-102.29416989,21.92081182
190656841,30411,6,2019-06-12,3,15,15,1,FRACCIONAMIENTO,LUIS ORTEGA DOUGLAS,440,CALLE,EL PICACHO,NA,"127,,,",CALLE,LA TRINIDAD,CALLE,TAQUE DE GUADALUPE,CALLE,EL GIGANTE,5,false,false,9,ND,ND,0,0,N,N,27,26,0,0,false,3,1,AUTOMOVIL,ND,ND,1,2,869,Robo de autopartes y cristalazo,-102.26217351,21.90949925
190659101,30403,6,2019-06-13,4,3,20,1,BARRIO,LA SALUD,1122,AVENIDA,HEROE DE NACOZARI SUR,NA,"1023,,,",CALLE,3 DE MAYO,CALLE,LA LUNA,CALLE,SAN ATANASIO,3,false,false,9,ND,ND,0,0,N,N,15,"22,24",0,0,false,4,2,CAMIONETA,FORD,RANGER,1,1,870,Robo de autopartes y cristalazo,-102.28186792,21.87144625
190661665,30403,6,2019-06-13,4,19,6,1,SIN TIPO,DESARROLLO 99 (CANTERAS SANTA IMELDA),1027,BOULEVARD,SAN MARCOS,NA,",,,",CIRCUITO,INTERIOR NORTE,CIRCUITO,INTERIOR NORTE,CIRCUITO,INTERIOR NORTE,2,false,false,9,ND,ND,0,0,N,N,22,"26,27",0,1000,false,4,1,AUTOMOVIL,MAZDA,ND,1,1,871,Robo de autopartes y cristalazo,-102.33073290,21.86299144
190663356,30411,6,2019-06-14,5,4,9,1,COLONIA,LAS FLORES,1072,CALLE,LAS FLORES,NA,",,,",CALLE,AMAPOLAS,CALLE,VIOLETAS,AVENIDA,IGNACIO T CHAVEZ,2,false,false,9,ND,ND,0,0,N,N,15,"26,28,3",50,3000,false,1,1,AUTOMOVIL,FORD,ND,1,1,872,Robo de autopartes y cristalazo,-102.30732547,21.87228484
190666117,30411,6,2019-06-14,5,21,56,1,CONDOMINIO,SAN GERARDO,315P,CALLE,COTO 216,NA,",,,",CALLE,PASEO SAN GERARDO,CALLE,COTO 216,CALLE,DELICETO,2,false,false,9,ND,ND,0,0,N,N,24,"26,6,28",2000,8400,false,1,1,AUTOMOVIL,CHEVROLET,CHEVY,1,1,873,Robo de autopartes y cristalazo,-102.29448523,21.80546854
190671041,30411,6,2019-06-16,7,5,29,1,FRACCIONAMIENTO,SOLIDARIDAD II,579,CALLE,XIUHNEL,NA,",,,",CALLE,TLAZALHAN,CALLE,ATOTONITLAN,CALLE,IXTLAHUATL,3,true,false,9,H,ND,0,0,N,N,26,25,0,0,false,2,2,AUTOMOVIL,ND,ND,1,2,874,Robo de autopartes y cristalazo,-102.24507923,21.86461665
190671171,30411,6,2019-06-16,7,6,56,1,FRACCIONAMIENTO,PILAR BLANCO,981,ANDADOR,BUITRE,2,",,,",AVENIDA,PASEO DE LA ASUNCION,ANDADOR,BUITRE,ANDADOR,CODORNIZ,2,true,false,9,H,ND,0,0,N,N,19,37,0,0,false,5,2,TRAILER,ND,ND,1,13,875,Robo de autopartes y cristalazo,-102.30093925,21.85017662
190672416,30411,6,2019-06-16,7,13,58,1,CONDOMINIO,BUGAMBILIAS,913,CALLE,NORBERTO GOMEZ HORNEDO,NA,",,,",AVENIDA,INDEPENDENCIA,CALLE,SAUCE,PRIVADA,NINGUNO,6,false,false,9,ND,ND,0,0,N,N,21,"22,24,11",0,2000,false,1,2,AUTOMOVIL,VOLKSWAGEN,JETTA,1,1,876,Robo de autopartes y cristalazo,-102.29612353,21.89296407
190663455,30403,6,2019-06-14,5,6,29,1,FRACCIONAMIENTO,LOMAS DE SANTA ANITA,478,CALLE,SALVADOR DALI,NA,"1747,,,",AVENIDA,SIGLO XIX,CALLE,DAVID ALFARO SIQUEIROS,AVENIDA,AGUASCALIENTES ORIENTE,4,false,false,9,ND,ND,0,0,N,N,27,26,0,0,false,4,1,AUTOMOVIL,CHEVROLET,SPARK,1,1,877,Robo de autopartes y cristalazo,-102.26774150,21.89406427
190663881,30403,6,2019-06-14,5,10,11,1,FRACCIONAMIENTO,JOSE LOPEZ PORTILLO,955,CALLE,CASIMIRA ARTEAGA,NA,"221,,,",CALLE,JOSE MARIA GONZALEZ BOCANEGRA,CALLE,RICARDO GARCIA MENDOZA,CALLE,ROSALIA MONRROY,2,false,false,9,ND,ND,0,0,N,N,6,26,0,2800,false,4,1,CAMIONETA,FORD,ECOSPORT,1,1,878,Robo de autopartes y cristalazo,-102.31934061,21.85330509
190667395,30403,6,2019-06-15,6,9,55,1,BARRIO,SAN MARCOS,735,CALLE,GENERAL EMILIANO ZAPATA,NA,"404,,,",CALLE,ANTONIO ARIAS BERNAL,CALLE,AZTECA,PRIVADA,ANTONIO ARIAS BERNAL,1,false,false,9,ND,ND,0,0,N,N,27,41,0,0,false,4,4,AUTOMOVIL,VOLKSWAGEN,JETTA,1,13,879,Robo de autopartes y cristalazo,-102.30408320,21.88235919
190671681,30403,6,2019-06-16,7,10,37,5,FRACCIONAMIENTO,VILLAS TEC,212P,CARRETERA,34 AGUASCALIENTES-POCITOS-JESUS MARIA,NA,",,,",NA,NA,NA,NA,NA,NA,7,false,false,9,ND,ND,0,0,N,N,27,41,0,0,false,4,4,CAMIONETA,ND,ND,1,4,880,Robo de autopartes y cristalazo,-102.34246748,21.94112048
190663497,30403,6,2019-06-14,5,7,13,1,FRACCIONAMIENTO,VILLAS DE NUESTRA SEÑORA DE LA ASUNCION (SECTOR SAN MARCOS),435,AVENIDA,POLIDUCTO,NA,"205,,,",CALLE,CRISTOBAL DE TORRES,CALLE,ALONSO DE ALARCON,CALLE,GASPAR DE LA FUENTE,5,false,false,9,ND,ND,0,0,N,N,27,"11,23",0,0,false,4,2,AUTOMOVIL,DODGE,CALIVER,1,2,881,Robo de autopartes y cristalazo,-102.26004591,21.92722445
190668033,30411,6,2019-06-15,6,13,11,1,EJIDO,SALTO DE OJOCALIENTE,580,CALLE,GUADALUPE VICTORIA,NA,"119,,,",CALLE,REFORMA AGRIARIA,CALLE,BENITO JAUREZ,CALLE,IGNACIO ALLENDE,3,false,false,9,H,AMIGO,0,0,N,N,27,38,0,7000,false,3,1,CAMIONETA,ND,ND,1,1,882,Robo de autopartes y cristalazo,-102.25057007,21.86832618
190666232,30403,6,2019-06-14,5,22,49,1,COLONIA,OBRAJE,987,AVENIDA,AYUNTAMIENTO,NA,",,,",PRIVADA,SEGUNDA IGNACIO T CHAVEZ,AVENIDA,GLORIETA BENITO JUAREZ,CALLE,J ASUNCION TORRES,2,false,false,9,ND,ND,0,0,N,N,24,41,0,0,false,4,4,CAMIONETA,NISSAN,XTRAIL,1,2,883,Robo de autopartes y cristalazo,-102.30026516,21.87402913
190670862,30411,6,2019-06-16,7,4,8,1,FRACCIONAMIENTO,INSURGENTES,1046,CALLE,JOSE MARIA MAYTORENA,NA,",,,",CALLE,ABRAHAM GONZALEZ,PRIVADA,MAYTORENA,PROLONGACION,PASEO DE LA ASUNCION,2,true,false,9,"H,M",ND,0,0,N,N,26,11,0,0,false,1,2,CAMIONETA,ND,ND,1,2,884,Robo de autopartes y cristalazo,-102.30221442,21.84781667
190658909,30411,6,2019-06-13,4,0,50,1,COLONIA,EL COBANO,505,CALLE,D,NA,"135,,,",CALLE,B,CALLE,CAMINO AL COBANO,CALLE,C,5,true,false,9,H,ND,0,0,N,N,25,37,0,0,false,5,2,AUTOMOVIL,ND,ND,1,6,885,Robo de autopartes y cristalazo,-102.28396768,21.90663676
190662263,30411,6,2019-06-13,4,21,7,1,CONDOMINIO,JARDINES DEL LAGO,925,BOULEVARD,JUAN PABLO II,NA,",,,",PRIVADA,PASEO DE LAS JACARANDAS,CALLE,PASEO DEL LAGO,CALLE,PASEO DEL LAGO,2,false,false,9,ND,ND,0,0,N,N,23,"26,6",0,15000,false,1,1,AUTOMOVIL,CHEVROLET,MALIBU,1,1,886,Robo de autopartes y cristalazo,-102.34587106,21.85792807
190677214,30411,6,2019-06-17,1,18,22,1,COLONIA,OBRAJE,987,CALLE,GALEANA SUR,NA,",,,",CALLE,BOGOTA,CALLE,VICENCIO,CALLE,LANCEROS DE AGUASCALIENTES,2,false,false,9,H,ADAN LOZANO,0,0,N,N,22,24,0,0,false,1,2,AUTOMOVIL,PONTIAC,ND,1,2,887,Robo de autopartes y cristalazo,-102.29780850,21.87111511
190675084,30403,6,2019-06-17,1,7,40,5,COLONIA,EL TORITO,199,CALLE,SOR JUANA INES DE LA CRUZ,NA,"215,,,",CALLE,20 DE NOVIEMBRE,AVENIDA,FRANCISCO I MADERO,CALLE,JUAN ESCUTIA,7,false,false,7,ND,ND,0,0,N,N,27,"11,26",0,6000,false,4,3,CAMIONETA,CHEVROLET,SILVERADO,1,1,888,Robo de autopartes y cristalazo,-102.35499647,21.96930346
190677508,30411,6,2019-06-17,1,19,32,1,SIN TIPO,DESARROLLO 55 (BODEGA AURRERA PINTORES),802,AVENIDA,SIGLO XXI,NA,",,,",CALLE,JOSE LUIS CUEVAS,CALLE,NINGUNO,CALLE,NINGUNO,5,false,false,9,ND,ND,0,0,N,N,27,6,0,25000,false,1,1,AUTOMOVIL,CHEVROLET,CHEVY,1,1,889,Robo de autopartes y cristalazo,-102.26131781,21.91942408
190678172,30403,6,2019-06-17,1,22,44,1,FRACCIONAMIENTO,LA FUNDICION,681,CALLE,PLATA,NA,",,,",AVENIDA,FUNDICION,CALLE,MANUEL KANT,CALLE,COBRE,6,false,false,9,ND,ND,0,0,N,N,27,26,0,200,false,4,1,CAMIONETA,ND,PICK UP,1,1,890,Robo de autopartes y cristalazo,-102.31471307,21.90087968
190680888,30411,6,2019-06-18,2,18,46,1,FRACCIONAMIENTO,POZO BRAVO,421,CALLE,POZO HONDO,NA,",,,",CALLE,GENERAL PANFILO NATERA,AVENIDA,POZO BRAVO,CALLE,POZO ALTO,5,false,false,9,ND,ND,0,0,N,N,22,25,0,0,false,2,2,AUTOMOVIL,ND,ND,1,13,891,Robo de autopartes y cristalazo,-102.28232598,21.92799666
190679463,30411,6,2019-06-18,2,11,33,1,FRACCIONAMIENTO,VALLE DORADO,1049,CALLE,REPUBLICA DE PUERTO RICO,NA,"130,,,",CALLE,REPUBLICA DE CHILE,CALLE,REPUBLICA MEXICANA,AVENIDA,LAS AMERICAS,2,false,false,9,ND,ND,0,0,N,N,27,"26,6,27",0,0,false,1,1,AUTOMOVIL,ND,ND,1,1,892,Robo de autopartes y cristalazo,-102.30269934,21.86278205
190681701,30411,6,2019-06-18,2,23,26,1,COMUNIDAD,CUMBRES III,320P,CALLE,CIRCUELA,NA,"106,,,",CALLE,NINGUNO,CALLE,NINGUNO,CALLE,NINGUNO,5,false,false,9,ND,ND,0,0,N,N,4,28,1200,1200,false,1,1,CAMIONETA,JEEP,ND,1,1,893,Robo de autopartes y cristalazo,-102.23802539,21.91744782
190678712,30403,6,2019-06-18,2,6,15,1,FRACCIONAMIENTO,LOMAS DEL AJEDREZ,1121,CALLE,DE LA INFANTERIA,NA,"113,C,,",AVENIDA,AJEDRECISTAS,CALLE,DE LA ALIANZA,CALLE,DEL MATE,3,false,false,9,ND,ND,0,0,N,N,27,41,0,0,false,4,4,AUTOMOVIL,VOLKSWAGEN,JETTA,1,1,894,Robo de autopartes y cristalazo,-102.24981447,21.84711931
190679423,30411,6,2019-06-18,2,11,18,1,CONDOMINIO,CENTRO COMERCIAL EL DORADO,952,AVENIDA,LAS AMERICAS,NA,",,,",CALLE,DOCTOR E GONZALEZ MEDINA,CALLE,REPUBLICA MEXICANA,CALLE,REPUBLICA DEL SALVADOR,2,false,false,9,ND,ND,0,0,N,N,27,"3,6,27",0,0,false,1,1,AUTOMOVIL,ND,ND,1,2,895,Robo de autopartes y cristalazo,-102.30348893,21.86185443
190676673,30411,6,2019-06-17,1,16,7,1,FRACCIONAMIENTO,JOSE LOPEZ PORTILLO,955,CALLE,JOSE MARIA GONZALEZ BOCANEGRA,NA,"1103,,,",CALLE,CORONEL JOSE FERRO,CALLE,LICENCIADO EDUARDO RODRIGUEZ LARIZ,CALLE,RICARDO GARCIA MENDOZA,2,false,false,9,H,ND,0,0,N,N,22,3,0,0,false,1,1,AUTOMOVIL,RENAULT,LOGAN,1,1,896,Robo de autopartes y cristalazo,-102.32406777,21.85387157
190682111,30411,6,2019-06-19,3,4,28,3,FRACCIONAMIENTO,MAGISTERIAL,247,CALLE,TEHUANTEPEC,NA,"303,,,",CALLE,PROFESORA TRINIDAD SERNA,CALLE,PROFESOR ELISEO TRUJILLO,CALLE,PROFESOR EDMUNDO GAMEZ OROZCO,7,false,false,9,"H,H",ND,0,0,CAMIONETA,"PICKUP, GRIS",19,24,0,0,false,1,2,AUTOMOVIL,NISSAN,TSURU,1,1,897,Robo de autopartes y cristalazo,-102.68424384,21.87208061
190682728,30403,6,2019-06-19,3,10,30,1,FRACCIONAMIENTO,PINTORES MEXICANOS,443,CALLE,JUAN SORIANO,NA,",,,",CALLE,JUAN SORIANO,CALLE,RAFAEL CORONEL,CALLE,VICENTE ROJO,5,false,false,9,ND,ND,0,0,N,N,2,23,0,10000,false,4,2,AUTOMOVIL,ND,ND,1,2,898,Robo de autopartes y cristalazo,-102.26458723,21.92065397
190684663,30411,6,2019-06-19,3,19,33,1,COLONIA,LAS FLORES,1072,CALLE,BEGONIAS,NA,"110,,,",CALLE,LOS LAURELES,AVENIDA,DE LAS ORQUIDEAS,CALLE,GERANEOS,2,false,false,9,ND,ND,0,0,N,N,27,"26,6",0,13000,false,1,1,AUTOMOVIL,ND,ND,1,1,899,Robo de autopartes y cristalazo,-102.30601781,21.87333337
190682358,30403,6,2019-06-19,3,8,2,1,FRACCIONAMIENTO,LOS ARCOS,834,CALLE,AFRODITA,NA,"417,,,",CALLE,FERROCARRIL,AVENIDA,HEROE DE NACOZARI,PRIVADA,ARCO DEL TRIUNFO A,5,false,false,9,ND,ND,0,0,N,N,27,11,0,25000,false,4,2,CAMIONETA,FORD,ND,1,1,900,Robo de autopartes y cristalazo,-102.28696593,21.90634612
190685783,30411,6,2019-06-20,4,3,4,1,COLONIA,MARTINEZ DOMINGUEZ,1099,CALLE,MARIANO ABAD MIRAMONTES,NA,",,,",CALLE,SARGENTO LUCIANO PONCE,PRIVADA,SARGENTO LUCIANO PONCE,PRIVADA,SARGENTO LUCIANO PONCE,2,false,false,9,ND,ND,0,0,N,N,27,"11,24",0,0,false,1,2,CAMIONETA,ND,ND,1,2,901,Robo de autopartes y cristalazo,-102.29772260,21.85388601
190687590,30411,6,2019-06-20,4,14,56,1,FRACCIONAMIENTO,LOMAS DE ORIENTE 1,453,CALLE,LOMA EMPEDRADA,NA,"136,,,",CALLE,LOMA DEL NORTE,CALLE,LOMA DEL SOLEADO,CALLE,LOMA SECA,5,false,false,9,H,ND,0,0,MOTOCICLETA,ND,27,39,0,0,false,1,1,CAMIONETA,CHEVROLET,ND,1,17,902,Robo de autopartes y cristalazo,-102.25559710,21.91551606
190688642,30411,6,2019-06-20,4,19,5,1,FRACCIONAMIENTO,SAN MARCOS,746,CALLE,NAVARRETE,NA,"1143,,,",CALLE,PASEO DEL RIO,CALLE,MIGUEL ANGEL,CALLE,BOTICELLI,6,false,false,9,ND,ND,0,0,N,N,14,38,0,6000,false,2,2,CAMION,KENWORTH,ND,1,1,903,Robo de autopartes y cristalazo,-102.32317436,21.87743201
190694794,30411,6,2019-06-22,6,7,23,1,COLONIA,DEL CARMEN,911,CALLE,SANTO TOMAS,NA,"311,,,",CALLE,RIO PAPLOAPAN,CALLE,LA ALUZ,CALLE,SAN ALBERTO,1,false,false,9,ND,ND,0,0,N,N,27,"22,23,28",0,3000,false,1,3,AUTOMOVIL,CHEVROLET,CHEVY,1,1,904,Robo de autopartes y cristalazo,-102.30353738,21.88980461
190695600,30411,6,2019-06-22,6,13,11,1,FRACCIONAMIENTO,PANORAMA,670,CALLE,MONTEBELLO,NA,",,,",AVENIDA,DE LOS ARELLANO,PRIVADA,MONTEBELLO,CALLE,VISTA HERMOSA,6,false,false,9,ND,ND,0,0,N,N,9,24,0,0,false,1,2,AUTOMOVIL,VOLKSWAGEN,JETTA,1,1,905,Robo de autopartes y cristalazo,-102.31402816,21.88726666
190696221,30411,6,2019-06-22,6,15,30,5,COLONIA,LA LOMA,156,CALLE,FELICIANO MARTINEZ,NA,",,,",AVENIDA,ALEJANDRO DE LA CRUZ,CALLE,CUMBRES,CALLE,LOMA DE LA CAÑADA,7,false,false,9,ND,ND,0,0,N,N,21,38,0,7000,false,2,2,CAMIONETA,FORD,ND,1,1,906,Robo de autopartes y cristalazo,-102.34749253,21.95172690
190700556,30411,6,2019-06-23,7,15,18,8,SIN TIPO,SAN JOSE DE GRACIA,46R,CARRETERA,19 ENT PABELLON DE ARTEAGA-SAN JOSE DE GRACIA,NA,",,,",NA,NA,NA,NA,NA,NA,7,false,false,9,ND,ND,0,0,N,N,27,38,0,4000,false,2,2,MOTOCICLETA,ND,ND,1,1,907,Robo de autopartes y cristalazo,-102.38729824,22.14013818
190689880,30411,6,2019-06-21,5,0,23,1,FRACCIONAMIENTO,LA FUENTE,1061,CALLE,REPUBLICA DE URUGUAY,NA,",,,",CALLE,BAHIA,CALLE,VALPARAISO,CALLE,REPUBLICA DE CHILE,2,false,false,9,ND,ND,0,0,N,N,15,"26,28,12",1000,4000,false,1,1,AUTOMOVIL,VOLKSWAGEN,JETTA,1,1,908,Robo de autopartes y cristalazo,-102.30069603,21.87173253
190683767,30411,6,2019-06-19,3,15,30,1,FRACCIONAMIENTO,LA FUENTE,1061,CALLE,BAHIA,NA,",,,",CALLE,REPUBLICA DE URUGUAY,AVENIDA,LAS AMERICAS,CALLE,VALPARAISO,2,false,false,9,"H,H",ND,0,0,AUTOMOVIL,"JETTA, ROJO",21,22,0,0,false,1,2,CAMIONETA,ND,ND,1,13,909,Robo de autopartes y cristalazo,-102.30076027,21.87208772
190684073,30411,6,2019-06-19,3,16,55,1,FRACCIONAMIENTO,J GUADALUPE PERALTA GAMEZ,411,AVENIDA,TECNOLOGICO,NA,",,,",CALLE,DESIDERIO MACIAS SILVA,CALLE,CATEDRATICOS,CALLE,ANTONIA LOPEZ DE CHAVEZ,4,false,false,9,"H,H",ND,0,0,N,N,22,"11,23",0,0,false,1,2,AUTOMOVIL,ND,ND,1,1,910,Robo de autopartes y cristalazo,-102.23958563,21.86633350
190700781,30411,6,2019-06-23,7,16,16,1,COLONIA,ZONA CENTRO,906,CALLE,JESUS BERNAL,NA,",,,",CALLE,5 DE MAYO,CALLE,VALLADOLID,CALLE,JESUS MARIA,1,false,false,9,ND,ND,0,0,N,N,18,24,0,0,false,1,2,AUTOMOVIL,ND,ND,1,17,911,Robo de autopartes y cristalazo,-102.29536744,21.88978986
190693696,30411,6,2019-06-21,5,22,21,1,FRACCIONAMIENTO,EJIDO LAS CUMBRES,403,AVENIDA,SIGLO XXI,NA,",,,",CALLE,SIERRA DE TEPEHUANES,BOULEVARD,GUADALUPANO,CALLE,SIERRA DE SAN BERNARDINO,5,false,false,9,ND,ND,0,0,N,N,24,"38,12",0,2500,false,1,1,TRAILER,ND,ND,1,1,912,Robo de autopartes y cristalazo,-102.25721158,21.90763661
190698750,30411,6,2019-06-23,7,3,8,1,SIN TIPO,SECRETARIA DE OBRAS PUBLICAS DEL ESTADO,715,AVENIDA,LICENCIADO ADOLFO LOPEZ MATEOS ORIENTE,NA,",,,",CALLE,IZTACCIHUATL,CALLE,POPOCATEPETL,CALLE,CITLALTEPEC,3,false,false,9,H,ND,0,0,N,N,27,38,0,0,false,1,1,AUTOMOVIL,CHEVROLET,SPARK,1,2,913,Robo de autopartes y cristalazo,-102.26989149,21.87786570
190699024,30403,6,2019-06-23,7,4,41,1,COLONIA,J REFUGIO ESPARZA REYES,446,CALLE,SIERRA DE TLAXCO,NA,"103,,,",PRIVADA,JESUS REYES HEROLES,CALLE,CARLOS A MADDRAZO,PRIVADA,JESUS REYES HEROLES,5,false,false,9,ND,ND,0,0,N,N,27,38,0,0,false,4,2,CAMIONETA,VOLKSWAGEN,COMBI,1,1,914,Robo de autopartes y cristalazo,-102.25761117,21.90914944
190697158,30403,6,2019-06-22,6,19,21,1,COMUNIDAD,EL TANQUE DE LOS JIMENEZ,39PR,CARRETERA,2 EL TARAY,NA,",,,",NA,NA,NA,NA,NA,NA,2,false,false,9,ND,ND,0,0,N,N,23,41,0,0,false,4,4,CAMIONETA,ND,ND,1,2,915,Robo de autopartes y cristalazo,-102.36878231,21.70587182
190697205,30403,6,2019-06-22,6,19,34,1,COLONIA,MARTINEZ DOMINGUEZ,1099,AVENIDA,MAHATMA GANDHI,NA,",,,",ANDADOR,DEL ZENZONTLE,CALLE,VALENTE QUINTANA,PRIVADA,SARGENTO RAMON AZCONA,2,true,false,9,H,ND,0,0,N,N,23,41,0,0,false,4,4,AUTOMOVIL,ND,ND,1,6,916,Robo de autopartes y cristalazo,-102.29434351,21.85220471
190698363,30403,6,2019-06-23,7,0,53,1,FRACCIONAMIENTO,CAVALIA,679R,CARRETERA,34 AGUASCALIENTES-POCITOS-JESUS MARIA,NA,",,,",NA,NA,NA,NA,NA,NA,6,false,false,9,ND,ND,0,0,N,N,27,6,0,0,false,4,1,CAMIONETA,RENAULT,DUSTER,1,6,917,Robo de autopartes y cristalazo,-102.32801543,21.90173788
190698421,30403,6,2019-06-23,7,1,17,5,COLONIA,EL LLANO,118,CALLE,SEGUNDA PRIVADA DIAZ ORDAZ,NA,",,,",CALLE,ADOLFO LOPEZ MATEOS,CALLE,GUSTAVO DIAZ ORDAZ,PRIVADA,NINGUNO,7,false,false,9,ND,ND,0,0,N,N,1,41,0,0,false,4,4,AUTOMOVIL,VOLKSWAGEN,CARIBE,1,1,918,Robo de autopartes y cristalazo,-102.32185184,21.94396821
190698853,30403,6,2019-06-23,7,3,44,1,FRACCIONAMIENTO,LUIS ORTEGA DOUGLAS,440,CALLE,EL GIGANTE,NA,",,,",CALLE,LA UNION,CALLE,EL YUGO,CALLE,EL PICACHO,5,false,false,9,ND,ND,0,0,N,N,3,41,0,0,false,4,4,CAMIONETA,FORD,EXPLORER,1,1,919,Robo de autopartes y cristalazo,-102.25974168,21.90901512
190699410,30403,6,2019-06-23,7,9,0,7,FRACCIONAMIENTO,EL POTRERO,73,AVENIDA,20 DE NOVIEMBRE,NA,"308,,,",CALLE,RUTA D ELA PLATA,CALLE,INSURGENTES,CALLE,POTRERO,7,false,false,9,ND,ND,0,0,N,N,16,11,0,1000,false,4,2,AUTOMOVIL,NISSAN,TSURU,1,1,920,Robo de autopartes y cristalazo,-102.31081380,22.22627965
190704495,30411,6,2019-06-24,1,14,5,1,COLONIA,LA FE,912,CALLE,MEXICO,NA,",,,",CALLE,ZACATECAS,CALLE,GENERAL JOSE MARIA ARTEAGA,CALLE,J CONCEPCION SAUCEDO,1,false,false,9,H,ND,0,0,BICICLETA,BICICLETA,21,26,0,0,false,1,1,AUTOMOVIL,NISSAN,TSURU,1,1,921,Robo de autopartes y cristalazo,-102.29361965,21.89016338
190706779,30411,6,2019-06-24,1,23,47,1,COLONIA,LAS FLORES,1072,CALLE,LOS LAURELES,NA,"300,,,",CALLE,ROSAS,CALLE,DALIAS,AVENIDA,DE LAS ORQUIDEAS,2,false,false,9,ND,ND,0,0,N,N,4,"26,22",0,5000,false,1,3,AUTOMOVIL,CHEVROLET,SPARK,1,1,922,Robo de autopartes y cristalazo,-102.30262842,21.87539599
190706955,30403,6,2019-06-25,2,1,18,1,UNIDAD HABITACIONAL,IV CENTENARIO,1065,PASAJE,A GARCIA CUBAS,NA,",,,",PASAJE,A  GARCIA CUBAS,PASAJE,MANUEL RANGEL,CALLE,DELICIAS,3,false,false,9,H,ND,0,0,BICICLETA,BICICLETA,25,41,0,0,false,4,4,AUTOMOVIL,ND,ND,1,1,923,Robo de autopartes y cristalazo,-102.28077606,21.86984593
190707287,30403,6,2019-06-25,2,7,37,1,FRACCIONAMIENTO,LOS ARCOS,834,CALLE,AFRODITA,NA,",,,",CALLE,LOS ARCOS,CALLE,FERROCARRIL,CALLE,ARCO DE BELEN,5,false,false,9,ND,ND,0,0,N,N,6,24,0,0,false,4,4,CAMIONETA,FORD,ECOLINE,1,1,924,Robo de autopartes y cristalazo,-102.28702901,21.90642683
190708681,30403,6,2019-06-25,2,15,47,1,SIN TIPO,DESARROLLO 95 (LADO LIENZO CHARRO),1014,AVENIDA,IGNACIO T CHAVEZ,NA,"1610,,,",AVENIDA,CONVENCION DE 1914 PONIENTE,CALLE,LIENZO CHARRO,AVENIDA,CONVENCION DE 1914 PONIENTE,2,false,false,9,ND,ND,0,0,N,N,27,"26,27,28",500,500,false,4,1,AUTOMOVIL,CHEVROLET,AVEO,1,1,925,Robo de autopartes y cristalazo,-102.30874975,21.86831662
190710326,30411,6,2019-06-26,3,0,45,1,BARRIO,LA SALUD,1122,CALLE,SOLEDAD,NA,"256,,,",CALLE,COSIO SUR,CALLE,SANTA ELENA,CALLE,5 DE FEBRERO,1,false,false,9,ND,ND,0,0,N,N,27,24,0,0,false,1,2,AUTOMOVIL,FORD,IKON,1,6,926,Robo de autopartes y cristalazo,-102.28608352,21.87642028
190710382,30411,6,2019-06-26,3,1,19,1,FRACCIONAMIENTO,PROGRESO,450,CALLE,GENERAL LAZARO CARDENAS,NA,"540,,,",CALLE,BLAS E ROMO,CALLE,J MARIO PANI,CALLE,JUAN DOUGLAS,5,true,false,9,"H,H,H,H",ND,0,0,N,N,5,37,0,0,false,5,2,CAMIONETA,ND,ND,1,2,927,Robo de autopartes y cristalazo,-102.25936534,21.90783844
190713559,30411,6,2019-06-26,3,20,52,1,COLONIA,HEROES (DELEGACION CENTRO),522,CALLE,JUAN ESCUTIA,NA,",,,",CALLE,MANUEL G ESCOBEDO,CALLE,FRANCISCO GONZALEZ BOCANEGRA,CALLE,GUTEMBERG,4,false,false,9,ND,ND,0,0,N,N,23,"26,28",700,700,false,1,1,AUTOMOVIL,CHRYSLER,CIRRUS,1,1,928,Robo de autopartes y cristalazo,-102.27464166,21.88283219
190712527,30403,6,2019-06-26,3,16,41,1,BARRIO,LA SALUD,1122,AVENIDA,AYUNTAMIENTO,NA,"636,,,",CALLE,DOCTOR JESUS DIAZ DE LEON,CALLE,JOSEFA ORTIZ DE DOMINGUEZ,CALLE,SANTANA,3,false,false,9,ND,ND,0,0,AUTOMOVIL,"CHEVY, PLACAS JALISCO",27,26,0,25000,false,4,1,AUTOMOVIL,VOLKSWAGEN,POLO,1,1,929,Robo de autopartes y cristalazo,-102.28929003,21.87095705
190714414,30411,6,2019-06-27,4,1,34,1,FRACCIONAMIENTO,J GUADALUPE PERALTA GAMEZ,411,CALLE,OFELIA SORIANO ESQUIVEL,NA,"101,,,",CALLE,ALBERTO VEGA Y LEYVA,CALLE,JUVENTINO DE LA TORRE TORRES,CALLE,ISABEL JIMENEZ DIAZ,4,true,false,9,H,ND,1,0,N,N,25,38,0,0,false,1,1,AUTOMOVIL,CHEVROLET,CHEVY,1,4,930,Robo de autopartes y cristalazo,-102.23255630,21.86672150
190714845,30411,6,2019-06-27,4,8,47,1,BARRIO,LA PURISIMA,915,CALLE,DE LA CRUZ,NA,"123,,,",CALLE,VAZQUEZ DEL MERCADO,CALLE,PEDRO PARGA,CALLE,GENERAL MIGUEL BARRAGAN,1,false,false,9,ND,ND,0,0,N,N,19,22,0,500,false,1,2,AUTOMOVIL,CHEVROLET,CORSA,1,1,931,Robo de autopartes y cristalazo,-102.28640278,21.88726557
190705211,30411,6,2019-06-24,1,17,2,1,FRACCIONAMIENTO,PROGRESO,450,CALLE,GENERAL LAZARO CARDENAS,NA,",,,",CALLE,JOSE MARIA GALLEGOS,CALLE,JUAN DOMINGUEZ,CALLE,GENERAL PASCUAL CORNEJO BRUN,5,false,false,9,H,ND,0,0,N,N,23,"26,27",0,0,false,1,1,AUTOMOVIL,CHEVROLET,CHEVY,1,2,932,Robo de autopartes y cristalazo,-102.26364467,21.90620068
190707426,30403,6,2019-06-25,2,8,38,1,CONDOMINIO,PASEOS DE SANTA MONICA,1034,AVENIDA,SIGLO XXI,NA,",,,",AVENIDA,PALMAS DEGUINEA,PRIVADA,PASEOS DE AFRICA,PRIVADA,PASEOS DE AFRICA,2,false,false,9,ND,ND,0,0,N,N,27,41,0,0,false,4,4,AUTOMOVIL,FORD,FIESTA,1,1,933,Robo de autopartes y cristalazo,-102.31545070,21.84291847
190709538,30403,6,2019-06-25,2,20,12,1,FRACCIONAMIENTO,JARDINES DE LA ASUNCION,991,BOULEVARD,JOSE MARIA CHAVEZ,NA,",,,",AVENIDA,CONVENCION DE 1914 SUR,CALLE,PASEO JUAN DE TOLOSA,CALLE,HERNANDO MARTELL,3,false,false,9,ND,ND,0,0,N,N,27,41,0,0,false,4,4,AUTOMOVIL,VOLKSWAGEN,GOLF,1,1,934,Robo de autopartes y cristalazo,-102.29381224,21.86418021
190712311,30403,6,2019-06-26,3,15,46,6,RANCHO,LAS PALOMAS,215PR,CARRETERA,45 AGUASCALIENTES-ZACATECAS,NA,",,,",NA,NA,NA,NA,NA,NA,7,false,false,9,ND,ND,0,0,N,N,27,41,0,0,false,4,4,CAMION,ND,ND,1,28,935,Robo de autopartes y cristalazo,-102.27430839,22.10144895
190726198,30411,6,2019-06-30,7,6,2,1,FRACCIONAMIENTO,INSURGENTES,1046,CALLE,DOROTEO ARANGO,NA,",,,",CALLE,GENERAL ROQUE GONZALEZ GARZA,CALLE,GENERAL LUCIO BLANCO,AVENIDA,DOCTOR MARIANO AZUELA,2,false,false,9,ND,ND,0,0,N,N,27,23,0,0,false,3,2,AUTOMOVIL,NISSAN,TSURU,1,1,936,Robo de autopartes y cristalazo,-102.30203438,21.85290000
190718817,30411,6,2019-06-28,5,9,44,1,FRACCIONAMIENTO,HACIENDA EL COBANO,518,CALLE,CAMINO AL COBANO,NA,"731,,,",AVENIDA,MAPLE,CALLE,OLMO,AVENIDA,MAPLE,5,false,false,9,ND,ND,0,0,N,N,19,22,0,2000,false,1,2,AUTOMOVIL,CHEVROLET,CHEVY,1,2,937,Robo de autopartes y cristalazo,-102.27645070,21.90745417
190721759,30411,6,2019-06-29,6,1,22,1,FRACCIONAMIENTO,MEXICO,1081,CALLE,MICHOACAN,NA,"223,,,",CALLE,TAGBASCO,AVENIDA,AGUASCALIENTES SUR,CALLE,TAMAULIPAS,3,false,false,9,ND,ND,0,0,N,N,25,22,0,500,false,1,2,AUTOMOVIL,NISSAN,SENTRA,1,17,938,Robo de autopartes y cristalazo,-102.28063386,21.85908191
190726682,30403,6,2019-06-30,7,11,0,1,SIN TIPO,DESARROLLO 102 (TEMPLO 3 AVES MARIAS),1003,AVENIDA,MAHATMA GANDHI,NA,",,,",CALLE,HERNAN GONZALEZ,AVENIDA,CONVENCION DE 1914 SUR,BOULEVARD,JOSE MARIA CHAVEZ,2,false,false,9,ND,ND,0,0,N,N,27,26,0,1000,false,4,1,AUTOMOVIL,VOLKSWAGEN,VENTO,1,1,939,Robo de autopartes y cristalazo,-102.29550591,21.86814127
190726760,30411,6,2019-06-30,7,11,30,1,FRACCIONAMIENTO,SANTA ANITA (DELEGACION CENTRO),523,CALLE,CONQUISTA,NA,",,,",AVENIDA,CONVENCION DE 1914 ORIENTE,CALLE,RENE DESCARTES,AVENIDA,CONVENCION DE 1914 ORIENTE,4,false,false,9,ND,ND,0,0,N,N,27,24,0,0,false,1,2,AUTOMOVIL,NISSAN,TSURU,1,1,940,Robo de autopartes y cristalazo,-102.27498453,21.89130257
190727537,30411,6,2019-06-30,7,15,28,1,SIN TIPO,DESARROLLO 108 (PRADOS DEL SUR),1017,AVENIDA,MAHATMA GANDHI,NA,",,,",CALLE,VICTOR ROSALES,AVENIDA,AGUASCALIENTES SUR,CALLE,SARGENTO LUCIANO PONCE,2,false,false,9,AUTOLAVADO,AUTOLAVADO,0,0,N,N,21,3,0,0,false,3,1,AUTOMOVIL,ND,ND,1,6,941,Robo de autopartes y cristalazo,-102.29497014,21.85715754
190729302,30411,6,2019-06-30,7,23,9,1,COLONIA,LAS FLORES,1072,CALLE,LAURELES,NA,",,,",CALLE,BEGONIAS,CALLE,MARGARITAS,AVENIDA,DE LAS ORQUIDEAS,2,false,false,9,ND,ND,0,0,N,N,4,"6,26,27,23",0,10000,false,1,3,AUTOMOVIL,CHEVROLET,CHEVY,1,1,942,Robo de autopartes y cristalazo,-102.30630834,21.87366273
190720679,30403,6,2019-06-26,3,19,0,1,FRACCIONAMIENTO,JARDINES DE SANTA ELENA 2A SECCION,1106,CALLE,REPUBLICA DEL PERU,NA,",,,",CALLE,REPUBLICA DE NICARAGUA,CALLE,REPUBLICA DEL SALVADOR,CALLE,REPUBLICA MEXICANA,2,false,false,9,ND,ND,0,0,N,N,22,12,0,5000,false,4,1,CAMIONETA,JEEP,PATRIOT,1,2,943,Robo de autopartes y cristalazo,-102.30470480,21.86497816
190721827,30403,6,2019-06-29,6,1,45,5,FRACCIONAMIENTO,RUISEÑORES,338P,CIRCUITO,GORRION,NA,"122,,,",AVENIDA,RUISEÑOR,N,N,CIRCUITO,GOLONDRINA,7,false,false,9,ND,ND,0,0,N,N,27,"3,26",0,22000,false,4,1,CAMIONETA,FORD,ECOSPORT,1,2,944,Robo de autopartes y cristalazo,-102.33041638,21.96753126
190721966,30411,6,2019-06-29,6,3,2,1,SIN TIPO,ISLA SAN MARCOS,943,BOULEVARD,SAN MARCOS,NA,",,,",N,N,N,N,N,N,2,false,false,9,ND,ND,0,0,N,N,27,"26,12",0,30000,false,1,1,AUTOMOVIL,HONDA,ACURA,1,2,945,Robo de autopartes y cristalazo,-102.32559601,21.86194287
190724453,30403,6,2019-06-29,6,19,27,1,FRACCIONAMIENTO,EL DORADO 1A SECCION,1048,CALLE,MADRID,NA,",,,",AVENIDA,AGUASCALIENTES SUR,CALLE,ALASKA,CALLE,CORDOBA,2,true,false,9,H,ND,0,0,N,N,23,41,0,0,false,4,4,AUTOMOVIL,ND,ND,1,17,946,Robo de autopartes y cristalazo,-102.30484839,21.86083190
190726602,30411,6,2019-06-30,7,10,33,1,SIN TIPO,DESARROLLO 24 (PLAZA PATIO),727,BOULEVARD,JOSE MARIA CHAVEZ,NA,",,,",AVENIDA,AGUASCALIENTES SUR,AVENIDA,CONVENCION DE 1914 SUR,AVENIDA,MAHATMA GANDHI,2,false,false,9,ND,ND,0,0,N,N,4,"22,23",0,10000,false,1,2,AUTOMOVIL,VOLKSWAGEN,GOLF,1,6,947,Robo de autopartes y cristalazo,-102.29325881,21.85865921
190728368,30403,6,2019-06-30,7,18,49,1,COLONIA,LAS FLORES,1072,CALLE,AZALEAS,NA,",,,",CALLE,LOS ALURELES,AVENIDA,DE LAS ORQUIDEAS,CALLE,CAMELIAS,2,false,false,9,ND,ND,0,0,N,N,23,"22,23,26",0,4000,false,4,3,CAMIONETA,CHEVROLET,SILVERADO,1,6,948,Robo de autopartes y cristalazo,-102.30469317,21.87458621
190707885,30411,6,2019-06-25,2,11,42,1,COLONIA,TALAMANTES PONCE (II),880,CALLE,LUIS GIL,NA,"145,,,",CALLE,LUIS GIL,AVENIDA,INDEPENDENCIA,CALLE,SALVADOR RODRIGUEZ ESPARZA,6,true,false,9,H,ND,1,0,N,N,20,25,0,0,false,2,2,AUTOMOVIL,TOYOTA,COROLLA,1,4,949,Robo de autopartes y cristalazo,-102.29780450,21.93111156
190726509,30411,6,2019-06-30,7,9,46,11,COMUNIDAD,PUERTECITO DE LA VIRGEN,306P,AVENIDA,16 DE SEPTIEMBRE,NA,",,,",NA,NA,NA,NA,NA,NA,7,false,false,9,ND,ND,0,0,N,N,27,37,0,0,false,5,2,AUTOMOVIL,NISSAN,TSURU,1,6,950,Robo de autopartes y cristalazo,-102.27409793,21.96175544
190697573,30411,6,2019-06-22,6,21,7,1,FRACCIONAMIENTO,NATURA,699,CALLE,PARRAL,NA,"110,,,",CALLE,JOSE CONTRERAS ESPARZA,CALLE,MORERA,CIRCUITO,ARALIA,5,false,false,9,H,ND,0,0,N,N,23,26,0,400,false,3,1,AUTOMOVIL,ND,ND,1,1,951,Robo de autopartes y cristalazo,-102.24963816,21.93154076
190714124,30411,6,2019-06-26,3,23,41,1,SIN TIPO,DOMINIUM,806,AVENIDA,CANAL INTERCEPTOR,NA,"101,,13,",PRIVAADA,DOMINIUM,CALLE,CARLOS SAGREDO,CALLE,SAN VICENTE,6,false,false,9,ND,ND,0,0,N,N,27,"27,26",0,0,false,1,1,AUTOMOVIL,VOLKSWAGEN,JETTA,1,1,952,Robo de autopartes y cristalazo,-102.31232565,21.90244602
190716733,30411,6,2019-06-27,4,18,0,1,OTRO,AGROPECUARIO,763,CALLE,FRIJOL,NA,"107,,,",CALLE,UVA,PRIVADA,NINGUNO,CALLE,TRIGO,6,false,false,9,ND,ND,0,0,N,N,22,26,0,20000,false,3,1,CAMION,ND,ND,1,1,953,Robo de autopartes y cristalazo,-102.29669345,21.91128244
190723898,30411,6,2019-06-29,6,16,57,5,RANCHO,EL CORTIJO,180PR,AVENIDA,MARGARITAS,NA,",,,",NA,NA,NA,NA,NA,NA,7,false,false,9,ND,ND,0,0,N,N,9,"26,28",9000,9000,false,3,1,CAMIONETA,FORD,EXPLORER,1,1,954,Robo de autopartes y cristalazo,-102.29217475,22.01686156
190727671,30411,6,2019-06-30,7,16,5,1,FRACCIONAMIENTO,BULEVAR,733,CALLE,LUIS ADOLFO,NA,",,,",CALLE,HERNAN GONZALEZ,CALLE,JARDIN DEL ESTUDIANTE,CALLE,ALFONSO HUMBERTO,3,false,false,9,H,EL LICENCIADO,0,0,N,N,27,6,0,0,false,1,1,CAMIONETA,ND,ND,1,1,955,Robo de autopartes y cristalazo,-102.29356640,21.86816593
190732638,30411,7,2019-07-01,1,20,8,1,FRACCIONAMIENTO,LAS AMERICAS (DELEGACION INSURGENTES),406,CALLE,REPUBLICA DE CHILE,NA,",,,",CALLE,REPUBLICA DE BRASIL,CALLE,REPUBLICA DE BRASIL,AVENIDA,CONVENCION DE 1914 SUR,2,false,false,9,ND,ND,0,0,N,N,8,"22,24",0,3000,false,1,2,CAMIONETA,ND,ND,1,1,956,Robo de autopartes y cristalazo,-102.30069612,21.86575291
190729743,30403,7,2019-07-01,1,2,59,1,FRACCIONAMIENTO,NAZARIO ORTIZ GARZA,452,CALLE,GENERAL PASCUAL CORNEJO BRUN,NA,",,,",CALLE,PRIMERA PROGRESO,CALLE,PRESA DE LOS GRINGOS,BOULEVARD,GUADALUPANO,5,false,false,9,ND,ND,0,0,N,N,25,22,0,300,false,4,2,AUTOMOVIL,ND,ND,1,2,957,Robo de autopartes y cristalazo,-102.26325146,21.90586337
190733792,30411,7,2019-07-02,2,5,53,1,FRACCIONAMIENTO,LOMAS DEL AJEDREZ,1121,AVENIDA,POLIDUCTO,NA,"706,B,,",CALLE,DE LA ALIANZA,AVENIDA,AJEDRECITAS,CALLE,DE TABLAS,3,false,false,9,ND,ND,0,0,N,N,27,"23,27",0,7000,false,1,3,CAMIONETA,ND,ND,1,1,958,Robo de autopartes y cristalazo,-102.25429849,21.84738943
190733899,30411,7,2019-07-02,2,7,35,1,FRACCIONAMIENTO,VILLAS DE NUESTRA SEÑORA DE LA ASUNCION (SECTOR SAN MARCOS),435,CALLE,GASPAR DE LA FUENTE,NA,"232,B,,",CALLE,GASPAR DELA FUENTE,AVENIDA,GERONIMO DE LA CUEVA,CALLE,JUAN PADILL,5,false,false,9,ND,ND,0,0,N,N,16,"22,11",0,2500,false,1,2,AUTOMOVIL,VOLKSWAGEN,JETTA,1,1,959,Robo de autopartes y cristalazo,-102.26552966,21.92897897
190734065,30411,7,2019-07-02,2,9,19,1,FRACCIONAMIENTO,LAS ARBOLEDAS,758,CALLE,EUCALIPTO,NA,",,,",AVENIDA,CANAL INTERCEPTOR,CALLE,ABEDUL,CALLE,CASUARINA,6,false,false,9,ND,ND,0,0,N,N,1,24,0,1400,false,1,2,AUTOMOVIL,NISSAN,TSURU,1,2,960,Robo de autopartes y cristalazo,-102.30385139,21.90169477
190736676,30411,7,2019-07-02,2,21,24,1,FRACCIONAMIENTO,LOMAS DE VISTABELLA II,603,CALLE,VISTA DEL SOLSTICIO,NA,"132,,,",CALLE,VISTA DE LAS ESTRELLAS,CALLE,MEXICO LIBRE,CALLE,VISTA DEL CAMPO,3,true,false,9,H,ND,0,0,N,N,23,37,0,0,false,5,2,AUTOMOVIL,ND,ND,1,2,961,Robo de autopartes y cristalazo,-102.26348209,21.84252566
190737250,30403,7,2019-07-03,1,0,54,1,FRACCIONAMIENTO,LUIS ORTEGA DOUGLAS,440,CALLE,SALTO DE LOS SALDOS,NA,"125,,,",CALLE,EL PICACHO,CALLE,EL GIGANTE,CALLE,TANQUE DE LOS JIMENEZ,5,false,false,9,H,ND,0,0,N,N,25,41,0,0,false,4,4,AUTOMOVIL,ND,ND,1,1,962,Robo de autopartes y cristalazo,-102.26291431,21.90931577
190739972,30411,7,2019-07-03,3,18,43,1,FRACCIONAMIENTO,LUIS ORTEGA DOUGLAS,440,CALLE,EL PICACHO,NA,",,,",CALLE,EL YUGO,CALLE,LA UNION,CALLE,EL GIGANTE,5,false,false,9,ND,ND,0,0,N,N,27,22,0,0,false,1,2,AUTOMOVIL,VOLKSWAGEN,CARIBE,1,2,963,Robo de autopartes y cristalazo,-102.25955095,21.90947241
190738260,30411,7,2019-07-03,3,11,54,1,DESARROLLO ESPECIAL,TRES CENTURIAS ESPECIAL,753,AVENIDA,MANUEL GOMEZ MORIN,NA,",,,",PRIVADA,NINGUNO,AVENIDA,ALEMDA,CALLE,SERVANDO CANALES,3,false,false,9,ND,ND,0,0,N,N,27,"3,26",0,1500,false,1,1,CAMIONETA,CHEVROLET,VENTURE,1,1,964,Robo de autopartes y cristalazo,-102.28014997,21.88591108
190734810,30411,7,2019-07-02,2,13,11,1,FRACCIONAMIENTO,MISION DE SANTA LUCIA,586,CALLE,MISION DE SAN JOSE ISABAEL FLORES VARELA,NA,"115,,,",PRIVADA,NINGUNO,PRIVADA,NINGUNO,PRIVADA,NINGUNO,3,false,false,9,ND,ND,0,0,N,N,21,6,0,20000,false,3,1,CAMIONETA,NISSAN,XTRAIL,1,1,965,Robo de autopartes y cristalazo,-102.27232020,21.84477358
190738783,30411,7,2019-07-03,3,14,14,1,FRACCIONAMIENTO,JARDINES DE LA CONVENCION 2A SECCION,588,AVENIDA,MARIANO ESCOBEDO,NA,",,,",AVENIDA,CONVENCION DE 1914 SUR,CALLE,ROQUE GONZALEZ,CALLE,PAULINO MARTINEZ,3,false,false,9,"H,H",ND,0,0,BICICLETA,BICICLETA,21,38,0,0,false,2,1,CAMIONETA,ND,ND,1,1,966,Robo de autopartes y cristalazo,-102.27690571,21.86772927
190741263,30411,7,2019-07-04,4,0,10,1,FRACCIONAMIENTO,VERSALLES II,1071,CALLE,GENERAL FORTUNATO MAYCOTTE,NA,"135,D,,",CALLE,JOSE ACEVES DIAZ DE SANDI,CALLE,GILBERTO LOPEZ VELARDE,CALLE,GENERAL FRANCISCO CARREREA TORRES,2,true,false,9,ND,ND,0,0,N,N,25,22,0,0,false,1,2,AUTOMOVIL,ND,ND,1,6,967,Robo de autopartes y cristalazo,-102.31165245,21.85582132
190741911,30411,7,2019-07-04,4,8,44,1,COLONIA,NORIAS DE PASO HONDO,352,CALLE,RUBEMM JARMAILLO,NA,"107,,,",AVENIDA,FRANCISCO VILLA,CALLE,EMILIANO ZAPATA,CALLE,CAMILO TORRES,3,false,false,9,ND,ND,0,0,N,N,6,"22,11",0,0,false,1,2,AUTOMOVIL,NISSAN,TSURU,1,1,968,Robo de autopartes y cristalazo,-102.20689108,21.85766644
190744131,30411,7,2019-07-04,4,18,55,1,FRACCIONAMIENTO,CIUDAD INDUSTRIAL,982,CALLE,ANTONIO GUTIERREZ SOLA,NA,",,,",CALLE,JESUS RIVERA FRANCO,CALLE,ANTONIO GUTIERREZ SOLA,CALLE,ALFONSO BERNAL SANTOS C-6N,3,false,false,9,ND,ND,0,0,N,N,22,"6,26,11,22,23",0,15000,false,1,3,AUTOMOVIL,VOLKSWAGEN,SEDAN,1,1,969,Robo de autopartes y cristalazo,-102.28912591,21.83725649
190741926,30403,7,2019-07-04,4,8,48,5,FRACCIONAMIENTO,JACARANDAS,215,AVENIDA,ALEJANDRO DE LA CRUZ SAUCEDO,NA,",,,",CALLE,AGUA MARINA,PRIVADA,AGUAS MADRES,BOULEVARD,RANCHO SAN PEDRO,7,false,false,9,ND,ND,0,0,N,N,27,41,0,0,false,4,4,AUTOMOVIL,FIAT,ND,1,1,970,Robo de autopartes y cristalazo,-102.33767101,21.95575327
190742039,30411,7,2019-07-04,4,9,28,1,BARRIO,LA SALUD,361,PRIVADA,SEGUNDA LA LUNA,NA,"130,,7,",CALLE,SOLEDAD,CALLE,LA LUNA,PRIVADA,PRIMERA LA LUNA,3,false,false,9,ND,ND,0,0,N,N,27,38,0,12000,false,1,1,AUTOMOVIL,MAZDA,ND,2,13,971,Robo de autopartes y cristalazo,-102.28286182,21.87262218
190742209,30403,7,2019-07-04,4,10,34,1,FRACCIONAMIENTO,NAZARIO ORTIZ GARZA,452,AVENIDA,SIGLO XXI,NA,",,,",BOULEVARD,GUADALUPANO,CALLE,GENERAL PASCIAL CORNEJO BRUN,CALLE,J MARIO PANI,5,true,true,1,"H,H",EL ALGA,0,0,ND,ND,27,41,0,0,false,4,4,TRAILER,ND,ND,1,2,972,Robo de autopartes y cristalazo,-102.25742122,21.90724763
190743217,30411,7,2019-07-04,4,14,59,1,FRACCIONAMIENTO,CANTERAS DE SAN JOSE,400,CALLE,JUANACATLAN,NA,"106,,,",ANDADOR,PLAZA PRIMERA CONJUNTO TLATENANGO,CALLE,HUANUSCO,CALLE,VILLA HIDALGO,2,false,false,9,ND,ND,0,0,N,N,1,6,0,0,false,1,1,AUTOMOVIL,VOLKSWAGEN,ND,1,1,973,Robo de autopartes y cristalazo,-102.33430987,21.85777933
190749234,30411,7,2019-07-06,6,0,26,1,FRACCIONAMIENTO,NAZARIO ORTIZ GARZA,452,AVENIDA,SIGLO XXI,NA,",,,",CALLE,MANUEL GARCIA MARTINEZ,BOULEVARD,GUADALUPANO,PRIVADA,GUADALUPE ALVARADO,5,false,false,9,ND,ND,0,0,N,N,25,11,0,0,false,1,2,AUTOMOVIL,ND,ND,1,6,974,Robo de autopartes y cristalazo,-102.25713146,21.90675119
190750571,30403,7,2019-07-06,6,11,44,1,BARRIO,LA SALUD,1122,CALLE,PROLONGACION COSIO,NA,"904,,,",AVENIDA,PASEO DE LA CRUZ,CALLE,ACUEDUCTO,CALLE,SAN MIGUEL,3,false,false,9,ND,ND,0,0,N,N,27,24,0,0,false,4,2,AUTOMOVIL,FORD,FIESTA,1,16,975,Robo de autopartes y cristalazo,-102.28724272,21.87242617
190745901,30403,7,2019-07-05,5,9,32,1,FRACCIONAMIENTO,MORELOS,616,AVENIDA,AGUASCALIENTES SUR,NA,",,,",CALLE,CHICHEN ITZA,CALLE,TULUM,CALLE,ARTILLERO MIER,3,false,false,9,ND,ND,0,0,N,N,6,22,0,0,false,4,2,AUTOMOVIL,NISSAN,TSURU,1,1,976,Robo de autopartes y cristalazo,-102.25530512,21.85993550
190749872,30411,7,2019-07-06,6,7,25,1,FRACCIONAMIENTO,VISTA DEL SOL I,771,CALLE,PUESTA PICACHO,NA,"705,,,",CALLE,CENIT,CALLE,NADIR,CALLE,SOL,3,false,false,9,ND,ND,0,0,N,N,27,"22,24",0,4200,false,1,2,AUTOMOVIL,TOYOTA,ND,1,1,977,Robo de autopartes y cristalazo,-102.27116300,21.86326305
190749896,30403,7,2019-07-06,6,7,43,1,BARRIO,LA SALUD,1122,CALLE,SAN JOAQUIN,NA,"105,A,,",AVENIDA,HEROE DE NACOZARI SUR,CALLE,SAN ATANASIO,CALLE,DELICIAS,3,false,false,9,ND,ND,0,0,N,N,27,"22,24",0,3500,false,4,2,AUTOMOVIL,CHEVROLET,CHEVY,1,1,978,Robo de autopartes y cristalazo,-102.28299787,21.87052391
190750221,30411,7,2019-07-06,6,10,3,1,FRACCIONAMIENTO,INSURGENTES,1046,CALLE,GENERAL LUIS MOYA,NA,",,,",CALLE,GENERAL MARTIN ESPINOZA SANCHEZ,CALLE,CAPITAN GUSTAVO GARMENDIA,CALLE,ABRAHAM GONZALEZ,2,false,false,9,ND,ND,0,0,N,N,20,24,0,0,false,1,2,CAMIONETA,ND,ND,1,6,979,Robo de autopartes y cristalazo,-102.31418446,21.84956946
190752248,30411,7,2019-07-06,6,20,4,1,FRACCIONAMIENTO,RUSTICOS CALPULLI,1056,AVENIDA,CENTRAL,NA,"201,,,",CALLE,JOSE MARIA ESCRIVA DE BALAGUER,CALLE,DEL GRANERO,CALLE,DEL GRANERO,3,false,false,9,ND,ND,0,0,N,N,27,"3,26,6",0,36000,false,1,1,AUTOMOVIL,HONDA,ACCORD,1,1,980,Robo de autopartes y cristalazo,-102.28186158,21.82863876
190753201,30411,7,2019-07-07,7,0,27,1,FRACCIONAMIENTO,NAZARIO ORTIZ GARZA,452,BOULEVARD,GUADALUPANO,NA,",,,",AVENIDA,SIGLO XXI,PRIVADA,GUADALUPE ALVARADO,CALLE,MANUEL GARCIA MARTINEZ,5,false,false,9,ND,ND,0,0,N,N,25,24,0,0,false,1,2,AUTOMOVIL,VOLKSWAGEN,CHEVY,1,1,981,Robo de autopartes y cristalazo,-102.25720858,21.90679360
190753311,30411,7,2019-07-07,7,1,1,1,FRACCIONAMIENTO,LOS PERICOS,770,CALLE,SANTA RITA,NA,"108,,,",CALLE,POLIDUCTO,AVENIDA,SANTA CECILIA,CALLE,SANTA IRENE,5,false,false,9,ND,ND,0,0,N,N,27,6,0,3000,false,1,1,AUTOMOVIL,VOLKSWAGEN,SEDAN,1,1,982,Robo de autopartes y cristalazo,-102.24954808,21.90841710
190745534,30403,7,2019-07-05,5,6,10,1,FRACCIONAMIENTO,NAZARIO ORTIZ GARZA,452,CALLE,CUMBRES,NA,",,,",CALLE,PEDRO QUINTANAR,CALLE,NIÑOS HEROES,CALLE,MIAHUATLAN,5,true,true,1,H,ND,0,0,N,N,19,22,0,0,false,4,2,AUTOMOVIL,HONDA,ACCORD,1,2,983,Robo de autopartes y cristalazo,-102.25613490,21.90741083
190747371,30403,7,2019-07-05,5,16,41,1,BARRIO,LA ESTACION,745,CALLE,28 DE AGOSTO,NA,",,,",CALLE,VENTURA SALAZAR,CALLE,DECRETO 27 DE SEPTIEMBREE,AVENIDA,HEROE DE NACOZARI NORTE,1,false,false,9,ND,ND,0,0,N,N,27,41,0,0,false,4,4,AUTOMOVIL,NISSAN,SENTRA,1,6,984,Robo de autopartes y cristalazo,-102.28233467,21.88719370
190752435,30403,7,2019-07-06,6,20,59,1,FRACCIONAMIENTO,LOMAS DEL AJEDREZ,1121,CALLE,DE LA ALIANZA,NA,"341,,,",CALLE,DEL MATE,AVENIDA,DEL REY,CALLE,DEL DEPORTE CIENCIA,3,false,false,9,ND,ND,0,0,N,N,27,"22,24,11",0,20000,false,4,2,AUTOMOVIL,HYUNDAI,ND,1,1,985,Robo de autopartes y cristalazo,-102.25063818,21.84749429
190752530,30403,7,2019-07-06,6,21,18,1,RANCHO,LOS LIRIOS,21PR,CARRETERA,70 AGUASCALIENTES-JALPA,NA,",,,",NA,NA,NA,NA,NA,NA,6,false,false,9,ND,ND,0,0,N,N,14,"3,26,28",1300,4000,false,4,1,AUTOMOVIL,HONDA,ND,1,1,986,Robo de autopartes y cristalazo,-102.34391098,21.87554951
190754581,30411,7,2019-07-07,7,10,13,5,COMUNIDAD,BUENAVISTA,200P,CALLE,ANASTASIO RODRIGUEZ,NA,",,,",NA,NA,NA,NA,NA,NA,7,false,false,9,ND,ND,0,0,N,N,20,"26,11,28",0,0,false,1,1,AUTOMOVIL,CHEVROLET,CORSA,1,2,987,Robo de autopartes y cristalazo,-102.45865454,21.88550103
190755757,30403,7,2019-07-07,7,16,5,1,FRACCIONAMIENTO,JARDINES DE SANTA ELENA 2A SECCION,1106,CALLE,REEPUBLICA DE GUATEMALA,NA,"618,,,",CALLE,REPUBLICA DE NICARAGUA,CALLE,REPUBLICA DEL SALVADOR,CALLE,RIO JANEIRO,2,true,false,9,ND,ND,0,0,N,N,22,41,0,0,false,4,4,AUTOMOVIL,ND,ND,1,2,988,Robo de autopartes y cristalazo,-102.30522178,21.86646470
190769768,30411,7,2019-07-10,3,23,51,1,FRACCIONAMIENTO,OJOCALIENTE III,525,CALLE,LORETITO,NA,"223,,,",CALLE,CAÑADA GRANDE,CALLE,SAN FRANCISCO DE LOS VIVEROSS,CALLE,SAN PEDRO,3,false,false,9,ND,ND,0,0,N,N,27,37,0,0,false,5,2,AUTOMOVIL,ND,ND,1,4,989,Robo de autopartes y cristalazo,-102.24628298,21.88066353
190760491,30411,7,2019-07-08,1,18,48,1,FRACCIONAMIENTO,LAS BRISAS,677,CALLE,MAR EGEO,NA,"205,,,",CALLE,MAR D ELAS ANTILLAS,CALLE,MAR CARIBE,AVENIDA,FUNDICION,6,false,false,9,H,ND,0,0,BICICLETA,"TRICICLO, BLANCO",22,"26,22",0,0,false,3,3,AUTOMOVIL,ND,ND,1,1,990,Robo de autopartes y cristalazo,-102.31475058,21.89831345
190765927,30403,7,2019-07-10,3,3,53,1,FRACCIONAMIENTO,CUMBRES III,320P,CALLE,BELLA VISTA,NA,"104,,,",CALLE,NINGUNO,CALLE,NINGUNO,CALLE,NINGUNO,5,true,false,9,ND,ND,0,0,N,N,19,41,0,0,false,4,4,AUTOMOVIL,ND,ND,1,2,991,Robo de autopartes y cristalazo,-102.23950668,21.91681224
190769660,30403,7,2019-07-10,3,23,11,1,COLONIA,ZONA CENTRO,906,CALLE,16 DE SEPTIEMBRE,NA,",,,",AVENIDA,LICENCIADOADOLFO LOPEZ MATEOS PONIENTE,CALLE,FRANCISCO G HORNEDO,CALLE,DOCTOR JESUS DIAZ DE LEON,1,false,false,9,ND,ND,0,0,N,N,27,26,0,0,false,4,1,AUTOMOVIL,MAZDA,ND,1,1,992,Robo de autopartes y cristalazo,-102.29189231,21.87925744
190760289,30411,7,2019-07-08,1,17,55,1,FRACCIONAMIENTO,INSURGENTES,1046,AVENIDA,CONVENCION,NA,",,,",CALLE,GENERAL FEDERICO MONTES,CALLE,CAPITAN GUSTAVO GARMENDIA,CALLE,ABRAHAM GONZALEZ,2,false,false,9,ND,ND,0,0,N,N,27,26,0,0,false,1,1,CAMIONETA,ND,ND,1,1,993,Robo de autopartes y cristalazo,-102.31197777,21.85215127
190761380,30411,7,2019-07-08,1,22,26,1,BARRIO,DE GUADALUPE,910,CALLE,GOROSTIZA,NA,",,,",CALLE,GENERAL EMILIANO ZAPTA,AVENDIA,GUADALUPE,CALLE,LIBERTAD,1,false,false,9,ND,ND,0,0,N,N,27,24,0,1000,false,1,2,AUTOMOVIL,NISSAN,ND,1,2,994,Robo de autopartes y cristalazo,-102.29944533,21.88217205
190763168,30411,7,2019-07-09,2,12,52,1,FRACCIONAMIENTO,PILAR BLANCO,981,ANDADOR,CALANDRIA,NA,",,,",CALLE,CANARIO,ANDADOR,CALANDRIA,ANDADOR,GORRION,2,false,false,9,ND,ND,0,0,N,N,27,24,0,0,false,1,2,AUTOMOVIL,NISSAN,TSURU,1,2,995,Robo de autopartes y cristalazo,-102.29979969,21.85174124
190765429,30411,7,2019-07-09,2,23,7,1,FRACCIONAMIENTO,LA FUENTE,1061,CALLE,COQUIMBO,NA,"106,,,",AVENIDA,IGNACIO T CHAVEZ,CALLE,QUITO,AVENIDA,LAS AMERICAS,2,false,false,9,ND,ND,0,0,N,N,27,22,0,1000,false,1,2,AUTOMOVIL,RENAULT,ND,1,1,996,Robo de autopartes y cristalazo,-102.30150584,21.87304653
190766267,30411,7,2019-07-09,2,8,44,1,FRACCIONAMIENTO,COLINAS DEL PONIENTE,675,CALLE,GUADALUPE DAVILA GUERRERO,NA,"108,,,",CALLE,RIO LERMA,CALLE,RIO COLORADO,CALLE,RIO GUADIANA,6,false,false,9,ND,ND,0,0,N,N,16,"12,22",0,3000,false,1,3,AUTOMOVIL,CHEVROLET,CORSA,1,1,997,Robo de autopartes y cristalazo,-102.32199392,21.89302936
190767102,30411,7,2019-07-10,3,12,29,1,COLONIA,INDUSTRIAL,919,CALLE,MELQUIADES MORENO,NA,",,,",AVENIDA,CONVENCION DE 1914 NORTE,CALLE,ALFREDO LEWIS,CALLE,PETTROLEOS MEXICANOS,6,false,false,9,ND,ND,0,0,N,N,9,24,0,1500,false,1,2,CAMIONETA,CHRYSLER,VOYAGUER,1,1,998,Robo de autopartes y cristalazo,-102.29479251,21.89975074
190767103,30411,7,2019-07-10,3,12,29,1,COLONIA,INDUSTRIAL,919,CALLE,MELQUIADES MORENO,NA,",,,",AVENIDA,CONVENCION DE 1914 NORTE,CALLE,ALFREDO LEWIS,CALLE,PETROLEOS MEXICANOS,6,false,false,9,ND,ND,0,0,N,N,27,24,0,0,false,1,2,AUTOMOVIL,NISSAN,TSURU,1,1,999,Robo de autopartes y cristalazo,-102.29478887,21.89972396
190767409,30411,7,2019-07-10,3,13,38,1,COLONIA,INDUSTRIAL,919,CALLE,MELQUIADES MORENO,NA,",,,",AVENIDA,CONVENCION DE 1914 NORTE,CALLE,ALFEDO LEWIS,CALLE,PETROLEOS MEXICANOS,6,false,false,9,ND,ND,0,0,N,N,21,24,0,0,false,1,2,AUTOMOVIL,DODGE,STRATUS,1,1,1000,Robo de autopartes y cristalazo,-102.29480335,21.89978419
190758029,30411,7,2019-07-08,2,2,50,1,FRACCIONAMIENTO,VILLA TERESA,790,AVENIDA,POZO BRAVO,NA,",,,",CALLE,CAPICHINOS,CALLE,OBLATAS,CALLE,SALESIANOS,5,false,false,9,ND,ND,0,0,N,N,25,25,0,0,false,2,2,AUTOMOVIL,ND,ND,1,2,1001,Robo de autopartes y cristalazo,-102.27608069,21.92107915
190762064,30411,7,2019-07-09,2,5,59,1,FRACCIONAMIENTO,JESUS TERAN PEREDO,587,CALLE,GENERAL MANUEL PEREZ TREVIÑO,NA,",,,",CALLE,GENERAL PLUTARCO ELIAS CALLES,AVENIDA,DE LAS PALMAS,CALLE,ANTONIO FEMAT ESPARZA,3,true,false,9,"H,H",ND,0,0,N,N,26,24,0,0,false,1,2,AUTOMOVIL,NISSAN,TSURU,1,2,1002,Robo de autopartes y cristalazo,-102.27485314,21.87017768
190758110,30411,7,2019-07-08,1,4,10,1,FRACCIONAMIENTO,MUJERES ILUSTRES,602,CALLE,RIGOBERTA MENCHU,NA,"216,,,",CALLE,JUANA DE ARCO,CALLE,DE LA ALIANZA,CALLE,CATO HANRATH,3,false,false,9,ND,ND,0,0,N,N,15,38,0,0,false,1,1,AUTOMOVIL,DODGE,NEON,1,6,1003,Robo de autopartes y cristalazo,-102.25628793,21.84844303
190770140,30411,7,2019-07-11,4,3,52,5,FRACCIONAMIENTO,SOLAR DE JONACATIQUE,205,AVENIDA,SOLIDARIDAD,NA,"538,,,",CALLE,DOMINGO DE LUNA,CALLE,MARCOS SAUCEDO,CALLE,ALVARO OBREGON,7,false,false,9,ND,ND,0,0,N,N,27,24,0,500,false,1,2,CAMIONETA,GMC,ND,1,1,1004,Robo de autopartes y cristalazo,-102.35369236,21.97287246
190770642,30411,7,2019-07-11,4,10,7,1,COLONIA,SAN PABLO,921,CALLE,GENERAL IGNACIO ZARAGOZA,ND,",,,",CALLE,RIO MORCENIQUE,CALLE,FELIX DE LA PAZ,CALLE,MARINA NACIONAL,6,false,false,9,ND,ND,0,0,N,N,27,"24,26",0,3400,false,1,3,CAMIONETA,DODGE,CARAVAN,1,1,1005,Robo de autopartes y cristalazo,-102.29677168,21.89298238
190770119,30411,7,2019-07-11,4,3,19,1,FRACCIONAMIENTO,VERSALLES II,1071,CALLE,GREGORIO GIACINTI LOPEZ,NA,",,,",CALLE,BELISARIO DOMINGUEZ,CALLE,GENERAL FRANCISCO CARRERA TORRES,CALLE,JOSE ACEVES DIAZ DE SANDI,2,false,false,9,H,ND,0,0,N,N,26,38,0,0,false,2,2,CAMIONETA,CHEVROLET,ND,1,1,1006,Robo de autopartes y cristalazo,-102.30679761,21.85600393
190771372,30403,7,2019-07-11,4,13,33,1,FRACCIONAMIENTO,LAS AMERICAS (DELEGACION INSURGENTES),406,CALLE,REPUBLICA DEL PERU,NA,",,,",CALLE,REPUBLICA DE CHILE,CALLE,REPUBLICA DE BRASIL,CALLE,REPUBLICA DE PARAGUAY,2,false,false,9,ND,ND,0,0,N,N,27,41,0,0,false,4,4,CAMIONETA,TOYOTA,TACOMA,1,2,1007,Robo de autopartes y cristalazo,-102.30066455,21.86434611
190774464,30403,7,2019-07-12,5,6,44,1,FRACCIONAMIENTO,PERIODISTAS,404,CALLE,GRAVADORES,NA,"111,,,",AVENIDA,DEL REY,CALLE,CARMEN SERDAN,CALLE,RADIODIFUSORES,3,false,false,9,H,ND,0,0,N,N,19,"22,38",0,0,false,4,3,AUTOMOVIL,ND,ND,1,6,1008,Robo de autopartes y cristalazo,-102.24739124,21.85201717
190774496,30411,7,2019-07-12,3,7,17,1,FRACCIONAMIENTO,PERIODISTAS,404,CALLE,RADIODIFUSORES,NA,",,,",AVENIDA,DEL REY,CALLE,ROTATIVAS,CALLE,GRAVADORES,3,false,false,9,ND,ND,0,0,N,N,27,"22,11",0,0,false,3,2,CAMIONETA,ND,ND,1,1,1009,Robo de autopartes y cristalazo,-102.24805423,21.85058078
190774516,30411,7,2019-07-12,5,7,30,1,FRACCIONAMIENTO,VALLE DE LOS CACTUS,725,ANDADOR,RECINTO CARDON 104,NA,"73,,,",ANDADOR,RECINTO CARDON 104,ANDADOR,RECINTO CARDON 104,ANDADOR,RECINTO CARODN 104,4,false,false,9,ND,ND,0,0,N,N,18,"22,23,11",0,0,false,1,2,CAMIONETA,ND,ND,1,1,1010,Robo de autopartes y cristalazo,-102.22989217,21.87566251
190775250,30411,7,2019-07-12,5,12,3,1,FRACCIONAMIENTO,SAN CAYETANO,1118,CALLE,SAN JORGE,NA,",,,",AVENIDA,UNIVERSIDAD,CALLE,SAN CLEMENTE,CALLE,SAN COSME,6,false,false,9,ND,ND,0,0,N,N,9,24,0,0,false,1,2,AUTOMOVIL,VOLKSWAGEN,JETTA,1,1,1011,Robo de autopartes y cristalazo,-102.30903186,21.90163378
190778664,30411,7,2019-07-13,6,4,40,1,FRACCIONAMIENTO,PILAR BLANCO,981,ANDADOR,PASEO AVE DEL PARAISO,NA,",,,",PROLONGACION,PASEO DE LA ASUNCION,ANDADOR,PASEO AVE DEL PARAISO,ANDADOR,DE LA TORTOLA,2,true,false,9,"H,H",ND,0,0,N,N,26,24,0,0,false,1,2,CAMIONETA,ND,ND,1,1,1012,Robo de autopartes y cristalazo,-102.30072501,21.84605011
190778736,30403,7,2019-07-13,6,5,58,1,FRACCIONAMIENTO,PARRAS,789,CALLE,CARDENAL,NA,"208,,,",CALLE,VIÑEDO,AVENIDA,AGUASCALIENTES ORIENTE,CALLE,MOROCO,5,false,false,9,ND,ND,0,0,N,N,15,22,0,0,false,4,2,AUTOMOVIL,NISSAN,PLATINA,1,1,1013,Robo de autopartes y cristalazo,-102.27776124,21.91326834
190779659,30403,7,2019-07-13,6,12,55,1,EJIDO,SALTO DE OJOCALIENTE,580,CALLE,BENITO JUAREZ,NA,"203,,,",CALLE,IGNACIO ALLENDE,CALLE,GUADALUPE VICTORIA,CALLE,JOSEFA ORTIZ DE DOMINGUEZ,3,false,false,9,ND,ND,0,0,N,N,27,"22,38",0,0,false,4,3,AUTOMOVIL,ND,ND,1,6,1014,Robo de autopartes y cristalazo,-102.25014014,21.86754978
190781726,30411,7,2019-07-13,6,20,48,1,SIN TIPO,CENTRO COMERCIAL CHEDRAUI,1033,BOULEVARD,JOSE MARIA CHAVEZ,NA,",,,",CALLE,VANETE QUINTANA,CALLE,ANGEL GONZALEZ,AVENIDA,MAHATMA GANDHI,2,false,false,9,ND,ND,0,0,N,N,14,"6,38",0,0,false,1,1,AUTOMOVIL,MAZDA,X9,1,1,1015,Robo de autopartes y cristalazo,-102.29320117,21.85496049
190782040,30411,7,2019-07-13,6,22,39,1,COLONIA,SAN LUIS (II),713,CALLE,28 DE AGOSTO,NA,"202,,,",CALLE,NUEVA D ELA PAZ,CALLE,VIRREY DE MENDOZA,CALLE,GRANADITAS,1,false,false,9,ND,ND,0,0,N,N,27,"22,24",0,8000,false,1,2,CAMIONETA,FORD,EXPLORER,1,6,1016,Robo de autopartes y cristalazo,-102.27956152,21.88139739
190782566,30411,7,2019-07-14,7,1,7,1,SIN TIPO,ISLA SAN MARCOS,943,BOULEVARD,SAN MARCOS,NA,",,,",CALLE,NINGUNO,CIRCUITO,INTERIOR SUR,CALLE,NINGUNO,2,false,false,9,ND,ND,0,0,N,N,27,"26,28",10000,10000,false,1,1,AUTOMOVIL,HONDA,ND,2,1,1017,Robo de autopartes y cristalazo,-102.32568478,21.86191870
190783975,30403,7,2019-07-14,7,11,11,1,FRACCIONAMIENTO,ARROYO EL MOLINO,902,AVENIDA,ARROYO DEL MOLINO NORTE,NA,",,,",BOULEVARD,A ZACATECAS,CALLE,NINGUNO,CALLE,NINGUNO,5,false,false,9,ND,ND,0,0,N,N,27,41,0,0,false,4,4,CAMIONETA,GMC,ND,1,1,1018,Robo de autopartes y cristalazo,-102.29060932,21.93496577
190778466,30403,7,2019-07-13,6,2,37,1,FRACCIONAMIENTO,VILLAS DE LA CANTERA,719,CALLE,DEL CRATER,NA,",,,",AVENIDA,DEL JARDIN,CALLE,DEL FUEGO,CALLE,DE LADERA,2,true,false,9,H,ND,0,0,N,N,27,41,0,0,false,4,4,AUTOMOVIL,ND,ND,1,1,1019,Robo de autopartes y cristalazo,-102.33542013,21.85321601
190761951,30403,7,2019-07-09,2,3,7,1,FRACCIONAMIENTO,EJIDO LAS CUMBRES,403,CALLE,SIERRA DE SAN BERNARDINO,NA,"107,,,",CALLE,CARLOS A AMDRAZO,CALLE,PICACHO ORIENTE,CALLE,SIERRA DE TLAXCO,5,false,false,9,ND,ND,0,0,N,N,26,41,0,0,false,4,4,AUTOMOVIL,VOLKSWAGEN,JETTA,1,2,1020,Robo de autopartes y cristalazo,-102.25575125,21.90943123
190762603,30411,7,2019-07-09,2,10,27,6,BARRIO,PALO ALTO,92,CALLE,LICENCIADO BENITO JUAREZ,ND,",,,",CALLE,RIO SAN PEDRO,AVENIDA,ALVARO OBREGON,CALLEJON,ANGOSTO,7,true,false,9,ND,ND,0,0,N,N,20,38,0,0,false,1,1,CAMIONETA,NISSAN,ND,1,6,1021,Robo de autopartes y cristalazo,-102.26897022,22.14601649
190760292,30411,7,2019-07-08,1,17,56,1,FRACCIONAMIENTO,INSURGENTES,1046,CALLE,GENERAL FEDERICO MONTES,NA,"208,,,",AVENIDA,CONVENCION,CALLE,ABRAHAM GONZALEZ,CALLE,PEDRO ANTONIO SANTOS,2,false,false,9,H,ND,0,0,N,N,27,26,0,0,false,3,1,CAMIONETA,ND,ND,1,2,1022,Robo de autopartes y cristalazo,-102.31188603,21.85193521
190787437,30411,7,2019-07-15,1,7,42,1,FRACCIONAMIENTO,LOS PIRULES,1053,CALLE,GERANEOS,NA,"4109,,,",CALLE,AMAPOLA,CALLE,MAGNOLIA,CALLE,GIRASOL,2,false,false,9,ND,ND,0,0,N,N,27,"25,11",0,0,false,1,2,AUTOMOVIL,CHEVROLET,CHEVY,1,1,1023,Robo de autopartes y cristalazo,-102.32082123,21.86762125
190787754,30403,7,2019-07-15,1,9,40,1,FRACCIONAMIENTO,LAS CUMBRES,441,CALLE,SALVADOR REYES GALLEGOS,NA,"103,,,",CALLE,CUATRO MILPAS,CALLE,ANTONIA RUIZ ESPARZA,CALLE,PENSADORES MEXICANOS,5,false,false,9,ND,ND,0,0,N,N,16,38,0,4000,false,4,1,CAMIONETA,NISSAN,MURANO,1,1,1024,Robo de autopartes y cristalazo,-102.26429369,21.91283304
190788241,30411,7,2019-07-15,1,12,6,1,FRACCIONAMIENTO,VILLAS DEL RIO,698,CALLE,RIO CALENDARIA,NA,",,,",CALLE,RIO YAQUI,CALLE,RIO NAUTLA,CALLE,RIO COTLAMANI,5,false,false,9,ND,ND,0,0,N,N,27,22,0,0,false,1,2,AUTOMOVIL,CHEVROLET,CHEVY,1,1,1025,Robo de autopartes y cristalazo,-102.24240378,21.93941822
190788877,30411,7,2019-07-15,1,14,50,1,FRACCIONAMIENTO,LOMAS DE SANTA ANITA,478,CALLE,MARIA DOLORES ESCOBEDO,NA,"103,,,",CALLE,AGUASCALIENTES ORIENTE,CALLE,JOSE MARIA VELASCO,CALLE,PABLO PICASO,4,false,false,9,ND,ND,0,0,N,N,9,"26,38",0,0,false,1,1,CAMIONETA,HONDA,CRV,1,1,1026,Robo de autopartes y cristalazo,-102.26384940,21.89093784
190792478,30411,7,2019-07-16,2,13,40,10,COMUNIDAD,LA LUZ,280P,CALLE,JOSE MARIA MORELOS Y PAVON,NA,",,,",CALLE,LOPEZ MATEOS,CALLE,MIGUEL HIDALGO,CALLE,GERMAN ESPINOZA,7,false,false,9,ND,ND,0,0,N,N,4,"22,24",0,6500,false,1,2,AUTOMOVIL,CHEVROLET,CAVALIER,1,1,1027,Robo de autopartes y cristalazo,-101.99656068,22.00145444
190795090,30411,7,2019-07-17,3,1,54,1,FRACCIONAMIENTO,VILLAS DE NUESTRA SEÑORA DE LA ASUNCION (SECTOR SAN MARCOS),435,CALLE,ERMITA DE SAN SEBASTIAN,NA,"208,,,",CALLE,FRANCISCO TENAMAZTLE,CALLE,GASPAR DE LA FUENTE,CALLE,FUERTE DOS BOCAS,5,false,false,9,H,ND,2,0,N,N,25,24,0,0,true,1,2,CAMIONETA,ND,ND,1,1,1028,Robo de autopartes y cristalazo,-102.26339477,21.92648000
190795305,30411,7,2019-07-17,3,6,13,5,FRACCIONAMIENTO,PASEOS DE LAS HACIENDAS,213P,CALLE,PASEOS DEL ALAMO,NA,"234,,,",AVENIDA,PASEOS DEL UPALA,AVENIDA,PASEOS DE LA HACIENDA PRIMAVERA,CALLE,PASEOS DE LA HIGUERA,7,false,false,9,ND,ND,0,0,N,N,27,11,0,2000,true,1,2,CAMION,ND,ND,1,1,1029,Robo de autopartes y cristalazo,-102.34306689,21.99098827
190795350,30411,7,2019-07-17,3,7,1,1,FRACCIONAMIENTO,INSURGENTES,1046,CALLE,GENERAL FRANCISCO MURGUIA,NA,"208,,,",AVENIDA,DOCTOR MARIANO AZUELA,AVENIDA,CONVENCION,CALLE,GENERAL JESUS CARRANZA,2,false,false,9,ND,ND,0,0,N,N,16,"25,22,24",0,3500,false,1,2,CAMIONETA,DODGE,CARAVAN,1,1,1030,Robo de autopartes y cristalazo,-102.30373389,21.85137526
190796280,30403,7,2019-07-17,3,13,17,1,FRACCIONAMIENTO,VILLAS DE NUESTRA SEÑORA DE LA ASUNCION (SECTOR ENCINO),506,CALLE,FELIPE SERRANO,NA,"341,,,",CIRCUITO,HORTALIZAS,CIRCUITO,DE SAN MIGUEL,CIRCUITO,DE SAN MIGUEL,5,false,false,9,ND,ND,0,0,N,N,21,"22,26",0,8000,false,4,3,AUTOMOVIL,VOLKSWAGEN,DERBY,1,1,1031,Robo de autopartes y cristalazo,-102.26796456,21.92455981
190797958,30411,7,2019-07-17,3,21,52,1,FRACCIONAMIENTO,EMILIANO ZAPATA,585,CALLE,ANTONIO DIAZ SOTO Y GAMA,NA,",,,",CALLE,SIXTO VERDUZCO,CALLE,JOSE MARIA LICEAGA,CALLE,PROFESOR OTILIO E MONTAÑO,3,false,false,9,ND,ND,0,0,N,N,24,"26,3",0,5000,false,1,1,AUTOMOVIL,CHEVROLET,CHEVY,1,2,1032,Robo de autopartes y cristalazo,-102.25489718,21.85456299
190777318,30403,7,2019-07-12,5,20,44,1,FRACCIONAMIENTO,LOMAS DEL MIRADOR V,621,CALLE,LOMA HUASTECA,NA,",,,",CALLE,LOMA DEL SUR,CALLE,LOMA BRILLANTE,CALLE,LOMA DEL SUR,3,false,false,7,ND,ND,0,0,N,N,2,41,0,0,false,4,4,AUTOMOVIL,ND,ND,1,17,1033,Robo de autopartes y cristalazo,-102.26275475,21.84655003
190782706,30403,7,2019-07-07,7,1,54,5,FRACCIONAMIENTO,CAMINO REAL,137,CALLE,CAMINO DEL CAMPANARIO,NA,"325,,,",CALLE,CAMINO DEL RIO,CALLE,EL REFUGIO,CALLE,CAMINO REAL,7,false,false,9,ND,ND,0,0,N,N,25,41,0,0,false,4,4,AUTOMOVIL,NISSAN,MARCH,1,17,1034,Robo de autopartes y cristalazo,-102.32965551,21.94280595
190800290,30411,7,2019-07-18,4,16,20,1,FRACCIONAMIENTO,LUIS ORTEGA DOUGLAS,440,CALLE,EL PICACHO,NA,",,,",CALLE,EL TILIO,CALLE,LA PROVIDENCIA,CALLE,EL GIGANTE,5,false,false,9,ND,ND,0,0,N,N,27,22,0,700,false,1,2,AUTOMOVIL,VOLKSWAGEN,JETTA,1,1,1035,Robo de autopartes y cristalazo,-102.26054459,21.90947942
190800781,30411,7,2019-07-18,4,18,29,5,COMUNIDAD,VALLADOLID,193PR,CARRETERA,18 JESUS MARIA-PALOMAS,NA,",,,",NA,NA,NA,NA,NA,NA,7,false,false,9,ND,ND,0,0,N,N,27,"22,24,23,38",0,25000,false,1,3,AUTOMOVIL,HONDA,ND,1,1,1036,Robo de autopartes y cristalazo,-102.31486273,22.03101952
190801248,30403,7,2019-07-18,4,20,9,1,FRACCIONAMIENTO,SANTA ELENA,1105,AVENIDA,IGNACIO T CHAVEZ,NA,",,,",CALLE,MEDELLIN,AVENIDA,CONVENICON DE 1914 SUR,CALLE,REPUBLICA DE BELICE,2,false,false,9,ND,ND,0,0,N,N,27,41,0,0,false,4,4,AUTOMOVIL,ND,ND,1,2,1037,Robo de autopartes y cristalazo,-102.30797800,21.86904536
190829477,30411,7,2019-07-26,5,13,29,1,FRACCIONAMIENTO,ESPAÑA,1052,AVENIDA,DE LOS MAESTROS,NA,",,,",CALLE,SEGOVIA,CALLE,SORIA,CALLE,ESPAÑA,2,true,false,9,H,ND,1,0,N,N,21,38,0,0,true,3,1,AUTOMOVIL,VOLKSWAGEN,BORA,1,4,1038,Robo de autopartes y cristalazo,-102.31043300,21.86546133
190802399,30411,7,2019-07-19,5,4,8,1,FRACCIONAMIENTO,NATURA,699,CIRCUITO,GACELA,NA,"224,,,",AVENIDA,FEDERICO MENDEZ,AVENIDA,JESUS GARCIA CORONA,NINGUNO,NINGUNO,5,true,false,9,H,ND,0,0,N,N,26,"11,38",0,0,true,2,1,CAMIONETA,ND,ND,1,10,1039,Robo de autopartes y cristalazo,-102.25587365,21.93494195
190802432,30411,7,2019-07-19,5,4,44,1,FRACCIONAMIENTO,LOMA DE LA ASUNCION,485,CALLE,ALFONSO VAZQUEZ,NA,"109,,,",CALLE,ACEQUIA REAL,CALLE,JUAN LOPEZ ELIZALDE,CALLE,EL MIXTON,5,false,false,9,ND,ND,0,0,N,N,22,"26,12,28,27",600,900,false,1,1,AUTOMOVIL,NISSAN,TSURU,1,6,1040,Robo de autopartes y cristalazo,-102.26172783,21.92454231
190803411,30411,7,2019-07-19,5,12,57,1,SIN TIPO,TEATRO AGUASCALIENTES,945,AVENIDA,AGUASCALIENTES SUR,NA,",,,",AVENIDA,DEL PARQUE,BOULEVARD,JOSE MARIA CHAVEZ,AVENIDA,SIGLO XXI,3,false,false,9,ND,ND,0,0,N,N,9,"26,3",0,0,false,1,1,AUTOMOVIL,HYUNDAI,VERSA,1,1,1041,Robo de autopartes y cristalazo,-102.29219309,21.85789180
190803572,30403,7,2019-07-19,5,13,41,1,FRACCIONAMIENTO,LA FUENTE,1061,CALLE,CAMELIAS,NA,",,,",CALLE,VALPARAISO,AVENIDA,IGNACIO T CHAVEZ,CALLE,VALPARAISO,2,false,false,9,ND,ND,0,0,N,N,9,41,0,0,false,4,4,AUTOMOVIL,VOLKSWAGEN,GOL,1,1,1042,Robo de autopartes y cristalazo,-102.30294978,21.87211982
190804300,30403,7,2019-07-19,5,16,41,1,FRACCIONAMIENTO,SANTA IMELDA,1038,AVENIDA,DEL PORVENIR,NA,",,,",CERRADA,NINGUNO,CERRADA,DE LOS LAURELES PONIENTE,CALLE,PERSEA,2,false,false,9,"H,M",ND,0,0,AUTOMOVIL,"STRATUS, PLATA",22,"26,38",0,3000,false,4,1,AUTOMOVIL,HONDA,CITY,1,1,1043,Robo de autopartes y cristalazo,-102.32463930,21.86690429
190804932,30411,7,2019-07-19,5,20,13,1,FRACCIONAMIENTO,JARDINES DE LA ASUNCION,991,CALLE,HERNANDO MARTELL,NA,",,,",AVENIDA,CONVENICON DE 1914 SUR,CALLE,PASEO JUAND E TOLOSA,CALLE,JUAN B OROZCO,3,false,false,9,ND,ND,0,0,N,N,23,24,0,0,false,1,2,CAMIONETA,FORD,WINSTAR,1,1,1044,Robo de autopartes y cristalazo,-102.29323736,21.86528332
190804979,30411,7,2019-07-19,5,20,31,1,FRACCIONAMIENTO,LA FUENTE,1061,CALLE,BOGOTA,NA,"211,,,",CALLE,REPUBLICA DE CHILE,CALLE,REPUBLICA DE URUGUAY,CALLE,BRASILIA,2,false,false,9,ND,ND,0,0,ND,ND,27,"22,24,11",0,20000,false,1,2,CAMIONETA,FORD,EXPEDITION,1,1,1045,Robo de autopartes y cristalazo,-102.30011261,21.87108043
190805257,30403,7,2019-07-19,5,22,1,1,FRACCIONAMIENTO,MIRADOR DE LAS CULTURAS II,494,CALLE,LOMA DE LAS CALANDRIAS 105,NA,",,,",CALLE,LOMA DE LAS CALANDRIAS,CALLE,NINGUNO,CALLE,CULTURA NAZCA 412,5,false,false,9,ND,ND,0,0,N,N,24,22,0,0,false,4,2,AUTOMOVIL,VOLKSWAGEN,POINTER,1,1,1046,Robo de autopartes y cristalazo,-102.24382838,21.91404566
190806020,30403,7,2019-07-20,6,3,5,1,FRACCIONAMIENTO,PASEOS DE SAN ANTONIO,324P,CALLE,BIZANCIO,NA,"115,A,,",AVENIDA,DE LA PRESAS,CALLE,CORINTIO,CALLE,LIVORNO,3,false,false,9,ND,ND,0,0,N,N,26,41,0,0,false,4,4,AUTOMOVIL,CHEVROLET,BEAT,1,1,1047,Robo de autopartes y cristalazo,-102.26657530,21.81122696
190807528,30411,7,2019-07-20,6,15,48,1,SIN TIPO,PARQUE FUNERAL JARDINES ETERNOS 2A SECCION,669,CALLE,PASEO DEL RIO,NA,",,,",CALLE,DELFINO ARAUJO,AVENIDA,AGUASCALIENTES PONIENTE,PRIVADA,NINGUNO,6,false,false,9,ND,ND,0,0,N,N,27,"22,23,24",0,7000,false,1,2,CAMIONETA,CHEVROLET,BLAZER,1,1,1048,Robo de autopartes y cristalazo,-102.31726215,21.88813280
190808754,30411,7,2019-07-20,6,21,37,1,FRACCIONAMIENTO,LAS AMERICAS (DELEGACION INSURGENTES),406,CALLE,REPUBLICA DE GUATEMALA,NA,"312,,,",CALLE,REPUBLICA DE CHILE,CALLE,REPUBLICA DE URUGUAY,CALLE,REPUBLICA DE PARAGUAY,2,false,false,9,ND,ND,0,0,N,N,27,24,0,0,false,1,2,CAMIONETA,CHEVROLET,ND,1,1,1049,Robo de autopartes y cristalazo,-102.30158748,21.86582411
190810100,30403,7,2019-07-21,7,6,48,1,FRACCIONAMIENTO,LOMAS DEL AJEDREZ,380,CALLE,DE LA ESTRATEGIA,NA,",,,",CALLE,DIAGONAL ALFIL,PRIVADA,VILLA DEL CABALLO,AVENIDA,POLIDUCTO,3,false,false,9,H,ND,0,0,N,N,19,41,0,0,false,4,4,CAMIONETA,MITSUBISHI,ND,1,1,1050,Robo de autopartes y cristalazo,-102.25398783,21.84463787
190810683,30411,7,2019-07-21,7,12,11,1,FRACCIONAMIENTO,CERRO ALTO,456,PRIVADA,CARLOS MERIDA,NA,",,,",NINGUNO,NINGUNO,AVENIDA,SIGLO XXI,PRIVADA,FRANCISCO TOLEDO,5,false,false,9,ND,ND,0,0,N,N,21,38,0,0,false,1,1,CAMIONETA,VOLKSWAGEN,COMBI,1,1,1051,Robo de autopartes y cristalazo,-102.26203839,21.91658285
190810732,30411,7,2019-07-21,7,12,30,1,FRACCIONAMIENTO,MORELOS,616,ANDADOR,PRIMER BONAMPAK,NA,",,,",CALLE,NINGUNO,CALLE,BONAMPAK,ANDADOR,SEGUNDA PLAZA BONAMPAK,3,false,false,9,ND,ND,0,0,N,N,21,24,0,800,false,1,2,AUTOMOVIL,NISSAN,TSURU,1,2,1052,Robo de autopartes y cristalazo,-102.25661250,21.86190759
190811799,30403,7,2019-07-21,7,17,47,5,COLONIA,EL LLANO,118,CALLE,ADOLFO LOPEZ MATEOS,NA,",,,",CALLE,NINGUNO,CALLE,NINGUNO,CALLE,GUSTAVO DIAZ ORDAZ,7,false,false,9,ND,ND,0,0,N,N,27,"26,6,27,28",1000,10000,false,4,1,CAMIONETA,NISSAN,FRONTIER,1,1,1053,Robo de autopartes y cristalazo,-102.30858653,21.94237257
190812776,30411,7,2019-07-21,7,23,0,11,FRACCIONAMIENTO,LA RIBERA,350P,CALLE,SAHUAYO,NA,",,,",AVENIDA,RIVERA DE CHAPALA,AVENIDA,RIO VERDE,CALLE,SAYULA,7,false,false,9,H,ND,0,0,N,N,24,11,0,300,false,1,2,AUTOMOVIL,CHEVROLET,CHEVY,1,1,1054,Robo de autopartes y cristalazo,-102.25624880,21.95786170
190813367,30411,7,2019-07-22,1,3,18,5,FRACCIONAMIENTO,SOLAR DE JONACATIQUE,205,CALLE,DOMINGO DE LIMA,NA,"238,,,",AVENIDA,SOLIDARIDAD,CALLE,ALVARO OBREGON,CALLE,NINGUNO,7,false,false,9,ND,ND,0,0,N,N,27,22,0,0,false,1,2,AUTOMOVIL,VOLKSWAGEN,POINTER,1,1,1055,Robo de autopartes y cristalazo,-102.35343959,21.97295812
190815863,30411,7,2019-07-22,1,19,22,11,FRACCIONAMIENTO,URBIVILLA DEL VERGEL,348P,AMPLIACION,SAN DONATO,NA,"219,,,",AMPLIACION,CALZADA SANTA FE,AMPLIACION,SAN JERONIMO,AMPLIACION,SAN EDUARDO,7,false,false,9,ND,ND,0,0,N,N,22,38,0,24000,false,3,1,CAMION,ND,ND,1,2,1056,Robo de autopartes y cristalazo,-102.27674300,22.02950477
190817285,30411,7,2019-07-23,2,7,47,1,FRACCIONAMIENTO,MIRADOR DE LAS CULTURAS,494,CALLE,LOMA DEL CARDENAL,NA,",,,",CALLE,LOMA DEL CARDENAL,PRIVADA,CULTURA TARASCA,CALLE,CULTURA TOTONACA,5,false,false,9,ND,ND,0,0,N,N,27,24,0,0,false,1,2,CAMION,ND,ND,1,2,1057,Robo de autopartes y cristalazo,-102.24273990,21.91154618
190821513,30403,7,2019-07-24,3,11,34,7,RANCHO,AGROEXPLOTACIONES RINCON,246PR,LIBRAMIENTO,LIBRAMIENTO RINCON DE ROMOS,NA,",,,",NA,NA,NA,NA,NA,NA,7,false,false,9,ND,ND,0,0,N,N,26,"22,24",0,3500,false,4,2,CAMIONETA,NISSAN,ESTACAS,1,1,1058,Robo de autopartes y cristalazo,-102.29404566,22.20065758
190823223,30411,7,2019-07-24,3,20,2,1,FRACCIONAMIENTO,JOSE LOPEZ PORTILLO,955,AVENIDA,DE LOS MAESTROS,NA,",,,",CALLE,JOSE MARIA BOCANEGRA,CALLE,RICARDO GARCIA MENDOZA,CALLE,GERRADO MURILLO,2,true,false,9,H,ND,0,0,N,N,23,22,0,0,false,1,2,AUTOMOVIL,VOLKSWAGEN,JETTA,1,2,1059,Robo de autopartes y cristalazo,-102.31823995,21.85199487
190823545,30411,7,2019-07-24,3,21,13,1,FRACCIONAMIENTO,CASASOLIDA,689,CALLE,CERRO ROSARIO,NA,",,,",AVENIDA,FAISAN,CALLE,CERRO TLALOC,CALLE,VOLCAN TACANA,2,false,false,9,ND,ND,0,0,N,N,23,6,0,6000,false,3,1,CAMIONETA,NISSAN,ND,1,1,1060,Robo de autopartes y cristalazo,-102.29743158,21.83355574
190824999,30411,7,2019-07-25,4,10,31,1,FRACCIONAMIENTO,MORELOS,616,CALLE,LOLTUN,NA,",,,",AVENIDA,AGUASCALIENTES SUR,CALLE,KABAH,CALLE,SEGUNDA PLAZA KABAH,3,false,false,9,ND,ND,0,0,N,N,27,"12,38",0,0,false,1,1,AUTOMOVIL,VOLKSWAGEN,POINTER,1,6,1061,Robo de autopartes y cristalazo,-102.25736962,21.85870464
190825475,30403,7,2019-07-25,4,12,57,1,UNIDAD HABITACIONAL,LOS VOLCANES,592,CALLE,CITLALTEPEC,NA,",,,",CALLE,IZTACCIHUATL,ANDADOR,NINGUNO,ANDADOR,NINGUNO,3,false,false,9,ND,ND,0,0,N,N,21,41,0,0,false,4,4,AUTOMOVIL,ND,ND,1,2,1062,Robo de autopartes y cristalazo,-102.26868325,21.87692286
190827238,30403,7,2019-07-25,4,20,56,1,SIN TIPO,DESARROLLO 115 (INEGI),998,AVENIDA,AGUASCALIENTES SUR,NA,",,,",AVENIDA,HEROE DE NACOZARI SUR,CALLE,HOSTAL DE LAS CAMELIAS,CALLE,INEGI,3,false,false,9,"H,H",ND,0,0,AUTOMOVIL,"NEON, BLANCO",23,39,0,0,false,4,1,CAMIONETA,ND,ND,1,1,1063,Robo de autopartes y cristalazo,-102.28315984,21.85987893
190828261,30411,7,2019-07-26,5,5,40,11,SIN TIPO,EX VIÑEDOS GUADALUPE,1,CALLE,VIÑEDOS SANTA RITA,NA,"143,,,",CALLE,VIÑEDOS SAN MARCOS,AVENIDA,CONSTITUCION,CALLE,VIÑEDOS SAN FERNANDO,7,false,false,9,H,VECINO,0,0,N,N,26,"22,23",0,5000,false,1,2,CAMIONETA,CHEVROLET,TAHOE,1,1,1064,Robo de autopartes y cristalazo,-102.27380375,21.95758142
190828596,30411,7,2019-07-26,5,9,20,3,COMUNIDAD,CRUCERO LAS PILAS,917,AVENIDA,MIGUEL HIDALGO,NA,",,,",CALLE,ALLENDE,CALLE,MIGUEL HIDALGO,CALLE,RAYON,7,false,false,9,ALFREDO,EL DUENDE,0,0,N,N,16,23,0,0,false,1,2,AUTOMOVIL,HONDA,ACCORD,1,2,1065,Robo de autopartes y cristalazo,-102.76134394,21.82658932
190830143,30411,7,2019-07-26,5,16,22,1,COLONIA,PRIMAVERA,914,CALLE,SARGENTO LIBERATO SANTA CRUZ,NA,",,,",CALLE,INDEPENDENCIA DE MEXICO,CALLE,GENERAL JOSE MARIA ARTEAGA,CALLE,GRAN AVENIDA,1,false,false,9,ND,ND,0,0,N,N,3,"38,26,28",45000,45000,false,1,1,AUTOMOVIL,CHEVROLET,SPARK,1,1,1066,Robo de autopartes y cristalazo,-102.29054476,21.89029915
190831301,30411,7,2019-07-26,5,21,48,1,SIN TIPO,DESARROLLO 79 (LADO FRACC LA CONCORDIA),671,CALLE,MIRAFLORES,NA,",,,",AVENIDA,CONVENCION DE 1914 PONIENTE,CALLE,MONTEBELLO,AVENIDA,DE LOS ARELLANO,6,false,false,9,ND,ND,0,0,N,N,27,"26,27",0,0,false,1,1,AUTOMOVIL,CHEVROLET,BEAT,1,1,1067,Robo de autopartes y cristalazo,-102.31275176,21.88863513
190832087,30411,7,2019-07-27,6,2,13,5,COMUNIDAD,MARAVILLAS,183P,AVENIDA,GUADALUPE,NA,",,,",CALLE,LOS ROMO,PRIVADA,FRANCISCO VILLA,CALLE,LAS FLORES,7,false,false,9,ND,ND,0,0,N,N,27,"3,6,26",0,15000,false,1,1,AUTOMOVIL,CHEVROLET,BEAT,1,1,1068,Robo de autopartes y cristalazo,-102.33179700,21.95207095
190832193,30411,7,2019-07-27,6,2,51,1,FRACCIONAMIENTO,OJOCALIENTE FOVISSSTE II,395,CALLE,CERRO DEL TEPEYAC,NA,"111,,,",CALLE,CERRO DEL AJUSCO,CALLE,CERRO DE LA JOYA,CIRCUITO,TRES,3,false,false,9,ND,ND,0,0,N,N,15,"24,12,26",0,1600,false,1,3,AUTOMOVIL,DODGE,NEON,1,6,1069,Robo de autopartes y cristalazo,-102.26198903,21.87169031
190832194,30403,7,2019-07-27,6,2,51,5,FRACCIONAMIENTO,LOMAS DEL VALLE,168,CALLE,VALLE VERDE,NA,"110,,,",CALLE,LOPEZ MATEOS,CALLE,CARMEN BRISEÑO,CALLE,VALLE DE BRAVO,7,false,false,9,"H,H",ND,0,0,MOTOCICLETA,N,27,41,0,0,false,4,4,CAMIONETA,NISSAN,ND,1,2,1070,Robo de autopartes y cristalazo,-102.34339900,21.95495759
190832230,30411,7,2019-07-27,6,3,5,1,SIN TIPO,DESARROLLO 130 (AUTO TIANGUIS),978,BOULEVARD,JOSE MARIA CHAVEZ,NA,",,,",CALLE,NINGUNO,AVENIDA,SIGLO XXI,AVENIDA,MAHATMA GANDHI,2,true,false,9,H,ND,0,0,N,N,26,38,0,0,false,2,2,CAMION,ND,ND,1,1,1071,Robo de autopartes y cristalazo,-102.28956753,21.83476195
190833854,30403,7,2019-07-27,6,15,23,1,FRACCIONAMIENTO,LOMAS DE SANTA ANITA,478,CALLE,AVENIDA PARQUE VIA,NA,"245,,,",AVENIDA,SIGLO XIX,CALLE,DAVID ALFARO SIQUEIROS,CALLE,DIEGO RIVERA,4,false,false,9,ND,ND,0,0,N,N,18,23,0,0,false,4,2,AUTOMOVIL,FORD,CONTUR,1,1,1072,Robo de autopartes y cristalazo,-102.26882514,21.89327568
190834318,30403,7,2019-07-27,6,17,37,5,FRACCIONAMIENTO,LOMAS DE LOS VERGELES,342P,AVENIDA,JESUS MARIA,NA,",,,",AVENIDA,NORIA,PRIVADA,RINCONADA BUGAMBILIAS,CALLE,NINGUNO,7,false,false,9,ND,ND,0,0,AUTOMOVIL,"HONDA, BLANCO",22,"6,38",0,20000,false,4,1,AUTOMOVIL,VOLKSWAGEN,BORA,1,2,1073,Robo de autopartes y cristalazo,-102.34049583,21.93079060
190836766,30411,7,2019-07-28,7,4,51,5,SIN TIPO,CORRAL DE BARRANCOS,142,CALLE,LOS NARANJOS,NA,",,,",CALLE,LOS NARANJOS,PRIVADA,MIGUEL DE LA MADRID,BOULEVARD,LICENCIADO MIGUEL DE LA MADRID,7,false,false,9,H,ND,0,0,N,N,27,"22,24,38",0,8000,false,1,2,AUTOMOVIL,ND,ND,1,1,1074,Robo de autopartes y cristalazo,-102.33296790,21.95200705
190837900,30411,7,2019-07-28,7,14,20,1,COLONIA,LAS FLORES,1072,CALLE,AZALEAS,NA,"116,,,",CALLE,LOS LAURELES,AVENIDA,DE LAS ORQUIDEAS,CALLE,CAMELIAS,2,false,false,9,H,VECINO,0,0,N,N,21,"26,28",10000,10000,false,1,1,CAMIONETA,JEEP,GRAND CHEROKEE,1,1,1075,Robo de autopartes y cristalazo,-102.30450978,21.87418422
190838264,30403,7,2019-07-28,7,16,3,1,FRACCIONAMIENTO,LINDAVISTA,407,CALLE,MIGUEL CALDERA,NA,",,,",CALLE,JARDIN DEL ESTUDIANTE,AVENIDA,CONVENCION DE 1914 SUR,CALLE,DIEGO DE IBARRA,3,false,false,9,ND,ND,0,0,N,N,22,41,0,0,false,4,4,CAMIONETA,ND,ND,1,7,1076,Robo de autopartes y cristalazo,-102.29101662,21.86594012
190839616,30411,7,2019-07-28,7,22,27,1,FRACCIONAMIENTO,JOSE LOPEZ PORTILLO,955,CALLE,CORONEL JOSE RINCON GALLARDO,NA,"1503,,,",CALLE,CORONEL JOSE RINCON GALLARDO,CALLE,CORONEL VALENTE ARTEAGA,CALLE,RICARDO GARCIA MENDOZA,2,false,false,9,ND,ND,0,0,N,N,27,"22,28",300,300,false,1,3,AUTOMOVIL,NISSAN,TSURU,1,1,1077,Robo de autopartes y cristalazo,-102.32593619,21.85456555
190840872,30403,7,2019-07-29,1,11,1,5,CONDOMINIO,TULIPANES,159,AVENIDA,EUGENIO GARZA SADA,NA,",,,",CALLE,NINGUNO,AVENIDA,TULIPANES,CALLE,FLORES,7,false,false,9,ND,ND,0,0,N,N,27,22,0,0,false,4,2,AUTOMOVIL,CHEVROLET,CHEVY,1,4,1078,Robo de autopartes y cristalazo,-102.34347011,21.94710767
190841854,30411,7,2019-07-29,1,15,39,1,FRACCIONAMIENTO,BULEVAR,733,CALLE,JOSE ARMANDO,NA,",,,",CALLE,ALFONSO HUMBERTO,CALLE,LUIS ADOLFO,CALLE,HERNAN GONZALEZ,3,false,false,9,ND,ND,0,0,N,N,27,24,0,0,false,1,2,CAMIONETA,FORD,ESCORD,1,1,1079,Robo de autopartes y cristalazo,-102.29362200,21.86894599
190843411,30403,7,2019-07-29,1,22,59,1,FRACCIONAMIENTO,LAS ARBOLEDAS,758,CALLE,JACARANDAS,NA,"309,,,",CALLE,MARGIL DE JESUS,AVENIDA,CONVENCION DE 1914 NORTE,CALLE,EUCALIPTO,6,false,false,9,ND,ND,0,0,N,N,27,41,0,0,false,4,4,CAMIONETA,TOYOTA,ND,1,1,1080,Robo de autopartes y cristalazo,-102.30331066,21.89847174
190843899,30403,7,2019-07-30,2,4,26,1,FRACCIONAMIENTO,OJOCALIENTE I,741,CALLE,PALO ALTO,NA,"401,,,",CALLE,EL SALTO DE LOS SALADO,AVENIDA,OJOCALIENTE,CALLE,PEÑUELAS,4,false,false,9,ND,ND,0,0,N,N,26,23,0,7000,false,4,2,AUTOMOVIL,VOLKSWAGEN,JETTA,1,1,1081,Robo de autopartes y cristalazo,-102.25564015,21.88578049
190844496,30411,7,2019-07-30,2,10,59,1,FRACCIONAMIENTO,EJIDO LAS CUMBRES,403,CALLE,CARLOS A MADRAZO,NA,",,,",CALLE,SIERRA DE SAN BERNARDINO,AVENIDA,SIGLO XXI,BOULEVARD,GUADALUPANO,5,false,false,9,ND,ND,0,0,N,N,27,24,0,0,false,1,2,AUTOMOVIL,NISSAN,TSURU,1,1,1082,Robo de autopartes y cristalazo,-102.25565072,21.90907143
190845673,30411,7,2019-07-30,2,16,18,1,FRACCIONAMIENTO,CIUDAD INDUSTRIAL,982,CALLE,ALFONSO BERNAL SANTOS C-6N,NA,",,,",AVENIDA,SIGLO XXI,CALLE,JESUS RIVERA FRANCO,CALLE,FILEMON ALONSO MUÑOZ C-10N,3,false,false,9,ND,ND,0,0,N,N,9,"24,26,12",0,5000,false,3,3,CAMIONETA,FORD,ND,1,1,1083,Robo de autopartes y cristalazo,-102.28810036,21.84174478
190845802,30411,7,2019-07-30,2,16,49,1,CONDOMINIO,SAN JOSE DE POZO BRAVO,693,AVENIDA,CONSTITUCION,NA,",,,",AVENIDA,SAN JOSE DE POZO BRAVO,CALLE,PALMA BUTIA,CALLE,PANFILO NATERA,5,false,false,9,AUTOLAVADO,AUTOLAVADO,0,0,N,N,22,38,0,0,false,3,1,AUTOMOVIL,HONDA,CIVIC,1,6,1084,Robo de autopartes y cristalazo,-102.28070880,21.93813828
190851879,30403,8,2019-08-01,4,0,16,1,CONDOMINIO,TROJES DE SAN AGUSTIN I,928,BOULEVARD,JUAN PABLO II,NA,",,,",CALLE,NINGUNO,CALLE,PASEO DE SAN AGUSTIN,PRIVADA,SAN AGUSTIN,2,false,false,9,ND,ND,0,0,N,N,27,"26,27",0,0,false,4,1,CAMIONETA,ND,ND,1,1,1085,Robo de autopartes y cristalazo,-102.34091322,21.85913165
190852798,30411,8,2019-08-01,4,10,30,1,FRACCIONAMIENTO,TROJES DEL COBANO,517,CALLE,LAGO CUITZEO,NA,"138,,,",CALLE,TAMARINDO,CALLE,LAGO AZUL,CALLE,LAGO AZUL,5,false,false,9,ND,ND,0,0,N,N,6,22,0,1500,false,1,2,AUTOMOVIL,ND,ND,1,1,1086,Robo de autopartes y cristalazo,-102.27833594,21.90978906
199085480,30411,8,2019-08-01,4,20,11,1,SIN TIPO,ISLA SAN MARCOS,943,BOULEVARD,SAN MARCOS,NA,",,,",CALLE,NINGUNO,CALLE,AMAPOLAS,CALLE,NINGUNO,2,false,false,9,ND,ND,0,0,N,N,14,"3,6,26,27,28",0,30000,false,1,1,AUTOMOVIL,HONDA,CIVIC,1,1,1087,Robo de autopartes y cristalazo,-102.32211611,21.86413862
190856033,30403,8,2019-08-02,5,5,9,1,FRACCIONAMIENTO,LOMAS DE SANTA ANITA,478,CALLE,GUTIERREZ DE CETINA,NA,"104,,,",CALLE,JUANA DE ASBAJE,CALLE,LUIS COLOMA,AVENDIA,JOSE H ESCOBEDO,4,false,false,9,ND,ND,0,0,N,N,27,41,0,0,false,4,4,CAMIONETA,CHEVROLET,SUBURBAN,1,6,1088,Robo de autopartes y cristalazo,-102.27361071,21.89330762
190857891,30411,8,2019-08-02,5,16,34,1,CONDOMINIO,CENTRO COMERCIAL Y RESIDENCIAL ALTARIA,358,CALLE,NINGUNO,NA,",,,",BOULEVARD,A ZACATECAS,CALLE,NINGUNO,CALLE,NINGUNO,5,false,false,9,ND,ND,0,0,N,N,9,38,0,0,false,3,2,CAMIONETA,ND,ND,1,1,1089,Robo de autopartes y cristalazo,-102.29014233,21.92686786
190859038,30411,8,2019-08-02,5,21,31,1,FRACCIONAMIENTO,VALLE DORADO,1049,CALLE,REPUBLICA MEXICANA,NA,",,,",CALLE,REPUBLICA DEL PERU,CALLE,REPUBLICA MEXICANA,CALLE,REPUBLICA DEL SALVADOR,2,false,false,9,ND,ND,0,0,N,N,23,"26,6",0,2000,false,3,1,AUTOMOVIL,CHEVROLET,AVEO,1,1,1090,Robo de autopartes y cristalazo,-102.30694378,21.86490875
190859050,30403,8,2019-08-02,5,21,36,1,COLONIA,OBRAJE,987,CALLE,IGNACIO T CHAVEZ,NA,",,,",BOULEVARD,JOSE MARIA CHAVEZ,CALLE,GALEANA SUR,CALLE,PIMENTEL,1,false,false,9,ND,ND,0,0,N,N,27,41,0,0,false,4,4,CAMIONETA,PEUGEOT,PARTNER,1,1,1091,Robo de autopartes y cristalazo,-102.29512017,21.87557154
190862944,30403,8,2019-08-03,6,21,50,5,COMUNIDAD,GENERAL IGNACIO ZARAGOZA (VENADERO),177PR,CARRETERA,70 AGUASCALIENTES-JALPA,NA,",,,",NA,NA,NA,NA,NA,NA,7,false,false,9,ND,ND,0,0,N,N,14,3,0,0,false,4,1,AUTOMOVIL,ND,ND,1,6,1092,Robo de autopartes y cristalazo,-102.47818190,21.88657222
190862922,30403,8,2019-08-03,6,21,50,5,COMUNIDAD,GENERAL IGNACIO ZARAGOZA (VENADERO),177PR,CARRETERA,70 AGUASCALIENTES-JALPA,NA,",,,",NA,NA,NA,NA,NA,NA,7,false,false,9,ND,ND,0,0,N,N,14,26,0,0,false,4,1,AUTOMOVIL,ND,ND,1,6,1093,Robo de autopartes y cristalazo,-102.47798629,21.88660327
190862922,30403,8,2019-08-03,6,21,50,5,COMUNIDAD,GENERAL IGNACIO ZARAGOZA (VENADERO),177PR,CARRETERA,70 AGUASCALIENTES-JALPA,NA,",,,",NA,NA,NA,NA,NA,NA,7,false,false,9,ND,ND,0,0,N,N,14,26,0,0,false,4,1,AUTOMOVIL,ND,ND,1,6,1094,Robo de autopartes y cristalazo,-102.47850820,21.88660164
190862922,30403,8,2019-08-03,6,21,50,5,COMUNIDAD,GENERAL IGNACIO ZARAGOZA (VENADERO),177PR,CARRETERA,70 AGUASCALIENTES-JALPA,NA,",,,",NA,NA,NA,NA,NA,NA,7,false,false,9,ND,ND,0,0,N,N,14,38,0,0,false,4,1,AUTOMOVIL,ND,ND,1,6,1095,Robo de autopartes y cristalazo,-102.47782342,21.88666466
190862922,30403,8,2019-08-03,6,21,50,5,COMUNIDAD,GENERAL IGNACIO ZARAGOZA (VENADERO),177PR,CARRETERA,70 AGUASCALIENTES-JALPA,NA,",,,",NA,NA,NA,NA,NA,NA,7,false,false,9,ND,ND,0,0,N,N,14,38,0,0,false,4,1,AUTOMOVIL,ND,ND,1,6,1096,Robo de autopartes y cristalazo,-102.47880210,21.88669206
190863944,30411,8,2019-08-04,7,2,51,1,FRACCIONAMIENTO,VILLAS DE NUESTRA SEÑORA DE LA ASUNCION (SECTOR GUADALUPE),402,CALLE,TEOFILO ROMO LOPEZ,NA,"215,,,",CALLE,CELIA MARIA MARTINEZ,CALLE,JESUS FOMEZ LUNA,CALLE,FELIPE DE UREÑA,5,false,false,9,H,ND,0,0,N,N,27,22,0,2000,false,1,2,AUTOMOVIL,VOLKSWAGEN,GOLF,1,2,1097,Robo de autopartes y cristalazo,-102.25443837,21.93109905
190864087,30411,8,2019-08-04,7,3,34,1,FRACCIONAMIENTO,RODOLFO LANDEROS GALLEGOS,459,CALLE,JUAN S GARRIDO,NA,"142,,,",AVENIDA,OJOCALIENTE,CALLE,MARIA LUISA MIER,AVENIDA,RODOLFO LANDEROS GALLEGOS,4,false,false,9,ND,ND,0,0,N,N,27,23,0,0,false,1,2,AUTOMOVIL,ND,ND,1,2,1098,Robo de autopartes y cristalazo,-102.25766137,21.90060430
190864631,30403,8,2019-08-04,7,8,17,1,FRACCIONAMIENTO,EMILIANO ZAPATA,585,CALLE,SIXTO VERDUZCO,NA,"324,,,",CALLE,ANTONIO DIAZ SOTO Y GAMA,CALLE,PROFESOR OTILIO E MONTAÑO,CALLE,MARIANO JIMENEZ,3,false,false,9,H,VECINO,1,0,N,N,6,3,0,2000,true,4,1,AUTOMOVIL,NISSAN,ND,1,4,1099,Robo de autopartes y cristalazo,-102.25429202,21.85481068
190864701,30411,8,2019-08-04,7,9,4,1,DESARROLLO ESPECIAL,PARQUE ECOLOGICO DE MEXICO,438,AVENIDA,PENSADORES MEXICANOS,NA,",,,",AVENIDA,AGUASCALIENTES ORIENTE,AVENIDA,OJOCALIENTE,AVENIDA,ALCALDES,5,false,false,9,"H,H",ND,0,0,MOTOCICLETA,ND,19,24,0,0,false,1,2,AUTOMOVIL,NISSAN,SENTRA,1,2,1100,Robo de autopartes y cristalazo,-102.27057858,21.90997354
190865065,30403,8,2019-08-04,7,11,39,1,FRACCIONAMIENTO,CASA BLANCA,553,CALLE,VIVERO DEL JAZMIN,NA,"103,,,",PRIVADA,CASA BLANCA,CALLE,TULA,CALLE,VIVERO DE LA FLORESTA,3,false,false,9,ND,ND,0,0,N,N,27,27,0,0,false,4,1,CAMION,ND,ND,1,1,1101,Robo de autopartes y cristalazo,-102.27724512,21.85464878
190845876,30411,7,2019-07-30,2,17,10,1,FRACCIONAMIENTO,VILLAS DE NUESTRA SEÑORA DE LA ASUNCION (SECTOR ALAMEDA),516,CALLE,LUIS CHAVEZ,NA,"210,,,",CALLE,LUIS CJAVEZ,CALLE,ATANASIO RODRIGUEZ,CALLE,ISAAC DE LA PEÑA,5,false,false,9,ND,ND,0,0,N,N,3,38,0,0,false,2,1,CAMIONETA,FORD,RANGER,1,1,1102,Robo de autopartes y cristalazo,-102.26422777,21.93536835
190795112,30411,7,2019-07-17,3,2,17,1,FRACCIONAMIENTO,LOMAS DEL MIRADOR II,617,CALLE,LOMA AMARILLA,NA,"338,,,",CALLE,DE LA ALIANZA,AVENIDA,AJEDRECISTAS,CALLE,LOMA BLANCA,3,false,false,9,ND,ND,0,0,N,N,27,"38,12,11,28",70,70,false,1,1,AUTOMOVIL,HONDA,ACCORD,1,17,1103,Robo de autopartes y cristalazo,-102.25829348,21.84642398
190798491,30411,7,2019-07-18,4,1,46,1,FRACCIONAMIENTO,VILLAS DE NUESTRA SEÑORA DE LA ASUNCION (SECTOR GUADALUPE),402,CALLE,ERMITA DE SAN SEBASTIAN,NA,",,,",AVENIDA,POLIDUCTO,CALLE,JUAN VALDES DIAZ,CALLE,GERONIMO DE LA CUEVA,5,false,false,9,ND,ND,0,0,N,N,25,6,0,0,false,3,1,AUTOMOVIL,CHEVROLET,AVEO,1,1,1104,Robo de autopartes y cristalazo,-102.26169404,21.92914896
190804500,30411,7,2019-07-19,5,17,46,1,DESARROLLO ESPECIAL,TRES CENTURIAS ESPECIAL,753,AVENIDA,MANUEL GOMEZ MORIN,NA,",,,",CALLE,NORBERTO GOMEZ HORNEO,PRIVADA,NINGUNO,CALLE,FLORENCIA,4,false,false,9,ND,ND,0,0,N,N,22,"26,38",0,4000,false,1,1,CAMIONETA,NISSAN,URBAN,1,1,1105,Robo de autopartes y cristalazo,-102.28248400,21.89069162
190809690,30411,7,2019-07-21,7,2,48,11,FRACCIONAMIENTO,REVOLUCION,19,CALLE,MIGUEL HIDALGO Y COSTILLA,NA,"205,,,",CALLE,VICENTE GUERRERO,CALLE,INDEPENDENCIA,CALLE,ALDAMA,7,true,false,9,H,JUAN CARLOS ORTIZ HERNANDEZ,1,0,N,N,25,24,0,0,true,1,2,AUTOMOVIL,ND,ND,1,4,1106,Robo de autopartes y cristalazo,-102.27165990,22.07975436
190841128,30411,7,2019-07-29,1,12,35,1,FRACCIONAMIENTO,RODOLFO LANDEROS GALLEGOS,459,AVENIDA,SIGLO XXI,NA,",,,",CALLE,PAZ ROMO DE VIVAR,CALLE,PAULA DE J JIMENEZ DE YAÑEZ,CALLE,ALTAGRACIA REYES A,5,false,false,9,AUTOLAVADO,AUTOLAVADO,0,0,N,N,21,3,0,0,false,3,1,AUTOMOVIL,ND,ND,1,1,1107,Robo de autopartes y cristalazo,-102.25581360,21.90411285
190841440,30411,7,2019-07-29,1,13,51,1,FRACCIONAMIENTO,JOSE LOPEZ PORTILLO,955,CALLE,JOSE MARIA GONZALEZ BOCANEGRA,NA,",,,",CALLE,LICECNIADO EDUARDO RODRIGUEZ LARIZ,CALLE,CORONEL JOSE FERERO,CALLE,JOSE CALVILLO,2,false,false,9,ND,ND,0,0,N,N,21,"26,3,6",0,0,false,3,1,CAMIONETA,ND,ND,1,2,1108,Robo de autopartes y cristalazo,-102.32436502,21.85389553
190820927,30411,7,2019-07-24,3,6,28,1,COLONIA,FATIMA,1119,CALLE,LAGOS DE MORENO,NA,"118,,,",CALLE,LAGOS DE MORENO,CALLE,TEPATITLAN,CALLE,VALLE DE GUADALUPE,6,false,false,9,H,ND,0,0,N,N,19,38,0,1000,false,2,1,REMOLQUE,ND,ND,1,1,1109,Robo de autopartes y cristalazo,-102.30461373,21.91146034
190819970,30411,7,2019-07-23,2,21,7,1,FRACCIONAMIENTO,LOMAS DEL MIRADOR II,617,CALLE,LOMA AZUL,NA,",,,",CALLE,JUANA DE ARCO,CALLE,DE LA ALIANZA,CALLE,LOMA DORADA,3,false,false,9,ND,ND,0,0,N,N,5,39,0,0,false,1,1,AUTOMOVIL,ND,ND,1,17,1110,Robo de autopartes y cristalazo,-102.25751298,21.84838021
190823670,30411,7,2019-07-24,3,21,39,1,COLONIA,OBRAJE,987,CALLE,EPIFANIO DE SILVA,NA,"140,,,",CALLE,CORONEL VALENTE ARTEAGA,CALLE,GALEANA SUR,CERRADA,DE RAMOS,2,false,false,9,"H,H,H",ND,0,0,N,N,24,25,0,0,false,2,2,AUTOMOVIL,ND,ND,1,2,1111,Robo de autopartes y cristalazo,-102.29756644,21.87105521
190829304,30411,7,2019-07-26,5,12,45,1,FRACCIONAMIENTO,JARDINES DE LA CRUZ (DELEGACION CENTRO),610,CALLE,JACARANDAS,NA,",,,",CALLE,PETAL,AVENIDA,CONVENCION DE 1917 ORIENTE,CALLE,NINGUNO,3,true,false,9,H,ND,0,0,N,N,21,26,0,0,false,1,1,AUTOMOVIL,ND,ND,1,2,1112,Robo de autopartes y cristalazo,-102.27106359,21.87391407
190835120,30411,7,2019-07-27,6,21,21,1,FRACCIONAMIENTO,RESIDENCIAL SAN NICOLAS (BAÑOS LA CANTERA),2PR,AVENIDA,SIGLO XXI,NA,",,,",BOULEVARD,JUAN PABLO II,PROLONGACION,CONSTUTUCION,CALLE,NINGUNO,2,false,false,9,ND,ND,0,0,N,N,24,"26,12,28",2000,2000,false,3,1,AUTOMOVIL,CHEVROLET,SPARK,1,1,1113,Robo de autopartes y cristalazo,-102.35176735,21.85174670
190856189,30411,8,2019-08-02,5,7,25,1,COLONIA,MIRAVALLE,750,AVENIDA,CONVENCION DE 1914 PONIENTE,NA,",,,",CALLE,PEDRO GARCIA ROJAS,CALLE,AURELIO GONZALEZ,CALLE,RAFAEL QUEVEDO,6,true,false,9,H,ND,0,0,TRICICLO,TRICICLO,19,24,0,0,false,1,2,AUTOMOVIL,VOLKSWAGEN,JETTA,1,2,1114,Robo de autopartes y cristalazo,-102.31185027,21.89384069
190863244,30411,8,2019-08-03,6,23,38,11,PARQUE INDUSTRIAL,PARQUE INDUSTRIAL SAN FRANCISCO DE LOS ROMO,2PI,CARRETERA,45 AGUASCALIENTES-ZACATECAS,NA,",,,",NA,NA,NA,NA,NA,NA,7,false,false,9,H,ND,0,0,BICICLETA,BICICLETA,24,"26,28,3",5000,5000,false,1,1,TRAILER,ND,ND,1,1,1115,Robo de autopartes y cristalazo,-102.28035214,22.03682290
190859280,30403,8,2019-08-02,5,22,38,1,FRACCIONAMIENTO,SANTA ELENA,1062,CALLE,BAHIA,NA,"116,,,",CALLE,REPUBLICA DE CHILE,CALLE,REPUBLICA DE URUGUAY,CALLE,VALPARAISO,2,false,false,9,H,ND,1,0,N,N,24,41,0,0,false,4,4,AUTOMOVIL,CHEVROLET,CHEVY,1,4,1116,Robo de autopartes y cristalazo,-102.30045060,21.87205258
190868533,30403,8,2019-08-05,1,7,33,1,COLONIA,ZONA CENTRO,906,CALLE,JUAN DE MONTORO,NA,"427,,,",CALLE,COSIO SUR,CALLE,JOSEFA ORTIZ DE DOMINGUEZ,CALLE,FRANCISCO G HORNEDO,1,false,false,9,ND,ND,0,0,N,N,16,41,0,0,false,4,4,CAMIONETA,NISSAN,XTRAIL,1,1,1117,Robo de autopartes y cristalazo,-102.28874272,21.88195566
190871498,30403,8,2019-08-05,1,20,42,1,SIN TIPO,RODOLFO LANDEROS GALLEGOS,1002,BOULEVARD,JOSE MARIA CHAVEZ,NA,",,,",AVENIDA,AGUASCALIENTES SUR,AVENIDA,SIGLO XXI,AVENIDA,DEL PARQUE,3,false,false,9,ND,ND,0,0,N,N,27,41,0,0,false,4,4,AUTOMOVIL,NISSAN,SENTRA,1,1,1118,Robo de autopartes y cristalazo,-102.29155348,21.85236717
190871537,30403,8,2019-08-05,1,20,51,1,COLONIA,SAN MARCOS (DELEGACION CENTRO),736,CALLE,NIETO,NA,",,,",AVENIDA,CONVENCION DE 1914 PONIENTE,CALLE,22 DE OCTUBRE,CALLE,NICOLAS RAMIREZ,6,false,false,9,ND,ND,0,0,N,N,23,"26,3,28,27",3500,3500,false,4,1,CAMIONETA,TOYOTA,RAV,1,1,1119,Robo de autopartes y cristalazo,-102.31144611,21.87451135
190868389,30411,8,2019-08-05,1,5,27,1,FRACCIONAMIENTO,PILAR BLANCO,981,BOULEVARD,AGUILA,NA,",,,",ANDADOR,DE LA GARCETA,PROLONGACION,PASEO DE LA ASUNCION,CALLE,PASEO DEL QUETZAL,2,false,false,9,ND,ND,0,0,N,N,26,3,0,0,false,1,1,AUTOMOVIL,RENAULT,LOGAN,1,2,1120,Robo de autopartes y cristalazo,-102.30097315,21.84955095
190874044,30411,8,2019-08-06,2,13,58,1,COLONIA,OJO DE AGUA,986,CALLE,LOS DIAZ,NA,"128,,,",CALLE,CRUCITAS,CALLE,AVENIDA FERROCARRIL,AVENIDA,CONVENCION DE 1914 SUR,3,false,false,9,ND,ND,0,0,N,N,21,"38,26",0,112000,false,1,3,CAMIONETA,NISSAN,ND,1,1,1121,Robo de autopartes y cristalazo,-102.27856207,21.86616454
190874401,30403,8,2019-08-06,2,15,42,1,COLONIA,LAS FLORES,1072,CALLE,LOS LAURELES,NA,",,,",CALLE,CAMELIAS,CALLE,AZALEAS,AVENIDA,DE LAS ORQUIDEAS,2,false,false,9,ND,ND,0,0,N,N,21,"3,11",0,1700,false,4,2,AUTOMOVIL,MAZDA,II,1,1,1122,Robo de autopartes y cristalazo,-102.30426589,21.87479722
190874991,30411,8,2019-08-06,2,18,22,1,FRACCIONAMIENTO,SAN CAYETANO,1118,CALLE,SAN JORGE,NA,"201,A,,",CALLE,CARLOS SAGREDO,CALLE,SAN CLEMENTE,CALLE,SAN GABRIEL,6,false,false,9,ND,ND,0,0,N,N,22,24,0,2700,false,1,2,CAMIONETA,FORD,RANGER,1,1,1123,Robo de autopartes y cristalazo,-102.30927816,21.90159212
190876909,30403,8,2019-08-07,3,10,16,5,COLONIA,LOS ARROYITOS,230,AVENIDA,ALEJANDRO DE LA CRUZ,NA,",,,",CALLE,ARROYO BLANCO,CALLE,EMILIANO ZAPATA,CALLE,ARROYO DEL CALVARIO,7,false,false,9,H,TITINOS,1,0,N,N,27,"3,28,6",0,1500,false,4,1,TRAILER,KENWORTH,ND,1,4,1124,Robo de autopartes y cristalazo,-102.33964243,21.97289638
190877514,30403,8,2019-08-07,3,12,45,1,COLONIA,LAS FLORES,1072,CALLE,LOS LAURELES,NA,",,,",CALLE,ROSAS,CALLE,DALIAS,AVENIDA,DE LAS ORQUIDEAS,2,false,false,9,ND,ND,0,0,N,N,27,41,0,0,false,4,4,AUTOMOVIL,CHEVROLET,MATIZ,1,1,1125,Robo de autopartes y cristalazo,-102.30268931,21.87537775
190876526,30403,8,2019-08-07,3,7,6,1,FRACCIONAMIENTO,EJIDO LAS CUMBRES,403,BOULEVARD,GUADALUPANO,NA,",,,",CALLE,SIERRA DE SAN BERNARDINO,CALLE,PICO NIQUIVIL,CALLE,PICACHO ORIENTE,5,false,false,9,ND,ND,0,0,N,N,2,41,0,0,false,4,4,CAMIONETA,CHEVROLET,SUBURBAN,1,1,1126,Robo de autopartes y cristalazo,-102.25463732,21.90913610
190873262,30403,8,2019-08-06,2,10,13,1,FRACCIONAMIENTO,PARRAS,789,CALLE,MORROCO,NA,",,,",CALLE,CARDENAL,CALLE,PARRAS,CALLE,VIÑEDO,5,false,false,9,ND,ND,0,0,N,N,2,41,0,0,false,4,4,AUTOMOVIL,VOLKSWAGEN,JETTA,1,1,1127,Robo de autopartes y cristalazo,-102.27820084,21.91458809
190880086,30411,8,2019-08-08,4,2,30,5,COLONIA,ZONA CENTRO,192,CALZADA,JULIO CADENA,NA,",,,",AVENIDA,IGNACIO LOPEZ RAYON,CALLE,ORIENTE,CALZADA,EMILIANO ZAPATA,7,false,false,9,ND,ND,0,0,N,N,5,11,0,12000,false,3,2,CAMIONETA,CHEVROLET,PICK UP,1,1,1128,Robo de autopartes y cristalazo,-102.34194266,21.96368345
190880268,30403,8,2019-08-08,4,7,12,1,FRACCIONAMIENTO,MORELOS II,622,CALLE,ALBINO GARCIA,NA,",,,",AVENIDA,HEROE INMORTAL,PROLONGACION,30 DE SEPTIEMBRE,CALLE,SOLDADO INSURGENTE,3,false,false,9,ND,ND,0,0,N,N,27,22,0,0,false,4,2,AUTOMOVIL,VOLKSWAGEN,CARIBE,1,1,1129,Robo de autopartes y cristalazo,-102.27079693,21.85499230
190880496,30411,8,2019-08-08,4,9,27,1,FRACCIONAMIENTO,NATURA,374,ANDADOR,J,78,",,5,",CALLE,JOSE CONTRERAS ESPARZA,AVENIDA,JOSE E. FEMAT GUTIERREZ,ANDADOR,K,5,false,false,9,ND,ND,0,0,N,N,2,24,0,500,false,5,2,MOTOCICLETA,ND,ND,1,1,1130,Robo de autopartes y cristalazo,-102.24880053,21.93398182
190881198,30411,8,2019-08-08,4,12,57,1,COLONIA,SAN MARCOS (DELEGACION POCITOS),650,CALLE,PROLONGACION AQUILES ELORDUY,NA,",,,",CALLE,VICENTE RIVA PALACIO,AVENIDA,AGUASCALIENTES PONIENTE,CALLE,LONDRES,6,false,false,9,ND,ND,0,0,N,N,3,38,0,10000,false,1,1,AUTOMOVIL,DODGE,ATTITUDE,1,1,1131,Robo de autopartes y cristalazo,-102.31731727,21.88063138
190881623,30411,8,2019-08-08,4,14,55,1,FRACCIONAMIENTO,CNOP ORIENTE,445,CALLE,GILDARDO SANCHEZ OROPEZA,NA,"120,,,",CALLE,PASCUAL CORNEJO,BOULEVARD,GUADALUPANO,AVENIDA,AGUASCALIENTES ORIENTE,5,false,false,9,ND,ND,0,0,N,N,3,"11,22",0,0,false,1,2,AUTOMOVIL,ND,ND,1,1,1132,Robo de autopartes y cristalazo,-102.26944178,21.90371679
190881827,30411,8,2019-08-08,4,15,43,1,SIN TIPO,DESARROLLO ESPECIAL 753 (TRES CENTURIAS),509,AVENIDA,MANUEL GOMEZ MORIN,NA,",,,",CALLE,INDEPENDENCIA DE MEXICO,CALLE,VASCO DE GAMA,CALLE,JESUS CONSUELO,6,false,false,9,ND,ND,0,0,N,N,9,"6,27",0,0,false,3,1,AUTOMOVIL,NISSAN,TSURU,1,1,1133,Robo de autopartes y cristalazo,-102.28341112,21.89175499
190884578,30411,8,2019-08-09,5,9,31,1,FRACCIONAMIENTO,VILLAS DE NUESTRA SEÑORA DE LA ASUNCION (SECTOR GUADALUPE),402,AVENIDA,JOSE DE JESUS GONZALEZ GARCIA,NA,",,,",CALLE,FERNAN GONZALEZ DE ESLAVA,CALLE,ERMITA DE SAN SEBASTIAN,CALLE,MANUEL MARTINEZ GLADIN,5,false,false,9,ND,ND,0,0,N,N,11,25,0,0,false,5,2,AUTOMOVIL,DODGE,NEON,1,6,1134,Robo de autopartes y cristalazo,-102.25926500,21.93078701
190886099,30403,8,2019-08-09,5,17,5,1,SIN TIPO,DESARROLLO ESPECIAL 88 (FRENTE WALMART),742,AVENIDA,TECNOLOGICO,NA,",,,",CALLE,OJOCALIENTE,AVENIDA,TECNOLOGICO,AVENIDA,AGUASCALIENTES,3,false,false,9,ND,ND,0,0,N,N,3,"6,27",0,0,false,4,1,AUTOMOVIL,CHRYSLER,CHEVY,1,1,1135,Robo de autopartes y cristalazo,-102.26140517,21.88064945
190886200,30403,8,2019-08-09,5,17,35,1,COLONIA,LAS FLORES,1072,CALLE,LOS LAURELES,NA,",,,",CALLE,CAMELIAS,CALLE,AZALEAS,AVENIDA,DE LAS ORQUIDEAS,2,false,false,9,ND,ND,0,0,N,N,27,41,0,0,false,4,4,CAMIONETA,RENAULT,DUSTER,1,6,1136,Robo de autopartes y cristalazo,-102.30430159,21.87480278
190887145,30403,8,2019-08-09,5,21,58,1,BARRIO,LA PURISIMA,915,AVENIDA,HEROE DE NACOZARI NORTE,NA,"501,,,",CALLE,LERDO DE TEJADA,CALLE,VENTURA SALAZAR,CALLE,28 DE AGOSTO,1,false,false,9,ND,ND,0,0,N,N,14,"3,12",0,2500,false,4,1,AUTOMOVIL,NISSAN,VERSA,1,1,1137,Robo de autopartes y cristalazo,-102.28308433,21.88596988
190890812,30403,8,2019-08-10,6,19,58,5,COLONIA,ZONA CENTRO,192,CALLE,HEROE DE NACOZARI,NA,",,,",AVENIDA,IGNACIO LLOPEZ RAYON,CALLE,ORIENTE,CALLE,NUEVA,7,false,false,9,ND,ND,0,0,N,N,14,"24,22",0,0,false,4,2,AUTOMOVIL,HONDA,ACCORD,1,2,1138,Robo de autopartes y cristalazo,-102.34086075,21.96404828
190887751,30411,8,2019-08-10,6,0,48,1,FRACCIONAMIENTO,PUESTA DEL SOL,937,AVENIDA,ABELARDO L RODRIGUEZ,NA,"904,,,",CALLE,EMILIANO ZAPATA,CALLE,LAZARO CARDENAS,CALLE,MIGUEL HIDALGO,6,false,false,9,ND,ND,0,0,CAMIONETA,RENAUTL EN COLOR GRIS,5,26,0,1000,false,1,2,CAMIONETA,MAZDA,ND,1,17,1139,Robo de autopartes y cristalazo,-102.33853480,21.89128978
190889034,30411,8,2019-08-10,6,11,46,1,FRACCIONAMIENTO,RANCHO SANTA MONICA,961,AVENIDA,SAN ANTONIO,NA,"146,,,",PRIVADA,VILLA CAPRI,PRIVADA,NINGUNO,CALLE,NINGUNO,2,false,false,9,ND,ND,0,0,N,N,2,"22,38,6",0,6300,true,1,3,AUTOMOVIL,ND,RACER,1,1,1140,Robo de autopartes y cristalazo,-102.31877812,21.83774155
190892051,30403,8,2019-08-11,7,1,46,3,FRACCIONAMIENTO,LAS ANTORCHAS,262P,CALLE,CORREGIDORA,NA,"117,,,",CALLE,FRATERNIDAD,CALLE,SIERVO DE LA NACION,CALLE,CAUDILLO DEL SUR,7,false,false,9,ND,ND,0,0,N,N,12,41,0,0,false,4,4,CAMIONETA,DODGE,ND,1,6,1141,Robo de autopartes y cristalazo,-102.72471942,21.86060834
190892255,30403,8,2019-08-11,7,2,40,1,FRACCIONAMIENTO,BENITO PALOMINO DENA,499,CALLE,TENIENTE CORONEL ROBERTO JEFKINS RANGEL,NA,"1103,,,",CALLE,DOCTOR ALFONSO RODRIGUEZ,CALLE,HECTOR DEL VILLAR,BOULEVARD,GUADALUPANO,5,false,false,9,ND,ND,0,0,MOTOCICLETA,MOTOCICLETA,27,41,0,0,false,4,4,AUTOMOVIL,CHEVROLET,CHEVY,1,1,1142,Robo de autopartes y cristalazo,-102.24841019,21.91756243
190892255,30403,8,2019-08-11,7,2,40,1,FRACCIONAMIENTO,CUMBRES II,701,CALLE,TENIENTE CORONEL ROBERTO JEFKINS RANGEL,NA,",,,",BOULEVARD,GUADALUPANO,CALLE,GILBERTO LOPEZ VELARDE,CALLE,MANUEL BOSQUES CHAVEZ,5,false,false,9,ND,ND,0,0,N,N,3,"24,22",0,0,false,4,2,AUTOMOVIL,CHEVROLET,CHEVY,1,13,1143,Robo de autopartes y cristalazo,-102.24824515,21.91789171
190892887,30403,8,2019-08-11,7,8,14,5,FRACCIONAMIENTO,SOLIDARIDAD,169,AVENIDA,ALEJANDRO DE LA CRUZ SAUCEDO,NA,",,,",CALLE,FELICIANO MARTINEZ CRUZ,N/A,ROMAN LOERA,CALLE,GENOVEVO RIVERA,7,false,false,9,ND,ND,0,0,N,N,27,41,0,0,false,4,4,CAMIONETA,TOYOTA,RAV4,1,1,1144,Robo de autopartes y cristalazo,-102.34836271,21.95174348
190893266,30403,8,2019-08-11,7,10,56,1,FRACCIONAMIENTO,EL DORADO 1A SECCION,1048,CALLE,DOCTOR E. GONZALEZ MEDINA,NA,",,,",CALLE,DOCTOR G. RAMIREZ VALDEZ,CALLE,REPUBLICA DEL SALVADOR,AVENIDA,LAS AMERICAS,2,false,false,9,ND,ND,0,0,N,N,2,41,0,0,false,4,4,ND,ND,ND,1,1,1145,Robo de autopartes y cristalazo,-102.30384062,21.86081933
190893500,30411,8,2019-08-11,7,12,16,1,DESARROLLO ESPECIAL,PARQUE ECOLOGICO DE MEXICO,438,AVENIDA,AGUASCALIENTES,NA,",,,",AVENIDA,PENSADORES MEXICANOS,CALLE,ALCALDES,AVENIDA,OJOCALIENTE,5,false,false,9,ND,ND,0,0,N,N,2,24,0,1500,false,1,2,AUTOMOVIL,NISSAN,TSURU,1,1,1146,Robo de autopartes y cristalazo,-102.27303460,21.91005839
190893626,30411,8,2019-08-11,7,12,54,1,COLONIA,INDUSTRIAL,919,CALLE,JOSE BOLADO,NA,",,,",CALLE,PROFESOR JOSE REYES MARTINEZ,CALLE,LUIS LOPEZ,CALLE,MELQUIADES MORENO,6,false,false,9,ND,ND,0,0,N,N,2,25,0,0,false,5,2,AUTOMOVIL,NISSAN,PLATINA,1,2,1147,Robo de autopartes y cristalazo,-102.29454097,21.89551135
190895509,30411,8,2019-08-11,7,21,55,1,SIN TIPO,NORIAS DE OJOCALIENTE,353,CALLE,ESMERALDA,NA,",,,",CALLE,PLATA,CALLE,DIAMANTES,CALLE,CORAL,4,false,false,9,ND,ND,0,0,N,N,14,"22,24,23",0,8000,false,1,2,CAMIONETA,MAZDA,PICK UP,1,2,1148,Robo de autopartes y cristalazo,-102.21740864,21.88652826
190887392,30411,8,2019-08-09,5,23,11,1,COLONIA,INDUSTRIAL,919,AVENIDA,INDEPENDENCIA,NA,",,,",CALLE,LUIS LOPEZ,CALLE,FELIX DE LA PAZ,CALLE,JOSE BOLADO,6,false,false,9,"H,H",ND,0,0,MOTOCICLETA,MOTOCICLETA,4,11,0,0,false,2,1,AUTOMOVIL,ND,ND,1,1,1149,Robo de autopartes y cristalazo,-102.29527068,21.89480076
190880087,30403,8,2019-08-08,4,2,35,1,FRACCIONAMIENTO,SAN MARCOS,746,CALLE,TIZIANO,NA,",,,",CALLE,PASEO DEL RIO,CALLE,MIGUEL ANGEL,CALLE,DEL PARQUE,6,false,false,9,"H,H",ND,0,0,N,N,3,41,0,0,false,4,4,AUTOMOVIL,FIAT,ND,1,1,1150,Robo de autopartes y cristalazo,-102.32283964,21.87993423
190884372,30403,8,2019-08-09,5,7,45,1,FRACCIONAMIENTO,LAS CUMBRES,441,CALLE,EL TILDIO,NA,"401,,,",CALLE,REFUGIO MIRANDA AGUAYO,CALLE,AMBROSIO VERASTEGUI GUERRERO,CALLE,LA UNION,5,false,false,9,H,ND,1,0,N,N,2,41,0,0,false,4,4,AUTOMOVIL,ND,ND,1,4,1151,Robo de autopartes y cristalazo,-102.26134436,21.91237845
190877261,30411,8,2019-08-07,3,11,52,2,COLONIA,EMANCIPACION (BORUNDA),85P,CALLE,EMANCIPACION,NA,",,,",CALLE,BENITO JUAREZ,CALLE,NINGUNA,CALLE,NINGUNA,7,false,false,9,H,JESUS ROBLES,1,0,N,N,2,23,0,0,true,1,2,CAMION,ND,ND,1,6,1152,Robo de autopartes y cristalazo,-101.94509940,22.09116841
190896361,30403,8,2019-08-12,1,2,47,1,FRACCIONAMIENTO,VALLE DE LOS CACTUS,725,ANDADOR,RECINTO DURAZNILLO 103,NA,"61,,,",ANDADOR,GAVIOTAS,ANDADOR,RECINTO DURAZNILLO 103,ANDADOR,RECINTO DURAZNILLO 103,4,false,false,9,ND,ND,0,0,N,N,5,41,0,0,false,4,4,AUTOMOVIL,VOLKSWAGEN,GOLF,1,1,1153,Robo de autopartes y cristalazo,-102.22743716,21.86406910
190897843,30403,8,2019-08-12,1,14,54,1,FRACCIONAMIENTO,CIRCUNVALACION PONIENTE (DELEGACION INSURGENTES),685,CALLE,CHABACANO,NA,"205,,,",CALLE,RAFAEL RODRIGUEZ DOMINGUEZ,CALLE,MANOLO MARTINEZ,CALLE,AGUACATE,2,false,false,9,H,ND,0,0,BICICLETA,BICICLETA,2,41,0,0,false,4,4,CAMIONETA,NISSAN,PICK UP,1,1,1154,Robo de autopartes y cristalazo,-102.31069845,21.87250311
190898441,30403,8,2019-08-12,1,17,10,1,COLONIA,SAN MARCOS,650,CALLE,26 DE MARZO,NA,"502,,,",CALLE,NAVARRETE,CALLE,PUEBLITO,CALLE,VERACRUZ,6,false,false,9,ND,ND,0,0,N,N,3,6,0,7000,false,4,1,AUTOMOVIL,CHEVROLET,AVEO,1,1,1155,Robo de autopartes y cristalazo,-102.31318345,21.87771482
190899514,30411,8,2019-08-12,1,21,37,1,SIN TIPO,LOS CEDROS (SUBDIVISION),1066,CALLE,DIEGO DE IBARRA,NA,",,,",CALLE,PAUL HARRIS,AVENIDA,AYUNTAMIENTO,CALLE,CRISTOBAL COLON,3,false,false,9,ND,ND,0,0,N,N,4,24,0,2000,false,1,2,CAMIONETA,CHRYSLER,VOYAGUER,1,2,1156,Robo de autopartes y cristalazo,-102.29074936,21.87032655
190899836,30403,8,2019-08-12,1,22,58,1,FRACCIONAMIENTO,SANTA ELENA,1062,AVENIDA,LAS AMERICAS,NA,",,,",CALLE,LANCEROS DE AGUASCALIENTES,CALLE,QUITO,CALLE,REPUBLICA DE URUGUAY,2,false,false,9,ND,ND,0,0,N,N,4,"26,3,28",1000,0,false,4,1,CAMIONETA,NISSAN,FRONTIER,1,1,1157,Robo de autopartes y cristalazo,-102.30070234,21.87335403
190899607,30411,8,2019-08-12,1,21,57,1,FRACCIONAMIENTO,PINTORES MEXICANOS,443,CALLE,MANUEL FELGUEREZ,NA,",,,",CALLE,REMEDIOS VARO,CALLE,JUAN SORIANO,CALLE,HERMENEGILDO BUSTOS,5,false,false,9,"H,H,H,H",ND,0,0,N,N,27,25,0,0,false,5,2,AUTOMOVIL,NISSAN,ND,1,1,1158,Robo de autopartes y cristalazo,-102.26129361,21.92237375
190900472,30403,8,2019-08-13,2,7,21,1,FRACCIONAMIENTO,LOMAS DEL AJEDREZ,1121,CALLE,DEL JAQUE,NA,",,,",AVENIDA,DEL REY,CALLE,DE LA DAMA,CALLE,DE LA TORRE,3,false,false,9,ND,ND,0,0,N,N,2,22,0,2500,false,4,2,AUTOMOVIL,NISSAN,PLATINA,1,1,1159,Robo de autopartes y cristalazo,-102.25320606,21.84250216
190901649,30403,8,2019-08-13,2,14,4,1,FRACCIONAMIENTO,EL DORADO 1A SECCION,1048,CALLE,ALMERIA,NA,",,,",CALLE,ALMERIA,AVENIDA,DE LOS MAESTROS,CALLE,SANTANDER,2,false,false,9,ND,ND,0,0,N,N,3,41,0,0,false,4,4,CAMIONETA,CHEVROLET,SONIC,1,2,1160,Robo de autopartes y cristalazo,-102.31086060,21.86307488
190902048,30411,8,2019-08-13,2,15,50,1,FRACCIONAMIENTO,EJIDO LAS CUMBRES,403,CALLE,SAN BERNARDINO,NA,",,,",CALLE,CARLOS A MADRAZO,CALLE,PICACHO ORIENTE,PRIVADA,PONCE,5,false,false,9,"H,H,H",ND,0,0,N,N,3,3,0,7000,false,1,1,AUTOMOVIL,CHEVROLET,CAVALIER,1,1,1161,Robo de autopartes y cristalazo,-102.25561511,21.90935888
190904152,30411,8,2019-08-14,3,5,49,1,FRACCIONAMIENTO,MORELOS,616,ANDADOR,BONAMPAK,107,",C,,",CALLE,BONAMPAK,ANDADOR,SEGUNDA UXMAL,CALLE,UXMAL,3,false,false,9,ND,ND,0,0,N,N,5,22,0,0,false,1,2,AUTOMOVIL,VOLKSWAGEN,JETTA,1,1,1162,Robo de autopartes y cristalazo,-102.25618105,21.86501771
190904894,30411,8,2019-08-14,3,11,57,1,COLONIA,ZONA CENTRO,906,CALLE,COSIO NORTE,NA,",,,",CALLE,LICENCIADO FRANCISCO PRIMO VERDAD,CALLE,GONZALEZ SARACHO,CALLE,AGUSTIN R GONZALEZ,1,false,false,9,ND,ND,0,0,N,N,4,24,0,0,false,1,2,CAMIONETA,NISSAN,NP300,1,1,1163,Robo de autopartes y cristalazo,-102.28875689,21.88472953
190906517,30411,8,2019-08-14,3,18,39,1,FRACCIONAMIENTO,VILLAS DE NUESTRA SEÑORA DE LA ASUNCION (SECTOR ALAMEDA),516,CALLE,FRANCISCO ARMENGOL,NA,"311,,,",CALLE,LUIS CHAVEZ,CALLE,LIBRADO GALLEGOS,CALLE,DOMINGO VELASCO,5,false,false,9,ND,ND,0,0,N,N,14,"26,28,38",1000,0,false,1,1,AUTOMOVIL,CHEVROLET,AVEO,1,1,1164,Robo de autopartes y cristalazo,-102.26159567,21.93341201
190908235,30403,8,2019-08-15,4,6,13,1,FRACCIONAMIENTO,OJO DE AGUA,1080,ANDADOR,PLAZA PEDRO TELLEZ,NA,"107,,,",CALLE,NUEVO LEON,CALLE,PLAZA NAYARIT,CALLE,CASA BLANCA,3,false,false,9,ND,ND,0,0,N,N,5,38,0,6000,false,4,1,AUTOMOVIL,VOLKSWAGEN,JETTA,1,1,1165,Robo de autopartes y cristalazo,-102.27967735,21.86268415
190908327,30403,8,2019-08-15,4,7,36,1,FRACCIONAMIENTO,INSURGENTES,1046,CALLE,GENERAL ROQUE GONZALEZ GARZA,NA,"311,,,",AVENIDA,ABRAHAM GONZALEZ,CALLE,CONVENCION,PROLONGACION,PASEO DE LA ASUNCION,2,false,false,9,H,RICARDO CARRILLO GUADALAJARA,1,0,N,N,4,"11,26",0,5000,true,4,1,CAMIONETA,FORD,ND,1,4,1166,Robo de autopartes y cristalazo,-102.30286256,21.84941353
190908438,30403,8,2019-08-15,4,8,46,1,FRACCIONAMIENTO,EL DORADO 1A SECCION,1048,CALLE,ALMERIA,NA,"307,,,",CALLE,CANADA,CALLE,ALASKA,CALLE,PROFESOR ENRIQUE OLIVARES SANTANA,2,false,false,9,ND,ND,0,0,N,N,16,27,0,0,false,4,1,AUTOMOVIL,VOLKSWAGEN,GOLF,1,1,1167,Robo de autopartes y cristalazo,-102.30716100,21.86119496
190908723,30403,8,2019-08-15,4,10,47,1,COLONIA,INDUSTRIAL,919,CALLE,JOSE BOLADO,NA,",,,",CALLE,NORBERTO GOMEZ HORNEDO,CALLE,LUIS CHILARDI,CALLE,MELQUIADES MORENO,6,false,false,9,ND,ND,0,0,N,N,20,23,0,7000,false,4,2,CAMIONETA,CHRYSLER,VOYAGUER,1,1,1168,Robo de autopartes y cristalazo,-102.29395133,21.89377375
190909073,30403,8,2019-08-15,4,12,30,5,COMUNIDAD,MARAVILLAS,183P,PRIVADA,CLAVELES,NA,",,,",CALLE,12 DE DICIEMBRE,CALLE,LAS FLORES,AVENIDA,GUADALUPE,7,false,false,9,ND,ND,0,0,N,N,27,"22,23",0,0,false,4,2,AUTOMOVIL,VOLKSWAGEN,VOCHO,1,1,1169,Robo de autopartes y cristalazo,-102.32959723,21.95362533
190911596,30403,8,2019-08-15,4,23,36,1,SIN TIPO,DESARROLLO 47 (PLAZA ARCOS CAMPESTRE),854,BOULEVARD,LUIS DONALDO COLOSIO,NA,",,,",AVENIDA,INDEPENDENCIA,CALLE,MONTE BLANCO,CALLE,PROTEROS,6,false,false,9,ND,ND,0,0,N,N,27,"3,26",0,0,false,4,1,AUTOMOVIL,CHEVROLET,SPARK,1,1,1170,Robo de autopartes y cristalazo,-102.30010431,21.92522377
190912799,30411,8,2019-08-16,5,11,25,1,SIN TIPO,AGRICULTURA (SUBDIVISION),990,CALLE,ARGENTINA,NA,",,,",CALLE,REPUBLICA DE HONDURAS,CALLE,REPUBLICA DEL PERU,CALLE,QUEBEC,2,false,false,9,ND,ND,0,0,N,N,27,"23,26,38",0,6000,false,1,3,AUTOMOVIL,ND,SEDAN,1,1,1171,Robo de autopartes y cristalazo,-102.29746527,21.86369742
190913342,30411,8,2019-08-16,5,14,7,1,FRACCIONAMIENTO,MUNICIPIO LIBRE,768,CALLE,PROSPERIDAD,NA,",,,",AVENIDA,SIGLO XXI,CALLE,PILARES,CALLE,CIELO CLARO,4,false,false,9,ND,ND,0,0,N,N,27,25,0,0,false,1,2,AUTOMOVIL,MAZDA,ND,1,1,1172,Robo de autopartes y cristalazo,-102.25304137,21.89628297
190913460,30411,8,2019-08-16,5,14,39,1,FRACCIONAMIENTO,BOULEVARES 1A SECCION,1047,PROLONGACION,DIEGO FERNANDEZ VILLA,NA,",,,",CALLE,LAURO AGUIRRE,CALLE,PROFESOR ENRIQUE OLIVARES SANTANA,CALLE,ENRIQUE C REBSAMEN,2,false,false,9,H,ND,0,0,N,N,3,41,0,0,false,1,4,AUTOMOVIL,NISSAN,TSURU,1,6,1173,Robo de autopartes y cristalazo,-102.30408566,21.85528645
190915724,30403,8,2019-08-16,5,22,49,1,FRACCIONAMIENTO,OLINDA,318,AVENIDA,DE LOS MAESTROS,NA,",,,",AVENIDA,SIGLO XXI,PRIVADA,CERRADA SANTO TOMAS,AVENIDA,AVENIDA TORINO,2,false,false,9,ND,ND,0,0,N,N,14,"6,26,27",0,50000,false,4,1,AUTOMOVIL,NISSAN,MARCH,1,1,1174,Robo de autopartes y cristalazo,-102.32418286,21.84203994
190919625,30411,8,2019-08-17,6,22,16,1,BARRIO,LA SALUD,1122,CALLE,5 DE FEBRERO,NA,",,,",CALLE,COSIO SUR,CALLE,EULALIO GUTIERREZ,CALLE,SOLEDAD,1,false,false,9,"H,H",ND,0,0,N,N,4,22,0,0,false,1,2,AUTOMOVIL,ND,ND,1,2,1175,Robo de autopartes y cristalazo,-102.28639257,21.87709841
190920660,30411,8,2019-08-18,7,2,29,1,BARRIO,LA SALUD,1122,CALLE,ACUEDUCTO,NA,",,,",CALLE,SALUD,CALLE,DELICIAS,NINGUNO,AYUNTAMIENTO,3,false,false,9,ND,ND,0,0,N,N,15,"24,22,11",0,7000,false,1,3,AUTOMOVIL,CHEVROLET,CORSA,1,1,1176,Robo de autopartes y cristalazo,-102.28388687,21.86903794
190921975,30411,8,2019-08-18,7,11,47,1,CONDOMINIO,VILLA DEL ACUEDUCTO,953,NINGUNO,AYUNTAMIENTO,NA,",,,",PRIVADA,NINGUNO,PRIVADA,LA MISION,CALLE,ACUEDUCTO,3,false,false,9,ND,ND,0,0,N,N,16,28,1500,0,false,1,1,ND,ND,ND,1,1,1177,Robo de autopartes y cristalazo,-102.28411549,21.86827213
190923157,30403,8,2019-08-18,7,17,28,5,COLONIA,LOS ARROYITOS,230,AVENIDA,ALEJANDRO DE LA CRUZ,NA,",,,",CALLE,EMILIANO ZAPATA,CALLE,ARROYO BLANCO,CALLE,ARROYO DEL CALVARIO,7,false,false,9,ND,ND,0,0,N,N,3,41,0,0,false,4,4,AUTOMOVIL,NISSAN,TSURU,1,2,1178,Robo de autopartes y cristalazo,-102.33959157,21.97287109
190923665,30411,8,2019-08-18,7,19,50,1,FRACCIONAMIENTO,CIRCUNVALACION PONIENTE (DELEGACION CENTRO),942,CALLE,AGUACATE,NA,",,,",AVENIDA,ADOLFO LOPEZ MATEOS,CALLE,RAFAEL RODRIGUEZ DOMINGUEZ,CALLE,NARANJO,2,false,false,9,ND,ND,0,0,N,N,4,24,0,0,false,1,2,AUTOMOVIL,MAZDA,ND,1,2,1179,Robo de autopartes y cristalazo,-102.31073626,21.87437620
190923665,30403,8,2019-08-18,7,19,50,1,FRACCIONAMIENTO,LAS AMERICAS (DELEGACION CENTRO),1114,CALLE,REPUBLICA DE PANAMA,NA,",,,",CALLE,REPUBLICA DE URUGUAY,CALLE,REPUBLICA DE CHILE,CALLE,REPUBLICA DOMINICANA,2,false,false,9,ND,ND,0,0,N,N,4,41,0,0,false,4,4,AUTOMOVIL,DODGE,ATTITUDE,1,1,1180,Robo de autopartes y cristalazo,-102.30145331,21.86741611
190911551,30403,8,2019-08-15,4,23,21,1,FRACCIONAMIENTO,BALCONES DE OJOCALIENTE,577,CALLE,BALCON DEL BESO,NA,",,,",CALLE,BALCONES DE ORIENTE,AVENIDA,SIGLO XXI,CALLE,ADOLFO DE LA HUERTA,3,false,false,9,ND,ND,0,0,N,N,4,41,0,0,false,4,4,CAMION,ND,ND,1,2,1181,Robo de autopartes y cristalazo,-102.24907362,21.86151689
190924612,30403,8,2019-08-19,1,0,6,1,COLONIA,LAS FLORES,1072,CALLE,LIENZO CHARRO,NA,",,,",CALLE,VIOLETAS,CALLE,PRIVADA LOS LAURELES,CALLE,LOS LAURELES,2,false,false,9,ND,ND,0,0,N,N,15,"26,38",0,5000,false,4,1,CAMIONETA,KIA,ND,1,1,1182,Robo de autopartes y cristalazo,-102.30714493,21.87134856
190925275,30403,8,2019-08-19,1,7,5,1,FRACCIONAMIENTO,BENITO PALOMINO DENA,499,CALLE,TENIENTE CORONEL ROBERTO JEFKINS RANGEL,NA,",,,",CALLE,JUAN MORALES M,CALLE,DOCTOR FRANCISCO GUEL JIMENEZ,BOULVARD,GUADALUPANO,5,false,false,9,ND,ND,0,0,N,N,4,41,0,0,false,4,4,AUTOMOVIL,VOLKSWAGEN,GOLF,1,2,1183,Robo de autopartes y cristalazo,-102.24929592,21.91577716
190925835,30411,8,2019-08-19,1,10,49,11,SIN TIPO,EX VIÑEDOS GUADALUPE,1,NINGUNO,VIÑEDOS RIVIER,NA,",,,",CALLE,VIÑEDOS CALIFORNIA,CALLE,VIÑEDOS CARIÑAN,AVENIDA,FERROCARRIL,7,false,false,9,ND,ND,0,0,N,N,2,22,0,0,false,1,2,CAMIONETA,CHEVROLET,SILVERADO,1,1,1184,Robo de autopartes y cristalazo,-102.27618466,21.95945454
190925866,30411,8,2019-08-19,1,10,56,1,FRACCIONAMIENTO,LINDAVISTA,407,CALLE,MIGUEL CALDERA,NA,",,,",CALLE,HERNAN GONZALEZ,CALLE,JARDIN DEL ESTUDIANTE,CALLE,DIEGO DE IBARRA,2,false,false,9,ND,ND,0,0,N,N,2,24,0,1500,false,1,2,AUTOMOVIL,NISSAN,TSURU,1,1,1185,Robo de autopartes y cristalazo,-102.29128870,21.86835545
190932383,30403,8,2019-08-20,2,20,4,1,COLONIA,LAS FLORES,1072,CALLE,CAMELIAS,NA,",,,",CALLE,LAURELES,AVENIDA,DE LAS ORQUIDEAS,CALLE,TULIPANES,2,false,false,9,ND,ND,0,0,N,N,4,"26,38",0,0,false,4,1,AUTOMOVIL,FIAT,ND,1,1,1186,Robo de autopartes y cristalazo,-102.30410638,21.87473879
190926673,30411,8,2019-08-19,1,14,5,1,COLONIA,ZONA CENTRO,906,CALLE,5 DE MAYO,NA,",,,",CALLE,LICENCIADO BENITO JUAREZ,CALLE,LARREATEGUI,CALLE,GENERAL GUADALUPE VICTORIA,1,false,false,9,ND,ND,0,0,N,N,3,3,0,3000,false,1,2,CAMIONETA,VOLKSWAGEN,POINTER,1,2,1187,Robo de autopartes y cristalazo,-102.29710840,21.88635052
190933486,30411,8,2019-08-21,3,1,36,1,FRACCIONAMIENTO,LA FLORIDA,320PR,BOULEVARD,GUADALUPANO,NA,",,,",CALLE,MARTIN PESCADOR,CALLE,BRETONICA,CALLE,APALILLA,5,false,false,9,ND,ND,0,0,N,N,1,"24,38",0,1000,false,1,3,CAMIONETA,ND,ND,1,1,1188,Robo de autopartes y cristalazo,-102.24171524,21.92282874
190933920,30403,8,2019-08-21,3,9,15,1,FRACCIONAMIENTO,PERIODISTAS,404,CALLE,LOCUTORES,NA,"3,,,",CALLE,AMALIA GOMEZ ZEPEDA,PROLONGACION,AVENIDA MARIANO HIDALGO,CALLE,CORRECTORES,3,false,false,9,ND,ND,0,0,N,N,27,41,0,0,false,4,4,CAMIONETA,NISSAN,XTRAIL,1,1,1189,Robo de autopartes y cristalazo,-102.25056538,21.85009255
190936579,30411,8,2019-08-21,3,22,0,1,CONDOMINIO,CENTRO COMERCIAL PLAZA FIESTA,989,AVENIDA,AGUASCALIENTES SUR,NA,",,,",CALLE,JUAN B OROZCO,AVENIDA,JOSE MARIA CHAVEZ,CALLE,FRAY JUNIPERO SERRA,3,false,false,9,ND,ND,0,0,N,N,4,"26,6",0,15000,false,1,1,CAMIONETA,DODGE,RAM,1,1,1190,Robo de autopartes y cristalazo,-102.29204854,21.85878695
190936642,30403,8,2019-08-21,3,22,19,1,FRACCIONAMIENTO,DEL VALLE 1A SECCION,734,AVENIDA,LICENCIADO ADOLFO LOPEZ MATEOS PONIENTE,NA,",,,",NINGUNO,CONVENCION DE 1914 PONIENTE,CALLE,26 DE MARZO,CALLE,VERSALLES,6,false,false,9,ND,ND,0,0,N,N,4,"26,11,38",0,70000,false,4,1,CAMIONETA,NISSAN,NP300,1,2,1191,Robo de autopartes y cristalazo,-102.31216992,21.87446029
190937390,30403,8,2019-08-22,4,4,26,5,COLONIA,CHICAHUALES II,151,CALLE,VENADEROS,NA,",,,",CALLE,PEDRO DE LUNA,CALLE,FELICIANO MARTINEZ DE LA CRUZ,CALLE,MARGARITAS,7,false,false,9,H,ND,0,0,N,N,3,41,0,0,false,4,4,AUTOMOVIL,DODGE,ATTITUDE,1,1,1192,Robo de autopartes y cristalazo,-102.34904574,21.94549545
190941657,30411,8,2019-08-23,5,1,3,1,FRACCIONAMIENTO,VILLA LAS PALMAS III,564,CALLE,PALMA BETABEL,NA,",,,",AVENIDA,MARIANO HIDALGO,CALLE,PALMA CRISTI,CALLE,PALMA FAMOSA,3,false,false,9,ND,ND,0,0,N,N,27,41,0,0,false,1,4,AUTOMOVIL,NISSAN,TSURU,1,1,1193,Robo de autopartes y cristalazo,-102.23483342,21.85450975
190941788,30411,8,2019-08-23,5,2,32,2,COLONIA,LA LOMA,298,CALLE,PRIMO VERDAD ORIENTE,NA,",,,",CALLE,HEROE DE NACOZARI,CALLE,NINGUNO,CALLE,NINGUNO,7,false,false,9,ND,ND,0,0,N,N,5,"27,22,24,23,38",0,15000,false,1,3,CAMIONETA,NISSAN,ND,1,13,1194,Robo de autopartes y cristalazo,-102.06427426,22.09557715
190942228,30411,8,2019-08-23,5,8,41,1,FRACCIONAMIENTO,EL DORADO 1A SECCION,1048,CALLE,MADRID,NA,",,,",CALLE,CANADA,CALLE,SANTANDER,CALLE,CORDOBA,2,false,false,9,ND,ND,0,0,N,N,15,38,0,0,false,1,1,CAMIONETA,ND,ND,1,1,1195,Robo de autopartes y cristalazo,-102.30763780,21.86245726
190937390,30403,8,2019-08-22,4,19,8,1,FRACCIONAMIENTO,SANTA ANITA (DELEGACION JESUS TERAN),482,CALLE,FRAY LUIS DE LEON,NA,",,,",CALLE,GABRIELA MISTRAL,CALLE,ANTONIO MACHADO,CALLE,NAZARIO ORTIZ GARZA,5,false,false,9,ND,ND,0,0,N,N,14,"6,11",0,0,false,4,1,AUTOMOVIL,NISSAN,TSURU,1,1,1196,Robo de autopartes y cristalazo,-102.27733736,21.89990859
190942294,30403,8,2019-08-23,5,9,0,1,FRACCIONAMIENTO,LA FUENTE,1061,CALLE,SAO PAULO,NA,",,,",CALLE,DALIAS,CALLE,CAMELIAS,AVENIDA,IGNACIO T. CHAVEZ,2,false,false,9,NA,NA,0,0,N,N,2,41,0,0,false,4,4,CAMIONETA,ND,ND,1,1,1197,Robo de autopartes y cristalazo,-102.30202449,21.87251022
190944107,30411,8,2019-08-23,5,16,48,1,FRACCIONAMIENTO,CIUDAD INDUSTRIAL,982,AVENIDA,SIGLO XXI,NA,",,,",CALLE,GREGORIO RUIZ VELAZCO,CALLE,FILEMON ALONSO MUÑOZ,CALLE,ANTONIO GUTIERREZ SOLA,3,false,false,9,ND,ND,0,0,AUTOMOVIL,CHEVY EN COLOR VERDE CON PLACAS MHC5953,9,24,0,1500,false,1,2,AUTOMOVIL,VOLKSWAGEN,JETTA,1,1,1198,Robo de autopartes y cristalazo,-102.28665760,21.84547738
190945439,30403,8,2019-08-23,5,22,47,1,COLONIA,SAN MARCOS (DELEGACION CENTRO),736,AVENIDA,LICENCIADO ADOLFO LOPEZ MATEOS PONIENTE,NA,",,,",CALLE,NIETO,AVENIDA,CONVENCION DE 1914 PONIENTE,CALLE,NICOLAS RAMIREZ,6,false,false,9,NA,NA,0,0,N,N,4,"3,26",0,6000,false,4,1,AUTOMOVIL,NISSAN,TIIDA,1,1,1199,Robo de autopartes y cristalazo,-102.31140492,21.87462596
190945439,30403,8,2019-08-23,5,22,59,11,FRACCIONAMIENTO,LA RIBERA,350P,CALLE,TEXCOCO,NA,",,,",CALLE,URICHO,CALLE,TIZAPAN,CALLE,HUEXOTLA,7,false,false,9,ND,ND,0,0,N,N,4,24,0,0,false,4,2,AUTOMOVIL,VOLKSWAGEN,JETTA,1,1,1200,Robo de autopartes y cristalazo,-102.24975625,21.95837144
190946347,30411,8,2019-08-24,6,5,52,1,FRACCIONAMIENTO,RODOLFO LANDEROS GALLEGOS,459,CALLE,REINAS DE LA FERIA,NA,",,,",CALLE,MARIA LUISA MIER,CALLE,MARIA DE LOURDES ROMERO E,CALLE,JUAN S GARRIDO,2,false,false,9,ND,ND,0,0,N,N,9,"22,23,11",0,9000,false,1,3,AUTOMOVIL,ND,ND,1,1,1201,Robo de autopartes y cristalazo,-102.25760474,21.89911368
190947762,30411,8,2019-08-24,6,14,51,1,COLONIA,ZONA CENTRO,906,CALLE,GENERAL JOSE MARIA CHAVEZ,NA,",,,",CALLE,GENERAL IGNACIO ZARAGOZA,CALLE,JARDIN DE ZARAGOZA,CALLE,5 DE MAYO,1,false,false,9,ND,ND,0,0,N,N,3,24,0,0,false,1,2,CAMIONETA,CHEVROLET,ND,1,13,1202,Robo de autopartes y cristalazo,-102.29439750,21.88884739
190948138,30403,8,2019-08-24,6,16,15,1,FRACCIONAMIENTO,PARRAS,789,CALLE,TOKAY,NA,",,,",CALLE,EMPERADOR,AVENIDA,AGUASCALIENTES ORIENTE,CALLE,VIÑEDO,5,false,false,9,ND,ND,0,0,N,N,3,22,0,0,false,4,2,AUTOMOVIL,NISSAN,TSURU,1,1,1203,Robo de autopartes y cristalazo,-102.27660835,21.91442532
190948843,30403,8,2019-08-24,6,19,19,1,FRACCIONAMIENTO,RUSTICOS CALPULLI,1056,AVENIDA,CENTRAL,NA,",,,",AVENIDA,CENTRAL,AVENIDA,JOSE MARIA CHAVEZ,CALLEJON,JOSE MARIA CHAVEZ,3,false,false,9,ND,ND,0,0,N,N,3,"26,27",0,0,false,4,2,AUTOMOVIL,VOLKSWAGEN,BEETLE,1,1,1204,Robo de autopartes y cristalazo,-102.28781864,21.82956116
190949301,30411,8,2019-08-24,6,21,5,1,BARRIO,EL ENCINO,1096,CALLE,ALBA,NA,",,,",CALLE,BELAUNZARAN,BOULEVARD,JOSE MARIA CHAVEZ,CALLE,PIMENTEL,1,false,false,9,NA,NA,0,0,N,N,4,26,0,15000,false,1,1,CAMIONETA,NISSAN,FRONTIER,1,1,1205,Robo de autopartes y cristalazo,-102.29479491,21.87321696
190949693,30403,8,2019-08-24,6,22,51,1,COLONIA,SAN MARCOS (DELEGACION CENTRO),736,CALLE,DAVID REYNOSO FLORES,NA,",,,",CALLE,PRIMAVERA,PRIVADA,CESARITA,CALLE,ASUNCION,6,false,false,9,ND,ND,0,0,N,N,4,41,0,0,false,4,4,AUTOMOVIL,ND,ND,1,1,1206,Robo de autopartes y cristalazo,-102.31160205,21.88236909
190950646,30411,8,2019-08-25,7,2,53,1,FRACCIONAMIENTO,CASA BLANCA,553,CALLE,CAUDILLOS,NA,"202,,,",CALLE,VIVERO DE LA HACIENDA,CALLE,CASA BLANCA,CALLE,VIVERO DEL ALAMO,3,false,false,9,ND,ND,0,0,N,N,1,"24,11",0,0,false,1,3,AUTOMOVIL,NISSAN,TSURU,1,1,1207,Robo de autopartes y cristalazo,-102.27459297,21.85923610
190950646,30411,8,2019-08-25,7,2,53,1,FRACCIONAMIENTO,CASA BLANCA,553,CALLE,CAUDILLOS,NA,"202,,,",CALLE,VIVERO DE LA HACIENDA,CALLE,CASA BLANCA,CALLE,VIVERO DEL ALAMO,3,false,false,9,ND,ND,0,0,N,N,1,24,0,0,false,1,2,AUTOMOVIL,CHRYSLER,NEON,1,1,1208,Robo de autopartes y cristalazo,-102.27457613,21.85923866
190950649,30411,8,2019-08-25,7,2,54,1,FRACCIONAMIENTO,ESPAÑA,1052,AVENIDA,DE LOS MAESTROS,NA,",,,",AVENIDA,CONVENCION DE 1914 PONIENTE,CALLE,CATALUÑA,CALLE,SEVILLA,2,false,false,9,ND,ND,0,0,N,N,5,24,0,800,false,1,2,AUTOMOVIL,VOLKSWAGEN,JETTA,1,1,1209,Robo de autopartes y cristalazo,-102.30918292,21.86769374
190950855,30411,8,2019-08-25,7,3,38,5,FRACCIONAMIENTO,LA CUESTA,211,CALLE,CUESTA DEL ORIENTE,NA,"314,,,",CALLE,CUESTA DE LA RIBERA,CALLE,CUESTA DEL BAJIO,CALLE,CUESTA DEL OCCIDENTE,7,false,false,9,ND,ND,0,0,N,N,5,23,0,2500,false,1,2,CAMIONETA,CHEVROLET,BLAZER,1,1,1210,Robo de autopartes y cristalazo,-102.33761136,21.97447240
190951324,30411,8,2019-08-25,7,7,9,1,FRACCIONAMIENTO,EJIDO LAS CUMBRES,403,CALLE,SIERRA ALTEÑA,NA,",,,",CALLE,SIERRA DE LAS GARZAS,CALLE,SIERRA ALTEÑA,CALLE,SIERRA IXTLAN,5,false,false,9,ND,ND,0,0,N,N,2,"3,28",100,3000,false,1,1,ND,ND,ND,1,1,1211,Robo de autopartes y cristalazo,-102.25226808,21.90598090
190951344,30403,8,2019-08-25,7,7,23,1,FRACCIONAMIENTO,PILAR BLANCO,981,ANDADOR,FAISAN,6420,",,,",AVENIDA,FAISAN,ANDADOR,FAISAN,AVENIDA,FAISAN,2,false,false,9,ND,ND,0,0,N,N,15,41,0,0,false,4,4,CAMIONETA,RENAULT,DUSTER,1,1,1212,Robo de autopartes y cristalazo,-102.29792082,21.85024569
190951359,30411,8,2019-08-25,7,7,35,1,FRACCIONAMIENTO,BOULEVARES 1A SECCION,1047,CALLE,ENRIQUE C REBSAMEN,NA,"307,,,",CALLE,CAENRIQUE REBSAMEN,CALLE,LUIS HIDALGO MONRROY,CALLE,ARQUIMEDES CABALLERO,2,false,false,9,ND,ND,0,0,N,N,27,24,0,0,false,1,2,AUTOMOVIL,CHEVROLET,CHEVY,1,1,1213,Robo de autopartes y cristalazo,-102.30264980,21.85755497
190952913,30403,8,2019-08-25,7,17,7,1,FRACCIONAMIENTO,VALLE DE LAS TROJES,860,PROLONGACION,GENERAL IGNACIO ZARAGOZA,NA,",,,",CALLE,SILOS,CALLE,TRIGALES,CALLE,VALLE DE GUADALUPE,6,false,false,9,ND,ND,0,0,N,N,27,"38,27",0,3000,false,4,1,CAMIONETA,NISSAN,INFINITI,1,2,1214,Robo de autopartes y cristalazo,-102.30527012,21.92851802
190953596,30411,8,2019-08-25,7,20,24,1,FRACCIONAMIENTO,SANTA ELENA,1062,AVENIDA,LAS AMERICAS,NA,",,,",CALLE,LANCEROS DE AGUASCALIENTES,CALLE,REPUBLICA DE URUGUAY,CALLE,QUITO,2,false,false,9,ND,ND,0,0,N,N,4,"23,22",0,10000,false,1,2,AUTOMOVIL,VOLKSWAGEN,JETTA,1,2,1215,Robo de autopartes y cristalazo,-102.30071912,21.87332072
190954381,30411,8,2019-08-25,7,23,57,1,BARRIO,SAN MARCOS,735,CALLE,TALAMANTES,NA,",,,",CALLE,RINCON,CALLE,DOCTOR PEDRO DE ALBA,CALLE,IGNACIO LOMAS,6,false,false,9,ND,ND,0,0,N,N,10,24,0,0,false,1,2,AUTOMOVIL,DODGE,NEON,1,2,1216,Robo de autopartes y cristalazo,-102.30785943,21.87988252
190950912,30403,8,2019-08-25,7,3,57,1,FRACCIONAMIENTO,JARDINES DE LA CRUZ (DELEGACION MORELOS),716,PRIVADA,PRIMERA PRIVADA DE LA CONVENCION,NA,"111,,,",AVENIDA,CONVENCION DE 1914 ORIENTE,CALLE,CEDRO,AVENIDA,LICENCIADO ADOLFO LOPEZ MATEOS ORIENTE,3,false,false,9,ND,ND,0,0,N,N,5,41,0,0,false,4,4,AUTOMOVIL,ND,ND,1,1,1217,Robo de autopartes y cristalazo,-102.27120809,21.87731852
190917746,30411,8,2019-08-17,6,14,11,1,FRACCIONAMIENTO,CARTAGENA,322P,CALLE,CHATO MORONES,NA,",,,",CALLE,VIÑEDOS RIVIER,AVENIDA,FERROCARRIL,CALLE,PATON GONZALEZ,5,false,false,9,H,AUTOLAVADO,0,0,N,N,3,38,0,0,false,1,1,AUTOMOVIL,DODGE,ATTITUDE,1,6,1218,Robo de autopartes y cristalazo,-102.27687412,21.95607825
190942232,30411,8,2019-08-23,5,8,41,1,FRACCIONAMIENTO,DEL VALLE 2A SECCION,939,CALLE,FLORENCIA,NA,",,,",AVENIDA,AGUASCALIENTES PONIENTE,CALLE,LIVERPOOL,CALLE,NAPOLES,6,false,false,9,"H,H",ND,0,0,AUTOMOVIL,POINTER EN COLOR AZUL,4,38,0,0,false,2,1,CAMIONETA,TOYOTA,HILUX,1,1,1219,Robo de autopartes y cristalazo,-102.31850505,21.87567484
190941945,30411,8,2019-08-23,5,4,56,1,FRACCIONAMIENTO,OJOCALIENTE LAS TORRES,531,AVENIDA,PASEO OJOCALIENTE,NA,",,,",CALLE,PASEO DEL CERRITO,CALLE,PASEO DE LAS TORRES PONIENTE,CALLE,PASEO DEL CEDAZO,3,false,false,9,H,ND,1,0,N,N,5,39,0,0,false,1,2,ND,ND,ND,1,4,1220,Robo de autopartes y cristalazo,-102.25662805,21.86993304
190955251,30403,8,2019-08-26,1,9,1,1,FRACCIONAMIENTO,OJOCALIENTE III,525,CALLE,LAS HORMIGAS,NA,",,,",CALLE,OCOTE,CALLE,ESTACION CAÑADA,CALLE,EL MAPACHE,2,false,false,9,ND,ND,0,0,N,N,27,"22,3",0,3800,false,4,3,AUTOMOVIL,HONDA,CIVIC,1,1,1221,Robo de autopartes y cristalazo,-102.24838804,21.88200244
190958141,30403,8,2019-08-26,1,22,13,1,FRACCIONAMIENTO,JARDINES DE LA ASUNCION,991,AVENIDA,JOSE MARIA CHAVEZ,NA,",,,",CALLE,JUNIPERO SERRA,AVENIDA,AGUASCALIENTES SUR,CALLE,JUAN B OROZCO,3,false,false,9,ND,ND,0,0,N,N,14,"26,27",0,0,false,4,1,CAMIONETA,JEEP,ND,1,1,1222,Robo de autopartes y cristalazo,-102.29289379,21.85882453
190959149,30403,8,2019-08-26,2,10,31,1,FRACCIONAMIENTO,RANCHO SANTA MONICA,961,AVENIDA,PROVIDENCIA,NA,",,,",AVENIDA,SANTA MONICA,CERRADA,SAN PEDRO,CERRADA,SAN PEDRO,2,false,false,9,ND,ND,0,0,N,N,27,"26,27",0,0,false,4,1,AUTOMOVIL,CHEVROLET,MALIBU,1,1,1223,Robo de autopartes y cristalazo,-102.32032754,21.83919951
190960706,30403,8,2019-08-27,2,17,6,1,FRACCIONAMIENTO,EJIDO LAS CUMBRES,403,CALLE,SIERRA DE TEPEHUANES,NA,",,,",CALLE,TLAXCO,CALLE,SIERRA DE TEPEHUANES,CALLE,PICACHO ORIENTE,5,false,false,9,ND,ND,0,0,N,N,3,41,0,0,false,4,4,CAMIONETA,ND,ND,1,6,1224,Robo de autopartes y cristalazo,-102.25816576,21.90913122
190961054,30411,8,2019-08-27,2,18,35,1,CONDOMINIO,FUENTES DEL LAGO,1032,CALLE,CONSTITUYENTES,NA,",,,",AVENIDA,FUENTES DEL LAGO,AVENIDA,REVOLUCION,AVENIDA,FUENTES DEL LAGO,2,false,false,9,ND,ND,0,0,N,N,3,"26,38",0,0,false,1,1,AUTOMOVIL,ND,ND,1,6,1225,Robo de autopartes y cristalazo,-102.34562218,21.85065399
190961176,30411,8,2019-08-27,2,19,10,1,FRACCIONAMIENTO,GRANJAS CAMPESTRE,851,CALLE,POTREROS,NA,",,,",CALLE,LAS TROJES,CALLE,AGRICULTURA,CALLE,GRANEROS,6,false,false,9,ND,ND,0,0,N,N,27,"26,38",0,35000,false,1,1,AUTOMOVIL,VOLKSWAGEN,BEETLE,1,1,1226,Robo de autopartes y cristalazo,-102.31485237,21.92544456
190961797,30411,8,2019-08-27,2,21,38,5,FRACCIONAMIENTO,EJIDO LAS CUMBRES,403,CALLE,PICACHO ORIENTE,NA,",,,",CALLE,SIERRA DE SAN BERNARDINO,CALLE,SIERRA DE TLAXCO,CALLE,MONTE DE LAS CRUCES,5,false,false,9,N,ND,0,0,N,N,4,"26,28,3",20000,0,false,1,1,ND,ND,ND,1,1,1227,Robo de autopartes y cristalazo,-102.25629215,21.90984052
190961917,30411,8,2019-08-27,2,22,8,1,FRACCIONAMIENTO,MORELOS,616,ANDADOR,PRIMER BONAMPAK,NA,",,,",CALLE,BONAMPAL,ANDADOR,NINGUNO,ANDADOR,SEGUNDO,3,false,false,9,ND,ND,0,0,N,N,14,"23,22",0,4000,false,1,2,AUTOMOVIL,CHRYSLER,STRATUS,1,1,1228,Robo de autopartes y cristalazo,-102.25646432,21.86201469
190962570,30411,8,2019-08-28,3,5,37,1,FRACCIONAMIENTO,INSURGENTES,1046,CALLE,HERMANOS FLORES MAGON,NA,"228,,,",AVENIDA,CONVENCION,CALLE,ABRHAHAM GONZALEZ,CALLE,SERAPIO RENDON,2,false,false,9,ND,ND,0,0,N,N,27,24,0,0,false,1,2,ND,ND,ND,1,1,1229,Robo de autopartes y cristalazo,-102.30699203,21.85031565
190962772,30411,8,2019-08-28,3,8,30,1,FRACCIONAMIENTO,LOS LAURELES,769,CALLE,DEL LAUREL PONIENTE,NA,",,,",CALLE,DE LA DAMIANA,CALLE,LAUREL SUR,CIRCUITO,EL SABINAL,4,false,false,9,ND,ND,0,0,N,N,1,11,0,10000,false,1,1,CAMIONETA,FORD,150,1,1,1230,Robo de autopartes y cristalazo,-102.24100009,21.90215051
190963016,30411,8,2019-08-28,3,10,37,1,FRACCIONAMIENTO,PERIODISTAS,404,CALLE,LOCUTORES,NA,"135,,,",AVENIDA,MARIANO HIDALGO,AVENIDA,AMALIA GOMEZ ZEPEDA,CALLE,CORRECTORES,3,false,false,9,ND,ND,3,0,N,N,2,"3,6,22",450,3000,false,1,3,AUTOMOVIL,PEUGEOT,ND,1,1,1231,Robo de autopartes y cristalazo,-102.25056612,21.85008930
190963169,30411,8,2019-08-28,3,11,31,1,SIN TIPO,AGRICULTURA (SUBDIVISION),990,CALLE,REPUBLICA DE PERU,NA,",,,",CALLE,YUKON,CALLE,QUEBEC,CALLE,REPUBLICA DE HONDURAS,2,false,false,9,ND,ND,0,0,N,N,2,24,0,900,false,1,2,AUTOMOVIL,VOLKSWAGEN,CARIBE,1,13,1232,Robo de autopartes y cristalazo,-102.29577142,21.86342869
190963831,30411,8,2019-08-28,3,14,50,1,FRACCIONAMIENTO,FUNDADORES,623,CALLE,LUISA FERNANDEZ VILLA,NA,",,,",CALLE,CARLOS ORTEGA DE LEON,PROLONGACION,MARIANO HIDALGO,CALLE,FRANCISCO AGUAYO MORA,3,false,false,9,ND,ND,0,0,N,N,3,38,0,0,false,2,1,CAMIONETA,FORD,COURIER,1,13,1233,Robo de autopartes y cristalazo,-102.24308295,21.84937422
190965101,30403,8,2019-08-28,3,21,24,1,FRACCIONAMIENTO,LUIS ORTEGA DOUGLAS,440,CALLE,PICACHO ORIENTE,NA,",,,",AVENIDA,SIGLO XXI,CALLE,SIERRA DE TEPEHUANES,CALLE,CARLOS A MADRAZO,5,false,false,9,ND,ND,0,0,N,N,4,"23,",0,2500,false,4,2,CAMIONETA,FORD,EXPLORER,1,1,1234,Robo de autopartes y cristalazo,-102.25879609,21.90946046
190966280,30403,8,2019-08-29,4,10,22,1,FRACCIONAMIENTO,EJIDO LAS CUMBRES,403,AVENIDA,SIGLO XXI,NA,",,,",CALLE,CUMBRES,CALLE,SIERRA DE LA YERBABUENA,CALLE,MIAHUATLAN,5,false,false,9,ND,ND,0,0,N,N,27,39,0,0,false,4,4,TRAILER,ND,ND,1,13,1235,Robo de autopartes y cristalazo,-102.25718719,21.90760639
190967449,30403,8,2019-08-29,4,16,46,1,FRACCIONAMIENTO,LA FUENTE,1061,CALLE,REPUBLICA DE ECUADOR,NA,",,,",AVENIDA,LAS AMERICAS,CALLE,REPUBLICA DE URUAGUAY,CALLE,REPUBLICA DE COLOMBIA,2,false,false,9,ND,ND,0,0,N,N,3,41,0,0,false,4,4,AUTOMOVIL,TOYOTA,COROLLA,1,2,1236,Robo de autopartes y cristalazo,-102.30177294,21.87020059
190967540,30411,8,2019-08-29,4,17,13,1,FRACCIONAMIENTO,ESPAÑA,1052,CALLE,GALICIA,NA,",,,",AVENIDA,DE LOS MAESTROS,CALLE,ESPAÑA,CALLE,MALAGA,2,false,false,9,ND,ND,0,0,N,N,3,38,0,0,false,2,2,AUTOMOVIL,SEAT,IBIZA,1,1,1237,Robo de autopartes y cristalazo,-102.31366833,21.86234975
190967589,30411,8,2019-08-29,4,17,26,1,SIN TIPO,DESARROLLO 58 (FRENTE BASICOS),843,AVENIDA,INDEPENDENCIA,NA,",,,",PRIVADA,HAROLD R PPAE,AVENIDA,AGUASCALIENTES NORTE,BOULEVAR,A ZACATECAS,6,false,false,9,ND,ND,0,0,N,N,3,"6,38",0,25000,false,1,1,AUTOMOVIL,CHEVROLET,SPARK,1,1,1238,Robo de autopartes y cristalazo,-102.29646818,21.91643418
190968752,30403,8,2019-08-29,4,22,32,1,FRACCIONAMIENTO,EMILIANO ZAPATA,585,CALLE,ANTONIO DIAZ SOTO Y GAMA,NA,",,,",CALLE,PLAN DE AYALA,AVENIDA,MARIANO HIDALGO,CALLE,JOSE MARIA LICEAGA,3,false,false,9,ND,"H,H",0,0,N,N,14,39,0,0,false,4,4,AUTOMOVIL,NISSAN,TSURU,1,2,1239,Robo de autopartes y cristalazo,-102.25581910,21.85268344
190969419,30411,8,2019-08-30,5,4,57,1,FRACCIONAMIENTO,OJO DE AGUA,1080,CALLE,CASA BLANCA,NA,"104,,,",CALLE,TAMAULIPAS,CALLE,SINALOA,CALLE,PLAZA BLAS CHUMACERO,3,false,false,9,ND,ND,0,0,N,N,27,22,0,0,false,1,2,AUTOMOVIL,NISSAN,TSURU,1,7,1240,Robo de autopartes y cristalazo,-102.28096985,21.86247324
190969901,30403,8,2019-08-30,5,10,16,1,FRACCIONAMIENTO,VILLAS DE NUESTRA SEÑORA DE LA ASUNCION (SECTOR SAN MARCOS),435,AVENIDA,GERONIMO DE LA CUEVA,NA,",,,",AVENIDA,POLIDUCTO,CALLE,FELIPE II,CALLE,CALLE DE LOS ROMEROS,5,true,false,9,ND,ND,0,0,N,N,1,"38,22",0,6000,false,4,3,AUTOMOVIL,ND,ND,1,1,1241,Robo de autopartes y cristalazo,-102.26433992,21.92951330
190969945,30411,8,2019-08-30,5,10,30,1,FRACCIONAMIENTO,VILLAS DE LAS FUENTES,495,CALLE,VILLAS DE LAS FUENTES,NA,",,,",CALLE,VILLAS DE VALLARTA,CALLE,VILLAS DE CANCUN,CALLE,VILLAS DE NUEVO VALLARTA,5,false,false,9,ND,ND,0,0,N,N,1,11,0,0,false,2,1,CAMIONETA,ND,ND,1,1,1242,Robo de autopartes y cristalazo,-102.23873795,21.91329586
190970541,30411,8,2019-08-30,5,13,20,1,FRACCIONAMIENTO,LA CONCORDIA (DELEGACION POCITOS),672,CALLE,JARDINES ETERNOS,NA,",,,",CALLE,SANTA ROSA,CALLE,J ENCARNACION PAYEN,CALLE,SANTA ROSA,6,false,false,9,H,ND,1,0,N,N,3,38,0,0,false,2,2,ND,ND,ND,1,4,1243,Robo de autopartes y cristalazo,-102.31411980,21.88970372
190971260,30403,8,2019-08-30,5,16,27,1,FRACCIONAMIENTO,MODERNO,664,CALLE,FEDERICO GARCIA LORCA,NA,",,,",CALLE,JUAN DE DIOS,CALLE,SALVADOR DIAZ MIRON,CALLE,FRAY FERNANDO TERESA DE MIER,6,false,false,9,ND,ND,0,0,N,N,3,"26,6",0,10000,false,4,1,AUTOMOVIL,FORD,FUSION,1,1,1244,Robo de autopartes y cristalazo,-102.31554795,21.88218090
190972534,30411,8,2019-08-30,5,21,55,1,FRACCIONAMIENTO,LOS PERICOS,770,CALLE,SAN MARCOS,NA,",,,",AVENIDA,CULTURA OTOMI,CALLE,SAN RAFAEL,CALLE,SAN MARCOS,4,false,false,9,ND,ND,0,0,N,N,10,24,0,0,false,1,2,CAMIONETA,JEEP,GRAND CHEROKEE,1,1,1245,Robo de autopartes y cristalazo,-102.24470197,21.89955068
190972843,30403,8,2019-08-30,5,23,39,1,COLONIA,SAN MARCOS (DELEGACION CENTRO),736,CALLE,22 DE OCTUBRE,NA,",,,",CALLE,NICOLAS RAMIREZ,CALLE,NIETO,AVENIDA,CONVENCION DE 1914 PONIENTE,6,false,false,9,ND,ND,0,0,N,N,4,26,0,0,false,4,1,AUTOMOVIL,ND,ND,1,1,1246,Robo de autopartes y cristalazo,-102.31141439,21.87465778
190973120,30411,8,2019-08-31,6,1,6,1,SIN TIPO,DESARROLLO 9 (ATRAS UGASA),813,CALLE,GUADALUPE GONZALEZ,NA,",,,",AVENIDA,UNIVERSIDAD,CALLE,NINGUNO,CALLE,SILVESTRE GOMEZ,6,false,false,9,ND,ND,0,0,N,N,27,"26,6",0,20000,false,1,1,AUTOMOVIL,HONDA,ND,1,2,1247,Robo de autopartes y cristalazo,-102.31111970,21.90929081
190974181,30403,8,2019-08-31,6,11,16,5,COLONIA,VISTA HERMOSA,177,AVENIDA,SAN LORENZO,NA,",,,",CALLE,JULIO CADENA,CALLE,HERNANDEZ,CALLE,PROLONGACION SAUCEDO,7,false,false,9,ND,ND,0,0,N,N,1,39,0,0,false,4,1,AUTOMOVIL,CHEVROLET,SAFIRA,1,1,1248,Robo de autopartes y cristalazo,-102.34754115,21.96051303
190976945,30411,8,2019-08-31,6,23,36,1,FRACCIONAMIENTO,SANTA ANITA 4A SECCION,465,AVENIDA,GABRIELA MISTRAL,NA,",,,",CALLE,VALLE DE LOS REYES PONIENTE,CALLE,VALLE REAL,PRIVADA,DE LOS REYES,4,false,false,9,"H,H",ND,0,0,N,N,4,24,0,0,false,1,2,CAMIONETA,ND,ND,1,2,1249,Robo de autopartes y cristalazo,-102.27107117,21.90284444
190976698,30411,8,2019-08-31,6,22,7,1,FRACCIONAMIENTO,OJOCALIENTE I,741,CALLE,JESUS TERAN,NA,",,,",CALLE,TINAJA,AVENIDA,OJOCALIENTE,CALLE,LOS DURON,2,false,false,9,ND,ND,0,0,N,N,1,39,0,0,false,5,2,AUTOMOVIL,RENAULT,MAGANE,1,2,1250,Robo de autopartes y cristalazo,-102.25633759,21.88827176
190970439,30411,8,2019-08-30,5,12,59,1,FRACCIONAMIENTO,MUNICIPIO LIBRE,760,CALLE,MIGUEL ANGEL BARBERENA VEGA,NA,",,,",CALLE,PASTORES,CALLE,OBREROS,CALLE,PESCADORES,4,false,false,9,H,ND,0,0,N,N,3,38,0,0,false,2,1,CAMIONETA,NISSAN,ND,2,1,1251,Robo de autopartes y cristalazo,-102.26297218,21.89654036
190967599,30411,8,2019-08-31,6,17,27,1,UNIDAD HABITACIONAL,IV CENTENARIO,1065,RETORNO,MARIANO DIAZ,NA,"108,,,",AVENIDA,MARIANO DIAZ,CALLE,SILVESTRE DORADO,CALLE,JOSE MARIA BOCANEGRA,3,false,false,9,"H,H,",ND,0,0,MOTOCICLETA,EN COLOR VERDE,3,41,0,0,true,1,2,AUTOMOVIL,HONDA,ND,1,2,1252,Robo de autopartes y cristalazo,-102.27894313,21.87068320
190959131,30403,8,2019-08-27,2,10,19,1,SIN TIPO,CANTERAS DE SANTA IMELDA (SUBDIVISION),1039,CALLE,CERRADA DEL CIRCO PTE,NA,",,,",AVENIDA,PASEO DEL PORVENIR,CALLE,PERSEA,CALLE,CDA DE LA SORPRESA,2,false,false,9,ND,ND,0,0,N,N,2,41,0,0,false,4,4,ND,ND,ND,1,1,1253,Robo de autopartes y cristalazo,-102.32366258,21.86585992
190952216,30403,8,2019-08-26,1,13,34,1,FRACCIONAMIENTO,RESIDENCIAL DEL PARQUE CONDOMINIO,1084,CIRCUITO,EL HUAMUCHIL,NA,",,,",PRIVADA,DEL HUAMUCHIL,CIRCUITO,DEL HUAMUCHIL,CIRCUITO,DEL HUAMUCHIL,3,false,false,9,H,DAVID ELIU VILLALOBOS VEGA,1,0,N,N,3,41,0,0,false,4,4,ND,ND,ND,1,4,1254,Robo de autopartes y cristalazo,-102.28122416,21.85063785
190977751,30411,9,2019-09-01,7,4,41,1,FRACCIONAMIENTO,MISION DE SANTA FE,569,AVENIDA,ARQUEROS,NA,",,,",CALLE,MISION DE SANTA FE,CALLE,ESTRELLA,CALLE,PUESTA DE PICACHO,3,false,false,9,ND,ND,0,0,N,N,27,41,0,0,false,1,4,AUTOMOVIL,CHEVROLET,CHEVY,1,1,1255,Robo de autopartes y cristalazo,-102.26954759,21.86561366
190978049,30403,9,2019-09-01,7,8,23,1,FRACCIONAMIENTO,INSURGENTES,1046,AVENIDA,CONVENCION,NA,"1301,,,",CALLE,HERMANOS FLORES MAGON,CALLE,BELISARIO DOMIMGUEZ,CALLE,ABRAHAM GONZALEZ,2,true,false,9,H,ND,0,0,BICICLETA,"CHAPARRITA, CROMADA",2,"27,23,22",0,0,false,4,3,CAMIONETA,ND,ND,1,1,1256,Robo de autopartes y cristalazo,-102.30727169,21.85092189
190978911,30403,9,2019-09-01,7,13,57,1,FRACCIONAMIENTO,DEL VALLE 1A SECCION,734,CALLE,FLORENCIA,NA,"119,,,",CALLE,AVENIDA,AVENIDA,AGUASCALIENTES PONIENTE,CALLE,NAPOLES,6,false,false,9,ND,ND,0,0,N,N,3,"26,",0,2500,false,4,1,AUTOMOVIL,HONDA,ND,1,13,1257,Robo de autopartes y cristalazo,-102.31811332,21.87568334
190979293,30403,9,2019-09-01,7,15,36,11,FRACCIONAMIENTO,CERRADA SAN FRANCISCO,4PR,NINGUNO,NA,NA,",,,",NINGUNO,NA,NINGUNO,NA,NINGUNO,NA,7,false,false,9,ND,ND,0,0,N,N,27,"22,23,11",0,11000,false,4,3,CAMIONETA,NISSAN,NP300,1,1,1258,Robo de autopartes y cristalazo,-102.29212955,22.06792873
190980369,30403,9,2019-09-01,7,20,24,1,UNIDAD HABITACIONAL,VIVIENDA POPULAR,1055,CALLE,RINCON,NA,",,,",AVENIDA,LICENCIADO ADOLFO LOPEZ MATEOS PONIENTE,CALLE,RINCON,CALLE,NIETO,1,false,false,9,ND,ND,0,0,N,N,4,"26,3",0,15000,false,4,1,AUTOMOVIL,VOLKSWAGEN,ND,1,2,1259,Robo de autopartes y cristalazo,-102.30686983,21.87577594
190973792,30411,8,2019-08-31,6,8,54,6,SIN TIPO,EMILIANO ZAPATA,87,CALLE,CONSTITUCION,NA,",,,",CALLE,20 DE NOVIEMBRE,CALLE,MIGUEL HIDALGO,CALLE,ADOLFO LOPEZ MATEOS,7,false,false,9,ND,ND,0,0,N,N,2,39,0,0,false,1,4,AUTOMOVIL,VOLKSWAGEN,POINTER,1,2,1260,Robo de autopartes y cristalazo,-102.30100640,22.10818329
190981893,30403,9,2019-09-02,1,7,12,1,SIN TIPO,BARRANCA DE GUADALUPE (SUBDIVISION),732,CALLE,ESPAÑA,NA,",,,",CALLE,NISPERO,AVENIDA,CONVENCION DE 1914 PONIENTE,CALLE,ALAMOS,2,false,false,9,ND,ND,0,0,N,N,4,41,0,0,false,4,4,AUTOMOVIL,HONDA,CIVIC,1,1,1261,Robo de autopartes y cristalazo,-102.31098723,21.87046894
190982054,30403,9,2019-09-02,1,8,44,1,COLONIA,SAN PEDRO,397,AVENIDA,MAHATMA GANDHI,NA,",,,",CALLE,MARIANO N RUIZ,CALLE,EMILIO RABASA,CALLE,ROSAURA ZAPATA,2,false,false,9,ND,ND,0,0,N,N,5,"11,38",0,150000,false,4,1,CAMIONETA,FORD,TRANSIT,1,1,1262,Robo de autopartes y cristalazo,-102.29379479,21.84226149
190982786,30411,9,2019-09-02,1,13,12,1,SIN TIPO,DESARROLLO 80 (BODEGA AURRERA GUADALUPE),924,NA,GUADALUPE,NA,",,,",AVENIDA,CONVENCION DE 1914 PONIENTE,CALLE,FELIPE ANGELES,CALLE,ARROYO DE LOS ARELLANO,6,false,false,9,N,ND,0,0,N,N,3,24,0,0,false,1,2,AUTOMOVIL,CHEVROLET,CAVALIER,1,1,1263,Robo de autopartes y cristalazo,-102.31217937,21.88569461
190984943,30403,9,2019-09-02,1,22,43,1,FRACCIONAMIENTO,CIRCUNVALACION NORTE (DELEGACION CENTRO),399,CALLE,ALFREDO LEWIS,NA,",,,",CALLE,PALMA,CALLE,PRIMAVERA,CALLE,PROFESOR EDMUNDO GAMEZ OROZCO,6,false,false,9,ND,ND,0,0,N,N,4,41,0,0,false,4,4,AUTOMOVIL,RENAULT,CLIO,1,1,1264,Robo de autopartes y cristalazo,-102.29839697,21.89781881
190985083,30403,9,2019-09-02,1,23,24,1,FRACCIONAMIENTO,BOSQUES DEL PRADO,847,CALLE,SIERRA NAVADA,NA,"322,A,,",CALLE,SAN JULIAN,CALLE,SAN JUAN DE LOS LAGOS,CALLE,ANDES APENINOS,6,false,false,9,ND,ND,0,0,N,N,27,41,0,0,false,4,4,CAMIONETA,ND,ND,1,1,1265,Robo de autopartes y cristalazo,-102.30847249,21.91873291
190986277,30403,9,2019-09-03,2,12,21,1,SIN TIPO,DESARROLLO 41 (SAN TELMO),797,CIRCUITO,PASEOS DE SAN TELMO,NA,"1201,,,",AVENIDA,PROLONGACION ZARAGOZA,CALLE,ARROYO EL MOLINO,CIRCUITO,PASEO DE SAN TELMO,6,false,false,9,ND,ND,0,0,N,N,2,24,0,0,false,4,2,AUTOMOVIL,NISSAN,TSURU,1,1,1266,Robo de autopartes y cristalazo,-102.30497654,21.93311423
190986599,30411,9,2019-09-03,2,13,54,1,FRACCIONAMIENTO,EJIDO LAS CUMBRES,403,AVENIDA,SIGLO XXI,NA,",,,",CALLE,PICACHO ORIENTE,CALLE,SIERRA TARAHUMARA,PRIVADA,SIERRA TARAHUMARA,5,false,false,9,ND,ND,0,0,N,N,9,22,0,0,false,1,2,AUTOMOVIL,NISSAN,TSURU,1,2,1267,Robo de autopartes y cristalazo,-102.25901087,21.90960556
190986615,30411,9,2019-09-03,2,13,58,1,COLONIA,SAN MARCOS (DELEGACION CENTRO),736,CALLE,25 DE ABRIL,NA,",,,",CALLE,SAN MARCOS,CALLE,ASUNCION,CALLE,PROLONGACION AQUILES ELORDUY,6,false,false,9,ND,ND,0,0,N,N,3,25,0,0,false,2,2,ND,ND,ND,1,13,1268,Robo de autopartes y cristalazo,-102.31001677,21.88102495
190989386,30403,9,2019-09-04,3,9,50,1,FRACCIONAMIENTO,LOMAS DEL AJEDREZ,1121,CALLE,DE LA VICTORIA,NA,"936,,,",CALLE,DEFENSA FRANCESA,CALLE,DIAGONAL ALFIL,CALLE,DE LA VICTORIA,3,false,false,9,ND,ND,0,0,N,N,16,"22,38",0,1500,false,4,3,AUTOMOVIL,CHRYSLER,NEON,1,1,1269,Robo de autopartes y cristalazo,-102.25610974,21.84288688
190989980,30403,9,2019-09-04,3,12,41,1,FRACCIONAMIENTO,LA FUENTE,1061,CALLE,COQUIMBO,NA,"107,,,",CALLE,QUITO,AVENIDA,IGNACIO T. CHAVEZ,AVENIDA,LAS AMERICAS,2,false,false,9,ND,ND,0,0,MOTOCICLETA,N,3,41,0,0,false,4,4,ND,ND,ND,1,13,1270,Robo de autopartes y cristalazo,-102.30163904,21.87296026
190990226,30403,9,2019-09-04,3,13,45,5,FRACCIONAMIENTO,EL MEZQUITAL,197,CALLE,CARDENCHE,NA,",,,",CALLE,BAYAHONDA,CALLE,MEZQUITAL,CALLE,SOLIDARIDAD,7,false,false,9,ND,ND,0,0,N,N,27,24,0,1000,false,4,2,AUTOMOVIL,CHEVROLET,CUTLASS,1,13,1271,Robo de autopartes y cristalazo,-102.35539516,21.96594922
190990833,30403,9,2019-09-04,3,16,2,1,FRACCIONAMIENTO,JOSE LOPEZ PORTILLO,955,CALLE,JOSE CALVILLO,NA,"955,,,",CALLE,CORONEL VALENTE ARTEAGA,CALLE,JOSE RINCON GALLARDO,CALLE,MIGUEL APARICIO M,2,false,false,9,ND,ND,0,0,N,N,3,22,0,0,false,4,2,CAMIONETA,FORD,EXPEDITION,1,13,1272,Robo de autopartes y cristalazo,-102.32682401,21.85235468
190992054,30411,9,2019-09-04,3,21,39,1,FRACCIONAMIENTO,BOULEVARES 1A SECCION,1047,CALLE,ENRIQUE C REBSAMEN,NA,",,,",CALLE,RAFAELA SUAREZ,CALLE,RAFAEL RAMIREZ,CALLE,JESUS SOTELO INCLAN,2,false,false,9,H,"TATUAJES EN UN BRAZO, CAMISETA GRIS",0,0,N,N,4,41,0,0,false,1,4,AUTOMOVIL,VOLKSWAGEN,JETTA,1,2,1273,Robo de autopartes y cristalazo,-102.30102822,21.85768460
190993502,30411,9,2019-09-05,4,12,1,1,FRACCIONAMIENTO,LAS AMERICAS (DELEGACION INSURGENTES),406,AVENIDA,CONVENCION DE 1914 SUR,NA,",,,",CALLE,REPUBLICA DE BRASIL,N/A,QUINTA AVENIDA,CALLE,REPUBLICA DE PERU,2,false,false,9,H,ND,0,0,N,N,3,11,0,0,false,2,1,CAMIONETA,ND,ND,1,1,1274,Robo de autopartes y cristalazo,-102.29938250,21.86612950
190993848,30403,9,2019-09-05,4,13,53,1,FRACCIONAMIENTO,DEL VALLE 1A SECCION,734,CALLE,NAPOLES,NA,",,,",CALLE,26 DE MARZO,AVENIDA,CONVENCION 1914,CALLE,NICOLAS RAMIREZ,6,false,false,9,"H,H",ND,0,0,N,N,3,"26,27",0,0,false,4,1,AUTOMOVIL,VOLKSWAGEN,JETTA,1,13,1275,Robo de autopartes y cristalazo,-102.31232332,21.87571528
190996971,30403,9,2019-09-06,5,9,17,1,FRACCIONAMIENTO,OJOCALIENTE III,525,AVENIDA,SIGLO XX,NA,"517,,,",CALLE,SAN FRANCISCO DE LOS VIVEROS,CALLE,EL CEDAZO,CALLE,OCOTE,4,false,false,9,H,ND,0,0,N,N,2,41,0,0,false,4,4,CAMIONETA,FORD,WINSTAR,1,2,1276,Robo de autopartes y cristalazo,-102.24786770,21.87915166
191001920,30411,9,2019-09-07,6,14,17,1,DESARROLLO ESPECIAL,PARQUE ECOLOGICO DE MEXICO,438,AVENIDA,AGUASCALIENTES ORIENTE,NA,",,,",AVENIDA,PENSADORES MEXICANOS,AVENIDA,ALCALDES,AVENIDA,OJOCALIENTE,5,false,false,9,"H,H",ND,0,0,N,N,3,"26,11",0,12000,false,1,1,CAMIONETA,VOLKSWAGEN,SAVEIRO,1,2,1277,Robo de autopartes y cristalazo,-102.27301779,21.91000115
191002090,30411,9,2019-09-07,6,14,55,1,FRACCIONAMIENTO,CIUDAD INDUSTRIAL,982,CALLE,ANGEL DORRONSORO GANDARA,NA,"201,,,",CALLE,JESUS RIVERA FRANCO,CALLE,ANTONIO GUTIERREZ SOLA,CALLE,GREGORIO RUIZ VELAZCO,3,false,false,9,ND,ND,0,0,N,N,3,24,0,0,false,1,2,CAMIONETA,NISSAN,ND,1,1,1278,Robo de autopartes y cristalazo,-102.28331434,21.84104482
191002869,30411,9,2019-09-07,6,3,19,1,FRACCIONAMIENTO,JARDINES DEL PARQUE,957,AVENIDA,DEL PARQUE,NA,",,,",AVENIDA,DEL LAGO,N/A,HEROE DE NACOZARI SUR,CALLE,PASEO DE LOS CISNES,3,false,false,9,ND,ND,0,0,N,N,3,"26,3",0,20000,false,1,1,AUTOMOVIL,CHEVROLET,SPARK,1,1,1279,Robo de autopartes y cristalazo,-102.28534423,21.85338231
191001851,30411,9,2019-09-07,6,13,55,1,FRACCIONAMIENTO,CIUDAD INDUSTRIAL,982,BOULEVARD,JOSE MARIA CHAVEZ,NA,",,,",CALLE,CAROLINA VILLANUEVA DE GARCIA,CALLE,ANTONIO GUTIERREZ SOLA,CALLE,GREGORIO RUIZ VELAZCO,3,false,false,9,"H,H,H",ND,1,0,AUTOMOVIL,CHEVY EN COLOR VERDE,3,24,0,0,true,1,2,CAMIONETA,FORD,ND,1,4,1280,Robo de autopartes y cristalazo,-102.28888784,21.83566017
191001851,30411,9,2019-09-07,6,13,55,1,FRACCIONAMIENTO,CIUDAD INDUSTRIAL,982,BOULEVARD,JOSE MARIA CHAVEZ,NA,",,,",CALLE,CAROLINA VILLANUEVA,CALLE,ANTONIO GUTIERREZ SOLA,CALLE,GREGORIO RUIZ VELAZCO,3,false,false,9,"H,H,H",ND,1,0,AUTOMOVIL,CHEVY EN COLOR VERDE,3,24,0,0,true,1,2,CAMIONETA,ND,ND,1,4,1281,Robo de autopartes y cristalazo,-102.28887883,21.83560516
191001851,30411,9,2019-09-07,6,13,55,1,FRACCIONAMIENTO,CIUDAD INDUSTRIAL,982,BOULEVARD,JOSE MARIA CHAVEZ,NA,",,,",CALLE,CAROLINA VILLANUEVA DE GARCIA,CALLE,ANTONIO GUTIERREZ SOLA,CALLE,GREGORIO RUIZ VELAZCO,3,false,false,9,"H,H,H",ND,1,0,AUTOMOVIL,CHEVY EN COLOR VERDE,3,24,0,0,true,1,2,AUTOMOVIL,DODGE,SPIRIT,1,4,1282,Robo de autopartes y cristalazo,-102.28888733,21.83558067
191001773,30403,9,2019-09-07,6,13,32,1,FRACCIONAMIENTO,BONA GENS,527,CALLE,ESTRELLA POLAR,NA,",,,",CALLE,AURORA,AVENIDA,ADOLFO LOPEZ MATEOS,CALLE,TANYVETH,3,false,false,9,ND,ND,0,0,N,N,3,38,0,0,false,4,1,AUTOMOVIL,PONTIAC,ND,1,2,1283,Robo de autopartes y cristalazo,-102.26635319,21.87694914
191002195,30411,9,2019-09-07,6,15,29,1,FRACCIONAMIENTO,CIUDAD INDUSTRIAL,982,BOULEVARD,JOSE MARIA CHAVEZ,NA,",,,",CALLE,ANTONIO GUTIERREZ SOLA,CALLE,JESUS RIVERA FRANCO,CALLE,ALFONSO BERNAL SANTOS,3,false,false,9,ND,ND,0,0,N,N,3,22,0,0,false,1,2,AUTOMOVIL,HONDA,ND,1,2,1284,Robo de autopartes y cristalazo,-102.28960053,21.83949332
190996172,30403,9,2019-09-05,4,4,27,1,FRACCIONAMIENTO,BOSQUES DEL PRADO ORIENTE,437,CALLE,CAVA,NA,",,,",CALLE,RACIMO,AVENIDA,AGUASCALIENTES NORTE,CALLE,VINO,5,false,false,9,"H,H",ND,0,0,N,N,4,"22,38",0,0,false,4,3,ND,ND,ND,2,2,1285,Robo de autopartes y cristalazo,-102.28067383,21.91419312
190994493,30411,9,2019-09-05,4,0,43,6,COMUNIDAD,SAN LUIS DE LETRAS,219,CALLE,LEONA VICARIO,NA,"423,,,",CALLE,BENITO JUAREZ,CALLE,VICENTE GUERRERO,CALLE,GALEANA,7,false,false,9,ND,ND,0,0,N,N,1,24,0,2500,false,1,2,AUTOMOVIL,ND,ND,1,1,1286,Robo de autopartes y cristalazo,-102.29611690,22.13627704
191004293,30411,9,2019-09-08,7,2,20,5,SIN TIPO,CORRAL DE BARRANCOS,142,CALLE,CAMINO REAL,NA,"316,,,",CALLE,CAMINO DEL CAMPANARIO,CALLE,CAMINO REAL,CALLE,CAMINO DEL PUEBLO,7,false,false,9,ND,ND,0,0,N,N,5,41,0,0,false,1,4,CAMIONETA,CHEVROLET,ND,1,1,1287,Robo de autopartes y cristalazo,-102.32944337,21.94334922
191004515,30403,9,2019-09-08,7,3,32,1,EJIDO,SALTO DE OJOCALIENTE,580,AVENIDA,TECNOLOGICO,NA,",,,",CALLE,MIGUEL HIDALGO,CALLE,CNC,CALLE,CLERO ( PRIVADA MIGUEL HIDALGO),3,false,false,9,ND,ND,0,0,N,N,3,41,0,0,false,4,4,ND,ND,ND,1,2,1288,Robo de autopartes y cristalazo,-102.24930163,21.87006597
191004579,30403,9,2019-09-08,7,4,7,1,FRACCIONAMIENTO,SANTA IMELDA,1038,CERRADA,DEL CIRCO PTE,NA,"210,,,",CALLE,PERSEA,CERRADA,DE LA SORPRESA,AVENIDA,DE LOS OLIVOS,2,false,false,9,H,ND,0,0,BICICLETA,N,5,41,0,0,false,4,4,ND,ND,ND,1,2,1289,Robo de autopartes y cristalazo,-102.32421820,21.86555626
191004746,30403,9,2019-09-08,7,6,12,1,SIN TIPO,DESARROLLO 52 (EL ROSEDAL),512,CALLE,ROSA BARONESSE,NA,"160,,,",CALLE,POZO DE NIQUEL,CALLE,ROSA SENTYNA,AVENIDA,POZO BRAVO,5,false,false,9,H,ND,0,0,N,N,2,39,0,0,false,4,4,AUTOMOVIL,NISSAN,SENTRA,1,1,1290,Robo de autopartes y cristalazo,-102.27871003,21.92448687
191004870,30403,9,2019-09-08,7,7,42,1,COLONIA,EL RIEGO,767,CALLE,EL RETOÑO,NA,"212,,,",AVENIDA,DE LA ESPIGA,CALLE,NINGUNO,PRIVADA,BETABEL,4,false,false,9,H,ND,0,0,N,N,2,41,0,0,false,4,4,CAMIONETA,CHRYSLER,ND,1,1,1291,Robo de autopartes y cristalazo,-102.25105236,21.89238134
190993761,30411,9,2019-09-05,4,13,16,5,COLONIA,UNIDAD DEPORTIVA CIELO CLARO,222,AVENIDA,ALEJANDRO DE LA CRUZ SAUCEDO,NA,",,,",CALLE,JOSE MARIA CHAVEZ,N/A,SAN MIGUEL,CALLE,NINGUNO,7,false,false,9,ND,ND,0,0,N,N,27,24,0,0,false,1,2,ND,ND,ND,1,2,1292,Robo de autopartes y cristalazo,-102.33705726,21.96009688
190994571,30411,9,2019-09-05,4,16,23,1,FRACCIONAMIENTO,OJOCALIENTE III,525,CALLE,LA BOQUILLA,NA,"132,,,",CALLE,CAÑADA GRANDE,CALLE,LA MANZANA,CALLE,LA CONGOJA,4,false,false,9,H,EL BOSS,0,0,N,N,3,22,0,0,false,1,2,ND,ND,ND,1,1,1293,Robo de autopartes y cristalazo,-102.24532394,21.88238621
190990980,30411,9,2019-09-04,3,16,46,1,FRACCIONAMIENTO,VALLE DE LOS CACTUS,725,AVENIDA,TECNOLOGICO,NA,",,,",CALLE,PASEO DE LA VIZNAGA,CALLE,GAVIOTAS,ANDADOR,RECINTO DURAZNILLO,5,false,false,9,ND,ND,0,0,N,N,2,26,9000,0,false,1,1,AUTOMOVIL,ND,ND,1,1,1294,Robo de autopartes y cristalazo,-102.22921038,21.86284179
190993331,30411,9,2019-09-05,4,11,10,5,SIN TIPO,RESIDENCIAL ARBORADA,340PR,AVENIDA,AGUASCALIENTES ZACATECAS,NA,",,,",AVENIDA,FERROCARRIL,CARRETERA,25 ENT RIVIER - SAN MARCOS,NINGUNO,NINGUNO,7,false,false,9,ND,ND,0,0,N,N,1,24,0,0,false,1,2,CAMION,ND,ND,1,1,1295,Robo de autopartes y cristalazo,-102.29015353,21.95392063
191000302,30411,9,2019-09-07,6,1,46,1,FRACCIONAMIENTO,PILAR BLANCO,981,BOULEVARD,AGUILA,NA,",,,",AVENIDA,MAHATMA GANDHI,ANDADOR,AGUILA,ANDADOR,PASEO DEL HALCON,2,false,false,9,ND,ND,0,0,N,N,3,"26,38",0,5000,false,1,1,AUTOMOVIL,HONDA,CIVIC,1,2,1296,Robo de autopartes y cristalazo,-102.29431593,21.85018767
191000647,30411,9,2019-09-07,6,6,26,1,FRACCIONAMIENTO,LA HUERTA,1113,CALLE,HACIENDA,NA,"102,,,",CALLE,SANTA ROSA,CALLE,HACIENDA,CALLE,PEÑUELAS,3,false,false,9,ND,ND,0,0,N,N,2,"27,38,12,22",0,1000,false,1,1,AUTOMOVIL,VOLKSWAGEN,VOCHO,1,1,1297,Robo de autopartes y cristalazo,-102.27976625,21.87629476
191000766,30411,9,2019-09-07,6,8,7,1,FRACCIONAMIENTO,MORELOS I,1120,AVENIDA,SIGLO XXI,NA,",,,",CALLE,CHICHENITZA,CALLE,MARIANO HIDALGO,CALLE,ARTILLERO MIER,3,false,false,9,ND,ND,0,0,N,N,27,27,0,0,false,3,4,AUTOMOVIL,ND,ND,1,1,1298,Robo de autopartes y cristalazo,-102.25342426,21.85622664
191000766,30411,9,2019-09-07,6,8,7,1,FRACCIONAMIENTO,MORELOS I,1120,AVENIDA,SIGLO XXI,NA,",,,",CALLE,CHICHENITZA,AVENIDA,MARIANO HIDALGO,CALLE,ARTILLERO MIER,3,false,false,9,ND,ND,0,0,N,N,27,41,0,0,false,3,4,AUTOMOVIL,ND,ND,1,1,1299,Robo de autopartes y cristalazo,-102.25350202,21.85620164
191008008,30411,9,2019-09-09,1,0,45,1,FRACCIONAMIENTO,OJOCALIENTE I,741,CALLE,CHICALOTE,NA,",,,",CALLE,LOS POCITOS,CALE,LAS TROJES,CALLE,PLAZUELA,4,false,false,9,"H,H",ND,0,0,N,N,5,"22,23",0,0,false,1,2,CAMIONETA,ND,ND,1,16,1300,Robo de autopartes y cristalazo,-102.25377837,21.88030523
191008119,30411,9,2019-09-09,1,1,39,1,FRACCIONAMIENTO,JOSE LOPEZ PORTILLO,955,CALLE,JOSE MARIA GONZALEZ BOCANEGRA,NA,",,,",CALLE,JOSE MARIA MARTINEZ VALADEZ,CALLE,CORONEL VALENTE ARTEAGA,CALLE,JOSE CALVILLO,2,false,false,9,ND,ND,0,0,N,N,9,24,0,0,false,1,2,CAMIONETA,FORD,RANGER,1,1,1301,Robo de autopartes y cristalazo,-102.32558404,21.85433682
191008601,30403,9,2019-09-09,1,8,59,1,FRACCIONAMIENTO,LOMAS DEL MIRADOR II,617,CALLE,LOMA DE LA PLATA,NA,"244,,,",CALLE,DE LA ALIANZA,CALLE,JUANA DE ARCO,CALLE,LOMA AMARILLA,3,false,false,9,ND,ND,0,0,N,N,2,"24,22,11,27",0,0,false,4,3,AUTOMOVIL,NISSAN,SENTRA,1,1,1302,Robo de autopartes y cristalazo,-102.25872250,21.84765951
191009059,30411,9,2019-09-09,1,11,56,1,FRACCIONAMIENTO,DEL VALLE 1A SECCION,734,AVENIDA,AGUASCALIENTES PONIENTE,NA,",,,",CALLE,VERSALLES,CALLE,NIZA,CALLE,LONDRES,6,false,false,9,ND,ND,0,0,N,N,27,41,0,0,false,1,4,AUTOMOVIL,ND,ND,1,6,1303,Robo de autopartes y cristalazo,-102.31828846,21.87412177
191014463,30411,9,2019-09-10,2,16,59,1,COLONIA,EL LLANITO,988,AVENIDA,LICENCIADO ADOLFO LOPEZ MATEOS PONIENTE,NA,",,,",CALLE,8 DE MAYO,CALLE,COSIO SUR,CALLE,18 DE JULIO,1,false,false,9,ND,ND,0,0,N,N,3,"26,3,22",0,5000,false,3,3,CAMIONETA,DATSUN,TSUBAME,1,6,1304,Robo de autopartes y cristalazo,-102.28499540,21.87886107
191014740,30411,9,2019-09-10,2,18,22,1,FRACCIONAMIENTO,DEL VALLE 1A SECCION,734,CALLE,26 DE MARZO,NA,"308,,,",CALLE,NICOLAS RAMIREZ,CALLE,NAPOLES,AVENIDA,CONVENCION DE 1914 PONIENTE,6,false,false,9,ND,ND,0,0,N,N,4,11,0,7000,false,1,1,AUTOMOVIL,VOLKSWAGEN,JETTA,1,1,1305,Robo de autopartes y cristalazo,-102.31302419,21.87627394
191017403,30403,9,2019-09-11,3,13,52,1,COLONIA,HEROES (DELEGACION MORELOS),717,CALLE,PRIVADA JAIME NUNO,NA,",,,",AVENIDA,CONVENCION DE 1914 ORIENTE,AVENIDA,LICENCIADO ADOLFO LOPEZ MATEOS ORIENTE,AVENIDA,CONVENCION DE 1914 ORIENTE,3,false,false,9,ND,ND,0,0,N,N,9,41,0,0,false,4,4,AUTOMOVIL,MAZDA,ND,1,13,1306,Robo de autopartes y cristalazo,-102.27113285,21.87892678
191017559,30403,9,2019-09-11,3,14,32,1,FRACCIONAMIENTO,BONA GENS,527,AVENIDA,LICENCIADO ADOLFO LOPEZ MATEOS ORIENTE,NA,",,,",CALLE,IZTACCIHUATL,CALLE,POPOCATEPETL,CALLE,CITLALTEPEC,3,false,false,9,ND,ND,0,0,N,N,27,41,0,0,false,4,4,AUTOMOVIL,VOLKSWAGEN,ND,1,6,1307,Robo de autopartes y cristalazo,-102.26895495,21.87781880
191019210,30403,9,2019-09-11,3,22,27,1,FRACCIONAMIENTO,PRADOS DEL SUR,1100,CALLE,NEVADO DE TOLUCA,NA,",,,",CALLE,GERTRUDIS BOCANEGRA,CALLE,SARGENTO LUCIANO PONCE,CALLE,NEVADO DE COLIMA,2,false,false,9,ND,ND,0,0,N,N,4,41,0,0,false,4,4,AUTOMOVIL,CHEVROLET,AVEO,1,1,1308,Robo de autopartes y cristalazo,-102.29768413,21.85813258
191020327,30403,9,2019-09-12,4,10,34,1,COLONIA,FERRONALES,520,CALLE,FELIPE PESCADOR,NA,",,,",AVENIDA,SIGLO XIX,CALLE,CATARINO ARREOLA,CALLE,INGENIERO L RAMIREZ,4,false,false,9,ND,ND,0,0,N,N,2,"26,28,27",60,0,false,4,1,CAMIONETA,CHEVROLET,EQUINOX,1,1,1309,Robo de autopartes y cristalazo,-102.27542767,21.88572045
191020653,30411,9,2019-09-12,4,12,18,1,FRACCIONAMIENTO,BALCONES DE ORIENTE,723,CALLE,MAPOCHO,NA,"133,,,",CALLE,SERENGUETI,CALLE,SAN FRANCISCO DE LOS VIVEROS,CALLE,PIE DE LA CUESTA,5,false,false,9,ND,ND,0,0,N,N,3,22,0,0,false,1,2,AUTOMOVIL,NISSAN,TSURU,1,13,1310,Robo de autopartes y cristalazo,-102.23223283,21.88437203
191021185,30411,9,2019-09-12,4,14,40,1,SIN TIPO,DESARROLLO 80 (BODEGA AURRERA GUADALUPE),924,AVENIDA,GUADALUPE,NA,",,,",AVENIDA,CONVENCION DE 1914 PONIENTE,CALLE,FELIPE ANGELES,CALLE,ARROYO DE LOS ARELLANOS,6,false,false,9,ND,ND,0,0,N,N,3,"24,3,26,28",0,14000,false,1,3,CAMIONETA,ND,ND,1,1,1311,Robo de autopartes y cristalazo,-102.31212855,21.88561932
191023708,30403,9,2019-09-13,5,5,57,1,FRACCIONAMIENTO,MORELOS,616,AVENIDA,AGUASCALIENTES SUR,NA,"318,,,",CALLE,CHICHENITZA,CALLE,PALENQUE,CALLE,PRIMERA PLAZA PALENQUE,3,false,false,9,ND,ND,0,0,N,N,5,11,0,0,false,4,2,CAMIONETA,FORD,AEROSTAR,1,1,1312,Robo de autopartes y cristalazo,-102.25411662,21.86127677
191024513,30411,9,2019-09-13,5,12,5,1,FRACCIONAMIENTO,REAL DE HACIENDAS,492,CALLE,VENTA DEL ASTILLERO,NA,"129,B,,",CALLE,CANUTILLO,CALLE,HACIENDA VENTA DEL ASTILLERO,AVENIDA,POLIDUCTO,4,false,false,9,ND,ND,0,0,N,N,2,"26,27",6000,0,false,3,1,AUTOMOVIL,ND,ND,1,1,1313,Robo de autopartes y cristalazo,-102.24274661,21.88548776
191026618,30411,9,2019-09-13,4,20,30,1,DESARROLLO ESPECIAL,TRES CENTURIAS ESPECIAL,753,AVENIDA,MANUEL GOMEZ MORIN,NA,",,,",PRIVADA,NINGUNO,AVENIDA,ALAMEDA,CALLE,SERVANDO CANALES,4,false,false,9,ND,ND,0,0,N,N,4,"26,38,28",1200,0,false,1,1,AUTOMOVIL,NISSAN,SENTRA,1,1,1314,Robo de autopartes y cristalazo,-102.28007816,21.88702620
191029029,30411,9,2019-09-14,6,12,56,1,FRACCIONAMIENTO,VILLAS DE NUESTRA SEÑORA DE LA ASUNCION (SECTOR ESTACION),502,CALLE,JUAN CONTRERAS,NA,",,,",AVENIDA,VALLE DE LOS ROMEROS,CALLE,DOMINGO VELAZCO,CALLE,JULIO VILLASEÑOR NORMAN,5,false,false,9,ND,ND,0,0,N,N,3,"26,27",0,0,false,1,1,CAMIONETA,FORD,150,1,1,1315,Robo de autopartes y cristalazo,-102.25943156,21.93944677
191029046,30411,9,2019-09-14,6,12,59,1,FRACCIONAMIENTO,VILLAS DE LA CANTERA,719,BOULEVARD,JUAN PABLO II,NA,",,,",AVENIDA,LOMAS ALTAS,CALLE,HEROES DE CHAPULTEPEC,CALLE,DEL AGUA CLARA,2,false,false,9,ND,ND,0,0,N,N,2,24,0,9000,false,1,2,AUTOMOVIL,NISSAN,TSURU,1,2,1316,Robo de autopartes y cristalazo,-102.34192466,21.85856174
191029046,30411,9,2019-09-14,6,12,59,1,FRACCIONAMIENTO,VILLAS DE LA CANTERA,719,BOULEVARD,JUAN PABLO II,NA,",,,",AVENIDA,LOMAS ALTAS,CALLE,HEROES DE CHAPULTEPEC,CALLE,DEL AGUA CLARA,2,false,false,9,ND,ND,0,0,N,N,2,39,0,0,false,1,1,AUTOMOVIL,NISSAN,TSURU,1,2,1317,Robo de autopartes y cristalazo,-102.34187397,21.85856777
191029070,30411,9,2019-09-14,6,13,4,1,FRACCIONAMIENTO,CIUDAD INDUSTRIAL,982,CALLE,ANGEL DORRONSORO GANDARA,NA,",,,",AVENIDA,SIGLO XXI,AVENIDA,JESUS RIVERA FRANCO,AVENIDA,JULIO DIAZ TORRES,3,false,false,9,"H,H,H",ND,0,0,AUTOMOVIL,MARCH EN COLOR GRIS CON PLACAS AER228B,3,"24,23,26,11",0,2500,false,1,3,CAMIONETA,CHEVROLET,S10,1,1,1318,Robo de autopartes y cristalazo,-102.28383999,21.84464526
191029696,30411,9,2019-09-14,6,16,15,1,COLONIA,OJO DE AGUA,986,CALLE,CRUCITAS,NA,",,,",AVENIDA,CONVENCION DE 1914,CALLE,LOS DIAZ,AVENIDA,AYUNTAMIENTO,3,false,false,9,"H,H,H",ND,0,0,N,N,3,22,0,0,false,1,2,AUTOMOVIL,NISSAN,MARCH,1,6,1319,Robo de autopartes y cristalazo,-102.27953336,21.86599923
191030780,30411,9,2019-09-14,6,21,32,1,SIN TIPO,DESARROLLO 80 (BODEGA AURRERA GUADALUPE),924,AVENIDA,GUADALUPE,NA,",,,",AVENIDA,CONVENCION DE 1914,CALLE,FELIPE ANGELES,CALLE,ARROYO DE LOS ARELLANOS,6,false,false,9,ND,ND,0,0,N,N,4,24,0,0,false,1,2,CAMIONETA,FORD,AEROSTAR,1,1,1320,Robo de autopartes y cristalazo,-102.31214439,21.88563543
191031545,30411,9,2019-09-15,7,0,28,5,COLONIA,CHICAHUALES I,155,CALLE,IGNACIO ZAMARRIPA,NA,",,,",CALLE,SANTIAGO APOSTOL,AVENIDA,ROMAN LOERA,CALLE,JESUS DEMETRIO,7,false,false,9,ND,ND,0,0,N,N,3,38,0,0,false,1,4,AUTOMOVIL,ND,ND,1,2,1321,Robo de autopartes y cristalazo,-102.35055581,21.94767417
191032200,30411,9,2019-09-15,7,4,33,1,FRACCIONAMIENTO,BENITO JUAREZ,466,ANDADOR,A,NA,",,,",ANDADOR,B,ANDADOR,K,AVENIDA,NAZARIO ORTIZ GARZA,4,false,false,9,ND,ND,0,0,N,N,27,"22,23",0,0,false,1,2,AUTOMOVIL,VOLKSWAGEN,CARIBE,1,1,1322,Robo de autopartes y cristalazo,-102.27302599,21.90048212
191032300,30403,9,2019-09-15,7,5,34,7,BARRIO,DE CHORA,64,CALLE,ABASOLO,NA,",,,",CALLE,CHAPULTEPEC,CALLE,NINGUNO,CALLE,LICENCIADO FRANCISCO PRIMO VERDAD,7,false,false,9,ND,ND,0,0,N,N,6,41,0,0,false,4,4,CAMIONETA,NISSAN,ND,1,1,1323,Robo de autopartes y cristalazo,-102.32520365,22.22972513
191032314,30411,9,2019-09-15,7,5,45,1,COLONIA,GREMIAL,917,CALLE,CORONEL FELIX DE LA PAZ,NA,",,,",CALLE,GENERAL MIGUEL BARRAGAN,CALLE,SARGENTO LIBERATO SANTA CRUZ,CALLE,NORBERTO GOMEZ HORNEDO,6,false,false,9,"H,H",ND,0,0,N,N,5,24,0,0,false,1,2,CAMIONETA,RANGER,ND,1,1,1324,Robo de autopartes y cristalazo,-102.29198089,21.89523323
191032370,30411,9,2019-09-15,7,6,31,1,UNIDAD HABITACIONAL,POTRERO DEL OESTE,1098,ANDADOR,TEJADOS,NA,",,,",ANDADOR,NINGUNO,AVENIDA,FAISAN,NINGUNO,SIGLO XXI,2,false,false,9,ND,ND,0,0,N,N,18,"22,11",0,0,false,1,3,CAMIONETA,ND,ND,1,1,1325,Robo de autopartes y cristalazo,-102.29809121,21.84538015
191032720,30403,9,2019-09-15,7,10,0,1,FRACCIONAMIENTO,PILAR BLANCO,981,ANDADOR,PASEO DEL BUHO,NA,",,,",ANDADOR,DEL BUHO,ANDADOR,PASEO DEL BUHO,BOULEVARD,AGUILA,2,false,false,9,ND,ND,0,0,N,N,2,22,0,0,false,4,2,AUTOMOVIL,CHEVROLET,SPARK,1,1,1326,Robo de autopartes y cristalazo,-102.29907321,21.85021418
191033298,30411,9,2019-09-15,7,13,2,1,FRACCIONAMIENTO,VISTAS DEL SOL,771,CALLE,RESOLANA,NA,",,,",CALLE,PUESTA PICACHO,AVENIDA,ARQUEROS,AVENIDA,AGUASCALIENTES SUR,3,false,false,9,ND,ND,0,0,N,N,3,"26,38,6",0,35000,false,3,1,AUTOMOVIL,NISSAN,SENTRA,1,1,1327,Robo de autopartes y cristalazo,-102.27096753,21.86073473
191012466,30403,9,2019-09-10,2,7,19,1,FRACCIONAMIENTO,DEL VALLE 1A SECCION,734,CALLE,GUANAJUATO,NA,",,,",CALLE,LICENCIADO ADOOFO LOPEZ MATEOS PONIENTE,CALLE,VERSALLES,CALLE,CAMPECHE,6,false,false,9,ND,ND,0,0,N,N,27,41,0,0,false,4,4,AUTOMOVIL,VOLKSWAGEN,JETTA,1,2,1328,Robo de autopartes y cristalazo,-102.31444667,21.87351708
191032658,30403,9,2019-09-15,7,9,35,1,FRACCIONAMIENTO,EJIDO LAS CUMBRES,403,CALLE,SIERRA DE TEPEHUANES,NA,",,,",AVENIDA,SIGLO XXI,CALLE,CARLOS A MADRAZO,CALLE,SIERRA SAN BERNARDINO,5,false,false,9,"H,H",ND,0,0,N,N,2,"26,22",0,0,false,4,3,TRAILER,ND,ND,1,1,1329,Robo de autopartes y cristalazo,-102.25819809,21.90880555
191024081,30411,9,2019-09-13,5,9,48,1,FRACCIONAMIENTO,LAS AMERICAS (DELEGACION CENTRO),1114,CALLE,REPUBLICA DOMINICANA,NA,",,,",CALLE,REPUBLICA DE CHILE,CALLE,REPUBLICA DE URUGUAY,CALLE,REPUBLICA DE PANAMA,2,false,false,9,ND,ND,0,0,N,N,2,41,0,0,false,1,4,ND,ND,ND,1,13,1330,Robo de autopartes y cristalazo,-102.30046251,21.86791318
191017661,30411,9,2019-09-11,3,14,58,1,FRACCIONAMIENTO,ARROYO EL MOLINO,902,AVENIDA,ZACATECAS,NA,",,,",AVENIDA,ARROYO EL MOLINO NORTE,CALLE,ARROYO EL MOLINO SUR,CALLE,NINGUNO,5,false,false,9,ND,ND,0,0,N,N,3,38,0,4786,false,2,1,CAMIONETA,DODGE,RAM,1,1,1331,Robo de autopartes y cristalazo,-102.29096205,21.93447249
191011211,30411,9,2019-09-09,1,20,29,5,COLONIA,EL TORITO,199,CALLE,JUAN ESCUTIA,NA,",,,",CALLE,CHUCATA,CALLE,JOSEFA ORTIZ DE DOMINGUEZ,CALLE,NINGUNO,7,false,false,9,ND,ND,0,0,N,N,4,"26,3,38",0,7000,false,1,1,AUTOMOVIL,VOLKSWAGEN,VOCHO,1,1,1332,Robo de autopartes y cristalazo,-102.35667205,21.96850817
191026446,30411,9,2019-09-13,5,19,42,1,N,LA LOMA DE LOS NEGRITOS,21P,CARRETERA,BOULEVARD ADOLFO RUIZ CORTINEZ LOS NEGRITOS,NA,",,,",NINGUNO,NINGUNO,NINGUNO,NINGUNO,NINGUNO,NINGUNO,2,false,false,9,H,FAMILIAR,0,0,N,N,27,3,0,0,false,1,1,ND,ND,ND,1,1,1333,Robo de autopartes y cristalazo,-102.34265262,21.87222477
191027028,30411,9,2019-09-13,5,22,18,1,FRACCIONAMIENTO,LOMAS DEL CAMPRESTRE 1,849,CALLE,MONTES HIMALAYA,NA,",,,",AVENIDA,UNIVERSIDAD,CALLE,MONTE EVEREST,CALLE,MONTES APALACHES,6,false,false,9,H,ND,0,0,AUTOMOVIL,GOLF COLOR NEGRO,4,"26,27",0,0,false,1,1,AUTOMOVIL,VOLKSWAGEN,GOLF,1,1,1334,Robo de autopartes y cristalazo,-102.31585546,21.92182060
191032310,30411,9,2019-09-15,7,5,42,1,FRACCIONAMIENTO,J GUADALUPE PERALTA GAMEZ,411,CALLE,LUZ MARIA SALDIVAR RAMIREZ,NA,",,,",CALLE,JOSE MANUEL RUIZ DE TEJEDA,CALLE,DESIDERIO MACIAS SILVA,CALLE,DOMITILO ESTRELLA DEL ANGEL,4,false,false,9,ND,ND,0,0,N,N,6,"3,26",0,10000,false,1,1,CAMION,ND,ND,1,1,1335,Robo de autopartes y cristalazo,-102.24073956,21.86843626
191033915,30411,9,2019-09-15,7,16,16,1,FRACCIONAMIENTO,MIRADOR DE LAS CULTURAS,442,PRIVADA,CULTURA OTOMI 435,NA,",,,",AVENIDA,CULTURA OTOMI,ANDADOR,NINGUNO,PRIVADA,CULTURA OTOMI 423,5,false,false,9,ND,ND,0,0,N,N,3,"26,3",0,0,false,1,1,AUTOMOVIL,ND,ND,1,2,1336,Robo de autopartes y cristalazo,-102.24569797,21.91069943
191013939,30411,9,2019-09-10,2,14,50,1,FRACCIONAMIENTO,FIDEL VELAZQUEZ,766,CALLE,JARDIN DE VERSALLES,NA,",,,",AVENIDA,OJOCALIENTE,PLAZA,MINERVA,CALLE,PLAZA FUENTE DE HERCULES,4,false,false,9,ND,ND,0,0,N,N,3,39,0,0,false,5,2,CAMIONETA,ND,ND,1,2,1337,Robo de autopartes y cristalazo,-102.25814741,21.89202752
191039815,30411,9,2019-09-16,1,23,51,1,FRACCIONAMIENTO,J GUADALUPE PERALTA GAMEZ,411,AVENIDA,SALUD,NA,",,,",CALLA,JOSE MANUEL RUIZ DE TEJEDA Y OTAL,CALLE,DESIDERIO MACIAS SILVA,CALLE,JOSE GUERRA PALOS,4,false,false,9,ND,ND,0,0,N,N,4,22,0,0,false,1,2,CAMIONETA,DODGE,CARAVAN,1,1,1338,Robo de autopartes y cristalazo,-102.24090327,21.86897209
191040178,30411,9,2019-09-17,2,4,27,1,FRACCIONAMIENTO,LAS CUMBRES,441,CALLE,AMBROSION VERASTEGUI GUERRERO,NA,"306,,,",CALLE,ERNESTINA MACIAS CHAVEZ,CALLE,CANDELARIO RAMOS REYES,CALLE,REFUGIO MIRANDA AGUAYO,5,false,false,9,ND,ND,0,0,N,N,18,"24,11",0,0,false,1,3,AUTOMOVIL,CHEVROLET,CHEVY,1,1,1339,Robo de autopartes y cristalazo,-102.26267176,21.91221160
191040196,30403,9,2019-09-17,2,4,50,1,FRACCIONAMIENTO,JARDINES DE LA CRUZ (DELEGACION MORELOS),716,PRIVADA,TERCERA PRIVADA DE LA CONVENCION,NA,"135,,,",AVENIDA,PASEO DE LA CRUZ,PRIVADA,SEXTA AVENIDA CONVENCION,CALLE,POPOCATEPETL,3,false,false,9,ND,ND,0,0,N,N,27,38,0,2000,false,4,1,AUTOMOVIL,CHEVROLET,MALIBU,1,1,1340,Robo de autopartes y cristalazo,-102.27030444,21.87379601
191043286,30411,9,2019-09-17,2,22,6,1,SIN TIPO,DESARROLLO 109 (PLAZA FIESTA),972,AVENIDA,JOSE MARIA CHAVEZ,NA,",,,",AVENIDA,AGUASCALIENTES SUR,CALLE,FRAY JUNIPERO SERRA,CALLE,JUAN B OROZCO,3,false,false,9,"H,H",ND,0,0,N,N,4,24,0,0,false,1,2,ND,ND,ND,1,1,1341,Robo de autopartes y cristalazo,-102.29292090,21.85887223
191043986,30411,9,2019-09-18,3,4,47,1,CONDOMINIO,RINCONADA SAN ANTONIO,599,CERRADA,SAN JUAN BOSCO,NA,",,,",CERRADA,SAN SEBASTIAN MARTIR,CALLE,MARIANO SALAS,NINGUNO,NINGUNO,3,false,false,9,ND,ND,0,0,N,N,3,24,0,2400,false,1,2,AUTOMOVIL,FORD,FOCUS,1,1,1342,Robo de autopartes y cristalazo,-102.24826687,21.85868369
191044061,30411,9,2019-09-18,3,6,49,1,FRACCIONAMIENTO,VILLAS DE NUESTRA SEÑORA DE LA ASUNCION (SECTOR ESTACION),502,CALLE,JESUS GARCIA CORONA,NA,",,,",CALLE,MANUEL FERNANDEZ SANCHEZ,AVENIDA,VALLE DE LOS ROMEROS,CALLE,JUAN G ALVARADO,5,false,false,9,ND,ND,0,0,N,N,18,11,0,0,false,1,1,CAMIONETA,NISSAN,ND,1,2,1343,Robo de autopartes y cristalazo,-102.25892754,21.94024015
191044122,30411,9,2019-09-18,3,7,28,1,COLONIA,SAN PABLO,921,CALLE,MARINA NACIONAL,NA,",,,",CALLE,RIO PIRULES,CALLE,RIO MORCINIQUE,CALLE,GENERAL IGNACIO ZARAGOZA,6,false,false,9,ND,ND,0,0,N,N,27,"11,38,25,24",0,3000,false,1,3,AUTOMOVIL,PEUGEOT,ND,1,1,1344,Robo de autopartes y cristalazo,-102.29728864,21.89136701
191044669,30411,9,2019-09-18,3,11,24,1,FRACCIONAMIENTO,LOMAS DE SAN JOSE DE LOS POCITOS,327,CALLE,LEONARDO MURO LOPEZ,NA,",,,",AVENIDA,JESUS MARIA,CALLE,MARCOS CORONADO,CALLE,JULIAN PIÑON,6,false,false,9,H,ND,0,0,AUTOMOVIL,"MARCH, COLOR GRIS",2,"24,43",0,0,false,1,3,CAMIONETA,DODGE,RAM,1,1,1345,Robo de autopartes y cristalazo,-102.33809071,21.92733150
191046186,30411,9,2019-09-18,3,18,33,1,DESARROLLO ESPECIAL,TRES CENTURIAS ESPECIAL,753,CALLE,HEROICO COLEGIO MILITAR,NA,",,,",CALLE,NORBERTO GOMEZ HORNEDO,CALLE,ALBENIZ,AVENIDA,MANUEL GOMEZ MORIN,4,false,false,9,ND,ND,0,0,N,N,3,"22,23,11",0,15000,false,1,3,AUTOMOVIL,VOLKSWAGEN,JETTA,1,2,1346,Robo de autopartes y cristalazo,-102.27953272,21.89383340
191046617,30411,9,2019-09-18,3,20,8,1,FRACCIONAMIENTO,LOMAS DEL AJEDREZ,1121,CALLE,DE LA ALIANZA,NA,",,,",CALLE,DEL MATE,AVENIDA,DEL REY,CALLE,DEL DEPORTE Y CIENCIA,3,false,false,9,ND,ND,0,0,N,N,11,25,0,0,false,5,2,CAMIONETA,VENTURY,ND,1,1,1347,Robo de autopartes y cristalazo,-102.25063941,21.84750484
191047821,30403,9,2019-09-19,4,6,21,1,FRACCIONAMIENTO,VILLA TERESA,790,CALLE,ADORATRICES,NA,"454,,,",AVENIDA,POZO BRAVO,AVENIDA,CONSTITUCION,CALLE,POZO DEL AMBAR,5,false,false,9,ND,ND,0,0,N,N,15,"22,26,27",0,0,false,4,3,AUTOMOVIL,DODGE,ATTITUDE,1,1,1348,Robo de autopartes y cristalazo,-102.27845919,21.92218385
191048276,30411,9,2019-09-19,4,9,47,1,FRACCIONAMIENTO,PERIODISTAS,404,CALLE,RADIODIFUSORES,NA,",,,",CALLE,ROTATIVAS,AVENIDA,DEL REY,CALLE,NOTICIEROS,3,false,false,9,ND,ND,0,0,N,N,16,"24,11",0,2000,false,1,3,CAMIONETA,FORD,LOBO,1,1,1349,Robo de autopartes y cristalazo,-102.24807145,21.85050472
191049842,30403,9,2019-09-19,4,16,57,6,SIN TIPO,EMILIANO ZAPATA,87,CALLE,NIÑOS HEROES,NA,",,,",CALLE,5 DE FEBRERO,CALLE,NIÑOS HEROES,CALLE,FRANCISCO VILLA,7,false,false,9,ND,ND,0,0,N,N,3,"22,11,38",0,8000,false,4,3,AUTOMOVIL,FORD,GRAND MARQUIS,1,1,1350,Robo de autopartes y cristalazo,-102.29777620,22.10644723
191051150,30403,9,2019-09-19,4,22,4,11,PARQUE INDUSTRIAL,PARQUE INDUSTRIAL SAN FRANCISCO DE LOS ROMO,2P,NA,AGUASCALIENTES ZACATECAS,NA,NA,NA,NA,NA,NA,NA,NA,7,false,false,9,ND,ND,0,0,N,N,4,"26,27",600,0,false,4,1,TRAILER,ND,ND,1,1,1351,Robo de autopartes y cristalazo,-102.28048259,22.03889170
191051800,30403,9,2019-09-20,5,4,9,1,FRACCIONAMIENTO,INSURGENTES,1046,CALLE,PEDRO ANTONIO SANTOS,NA,",,,",AVENIDA,CONVENCION,AVENIDA,DOCTOR MARIANO AZUELA,CALLE,GENERAL FEDERICO MONTES,2,false,false,9,ND,ND,0,0,N,N,27,27,0,0,false,4,4,AUTOMOVIL,NISSAN,VERSA,1,1,1352,Robo de autopartes y cristalazo,-102.31132995,21.85217518
191052077,30411,9,2019-09-20,5,8,6,3,COLONIA,LIBERAL,288R,CARRETERA,LIBRAMIENTO JALPA CALVILLO,NA,"115,,,",NA,NA,NA,NA,NA,NA,7,false,false,9,ND,ND,0,0,N,N,1,25,0,0,false,1,2,CAMIONETA,FORD,ND,1,1,1353,Robo de autopartes y cristalazo,-102.71481875,21.83958374
191054836,30403,9,2019-09-20,5,21,9,1,FRACCIONAMIENTO,LA FUENTE,1061,AVENIDA,LAS AMERICAS,NA,",,,",CALLE,REPUBLICA DE ECUADOR,CALL E,REPUBLICA DE COLOMBIA,CALLE,REPUBLICA DE NICARAGUA,2,false,false,9,ND,ND,0,0,N,N,4,"26,28",80000,0,false,4,1,ND,ND,ND,1,1,1354,Robo de autopartes y cristalazo,-102.30228026,21.87022648
191055717,30403,9,2019-09-21,6,3,24,1,FRACCIONAMIENTO,RODOLFO LANDEROS GALLEGOS,459,CALLE,ALTAGRACIA REYES A,NA,",,,",CALLE,FIESTA BRAVA,CALLE,REINA DE LAS FERIAS,CALLE,AMPARO DE LA TORRE,4,false,false,9,ND,ND,0,0,N,N,4,"22,27,24,11",0,0,false,4,3,AUTOMOVIL,NISSAN,TSURU,1,1,1355,Robo de autopartes y cristalazo,-102.25429145,21.89971484
191055780,30411,9,2019-09-21,6,4,14,1,FRACCIONAMIENTO,REAL DE HACIENDAS,492,CIRCUITO,HACIENDA EL ROLLO,NA,",,,",CALLE,HACIENDA DE CUATLA,CALLE,CORTES,CIRCUITO,HACIENDA EL ROLLO,4,false,false,9,ND,ND,0,0,N,N,3,22,0,0,false,1,2,AUTOMOVIL,NISSAN,TSURU,1,1,1356,Robo de autopartes y cristalazo,-102.24264836,21.89378956
191059964,30411,9,2019-09-22,7,3,13,1,FRACCIONAMIENTO,MORELOS I,1120,CALLE,CORREGIDORA,NA,"1005,,,",CALLE,JEFES INSURGENTES,CALLE,PEDRO ASCENCIO,CALLE,HERMANOS GALEANA,3,false,false,9,ND,ND,0,0,N,N,27,25,0,0,false,2,2,AUTOMOVIL,NISSAN,ALMERA,1,1,1357,Robo de autopartes y cristalazo,-102.26226489,21.85468862
191060457,30403,9,2019-09-22,7,7,20,1,INFONAVIT,MORELOS,616,AVENIDA,AGUASCALIENTES SUR,NA,",,,",CALLE,BONAMPAK,CALLE,PALENQUE,CALLE,PRIMERA PLAZA BONAMPAK,3,false,false,9,ND,ND,0,0,N,N,18,"22,38",0,2000,false,4,3,AUTOMOVIL,SEAT,IBIZA,1,1,1358,Robo de autopartes y cristalazo,-102.25529142,21.86048593
191061803,30403,9,2019-09-22,7,15,21,1,FRACCIONAMIENTO,PENSADORES MEXICANOS,774,AVENIDA,PENSADORES MEXICANOS,NA,"228,,,",CALLE,OCTAVIO PAZ,CALLE,SALVADOR NOVO,CALLE,RENATO LEDUC,5,false,false,9,ND,ND,0,0,N,N,9,"3,11",0,4000,false,4,1,CAMIONETA,FORD,EXPEDITION,1,1,1359,Robo de autopartes y cristalazo,-102.26239091,21.91522544
191060123,30411,9,2019-09-22,7,3,57,1,FRACCIONAMIENTO,OJOCALIENTE III,525,CALLE,LA BOQUILLA,NA,",,,",AVENIDA,SAN FRANCISCO DE LOS VIVEROS,CALLE,CAÑADA GRANDE,CALLE,LA CONGOJA,4,false,false,9,ND,ND,0,0,N,N,5,24,0,0,false,1,2,CAMION,ND,ND,1,1,1360,Robo de autopartes y cristalazo,-102.24480674,21.88101435
191060123,30411,9,2019-09-22,7,3,57,1,FRACCIONAMIENTO,OJOCALIENTE III,525,CALLE,LA BOQUILLA,NA,",,,",AVENIDA,SAN FRANCISCO DE LOS VIVEROS,CALLE,CAÑADA GRANDE,CALLE,LA CONGOJA,4,false,false,9,ND,ND,0,0,N,N,5,24,0,0,false,1,2,CAMION,ND,ND,1,1,1361,Robo de autopartes y cristalazo,-102.24482151,21.88104079
191060123,30411,9,2019-09-22,7,3,57,1,FRACCIONAMIENTO,OJOCALIENTE III,525,CALLE,LA BOQUILLA,NA,",,,",AVENIDA,SAN FRANCISCO DE LOS VIVEROS,CALLE,CAÑADA GRANDE,CALLE,LA CONGOJA,4,false,false,9,ND,ND,0,0,N,N,5,24,0,0,false,1,2,CAMION,ND,ND,1,1,1362,Robo de autopartes y cristalazo,-102.24483027,21.88106517
191064230,30403,9,2019-09-23,1,6,42,1,FRACCIONAMIENTO,FUENTES DE LA ASUNCION,1058,CALLE,FRAY ANTONIO DE SEGOVIA,NA,"616,,,",AVENIDA,AGUASCALIENTES SUR,AVENIDA,HEROE DE NACOZARI,PROLONGACION,JOSEFA ORTIZ DE DOMINGUEZ,3,false,false,9,ND,ND,0,0,N,N,27,41,0,0,false,4,4,AUTOMOVIL,VOLKSWAGEN,PONTIAC,1,1,1363,Robo de autopartes y cristalazo,-102.28321515,21.86152357
191064251,30411,9,2019-09-23,1,6,53,1,FRACCIONAMIENTO,PERIODISTAS,404,CALLE,REDACTORES,NA,"110,,,",CALLE,VOCEADORES,AVENIDA,DEL REY,CALLE,DISEÑADORES,3,true,false,9,ND,ND,0,0,N,N,5,24,0,0,false,1,2,AUTOMOVIL,VOLKSWAGEN,JETTA,1,1,1364,Robo de autopartes y cristalazo,-102.24871940,21.85321191
191066164,30403,9,2019-09-23,1,17,10,1,FRACCIONAMIENTO,VILLAS DE NUESTRA SEÑORA DE LA ASUNCION (SECTOR GUADALUPE),402,AVENIDA,JOSE DE JESUS GONZALEZ GARCIA,NA,",,,",CALLE,CRISTOBAL DE TORRES,CALLE,RAMON FERNANDEZ MORENO,CALLE,JESUS GOMEZ DE LUNA,5,false,false,9,ND,ND,0,0,N,N,3,"22,27",0,0,false,4,3,AUTOMOVIL,DODGE,SPIRIT,1,1,1365,Robo de autopartes y cristalazo,-102.25749581,21.93009100
191066265,30403,9,2019-09-23,1,17,30,1,COLONIA,OBRAJE,987,CERRADA,DE RAMOS,NA,",,,",CERRADA,DE RAMOS,CALLE,GALEANA SUR,CALLE,EPIFANIO DE SILVA,2,false,false,9,ND,ND,0,0,N,N,27,"26,27",0,0,false,4,1,CAMIONETA,TOYOTA,RAV,1,1,1366,Robo de autopartes y cristalazo,-102.29661704,21.87086993
191066456,30411,9,2019-09-23,1,18,22,1,SIN TIPO,DESARROLLO 26 (CLUB RAYADOS MONTERREY),682,PROLONGACION,CONSTITUCION,NA,",,,",CALLE,LITERATOS,NINGUNO,NINGUNO,CALLE,HISTORIADORES,2,false,false,9,ND,ND,0,0,N,N,3,41,0,0,false,1,4,CAMIONETA,ND,ND,1,1,1367,Robo de autopartes y cristalazo,-102.34275078,21.84480490
191067641,30411,9,2019-09-24,2,1,22,1,FRACCIONAMIENTO,JARDINES DE LA CRUZ (DELEGACION CENTRO),610,CALLE,ALAMO,NA,"201,,,",CALLE,GLORIETA SIN NOMBRE,CALLE,JACARANDAS,CALLE,CIRUELO,3,false,false,9,ND,ND,0,0,N,N,3,38,0,0,false,1,1,CAMIONETA,VOLKSWAGEN,CROSSFOX,1,1,1368,Robo de autopartes y cristalazo,-102.27520024,21.87682607
191067859,30411,9,2019-09-24,2,5,20,1,FRACCIONAMIENTO,RODOLFO LANDEROS GALLEGOS,459,AVENIDA,RODOLFO LANDEROS,NA,"114,,,",CALLE,MARIA LUISA MIER,CALLE,VELIA RUIZ ESPARZA,CALLE,PAZ ROMO DE VIVAR,5,false,false,9,ND,ND,0,0,N,N,5,"24,11",0,2500,false,1,3,CAMIONETA,CHEVROLET,S10,1,1,1369,Robo de autopartes y cristalazo,-102.25776716,21.90112510
191070008,30411,9,2019-09-24,2,18,32,1,FRACCIONAMIENTO,SAN CAYETANO,1118,CALLE,SAN CAYETANO,NA,"212,,,",CALLE,SAN CLEMENTE,CALLE,CARLOS SAGREDO,CALLE,SAN RAFAEL,6,false,false,9,ND,ND,0,0,N,N,3,38,0,0,false,3,1,AUTOMOVIL,HYUNDAI,ATOS,1,1,1370,Robo de autopartes y cristalazo,-102.30868422,21.89918094
191071235,30403,9,2019-09-25,3,1,8,1,FRACCIONAMIENTO,FUENTES DE LA ASUNCION,1058,AVENIDA,HEROE DE NACOZARI SUR,NA,",,,",CALLE,FUENTE DE LOS CIBELES,CALLE,FRAY ANTONIO DE SEGOVIA,NINGUNO,NINGUNO,3,false,false,9,ND,ND,0,0,N,N,5,"26,28",2000,0,false,4,1,AUTOMOVIL,VOLKSWAGEN,POLO,1,6,1371,Robo de autopartes y cristalazo,-102.28285443,21.86233988
191071646,30411,9,2019-09-25,3,7,40,1,FRACCIONAMIENTO,CANTERAS DE SAN JOSE,400,CALLE,JALOSTITLAN,NA,",,,",CALLE,JUANACATLAN,ANDANDOR,NINGUNO,CALLE,PLAZA JUANACATLAN,2,false,false,9,ND,ND,0,0,N,N,5,"26,38",0,0,false,1,1,AUTOMOVIL,CHEVROLET,AVEO,1,6,1372,Robo de autopartes y cristalazo,-102.33464805,21.85777912
191073224,30411,9,2019-09-25,3,15,53,1,EJIDO,SALTO DE OJOCALIENTE,580,CALLE,JOSEFA ORTIZ DE DOMINGUEZ,NA,"580,,,",CALLE,GUADALUPE VICTORIA,CALLE,IGNACIO ALLENDE,CALLE,BENITO JUAREZ,3,false,false,9,ND,ND,0,0,N,N,3,41,0,0,false,5,4,AUTOMOVIL,VOLKSWAGEN,JETTA,1,1,1373,Robo de autopartes y cristalazo,-102.25036699,21.86707766
191073331,30403,9,2019-09-25,3,16,14,1,FRACCIONAMIENTO,GOMEZ (DELEGACION POCITOS ),663,CALLE,26 DE MARZO,NA,"904,,,",CALLE,TLAXCALA,AVENIDA,PROLONGACION DOCTOR SALVADOR QUEZADA LIMON,CALLE,VERACRUZ,6,false,false,9,ND,ND,0,0,N,N,3,26,0,0,false,4,1,AUTOMOVIL,VOLKSWAGEN,JETTA,1,1,1374,Robo de autopartes y cristalazo,-102.31331242,21.88482931
191074491,30411,9,2019-09-25,3,21,16,1,FRACCIONAMIENTO,ESPAÑA,1052,CALLE,SEVILLA,NA,",,,",CALLE,SAUCE,AVENIDA,CONVENCION DE 1914 PONIENTE,CALLE,ESPAÑA,2,false,false,9,ND,ND,0,0,N,N,4,"22,26",0,0,false,1,3,AUTOMOVIL,VOLKSWAGEN,BEETLE,1,2,1375,Robo de autopartes y cristalazo,-102.31058488,21.86908656
191072303,30411,9,2019-09-25,3,11,48,1,SIN TIPO,NORIAS DE OJOCALIENTE,353,CALLE,CORAL,NA,"733,,,",CALLE,DIAMANTES,CALLE,AMATISTA,CALLE,ESMERALDA,4,false,false,9,H,ND,0,0,N,N,2,24,0,0,false,1,2,CAMIONETA,ND,ND,1,1,1376,Robo de autopartes y cristalazo,-102.21689304,21.88873862
191075051,30403,9,2019-09-26,4,0,56,1,FRACCIONAMIENTO,PRADOS DEL SUR,1100,CALLE,NEVADO DE TOLUCA,NA,",,,",CALLE,GERTRUDIS BOCANEGRA,PROLONGACION,PASEO DE LA ASUNCION,CALLE,NEVADO DE TOLUCA,2,false,false,9,ND,ND,0,0,N,N,5,41,0,0,false,4,4,CAMIONETA,NISSAN,XTRAIL,1,1,1377,Robo de autopartes y cristalazo,-102.29826437,21.85847440
191075249,30411,9,2019-09-26,4,5,19,1,FRACCIONAMIENTO,JESUS TERAN PEREDO,587,AVENIDA,DE LAS PALMAS,NA,"1024,,,",PROLONGACION,OLIVOS,CALLE,ANTONIO NAVA CASTILLO,CALLE,CARITINO MALDONADO,3,false,false,9,ND,ND,0,0,N,N,5,41,0,0,false,1,4,CAMIONETA,JEEP,LIBERTY,1,1,1378,Robo de autopartes y cristalazo,-102.27582579,21.86967906
191076081,30411,9,2019-09-26,4,12,47,1,FRACCIONAMIENTO,JARDINES DE LA CONCEPCION II,846,CALLE,CORDILLERA DE LOS ALPES SUR,NA,",,,",CALLE,MONTE BLANCO,CALLE,CORDILLERA DE LOS ALPES,CALLE,CORDILLERA DE LOS ALPES SUR,6,false,false,9,ND,ND,0,0,N,N,3,"26,38",0,0,false,1,1,AUTOMOVIL,ND,ND,1,2,1379,Robo de autopartes y cristalazo,-102.30137831,21.92031427
191077639,30411,9,2019-09-26,4,20,25,1,FRACCIONAMIENTO,JARDINES DE LA CONCEPCION I,848,CALLE,CERRO DE LA BUFA,NA,"220,,,",CERRADA,CERRO DE LA BUFA,CERRO,MONTE EVEREST,CALLE,CERRO DE LA BUFA,6,false,false,9,ND,ND,0,0,N,N,4,24,0,0,false,1,2,ND,ND,ND,1,1,1380,Robo de autopartes y cristalazo,-102.31435579,21.92325397
191077639,30411,9,2019-09-26,4,20,25,1,FRACCIONAMIENTO,JARDINES DE LA CONCEPCION I,848,CALLE,CERRO DE LA BUFA,NA,"220,,,",CERRADA,CERRO DE LA BUFA,CALLE,MONTE EVEREST,CERRADA,CERRO DE LA BUFA,6,false,false,9,ND,ND,0,0,N,N,4,24,0,0,false,1,2,ND,ND,ND,1,1,1381,Robo de autopartes y cristalazo,-102.31434089,21.92325361
191077639,30411,9,2019-09-26,4,20,25,1,FRACCIONAMIENTO,JARDINES DE LA CONCEPCION I,848,CALLE,CERRO DE LA BUFA,NA,"220,,,",CERRADA,CERRO DE LA BUFA,CALLE,MONTE EVEREST,CERRADA,CERRO DE LA BUFA,6,false,false,9,ND,ND,0,0,N,N,4,24,0,0,false,1,2,ND,ND,ND,1,1,1382,Robo de autopartes y cristalazo,-102.31431859,21.92325350
191077639,30411,9,2019-09-26,4,20,25,1,FRACCIONAMIENTO,JARDINES DE LA CONCEPCION I,848,CALLE,CERRO DE LA BUFA,NA,"220,,,",CERRADA,CERRO DE LA BUFA,CALLE,MONTE EVEREST,CERRADA,CERRO DE LA BUFA,6,false,false,9,ND,ND,0,0,N,N,4,24,0,0,false,1,2,ND,ND,ND,1,1,1383,Robo de autopartes y cristalazo,-102.31430740,21.92325596
191078173,30411,9,2019-09-26,4,22,46,5,FRACCIONAMIENTO,EL MEZQUITAL,197,CALLE,SOLIDARIDAD,NA,",,,",CALLE,MIXQUIC,CALLE,A LA POSTA,CALLE,CARDENCHE,7,false,false,9,ND,ND,0,0,N,N,4,27,0,0,false,1,1,ND,ND,ND,1,1,1384,Robo de autopartes y cristalazo,-102.35464806,21.96493629
191078861,30411,9,2019-09-27,5,7,30,11,FRACCIONAMIENTO,PASEOS DE LA PROVIDENCIA,349P,CALLE,PASEOS DE SAN HUMBERTO,NA,"343,,,",CALLE,PASEOS DE SAN JOSE,CALLE,PASEOS DE LA PROVIDENCIA,CALLE,PASEOS DE SAN ALEJANDRO,7,false,false,9,ND,ND,0,0,N,N,16,"26,11,38,6",0,25000,false,1,1,CAMIONETA,CHEVROLET,SUBURBAN,1,1,1385,Robo de autopartes y cristalazo,-102.27573641,22.02525831
191078867,30403,9,2019-09-27,5,7,32,1,COLONIA,GREMIAL,917,CALLE,PROFESOR JOSE REYES MARTINEZ,NA,",,,",AVENIDA,HEROE DE NACOZARI NORTE,CALLE,20 DE NOVIEMBRE,CALLE,CORONEL FELIZ DE LA PAZ,6,false,false,9,ND,ND,0,0,N,N,16,"27,23",0,10000,false,4,3,CAMIONETA,CHEVROLET,CHEYENNE,1,1,1386,Robo de autopartes y cristalazo,-102.28726652,21.89771223
191079039,30411,9,2019-09-27,5,9,9,1,FRACCIONAMIENTO,VISTAS DE ORIENTE,489,CALLE,SERENGUETI,NA,"344,,,",CALLE,CATARATAS DEL NIAGARA,AVENIDA,VALLARTA,CALLE,NINGUNO,4,false,false,9,ND,ND,0,0,N,N,27,24,0,0,false,1,2,AUTOMOVIL,NISSAN,TSURU,1,1,1387,Robo de autopartes y cristalazo,-102.23510510,21.88320925
191089039,30411,9,2019-09-27,5,9,9,1,FRACCIONAMIENTO,VISTAS DE ORIENTE,489,CALLE,SERENGUETI,NA,"344,,,",CALLE,CATARATAS DEL NIAGARA,AVENIDA,VALLARTA,CALLE,NINGUNO,4,false,false,9,ND,ND,0,0,N,N,27,24,0,0,false,1,2,COMBI,VOLKSWAGEN,ND,1,1,1388,Robo de autopartes y cristalazo,-102.23513778,21.88320035
191079348,30411,9,2019-09-27,5,11,10,1,COLONIA,HEROES II (DELEGACION MORELOS),391,AVENIDA,ALAMEDA,NA,",,,",AVENIDA,CONVENCION DE 1914 ORIENTE,CALLE,GENERAL ANAYA,CALLE,LOPE DE VEGA,4,false,false,9,ND,ND,0,0,BICICLETA,COLOR AMARILLA,5,24,0,0,false,1,2,ND,ND,ND,1,1,1389,Robo de autopartes y cristalazo,-102.27204721,21.88387385
191081374,30403,9,2019-09-27,5,21,59,1,FRACCIONAMIENTO,LOS PERICOS,770,CALLE,SAN FELIPE,NA,"108,,,",AVENIDA,POLIDUCTO,AVENIDA,CULTURA OTOMI,CALLE,SAN MARTIN,4,false,false,9,ND,ND,0,0,BICICLETA,ND,4,41,0,0,false,4,4,CAMIONETA,ND,ND,1,1,1390,Robo de autopartes y cristalazo,-102.24746938,21.90213661
191081616,30403,9,2019-09-27,5,23,32,1,FRACCIONAMIENTO,FUENTES DE LA ASUNCION,1058,AVENIDA,HEROE DE NACOZARI,NA,"1917,,,",CALLE,FRAY ANTONIO DE SEGOVIA,CALLE,NINGUNA,CALLE,FUENTE DE LOS CIBELES,3,false,false,9,ND,ND,0,0,N,N,4,"6,3,27,26",0,25000,false,4,2,CAMIONETA,MITSUBISHI,ND,1,1,1391,Robo de autopartes y cristalazo,-102.28286420,21.86191238
191082067,30403,9,2019-09-28,6,2,2,1,FRACCIONAMIENTO,BALCONES DE OJOCALIENTE,577,CALLE,BALCONES DE ORIENTE,NA,"117,,,",CALLE,ADOLFO DE LA HUERTA,CALLE,LERONARDO MURIALDO,CALLE,BALCONES DEL SUR,3,false,false,9,ND,ND,0,0,N,N,5,41,0,0,false,4,4,CAMIONETA,INFINITI,ND,1,2,1392,Robo de autopartes y cristalazo,-102.24946360,21.86162563
191084083,30403,9,2019-09-28,6,15,50,1,FRACCIONAMIENTO,LOMAS DE SANTA ANITA,478,CALLE,HOMERO,NA,"303,,,",AVENIDA,AGUASCALIENTES ORIENTE,CALLE,AVENIDA PARQUE VIA,CALLE,JOSE H. ESCOBEDO,4,false,false,9,H,ND,0,0,AUTOMOVIL,VERSA EN COLOR BLANCO,3,24,0,0,false,4,2,AUTOMOVIL,VOLKSWAGEN,CARIBE,1,1,1393,Robo de autopartes y cristalazo,-102.27098536,21.89505355
191086376,30403,9,2019-09-29,7,3,26,1,FRACCIONAMIENTO,LUIS ORTEGA DOUGLAS,440,CALLE,EL GIGANTE,NA,",,,",CALLE,EL TILDIO,CALL E,LA PROVIDENCIA,CALLE,EL PICACHO,5,false,false,9,H,EL FRIJOL,0,0,N,N,3,39,0,0,false,4,4,AUTOMOVIL,VOLKSWAGEN,BORA,1,2,1394,Robo de autopartes y cristalazo,-102.26053456,21.90892206
191089632,30411,9,2019-09-29,7,13,47,1,COLONIA,INDUSTRIAL,919,CALLE,NORBERTO GOMEZ,NA,",,,",AVENIDA,INDEPENDENCIA,CALLE,JOSE BOLADO,CALLE,LUIS CHILARDI,6,false,false,9,ND,ND,0,0,N,N,3,"23,22",0,0,false,1,2,AUTOMOVIL,VOLKSWAGEN,JETTA,1,1,1395,Robo de autopartes y cristalazo,-102.29497850,21.89339049
191079327,30411,9,2019-09-27,5,11,1,1,FRACCIONAMIENTO,OJOCALIENTE LAS TORRES,531,CALLE,PASEO DE LAS PRESAS,NA,"100,,,",AVENIDA,PASEO DE OJOCALIENTE,CALLE,PASEO DEL CEDAZO,CALLE,PASEO DE LAS TORRES ORIENTE,3,false,false,9,ND,ND,0,0,N,N,27,25,0,0,false,2,2,AUTOMOVIL,VOLKSWAGEN,JETTA,1,1,1396,Robo de autopartes y cristalazo,-102.25498153,21.87066664
191088169,30411,9,2019-09-29,7,16,57,1,COMUNIDAD,MONTORO (MESA DEL SALTO),54P,CALLE,20 DE NOVIEMBRE,NA,",,,",CALLE,GUADALUPE,CALLE,SAN JOSE,CALLE,PLAN DE AYALA,2,false,false,9,ND,ND,0,0,N,N,3,25,0,0,false,2,2,AUTOMOVIL,VOLKSWAGEN,GOL,1,1,1397,Robo de autopartes y cristalazo,-102.30274440,21.75317544
191077401,30411,9,2019-09-26,4,19,27,1,COLONIA,ASTURIAS,41P,CALLE,BIENESTAR,NA,",,,",NINGUNA,NINGUNA,NINGUNA,NINGUNA,NINGUNA,NINGUNA,3,false,false,9,ND,ND,0,0,N,N,1,24,0,0,false,1,2,CAMIONETA,FORD,WINSTAR,1,1,1398,Robo de autopartes y cristalazo,-102.22191942,21.85917055
191087963,30403,9,2019-09-29,7,15,30,1,FRACCIONAMIENTO,CLAUSTROS LOMA DORADA,696,AVENIDA,LOMA DORADA,NA,"223,,,",CALLE,NINGUNO,CERRADA,DEL PICACHO,PRIVADA,TERCERA CERRADA EL MIRADOR,5,false,false,9,ND,ND,0,0,N,N,3,39,0,0,false,4,3,ND,ND,ND,1,2,1399,Robo de autopartes y cristalazo,-102.24431452,21.92067440
191082128,30411,9,2019-09-28,6,2,24,1,FRACCIONAMIENTO,PASEOS DE SAN ANTONIO,324P,CALLE,ALBERTO FUENTES DAVILA,NA,",,,",CALLE,OSCAR HERNANDEZ DUQUE,CALLE,FELIPE  GUTIERREZ DE VELAZCO,CALLE,JESUS DURON,3,false,false,9,ND,ND,0,0,N,N,5,39,0,0,false,1,2,ND,ND,ND,1,2,1400,Robo de autopartes y cristalazo,-102.27387157,21.80802423
191087126,30411,9,2019-09-29,7,10,44,1,FRACCIONAMIENTO,LAS BRISAS,677,CALLE,MAR CARIBE,NA,"404,,,",CALLE,MAR BALTICO,CALLE,PEDRO GARCIA ROJAS,CALLE,MAR CASPIO,6,false,false,9,ND,ND,0,0,N,N,27,38,0,0,false,2,2,CAMIONETA,FORD,ND,1,1,1401,Robo de autopartes y cristalazo,-102.31501018,21.89770146
191087860,30411,9,2019-09-29,7,14,56,1,FRACCIONAMIENTO,MORELOS I,1120,CALLE,PRIMERA CONSTITUCION,NA,",,,",NINGUNO,NINGUNO,NINGUNO,NINGUNO,CALLE,HERMANOS BRAVO,3,false,false,9,ND,ND,0,0,N,N,18,25,0,0,false,2,2,AUTOMOVIL,NISSAN,TSURU,2,2,1402,Robo de autopartes y cristalazo,-102.26623926,21.85573694
191086552,30411,9,2019-09-29,7,4,57,1,COLONIA,MARTINEZ DOMINGUEZ,1099,CALLE,CAPITAN DIEGO FERNANDEZ VILLA,NA,"320,,,",CALLE,GERTRUDIS BOCANEGRA,AVENIDA,PASEO DE LA ASUNCION,CALLE,COFRE DE PEROTE,2,false,false,9,ND,ND,0,0,N,N,5,41,0,0,false,1,4,AUTOMOVIL,CHEVROLET,AVEO,1,2,1403,Robo de autopartes y cristalazo,-102.29977635,21.85593055
191089511,30403,9,2019-09-30,1,3,6,1,UNIDAD HABITACIONAL,POTRERO DEL OESTE,1098,CALLE,CANARIO,NA,SIGLO XXI,AVENIDA,SIGLO XXI,NINGUNO,NINGUNO,ANDADOR,NINGUNO,2,false,false,9,ND,ND,0,0,N,N,15,22,0,0,false,4,2,AUTOMOVIL,VOLKSWAGEN,GOLF,1,1,1404,Robo de autopartes y cristalazo,-102.29911209,21.84515859
191090719,30411,9,2019-09-30,1,13,24,1,COLONIA,OBRAJE,987,BOULEVARD,JOSE MARIA CHAVEZ,NA,",,,",NINGUNO,REPUBLICA DE ECUADOR,CALLE,APIFANIO DE SILVA,CALLE,CORONEL VALENTE ARTEAGA,2,false,false,9,ND,ND,0,0,N,N,3,"26,3,38",0,0,false,1,1,CAMIONETA,TOYOTA,ND,1,1,1405,Robo de autopartes y cristalazo,-102.29537622,21.87075846
191092737,30411,9,2019-09-30,1,22,12,1,SIN TIPO,DESARROLLO 80 (BODEGA AURRERA GUADALUPE),924,AVENIDA,GUADALUPE,NA,",,,",AVENIDA,CONVENCION DE 1914 PONIENTE,CALLE,FELIPE ANGELES,CALLE,ARROYO DE LOS ARELLANOS,6,false,false,9,ND,ND,0,0,N,N,4,"26,22",0,0,false,1,3,AUTOMOVIL,VOLKSWAGEN,JETTA,1,1,1406,Robo de autopartes y cristalazo,-102.31216031,21.88563120
191092937,30403,9,2019-09-30,1,23,27,11,PARQUE INDUSTRIAL,PARQUE INDUSTRIAL SAN FRANCISCO DE LOS ROMO,2PI,CARRETERA,AGUASCALIENTES ZACATECAS 45,NA,",,,",NINGUNO,NINGUNO,NINGUNO,NINGUNO,NINGUNO,NINGUNO,7,false,false,9,ND,ND,0,0,N,N,4,"3,26,28",0,5000,false,4,3,TRAILER,ND,ND,1,6,1407,Robo de autopartes y cristalazo,-102.28075559,22.03759674
191093474,30411,10,2019-10-01,2,8,8,1,FRACCIONAMIENTO,STEMA,467,AVENIDA,AGUASCALIENTES,NA,"239,,,",AVENIDA,AGUASCALIENTES,AVENIDA,AGUASCALIENTES,AVENIDA,NAZARIO ORTIZ GARZA,4,false,false,9,ND,ND,0,0,N,N,2,"24,23",0,0,false,1,2,AUTOMOVIL,CHEVROLET,CHEVY,1,13,1408,Robo de autopartes y cristalazo,-102.27292056,21.89695940
191093532,30403,10,2019-10-01,2,8,34,1,COLONIA,MARTINEZ DOMINGUEZ,1099,AVENIDA,MAHATMA GANDHI,NA,",,,",CALLE,VALENTE QUINTANA,CALLE,VICTOR ROSALES,NINGUNO,NINGUNO,2,false,false,9,ND,ND,0,0,N,N,2,"26,28",0,2000,false,4,2,AUTOMOVIL,CHEVROLET,MATIZ,1,1,1409,Robo de autopartes y cristalazo,-102.29455302,21.85395374
191095244,30403,10,2019-10-01,2,18,11,1,SIN TIPO,CANTERAS DE SANTA IMELDA (SUBDIVISION),1039,BOULEVARD,JUAN PABLO II,NA,",,,",BOULEVARD,SAN MARCOS,CALLE,NINGUNO,CALLE,NINGUNO,2,false,false,9,ND,ND,0,0,N,N,3,6,0,0,false,4,1,ND,ND,ND,1,4,1410,Robo de autopartes y cristalazo,-102.32911742,21.86695074
191095244,30403,10,2019-10-01,2,18,11,1,SIN TIPO,CANTERAS DE SANTA IMELDA (SUBDIVISION),1039,BOULEVARD,JUAN PABLO II,NA,",,,",BOULEVARD,SAN MARCOS,CALLE,NINGUNA,CALLE,NINGUNO,2,false,false,9,ND,ND,0,0,N,N,3,6,0,0,false,4,1,ND,ND,ND,1,4,1411,Robo de autopartes y cristalazo,-102.32909401,21.86697592
191095244,30403,10,2019-10-01,2,18,11,1,SIN TIPO,CANTERAS DE SANTA IMELDA (SUBDIVISION),1039,BOULEVARD,JUAN PABLO II,NA,",,,",BOULEVARD,SAN MARCOS,CALLE,NINGUNO,CALLE,NINGUNO,2,false,false,9,ND,ND,0,0,N,N,3,6,0,0,false,4,1,ND,ND,ND,1,4,1412,Robo de autopartes y cristalazo,-102.32910820,21.86696070
191096452,30403,10,2019-10-02,3,1,27,1,FRACCIONAMIENTO,JARDINES DE LA CRUZ (DELEGACION MORELOS),716,PRIVADA,SEXTA CERRADA CONVENCION,NA,",,,",PRIVADA,NINGUNO,AVENIDA,PASEO DE LA CRUZ,NINGUNO,NINGUNO,3,false,false,9,H,ND,0,0,CAMIONETA,ND,5,"22,11",0,0,false,4,3,CAMIONETA,ND,ND,1,1,1413,Robo de autopartes y cristalazo,-102.27024769,21.87403899
191096571,30403,10,2019-10-03,3,4,6,1,FRACCIONAMIENTO,BALCONES DE ORIENTE,723,CALLE,SAN FRANCISCO DE LOS VIVEROS,NA,"2044,,,",AVENIDA,PROCERES DE LA ENSEÑANZA,PRIVADA,MACHUPICHU,CALLE,MACHUPICHU 203,4,false,false,9,H,ND,0,0,N,N,5,41,0,0,false,4,4,CAMIONETA,VOLKSWAGEN,POINTER,1,1,1414,Robo de autopartes y cristalazo,-102.24065416,21.88219536
191091473,30411,9,2019-09-30,1,16,32,1,FRACCIONAMIENTO,HEROES DE AGUASCALIENTES,1078,CALLE,DEFENSA NACIONAL,NA,",,,",AVENIDA,HEROE DE NACOZARI,CALLE,SAHOP,CALLE,SERVICIO MILITAR,3,false,false,9,H,AUTOLAVADO,0,0,N,N,3,6,0,140000,false,3,1,AUTOMOVIL,ND,ND,1,1,1415,Robo de autopartes y cristalazo,-102.28142248,21.87423397
191092124,30411,9,2019-09-30,1,19,32,1,COLONIA,LAS FLORES,1072,AVENIDA,DE LAS ORQUIDEAS,NA,",,,",CALLE,AZALEAS,CALLE,CLAVELES,CALLE,LOS LAURELES,2,false,false,9,"H,H",ND,0,0,N,N,4,"26,6,38",0,8000,false,1,1,AUTOMOVIL,VOLKSWAGEN,JETTA,1,1,1416,Robo de autopartes y cristalazo,-102.30445439,21.87371157
191098090,30411,10,2019-10-02,3,16,26,1,BARRIO,LA PURISIMA,915,CALLE,ENRIQUE M DEL VALLE,NA,"121,,,",CALLE,COSIO SUR,CALLE,ENRIQUE M. DEL VALLE,CALLE,JUAN DE MONTORO,1,false,false,9,ND,ND,0,0,N,N,7,22,0,0,false,1,2,CAMIONETA,DODGE,RAM,1,1,1417,Robo de autopartes y cristalazo,-102.28686369,21.88299132
191099665,30411,10,2019-10-03,4,7,51,1,FRACCIONAMIENTO,PILAR BLANCO,981,ANDADOR,BUITRE,1TK,",,4,,",NINGUNO,NINGUNO,NINGUNO,NINGUNO,NINGUNO,NINGUNO,2,false,false,9,M,CARLA ALEJANDRA CAMACHO,0,0,N,N,2,22,0,0,false,1,2,AUTOMOVIL,ND,ND,1,2,1418,Robo de autopartes y cristalazo,-102.30058369,21.84994213
191100446,30411,10,2019-10-03,4,12,29,5,COLONIA,ARBOLEDAS DE PASO BLANCO,114,CALLE,MOLUDA,NA,",,,",CALLE,OLIVO,CALLE,EMPERADOR,CALLE,MALAGA,7,false,false,9,ND,ND,0,0,N,N,3,39,0,0,false,1,4,AUTOMOVIL,VOLKSWAGEN,JETTA,1,1,1419,Robo de autopartes y cristalazo,-102.30209781,21.96275315
191103259,30411,10,2019-10-04,5,5,36,1,COLONIA,HEORES (DELEGACION MORELOS),717,AVENIDA,ADOLFO LOPEZ MATEOS ORIENTE,NA,",,,",PRIVADA,JAIME NUNO,AVENIDA,CONVENCION DE 1914 ORIENTE,NINGUNO,NINGUNO,3,false,false,9,ND,ND,0,0,N,N,5,24,0,2500,false,1,2,AUTOMOVIL,FORD,TOPAZ,1,2,1420,Robo de autopartes y cristalazo,-102.27035069,21.87807146
191103441,30411,10,2019-10-04,5,8,22,1,FRACCIONAMIENTO,CANTERAS DE SAN JOSE,400,CALLE,COLOTLAN,NA,"304,,,",CALLE,PASEO DE TALPA,PROLONGACION,PASEO DE YAHUALICA ORIENTE,CALLE,ZAPOPAN,2,false,false,9,ND,ND,0,0,N,N,6,"24,27",0,0,false,1,3,CAMIONETA,VOLKSWAGEN,CARIBE,1,1,1421,Robo de autopartes y cristalazo,-102.32981662,21.85982726
191103596,30411,10,2019-10-04,5,9,20,1,SIN TIPO,DESARROLLO 24 (PLAZA PATIO),727,AVENIDA,MAHATMA GANDHI,NA,",,,",CALLE,VALENTE QUINTANA,CALLE,JOSE MARIA CHAVEZ,AVENIDA,AGUASCALIENTES,3,false,false,9,ND,ND,0,0,N,N,2,26,0,0,false,1,1,AUTOMOVIL,CHEVROLET,SPARK,1,1,1422,Robo de autopartes y cristalazo,-102.29290640,21.85304320
191109989,30403,10,2019-10-04,5,11,23,1,COLONIA,INDUSTRIAL,919,CALLE,DOCTOR CARLOS M LOPEZ,NA,",,,",CALLE,PETROLEOS MEXICANOS,CAÑÑE,MELQUIADES MORENO,CALLE,PROFESOR EDMUNDO GAMEZ OROZCO,6,false,false,9,ND,ND,0,0,N,N,2,22,0,0,false,4,2,CAMIONETA,CHEVROLET,SILVERADO,1,1,1423,Robo de autopartes y cristalazo,-102.29306086,21.89818993
191104154,30403,10,2019-10-04,5,12,5,1,FRACCIONAMIENTO,PRADOS DE VILLASUNCION,946,CALLE,ABRAHAM GONZALEZ,NA,",,,",CALLE,PARQUE DE LOS EUCALIPTOS,CALLE,PARQUE DE LOS NOGALES,CALLE,PASEO DE TONATIU,2,false,false,9,H,EL GALLO,0,0,N,N,2,"22,38",0,0,false,4,2,CAMIONETA,ND,ND,1,1,1424,Robo de autopartes y cristalazo,-102.29604694,21.84846497
191104569,30411,10,2019-10-04,5,13,59,1,FRACCIONAMIENTO,VILLAS DE NUESTRA SEÑORA DE LA ASUNCION (SECTOR ALAMEDA),516,CALLE,JOSE A PINEDO,NA,"418,,,",CALLE,JOSE G CRUZ,CALLE,VALLE DE LOS ROMEROS,CALLE,DOMINGO VELAZCO,5,false,false,9,ND,ND,0,0,N,N,2,"22,26,11",0,6000,false,1,3,CAMIONETA,CHEVROLET,SUBURBAN,1,1,1425,Robo de autopartes y cristalazo,-102.26497946,21.93137457
191106495,30403,10,2019-10-04,5,22,22,5,COMUNIDAD,LOS ARQUITOS,173R,CALLE,GUADALUPE GONZALEZ - CENTRO HIPICO,NA,",,,",CALLE,ROMAN LOERA,AVENIDA,SIGLO XXI,NINGUNO,NINGUNO,7,false,false,9,ND,ND,0,0,N,N,4,"3,26,27",0,0,false,4,1,AUTOMOVIL,NISSAN,TIIDA,1,1,1426,Robo de autopartes y cristalazo,-102.36303234,21.92395327
191106544,30411,10,2019-10-04,4,23,34,1,FRACCIONAMIENTO,LAS AMERICAS (DELEGACION CENTRO),1114,CALLE,REPUBLICA DE PANAMA,NA,",,,",CALLE,REPUBLICA DE URUGUAY,CALLE,REPUBLICA DEL CHILE,AVENIDA,CONVENCION DE 1914 SUR,2,false,false,9,ND,ND,0,0,N,N,4,"24,11,27",0,2500,false,1,3,CAMIONETA,CHEVROLET,SILVERADO,1,1,1427,Robo de autopartes y cristalazo,-102.30151113,21.86740585
191110975,30411,10,2019-10-06,7,1,25,1,FRACCIONAMIENTO,BOSQUES DEL PRADO SUR,777,AVENIDA,AGUASCALIENTES NORTE,NA,",,,",CALLE,SIERRA DE TEPOZOTLAN,CALLE,SAN JUAN DE LOS LAGOS,CALLE,SIERRA DE LA ESCONDIDA,6,false,false,9,ND,ND,0,0,N,N,3,"22,23",0,0,false,1,2,AUTOMOVIL,VOLKSWAGEN,GOLF,1,1,1428,Robo de autopartes y cristalazo,-102.31083429,21.91607404
191112325,30411,10,2019-10-06,7,11,11,1,COLONIA,ZONA CENTRO,906,CALLE,PEDRO PARGA,NA,",,,",CALLE,RAMON LOPEZ VELARDE,CALL E,GENERAL IGNACIO ZARAGOZA,CALLE,LICENCIADO FRANCISCO PRIMO VERDAD,1,false,false,9,ND,ND,0,0,N,N,2,24,0,0,false,1,2,CAMIONETA,FORD,WINSTAR,1,1,1429,Robo de autopartes y cristalazo,-102.29356644,21.88438052
191112538,30403,10,2019-10-06,7,12,54,1,CONDOMINIO,OJOCALIENTE FOVISSSTE I,739,AVENIDA,ANTARES,NA,"828,,,",AVENIDA,PASEO DE LA CRUZ,CIRCUITO,TRES,ANDADOR,NINGUNO,3,false,false,9,ND,ND,0,0,N,N,3,"24,3",0,0,false,4,3,CAMIONETA,FORD,ND,1,1,1430,Robo de autopartes y cristalazo,-102.25923951,21.87387472
191112601,30403,10,2019-10-06,7,13,24,5,FRACCIONAMIENTO,AYUNTAMIENTO,223,CALLE,MARIANO MATAMOROS,NA,",,,",CALLE,LAZARO CARDENAS,AVENIDA,CONSTITUCION,AVENIDA,GUADALUPE VICTORIA,7,false,false,9,ND,ND,0,0,N,N,3,39,0,0,false,4,4,AUTOMOVIL,FORD,FUSION,1,1,1431,Robo de autopartes y cristalazo,-102.34941024,21.96418908
191112945,30411,10,2019-10-06,7,15,28,1,SIN TIPO,DESARROLLO 55 (BODEGA AURRERA PINTORES),802,AVENIDA,SIGLO XXI,NA,",,,",CALLE,SIERRA DE SAN BERNARDINO,CALLE,JOSE LUIS CUEVAS,CALLE,HERMENEGILDO BUSTOS,5,false,false,9,ND,ND,0,0,N,N,3,"23,11",0,4000,false,1,2,CAMIONETA,FORD,F150,1,1,1432,Robo de autopartes y cristalazo,-102.26125010,21.91942257
191112958,30411,10,2019-10-06,7,15,32,1,SIN TIPO,DESARROLLO 55 (BODEGA AURRERA PINTORES),802,AVENIDA,SIGLO XXI,NA,",,,",CALLE,JOSE LUIS CUEVAS,CALLE,SIERRA SAN BERNARDINO,CALLE,HERMENEGILDO BUSTOS,5,false,false,9,ND,ND,0,0,N,N,3,24,0,0,false,1,2,CAMIONETA,CHRYSLER,VOYAGUER,1,1,1433,Robo de autopartes y cristalazo,-102.26135288,21.91942026
191113132,30411,10,2019-10-06,7,16,25,1,FRACCIONAMIENTO,LA FUNDICION,681,AVENIDA,FUNDICION,NA,",,,",AVENIDA,FUNDICION,AVENIDA,AGUASCALIENTES PONIENTE,AVENIDA,CANAL INTERCEPTOR,6,false,false,9,ND,ND,0,0,N,N,1,"26,12,6,38",0,150000,false,1,1,CAMIONETA,BMW,ND,1,1,1434,Robo de autopartes y cristalazo,-102.31598581,21.90232984
191113203,30411,10,2019-10-06,7,16,47,1,COLONIA,OBRAJE,987,CALLE,BOGOTA,NA,",,,",CALLE,GALEANA SUR,CALLE,LANCEROS DE AGUASCALIENTES,CALLE,VICENCIO,2,false,false,9,ND,ND,0,0,N,N,3,39,0,0,false,5,2,AUTOMOVIL,ND,ND,1,2,1435,Robo de autopartes y cristalazo,-102.29787022,21.87107786
191113572,30411,10,2019-10-06,7,19,12,1,SIN TIPO,DESARROLLO 80 (BODEGA AURRERA GUADALUPE),924,AVENIDA,GUADALUPE,NA,",,,",AVENIDA,CONVENCION DE 1914 PONIENTE,CALLE,FELIPE ANGELES,CALLE,ARROYO DE LOS ARELLANOS,6,false,false,9,ND,ND,0,0,N,N,4,"22,26,12",0,3000,false,1,3,CAMIONETA,CHEVROLET,SILVERADO,1,1,1436,Robo de autopartes y cristalazo,-102.31216936,21.88567256
191113832,30411,10,2019-10-06,7,20,43,1,COLONIA,GRAL JOSE MA MORELOS Y PAVON (CAÑADA HONDA),354,CALLE,DURAZNO,NA,",,,",CALLE,LA HUERTITA,CALLE,NINGUNO,CALLE,LIMA,5,false,false,9,ND,ND,0,0,N,N,4,39,0,0,false,5,2,AUTOMOVIL,NISSAN,TSURU,1,2,1437,Robo de autopartes y cristalazo,-102.20245285,21.99889924
191112255,30411,10,2019-10-06,7,10,45,1,FRACCIONAMIENTO,BENITO PALOMINO DENA,499,CALLE,LICENCIADO MIGUEL ROMO MEDINA,NA,"241,,,",CALLE,TENIENTE CORONEL ROBERTO JEFKINS RANGEL,BOULEVARD,GUADALUPANO,CALLE,HECTOR DEL VILLAR,5,false,false,9,ND,ND,0,0,N,N,2,11,0,5000,false,1,1,CAMIONETA,FORD,RANGER,1,1,1438,Robo de autopartes y cristalazo,-102.24747124,21.91640595
191108247,30411,10,2019-10-05,6,12,29,1,FRACCIONAMIENTO,LAS CUMBRES,441,CALLE,DEL PICACHO,NA,",,,",CALLE,EL TILDIO,CALLE,LA PROVIDENCIA,CALLE,MARIA GUADALUPE RUIZ DE CHAVEZ PINALES,5,false,false,9,ND,ND,0,0,N,N,3,3,0,0,false,3,1,CAMION,ND,ND,1,1,1439,Robo de autopartes y cristalazo,-102.26062865,21.90957826
191107339,30411,10,2019-10-05,6,5,57,1,CONDOMINIO,CENTRO COMERCIAL GALERIAS,357,CALLE,NINGUNO,NA,",,,",CALLE,NINGUNO,BOULEVARD,A ZACATECAS,CALLE,NINGUNO,6,false,false,9,ND,ND,0,0,N,N,5,"38,28",1000,0,false,1,1,ND,ND,ND,1,1,1440,Robo de autopartes y cristalazo,-102.29401296,21.92040949
191107018,30411,10,2019-10-05,6,1,59,5,FRACCIONAMIENTO,LOMAS DE JESUS MARIA,164,CALLE,XOCHICALCO,NA,",,,",CALLE,TLATELOLCO,CALLE,TAMUIN,CALLE,UXMAL,7,false,false,9,ND,ND,0,0,N,N,5,39,0,0,false,1,4,ND,ND,ND,1,2,1441,Robo de autopartes y cristalazo,-102.34224937,21.95069938
191114732,30411,10,2019-10-07,1,4,17,1,COLONIA,ALTAVISTA,922,CALLE,CARLOS SAGREDO,NA,",,,",CALL E,FRANCISCO SARABIA,CALLE,CARLOS BARRON,CALLE,JESUS GOMEZ PORTUGAL,6,false,false,9,H,ND,0,0,N,N,5,24,0,0,false,1,2,CAMIONETA,GMC,SAFARI,1,1,1442,Robo de autopartes y cristalazo,-102.30614064,21.89332745
191118698,30403,10,2019-10-08,2,10,33,1,FRACCIONAMIENTO,DEL VALLE 1A SECCION,734,CALLE,VERSALLES,NA,",,,",AVENIDA,CONVENCION PONIENTE,CALLE,26 DE MARZO,CALLE,NAPOLES,6,false,false,9,ND,ND,0,0,N,N,27,41,0,0,false,4,4,AUTOMOVIL,VOLKSWAGEN,JETTA,1,1,1443,Robo de autopartes y cristalazo,-102.31222227,21.87470908
191119226,30411,10,2019-10-08,2,12,52,11,SIN TIPO,VALLE DE AGUASCALIENTES,310P,CALLE,VILLA CORONA,NA,",,,1",CALLE,VILLA SAN FELIPE,CALLE,VILLA FLORES,CALLE,VILLA CORSO,7,false,false,9,ND,ND,0,0,N,N,2,3,0,0,true,1,1,CAMIONETA,ND,ND,1,1,1444,Robo de autopartes y cristalazo,-102.26386948,21.97301217
191119894,30411,10,2019-10-08,2,15,49,1,FRACCIONAMIENTO,EJIDO LAS CUMBRES,403,CALLE,PICACHO ORIENTE,NA,",,,",NINGUNO,SIGLO XXI,CALLE,SIERRA TARAHUMARA,NINGUNO,NINGUNO,5,false,false,9,H,ND,0,0,N,N,3,24,0,0,false,1,2,CAMIONETA,FORD,WINSTAR,1,2,1445,Robo de autopartes y cristalazo,-102.25904523,21.90964488
191120210,30411,10,2019-10-08,2,17,22,1,FRACCIONAMIENTO,OJOCALIENTE I,741,AVENIDA,AGUASCALIENTES ORIENTE,NA,",,,",CALLE,COTORINAS,CALLE,SAN FRANCISCO DE LOS ROMO,NINGUNO,NINGUNO,4,false,false,9,ND,ND,0,0,N,N,3,3,0,20000,false,1,2,CAMIONETA,CHRYSLER,TOWN COUNTRY,1,1,1446,Robo de autopartes y cristalazo,-102.25850261,21.88289879
191122104,30411,10,2019-10-09,3,6,37,1,FRACCIONAMIENTO,VILLAS DE NUESTRA SEÑORA DE LA ASUNCION (SECTOR ESTACION),502,CALLE,LEOBARDO QUIROZ,NA,",,,",AVENIDA,VALLE DE LOS ROMEROS,CALLE,MANUEL FERNANDEZ SANCHEZ,AVENIDA,FEDERICO MENDEZ,5,false,false,9,ND,ND,0,0,N,N,5,24,0,0,false,1,2,AUTOMOVIL,NISSAN,JETTA,1,1,1447,Robo de autopartes y cristalazo,-102.26205769,21.93816971
191122461,30411,10,2019-10-09,3,9,40,1,FRACCIONAMIENTO,ALIANZA FERROCARRILERA,480,CALLE,H,NA,",,,",CALLE,ANTONIO OROZCO,CALLE,A,CALLE,BENJAMIN MENDEZ,5,false,false,9,ND,ND,0,0,N,N,2,22,0,0,false,1,2,AUTOMOVIL,ND,ND,1,2,1448,Robo de autopartes y cristalazo,-102.28244717,21.91000398
191123876,30411,10,2019-10-09,3,16,30,1,CONDOMINIO,OJOCALIENTE FOVISSSTE I,739,AVENIDA,ANTARES,NA,",,,",AVENIDA,PASEO DE LA CRUZ,ANDADOR,UNO ORIENTE,NINGUNO,NINGUNO,3,false,false,9,ND,ND,0,0,N,N,1,"24,25",0,0,false,1,2,CAMIONETA,FORD,MERCURI,1,1,1449,Robo de autopartes y cristalazo,-102.25931944,21.87382293
191124261,30403,10,2019-10-09,3,18,34,1,COLONIA,MARTINEZ DOMINGUEZ,1099,CALLE,SARGENTO LUCIANO PONCE,NA,",,,",CALLE,DOCTOR JOSE MARIA COS,CALLE,CAPITAN DIEGO FERNANDEZ VILLA,CALLE,IGNACIO ADAME,2,false,false,9,H,ND,0,0,AUTOMOVIL,GOLF GTI EN COLOR GRIS PLACAS DE TEXAS,3,"26,28",3500,0,false,4,1,AUTOMOVIL,DODGE,ATTITUDE,1,1,1450,Robo de autopartes y cristalazo,-102.29756364,21.85539150
191125047,30403,10,2019-10-09,3,22,52,1,FRACCIONAMIENTO,CIRCUNVALACION PONIENTE (DELEGACION INSURGENTES),685,CALLE,MANZANO,NA,",,,",CALLE,CASTAÑO,CALLE,TORONJA,AVENIDA,LICENCIADO ADOLFO LOPEZ MATEOS PONIENTE,2,false,false,9,ND,ND,0,0,N,N,16,38,0,0,false,4,4,AUTOMOVIL,CHEVROLET,SEDAN,1,1,1451,Robo de autopartes y cristalazo,-102.31306598,21.87263943
191123980,30411,10,2019-10-09,3,17,4,1,FRACCIONAMIENTO,VILLAS DE OJOCALIENTE,532,AVENIDA,ANTARES,NA,",,,",CALLE,PASEOS DEL CERRITO,NINGUNO,NINGUNO,NINGUNO,NINGUNO,3,false,false,9,ND,ND,0,0,N,N,12,22,0,600,false,1,2,AUTOMOVIL,ND,ND,1,1,1452,Robo de autopartes y cristalazo,-102.25893558,21.87414305
191124932,30403,10,2019-10-09,3,22,8,1,FRACCIONAMIENTO,LUIS ORTEGA DOUGLAS,440,CALLE,EL GIGANTE,NA,",,,",CALLE,EL YUGO,CALLE,LA UNION,CALLE,EL PICACHO,5,false,false,9,ND,ND,0,0,N,N,1,41,0,0,false,4,4,AUTOMOVIL,NISSAN,TSURU,1,1,1453,Robo de autopartes y cristalazo,-102.25905107,21.90903293
191125270,30403,10,2019-10-10,4,0,39,1,BARRIO,DE LA SALUD,360,AVENIDA,AYUNTAMIENTO,NA,",,,",AVENIDA,AYUNTAMIENTO,CALLE,JOSEFA ORTIZ DE DOMINGUEZ,CALLE,SANTANA,3,false,false,9,ND,ND,0,0,N,N,5,24,0,0,false,4,2,AUTOMOVIL,CHEVROLET,MALIBU,1,2,1454,Robo de autopartes y cristalazo,-102.28748563,21.87023286
191125482,30403,10,2019-10-10,4,3,41,1,FRACCIONAMIENTO,BOULEVARES 1A SECCION,1047,CALLE,LUIS HIDALGO MONROY,NA,"204,,,",CALLE,ENRIQUE C. REBSAMEN,CALLE,JESUS SOTELO INCLAN,CALLE,ARQUIMEDES CABALLERO,2,false,false,9,"H,M",ND,0,0,N,N,5,41,0,0,false,4,4,AUTOMOVIL,VOLKSWAGEN,DERBY,1,1,1455,Robo de autopartes y cristalazo,-102.30264316,21.85708965
191125532,30411,10,2019-10-10,4,4,40,1,COLONIA,MACIAS ARELLANO,505,CALLE,E,NA,"124,,,",CALLE,A,CALLE,C,CERRADA,NINGUNA,5,false,false,9,H,ND,0,0,N,N,5,23,0,0,false,1,2,AUTOMOVIL,VOLKSWAGEN,GOLF,1,1,1456,Robo de autopartes y cristalazo,-102.28266917,21.90792547
191125571,30403,10,2019-10-10,4,5,21,1,FRACCIONAMIENTO,BENITO PALOMINO DENA,499,CALLE,HECTOR DEL VILLAR,NA,"108,,,",CALLE,DOCTOR ALFONSO RODRIGUEZ FRANCO,CALLE,TENIENTE CORONEL ROBERTO JEFKINS RANGEL,NINGUNO,NINGUNO,5,false,false,9,ND,ND,0,0,N,N,5,22,0,0,false,4,2,AUTOMOVIL,ND,ND,1,1,1457,Robo de autopartes y cristalazo,-102.24991207,21.91771067
191125572,30411,10,2019-10-10,4,5,21,1,COLONIA,ALTAVISTA,922,CALLE,JESUS GOMEZ PORTUGAL,NA,"603,,,",CALLE,JESUS MARIA RODRIGUEZ,CALLE,SANTA IRENE,CALLE,CARLOS SAGREDO,6,false,false,9,ND,ND,0,0,N,N,5,41,0,0,false,1,4,CAMIONETA,ND,ND,1,1,1458,Robo de autopartes y cristalazo,-102.30394183,21.89215230
191127469,30411,10,2019-10-10,4,16,45,5,COLONIA,UNIDAD DEPORTIVA CIELO CLARO,222,AVENIDA,PASEO DE LOS CHICAHUALES,NA,",,,",CALLE,NINGUNO,CALLE,NINGUNO,CALLE,NINGUNO,7,false,false,9,ND,ND,0,0,N,N,3,12,20000,35000,false,1,1,CAMIONETA,MERCURY,VILLAGER,1,1,1459,Robo de autopartes y cristalazo,-102.34202124,21.95845506
191127993,30411,10,2019-10-10,4,19,37,1,FRACCIONAMIENTO,BOULEVARES 2A SECCION,1103,CALLE,ENRIQUE C REBSAMEN,NA,1104,CALLE,INGENIERO 2A SECCION,CALLE,BELISARIO DOMINGUEZ,CALLE,CAPITAN DIEGO FERNANDEZ VILLA,2,false,false,9,ND,ND,0,0,N,N,3,3,0,8000,false,1,1,AUTOMOVIL,VOLKSWAGEN,JETTA,1,1,1460,Robo de autopartes y cristalazo,-102.30613061,21.85652011
191129379,30411,10,2019-10-11,5,7,4,1,FRACCIONAMIENTO,MEXICO,1081,CALLE,CHIAPAS,NA,"119,,,",CALLE,CASA BLANCA,CALLE,AGUASCALIENTES SUR,CALLE,NUEVO LEON,3,false,false,9,ND,ND,0,0,N,N,1,38,0,7000,false,1,1,CAMIONETA,ND,ND,1,2,1461,Robo de autopartes y cristalazo,-102.27915301,21.86127688
191129794,30403,10,2019-10-11,5,10,20,1,FRACCIONAMIENTO,SAN MARCOS,746,CALLE,TIZIANO,NA,"219,,,",AVENIDA,AGUASCALIENTES PONIENTE,CALLE,MIGUEL ANGEL,CALLE,PROLONGACION AQUILES ELOURDUY,6,false,false,9,H,ND,0,0,N,N,2,41,0,0,false,4,4,CAMIONETA,JAC,ND,1,1,1462,Robo de autopartes y cristalazo,-102.31940685,21.88009251
191133620,30411,10,2019-10-12,6,11,33,1,BARRIO,DE GUADALUPE,910,CALLE,GENERAL GUADALUPE VICTORIA,NA,"436,,,",CALLE,LARREATEGUI,PRIVADA,VICTORIA,NINGUNA,NINGUNA,1,false,false,9,ND,ND,0,0,N,N,2,"26,28",15000,17000,false,1,1,AUTOMOVIL,DODGE,NEON,1,2,1463,Robo de autopartes y cristalazo,-102.29860971,21.88570757
191134451,30411,10,2019-10-12,6,15,11,1,FRACCIONAMIENTO,INSURGENTES,1046,CALLE,GENERAL JULIAN MEDINA,NA,",,,",PRIVADA,LUIS MOYA,AVENIDA,PASEO DE LA ASUNCION,CALLE,ABRAHAM GONZALEZ,2,false,false,9,ND,ND,0,0,N,N,2,"25,24,11",0,0,false,1,3,AUTOMOVIL,NISSAN,VERSA,1,1,1464,Robo de autopartes y cristalazo,-102.30161766,21.84698285
191135448,30411,10,2019-10-12,6,19,7,1,SIN TIPO,EL SALTO DE LOS SALADOS,29P,CARRETERA,HACIENDA AGOSTADERITO SALTO DE LOS SALADOS,NA,",,,",NINGUNO,NINGUNO,NINGUNO,NINGUNO,NINGUNO,NINGUNO,2,false,false,9,ND,ND,0,0,N,N,3,"26,6,28",30000,8000,false,1,1,CAMIONETA,ND,ND,1,1,1465,Robo de autopartes y cristalazo,-102.36521435,21.76447501
191137572,30411,10,2019-10-13,7,8,34,1,FRACCIONAMIENTO,JOSE LOPEZ PORTILLO,955,CALLE,CASIMIRA ARTEAGA,NA,"153,,,",CALLE,RICARDO GARCIA MENDOZA,CALLE,ROSALIA MONRROY,CALLE,CASIMIRA ARTEAGA,2,false,false,9,H,ND,0,0,N,N,2,41,0,0,false,1,4,AUTOMOVIL,NISSAN,TIIDA,1,1,1466,Robo de autopartes y cristalazo,-102.31897585,21.85415942
191137657,30403,10,2019-10-13,7,9,25,1,FRACCIONAMIENTO,PANORAMA,670,CALLE,MIRAFLORES,NA,"127,,,",CALLE,VISTA HERMOSA,CALLE,LINDAVISTA,CALLE,JARDINES ETERNOS,6,false,false,9,ND,ND,0,0,N,N,5,41,0,15000,false,4,4,AUTOMOVIL,VOLKSWAGEN,JETTA,1,1,1467,Robo de autopartes y cristalazo,-102.31477400,21.88873807
191137657,30403,10,2019-10-13,7,9,25,1,FRACCIONAMIENTO,PANORAMA,670,CALLE,MIRAFLORES,NA,"127,,,",CALLE,VISTA HERMOSA,CALLE,LINDAVISTA,CALLE,JARDINES ETERNOS,6,false,false,9,ND,ND,0,0,N,N,1,27,0,0,false,4,1,AUTOMOVIL,HONDA,ACCORD,1,1,1468,Robo de autopartes y cristalazo,-102.31479704,21.88873883
191138675,30411,10,2019-10-13,7,15,6,1,FRACCIONAMIENTO,LOS PERICOS,770,CALLE,SAN COSME,NA,"200,,,",CALLE,SAN JOSE,CALLE,SAN IGNACIO,PRIVADA,NINGUNO,4,false,false,9,ND,ND,0,0,N,N,3,38,0,0,false,2,1,CAMIONETA,ND,ND,10,2,1469,Robo de autopartes y cristalazo,-102.24327492,21.90183777
191139206,30411,10,2019-10-13,7,17,52,1,FRACCIONAMIENTO,INSURGENTES,1046,CALLE,HERMANOS FLORES MAGON,NA,"109,,,",CALLE,MARIANO AZUELA,CALLE,BELISARIO DOMINGUEZ,CALLE,SERAPIO RENDON,2,false,false,9,ND,ND,0,0,N,N,3,24,0,0,false,1,2,CAMIONETA,CHEVROLET,ND,1,1,1470,Robo de autopartes y cristalazo,-102.30660710,21.85246189
191139989,30411,10,2019-10-13,7,21,31,1,FRACCIONAMIENTO,JARDINES DE SANTA ELENA 2A SECCION,1106,CALLE,REPUBLICA DE PERU,NA,"617,,,",CALLE,REPUBLICA DE NICARAGUA,CALLE,REPUBLICA DEL SALVADOR,CALLE,REPUBLICA MEXICANA,2,false,false,9,ND,ND,0,0,N,N,4,26,0,0,false,1,1,CAMIONETA,ND,ND,1,1,1471,Robo de autopartes y cristalazo,-102.30483207,21.86498722
191140167,30403,10,2019-10-13,7,23,4,1,FRACCIONAMIENTO,LA FUENTE,1061,CALLE,BOGOTA,NA,"505,,,",CALLE,REPUBLICA DE NICARAGUA,CALLE,REPUBLICA DEL SALVADOR,CALLE,VALPARAISO,2,false,false,9,ND,ND,0,0,N,N,27,24,0,2000,false,4,2,AUTOMOVIL,VOLKSWAGEN,BEETLE,1,1,1472,Robo de autopartes y cristalazo,-102.30352005,21.87176022
191140507,30411,10,2019-10-14,1,0,34,1,FRACCIONAMIENTO,SANTA ANITA (DELEGACION JESUS TERAN),482,AVENIDA,PARQUE VIA,NA,"113,,,",CALLE,ANTONIO MACHADO,AVENIDA,NAZARIO ORTIZ GARZA,AVENIDA,PARQUE VIA,4,false,false,9,ND,ND,0,0,N,N,4,"24,22,12",0,0,false,1,3,AUTOMOVIL,CHEVROLET,MATIZ,1,1,1473,Robo de autopartes y cristalazo,-102.27534924,21.89914282
191145822,30411,10,2019-10-15,2,14,13,1,SIN TIPO,EL CERRITO,396,AVENIDA,PASEO DE LA CRUZ,NA,",,,",NINGUNO,NINGUNO,NINGUNO,NINGUNO,NINGUNO,NINGUNO,3,false,false,9,ND,ND,0,0,N,N,2,24,0,0,false,1,2,AUTOMOVIL,NISSAN,SENTRA,1,1,1474,Robo de autopartes y cristalazo,-102.26077095,21.87495707
191145118,30411,10,2019-10-15,2,11,2,1,FRACCIONAMIENTO,MORELOS,616,CALLE,DZILAM,NA,",,,",CALLE,BONAMPAK,ANDADOR,AGUASCALIENTES,CALLE,CHICHEN ITZA,3,false,false,9,ND,ND,0,0,N,N,2,3,0,0,false,1,2,AUTOMOVIL,NISSAN,TSURU,1,2,1475,Robo de autopartes y cristalazo,-102.25362960,21.86479509
191144589,30403,10,2019-10-15,2,7,8,1,FRACCIONAMIENTO,LINDAVISTA,407,CALLE,MIGUEL CALDERA,NA,",,,",CALLE,JARDIN DEL ESTUDIANTE,AVENIDA,CONVENCION DE 1914 SUR,CALLE,DIEGO DE IBARRA,3,false,false,9,NE,ND,0,0,N,N,2,"26,27,28",0,0,false,4,1,AUTOMOVIL,VOLKSWAGEN,DERBY,1,1,1476,Robo de autopartes y cristalazo,-102.29104043,21.86601039
191145858,30411,10,2019-10-15,2,14,21,7,COLONIA,SANTA CRUZ,69,CALLE,PINO,NA,"109,,,",CALLE,OLMO,CALLE,NINGUNA,CALLE,ALAMO,7,false,false,9,ND,ND,0,0,N,N,2,"26,27",0,0,false,1,2,AUTOMOVIL,ND,ND,1,1,1477,Robo de autopartes y cristalazo,-102.33062351,22.23431757
191144617,30411,10,2019-10-15,2,7,34,1,FRACCIONAMIENTO,VILLAS DE NUESTRA SEÑORA DE LA ASUNCION (SECTOR ESTACION),502,CALLE,SALVDOR DURAN CASTAÑEDA,NA,"453,,,",AVENIDA,GERONIMO DE LA CUEVA,CALLE,FRANCISCO ARMENGOL,NINGUNO,NINGUNO,5,false,false,9,ND,ND,0,0,N,N,16,24,0,1200,false,1,2,AUTOMOVIL,VOLKSWAGEN,ATLANTIC,1,1,1478,Robo de autopartes y cristalazo,-102.25838325,21.93527733
191140520,30403,10,2019-10-14,1,0,39,5,COLONIA,EL TORITO,199,CALLE,15 DE SEPTIEMBRE,NA,"123,B,,",CALLE,SOR JUANA INES DE LA CRUZ,AVENIDA,SOLIDARIDAD,CALLE,CRISTOBAL COLON,7,false,false,9,H,ND,1,0,N,N,5,22,0,0,true,4,2,CAMIONETA,CHEVROLET,BLAZER,1,4,1479,Robo de autopartes y cristalazo,-102.35442285,21.96963003
191151682,30411,10,2019-10-16,3,23,26,1,FRACCIONAMIENTO,JESUS GOMEZ PORTUGAL,528,CALLE,PISCIS,NA,"106,,,",CALLE,ACUARIO,AVENIDA,PASEO DE OJOCALIENTE,CALLE,CANCER,3,false,false,9,H,ND,0,0,N,N,4,25,0,0,false,2,2,AUTOMOVIL,NISSAN,VERSA,1,2,1480,Robo de autopartes y cristalazo,-102.26520197,21.86943019
191148001,30403,10,2019-10-16,3,1,25,1,UNIDAD HABITACIONAL,IV CENTENARIO,1065,CALLE,DELICIAS,NA,"504,,,",RETORNO,IGNACIO GALLEGOS,AVENIDA,CONVENCION DE 1914 SUR,RETORNO,SILVESTRE DORADOR,3,false,false,9,ND,ND,0,0,N,N,2,41,0,0,false,4,4,AUTOMOVIL,HONDA,CIVIC,1,1,1481,Robo de autopartes y cristalazo,-102.27935776,21.86834865
191149976,30411,10,2019-10-16,3,16,5,5,COMUNIDAD,MARAVILLAS,183P,CALLE,LAZARO CARDENAS,NA,"107,,,",CALLE,ROMO,AVENIDA,GUADALUPE,NINGUNO,NINGUNO,7,false,false,9,H,ND,0,0,N,N,3,24,0,0,false,1,2,CAMIONETA,FORD,ND,1,1,1482,Robo de autopartes y cristalazo,-102.33186444,21.95357531
191150859,30411,10,2019-10-16,3,20,8,1,SIN TIPO,INSTITUTO TECNOLOGICO DE AGUASCALIENTES,711,AVENIDA,ANTARES,NA,",,,",AVENIDA,PASEO DE LA CRUZ,AVENIDA,TECNOLOGICO,NINGUNO,NINGUNO,3,false,false,9,ND,ND,0,0,N,N,14,"23,25,38",0,2000,false,1,3,AUTOMOVIL,NISSAN,TSURU,1,1,1483,Robo de autopartes y cristalazo,-102.25907708,21.87419943
191151881,30403,10,2019-10-17,4,2,0,1,FRACCIONAMIENTO,OJO DE AGUA,1080,ANDADOR,PLAZA ROBERTO DIAZ RODRIGUEZ,NA,",,,",CALLE,CHIAPAS,CALLE,NUEVO LEON,CALLE,JESUS YUREM,3,false,false,9,ND,ND,0,0,N,N,5,41,0,0,false,4,4,CAMIONETA,ND,ND,1,6,1484,Robo de autopartes y cristalazo,-102.27932909,21.86325608
191152044,30411,10,2019-10-17,4,5,36,1,FRACCIONAMIENTO,MORELOS II,622,CALLE,30 DE SEPTIEMBRE,NA,",,,",CALLE,30 DE JULIO,CALLE,MARIANO JIMENEZ,NINGUNO,NINGUNO,3,true,false,9,H,ND,0,0,BICICLETA,ND,5,25,0,0,false,2,2,CAMIONETA,NISSAN,GUAYIN,1,2,1485,Robo de autopartes y cristalazo,-102.26670813,21.85015418
191152494,30403,10,2019-10-17,4,0,10,1,FRACCIONAMIENTO,RESIDENCIAL LOS PIRULES,1073,CALLE,PIRULERO,NA,"228,,,",CALLE,MAGNOLIA,NINGUNO,NINGUNO,CALLE,PAPIRO,2,false,false,9,ND,ND,0,0,N,N,2,"26,12,24",0,2000,false,4,3,AUTOMOVIL,DODGE,NEON,1,1,1486,Robo de autopartes y cristalazo,-102.31991913,21.87063202
191152752,30411,10,2019-10-17,4,11,46,5,COLONIA,MARTINEZ ANDRADE,176,CALLE,SAUCEDO,NA,"112,,,",PRIVADA,PRIMERA SAUCEDO,CALLE,ALDAMA,NINGUNO,NINGUNO,7,false,false,9,ND,ND,0,0,N,N,2,"26,6,28",20000,0,false,1,1,AUTOMOVIL,DODGE,110,1,1,1487,Robo de autopartes y cristalazo,-102.34383440,21.95821078
191155592,30403,10,2019-10-18,5,2,43,1,FRACCIONAMIENTO,BONA GENS,527,AVENIDA,LICENCIADO ADOLFO LOPEZ MATEOS ORIENTE,NA,",,,",CALLE,IZTACCIHUATL,CALLE,TANYVETH,CALLE,TAYDE,3,false,false,9,H,ND,0,0,N,N,3,41,0,0,false,4,4,CAMIONETA,RENAULT,DUSTER,1,1,1488,Robo de autopartes y cristalazo,-102.26845948,21.87778467
191155840,30403,10,2019-10-18,5,7,33,1,FRACCIONAMIENTO,BULEVAR,733,CALLE,PAUL HARRIS,NA,"315,,,",AVENIDA,JOSE MARIA CHAVEZ,CALLE,LUIS ADOLFO,CALLE,JOSE ARMANDO,3,false,false,9,ND,ND,0,0,N,N,27,41,0,0,false,4,4,AUTOMOVIL,CHEVROLET,CHEVY,1,6,1489,Robo de autopartes y cristalazo,-102.29470011,21.86940262
191158358,30411,10,2019-10-18,5,20,35,1,FRACCIONAMIENTO,LUIS ORTEGA DOUGLAS,440,CALLE,EL PICACHO,NA,",,,",CALLE,ARBOLITOS,CALLE,SALTO DE OJOCALIENTE,CALLE,EL GIGANTE,5,false,false,9,H,EL MENCHUS,0,0,N,N,4,"26,6",0,25000,false,1,1,AUTOMOVIL,NISSAN,TSURU,1,1,1490,Robo de autopartes y cristalazo,-102.26335357,21.90949045
191158859,30403,10,2019-10-18,5,22,30,1,COLONIA,SAN MARCOS (DELEGACION POCITOS),650,CALLE,26 DE MARZO,NA,"616,,,",CALLE,TALAMANTES,CALLE,PUEBLITO,CALLE,VERACRUZ,6,false,false,9,ND,ND,0,0,N,N,4,38,0,3000,false,4,1,CAMIONETA,ND,ND,1,2,1491,Robo de autopartes y cristalazo,-102.31328027,21.87945477
191159041,30411,10,2019-10-18,5,23,36,1,FRACCIONAMIENTO,BALCONES DE ORIENTE,723,CALLE,SAN FRANCISCO DE LOS VIVEROS 2201,NA,"2201,36,",AVENIDA,SAN FRANCISCOS DE LOS VIVEROS,CALOLE,SAN FRANCISCOS DE LOS VIVEROS 2203,CALLE,NINGUNO,4,false,false,9,ND,ND,0,0,N,N,4,26,0,300,false,1,1,AUTOMOVIL,VOLKSWAGEN,POINTER,1,1,1492,Robo de autopartes y cristalazo,-102.23444590,21.88407381
191159677,30411,10,2019-10-19,6,5,30,1,COLONIA,MARTINEZ DOMINGUEZ,1099,CALLE,GERTRUDIS BOCANEGRA,NA,"217,A,",CALLE,MARIANO ABAD MIRAMONTES,CALLE,MARISCAL RAFAEL OROPEZA,CALLE,MARGARITA MAZA DE JUAREZ,2,false,false,9,ND,ND,0,0,N,N,5,"6,38",0,15000,false,1,1,AUTOMOVIL,VOLKSWAGEN,JETTA,1,2,1493,Robo de autopartes y cristalazo,-102.29942868,21.85439151
191159726,30403,10,2019-10-19,6,6,18,1,SIN TIPO,DESARROLLO 56 (COLEGIO VALLADOLID),444,CALLE,SALVADOR NOVO,NA,",,,",AVENIDA,SIGLO XXI,PRIVADA,ANGEL ZARRAGA,NINGUNO,NINGUNO,5,false,false,9,ND,ND,0,0,N,N,2,39,0,0,false,4,2,AUTOMOVIL,VOLKSWAGEN,JETTA,1,2,1494,Robo de autopartes y cristalazo,-102.26168102,21.91553403
191159845,30411,10,2019-10-19,6,7,40,1,FRACCIONAMIENTO,FUNDADORES,623,PROLONGACION,MARGARITA MAZA DE JUAREZ,NA,"720,,,",CALLE,JOSE MARIA ROBLES,CALLE,IGNACIO VALDESPINO YDIAZ,AVENIDA,LUISA FERNANDEZ VILLA,3,false,false,9,ND,ND,0,0,N,N,2,24,0,800,false,1,2,CAMIONETA,NISSAN,PICK UP,1,13,1495,Robo de autopartes y cristalazo,-102.24761792,21.84622798
191161266,30403,10,2019-10-19,6,15,3,1,FRACCIONAMIENTO,BULEVAR,733,CALLE,ALFONSO HUMBERTO,NA,"302,,,",PRIVADA,NINGUNO,PRIVADA,NINGUNO,NINGUNO,NINGUNO,3,false,false,9,ND,ND,0,0,N,N,3,"26,27",0,2000,false,4,1,CAMIONETA,CHEVROLET,S10,1,1,1496,Robo de autopartes y cristalazo,-102.29280833,21.86796738
191161958,30403,10,2019-10-19,6,18,19,1,COMUNIDAD,VISTA ALEGRE,52P,CALLE,EL FLOREO,NA,"308,,,",CALLE,LA MANGANA,CALLE,LA CHARREADA,CALLE,LOS PIALES,3,false,false,9,ND,ND,0,0,N,N,3,6,0,80000,false,4,1,CAMIONETA,NISSAN,XTRAIL,1,1,1497,Robo de autopartes y cristalazo,-102.27615694,21.78858845
191163134,30411,10,2019-10-20,7,0,17,1,FRACCIONAMIENTO,SOBERANA CONVENCION,503,AVENIDA,CONSTITUCION,NA,"1308,,,",CALLE,ARTICULO 23,CALLE,ARTICULO 21,CALLE,ARTICULO 31,5,false,false,9,H,ND,0,0,N,N,3,41,0,0,false,1,4,CAMIONETA,ND,ND,1,6,1498,Robo de autopartes y cristalazo,-102.28166031,21.93564280
191163563,30403,10,2019-10-20,7,2,23,1,FRACCIONAMIENTO,LA ESTRELLA,483,CALLE,CAMINO AL COBANO,NA,"308,,,",CALLE,GEMINIS,CALLE,CAPICORNIO,CALLE,CENTAURY,5,false,false,9,ND,ND,0,0,N,N,3,41,0,0,false,4,4,AUTOMOVIL,NISSAN,VERSA,1,1,1499,Robo de autopartes y cristalazo,-102.28033834,21.90617878
191164143,30411,10,2019-10-20,7,7,35,1,FRACCIONAMIENTO,POZO BRAVO,421,CALLE,POZO BRAVO,NA,"205,,,",CALLE,GENERAL PANFILO NATERA,CALLE,PAULINO N. MARTI,CALLE,POZO HONDO,5,false,false,9,"H,H",ND,0,0,MOTOCICLETA,ND,2,38,0,2000,false,2,2,AUTOMOVIL,VOLKSWAGEN,GOLF,1,1,1500,Robo de autopartes y cristalazo,-102.28055841,21.92820681
191164679,30411,10,2019-10-20,7,11,33,1,FRACCIONAMIENTO,EL DORADO 1A SECCION,1048,CALLE,DOCTOR G. RAMIREZ VALDEZ,NA,",,,",CALLE,DOCTOR E. GONZALEZ MEDINA,NINGUNO,LAS AMERICAS,NINGUNO,AGUASCALIENTES SUR,2,false,false,9,ND,ND,0,0,N,N,2,22,0,3000,false,1,2,CAMIONETA,FORD,RANGER,1,1,1501,Robo de autopartes y cristalazo,-102.30352545,21.86055155
191164998,30403,10,2019-10-20,7,13,17,1,FRACCIONAMIENTO,DEL VALLE 1A SECCION,734,CALLE,ROMA,NA,"213,,,",CALLE,AGUASCALIENTES PONIENTE,CALLE,LONDRES,CALLE,HAMBURGO,6,false,false,9,H,ND,0,0,BICICLETA,ND,3,41,0,0,false,4,4,CAMIONETA,ND,ND,1,1,1502,Robo de autopartes y cristalazo,-102.31753059,21.87262178
191165929,30411,10,2019-10-20,7,17,43,1,BARRIO,SAN MARCOS,735,CALLE,NIETO,NA,"607,,,",CALLE,MONRROY,PEATONAL,ARTURO J. PANI,CALLE,MANUEL M PONCE,1,false,false,9,ND,ND,0,0,N,N,1,"3,27,28",0,500,false,1,3,AUTOMOVIL,ND,ND,1,1,1503,Robo de autopartes y cristalazo,-102.30422280,21.87764841
191166552,30411,10,2019-10-20,7,20,17,1,FRACCIONAMIENTO,VILLAS DE NUESTRA SEÑORA DE LA ASUNCION (SECTOR ENCINO),506,CALLE,MATIAS A DE LA MOTA,NA,",,,",AVENIDA,SIGLO XXI,CALLE,FELIPE SERRANO,CALLE,FRUTALES,5,false,false,9,ND,ND,0,0,N,N,4,"23,22",0,10000,false,1,2,CAMIONETA,CHEVROLET,TAHOE,1,1,1504,Robo de autopartes y cristalazo,-102.26625998,21.92636378
191166635,30403,10,2019-10-20,7,20,40,1,COLONIA,LAS FLORES,1072,AVENIDA,DE LAS ORQUIDEAS,NA,",,,",CALLE,CLAVELES,CALLE,AZALEAS,AVENIDA,IGNACIO T CHAVEZ,2,false,false,9,ND,ND,0,0,N,N,14,"22,26,38,27",0,0,false,4,3,CAMIONETA,TOYOTA,RAP,1,1,1505,Robo de autopartes y cristalazo,-102.30476675,21.87349931
191162565,30411,10,2019-10-19,6,21,42,1,FRACCIONAMIENTO,VILLAS DEL OESTE,1011,CALLE,JORGE NEGRETE,NA,"102,,,",CALLE,CARLOS LOPEZ MOCTEZUMA,PROLONGACION,PASEO DE LA ASUNCION,CALLE,PEDRO INFANTE,2,false,false,9,ND,ND,0,0,N,N,4,25,0,0,false,2,2,AUTOMOVIL,VOLKSWAGEN,JETTA,1,13,1506,Robo de autopartes y cristalazo,-102.30181940,21.84443143
191162594,30411,10,2019-10-19,6,21,53,1,COMUNIDAD,VISTA ALEGRE,52P,CALLE,LA MANGANA,NA,",,,",CALLE,FLOREO,CALLE,MONTURA,CALLE,EL LIENZO,7,false,false,9,ND,ND,0,0,N,N,4,"27,3",0,0,false,1,1,CAMIONETA,KIA,ND,1,1,1507,Robo de autopartes y cristalazo,-102.27679416,21.78809710
191162594,30411,10,2019-10-19,6,21,53,1,COMUNIDAD,VISTA ALEGRE,52P,CALLE,LA MANGANA,NA,",,,",CALLE,EL FLOREO,CALLE,LA MONTURA,CALLE,EL LIENZO,7,false,false,9,ND,ND,0,0,N,N,4,"27,3",0,0,false,1,1,AUTOMOVIL,HYUNDAI,ND,1,1,1508,Robo de autopartes y cristalazo,-102.27675775,21.78811026
191162594,30411,10,2019-10-19,6,21,53,1,COMUNIDAD,VISTA ALEGRE,52P,CALLE,LA MANGANA,NA,",,,",CALLE,EL FLORERO,CALLE,LA MONTURA,CALLE,EL LIENZO,7,false,false,9,ND,ND,0,0,N,N,4,"27,3",0,0,false,1,1,AUTOMOVIL,VOLKSWAGEN,JETTA,1,1,1509,Robo de autopartes y cristalazo,-102.27672233,21.78812934
191147981,30411,10,2019-10-16,3,1,13,1,BARRIO,DE GUADALUPE,910,CALLE,DOCTOR PEDRO DE ALBA,NA,",,,",NA,GUADALUPE,CALLE,RAFAEL GARCIA MACIAS,NINGUNO,NINGUNO,1,false,false,9,"M,M",ND,0,0,N,N,5,24,0,0,false,1,2,ND,ND,ND,1,2,1510,Robo de autopartes y cristalazo,-102.30731656,21.88480873
191141237,30403,10,2019-10-14,1,9,3,1,UNIDAD HABITACIONAL,LOS VOLCANES,592,CALLE,POPOCATEPETL,NA,",,,",CALLE,CITLALTEPEC,ANDADOR,NINGUNO,ANDADOR,NINGUNO,3,false,false,9,H,ND,0,0,N,N,2,41,0,0,false,4,4,CAMIONETA,FORD,S10,1,1,1511,Robo de autopartes y cristalazo,-102.27021421,21.87683380
191151982,30403,10,2019-10-17,4,4,1,1,FRACCIONAMIENTO,INSURGENTES,1046,AVENIDA,CONVENCION,NA,",,,",NA,PASEO DE LA ASUNCION,CALLE,JOSE MARIA MAYTORENA,CALLE,ABRAHAM GONZALEZ,2,false,false,9,ND,ND,0,0,N,N,5,41,0,0,false,4,4,CAMIONETA,FORD,WINSTAR,1,1,1512,Robo de autopartes y cristalazo,-102.30134085,21.84960903
191164382,30411,10,2019-10-20,7,9,58,11,FRACCIONAMIENTO,LA RIBERA,350P,CALLE,TEXCOCO,NA,",,,",CALLE,URICHO,NINGUNO,NINGUNO,NINGUNO,NINGUNO,7,false,false,9,ND,ND,0,0,N,N,27,"24,22",0,0,false,1,2,CAMIONETA,CHEVROLET,PICK UP,1,6,1513,Robo de autopartes y cristalazo,-102.25051833,21.95902047
191175063,30411,10,2019-10-23,3,8,30,1,CONDOMINIO,MISION LA ALAMEDA,355,AVENIDA,TECNOLOGICO,NA,",,,",CALLE,PASEOS DE LA ALAMEDA,CALLE,BALNEARIOS,CALLE,PASEOS DE LA ALAMEDA,4,false,false,4,"H,H",ND,0,0,AUTOMOVIL,NISSAN TSURU EN COLOR BLANCO,2,22,0,15000,false,1,2,AUTOMOVIL,VOLKSWAGEN,JETTA,1,6,1514,Robo de autopartes y cristalazo,-102.26652742,21.88215499
191167428,30403,10,2019-10-21,1,1,6,1,FRACCIONAMIENTO,CIRCUNVALACION PONIENTE (DELEGACION INSURGENTES),685,CALLE,MANZANO,NA,",,,",AVENIDA,CONVENCION 1914 PONIENTE,CALLE,TORONJA,AVENIDA,ADOLFO LOPEZ MATEOS PONIENTE,2,false,false,9,ND,ND,0,0,N,N,4,"24,11,27",0,7000,false,4,3,CAMIONETA,HONDA,CIVIC,1,1,1515,Robo de autopartes y cristalazo,-102.31186398,21.87307821
191167476,30411,10,2019-10-21,1,1,35,1,COLONIA,LAS FLORES,1072,CALLE,CAMELIAS,NA,",,,",AVENIDA,DE LAS ORQUIDEAS,CALLE,LOS LAURELES,CALLE,LOS TULIPANES,2,false,false,9,ND,ND,0,0,N,N,5,24,0,0,false,1,2,AUTOMOVIL,CHEVROLET,SONIC,1,6,1516,Robo de autopartes y cristalazo,-102.30378466,21.87405338
191167615,30411,10,2019-10-21,1,3,22,1,FRACCIONAMIENTO,VERSALLES II,1071,CALLE,LICENCIADO JESUS REYES HEROLES,NA,"362,,,",CALLE,INGENIERO LUIS ORTEGA DOUGLAS,CALLE,LICENCIADO JESUS REYES HEROLES,CALLE,GENERAL FORTUNATO MAYCOTTE,2,false,false,9,H,ND,0,0,N,N,5,25,0,0,false,2,2,CAMIONETA,DODGE,ND,1,6,1517,Robo de autopartes y cristalazo,-102.31369529,21.85800861
191167680,30403,10,2019-10-21,1,4,24,1,FRACCIONAMIENTO,LOMAS DEL AJEDREZ,1121,AVENIDA,DEL REY,NA,"204,A,",CALLE,DEPORTE Y CIENCIA,CALLE,DE LA ALIANZA,CALLE,DEL MATE,3,false,false,9,ND,ND,0,0,N,N,5,41,0,0,false,4,4,AUTOMOVIL,NISSAN,TSURU,1,1,1518,Robo de autopartes y cristalazo,-102.25196911,21.84718458
191170679,30411,10,2019-10-21,1,21,59,1,FRACCIONAMIENTO,MUJERES ILUSTRES,602,CALLE,FRANCISCA ALVAREZ TOSTADO,NA,",,,",CALLE,DE LA ALIANZA,CALLE,JUANA DE ARCO,CALLE,MARIA DOLORES JIMENES Y MURO,3,false,false,9,ND,ND,0,0,N,N,4,41,0,0,false,1,4,AUTOMOVIL,ND,ND,1,17,1519,Robo de autopartes y cristalazo,-102.25356928,21.84775256
191167428,30403,10,2019-10-21,1,1,6,1,FRACCIONAMIENTO,CIRCUNVALACION PONIENTE (DELEGACION INSURGENTES),685,CALLE,MANZANO,NA,",,,",AVENIDA,CONVENCION DE 1914,CALLE,TORONJA,CALLE,26 DE MARZO,2,false,false,9,ND,ND,0,0,N,N,5,"24,11",0,7000,false,4,3,CAMIONETA,TOYOTA,ND,1,1,1520,Robo de autopartes y cristalazo,-102.31191748,21.87306038
191173307,30411,10,2019-10-22,2,18,11,1,COLONIA,INDUSTRIAL,919,CALLE,ALFREDO LEWIS,NA,",,,",CALLE,MELQUIADES MORENO,CALLE,GENERAL MIGUEL BARRAGAN,AVENIDA,CONVENCION DE 1914 NORTE,6,false,false,9,ND,ND,0,0,N,N,3,11,0,5000,false,1,1,CAMIONETA,MAZDA,ND,1,1,1521,Robo de autopartes y cristalazo,-102.29448140,21.89905375
191174217,30403,10,2019-10-22,2,22,8,1,BARRIO,EL ENCINO,1096,CALLE,SEMERIA,NA,",,,",AVENIDA,PASEO DE LA CRUZ,CALLE,SANTANA,CALLE,JOSEFA ORTIZ DE DOMINGUEZ,3,false,false,9,ND,ND,0,0,N,N,4,24,0,11000,false,4,2,AUTOMOVIL,FORD,FOCUS,1,1,1522,Robo de autopartes y cristalazo,-102.29047479,21.87238374
191174815,30403,10,2019-10-23,3,5,29,1,FRACCIONAMIENTO,NAZARIO ORTIZ GARZA,452,BOULEVARD,GUADALUPE,NA,",,,",AVENIDA,SIGLO XXI,PRIVADA,GUADALUPE ALVARADO,NINGUNO,NINGUNO,5,false,false,9,ND,ND,0,0,N,N,5,41,0,0,false,4,4,AUTOMOVIL,FORD,IKON,1,1,1523,Robo de autopartes y cristalazo,-102.25710909,21.90677701
19175317,30411,10,2019-10-23,3,10,30,1,FRACCIONAMIENTO,VILLAS DE NUESTRA SEÑORA DE LA ASUNCION (SECTOR SAN MARCOS),435,CALLE,GERONIMO DE LA CUEVA,NA,",,,",AVENIDA,POLIDUCTO,CALLE,FELIPE II,CALLE,ERMITA DE SAN SEBASTIAN,5,false,false,9,ND,ND,0,0,N,N,5,41,0,0,false,1,4,AUTOMOVIL,VOLKSWAGEN,JETTA,1,6,1524,Robo de autopartes y cristalazo,-102.26362129,21.92910091
191175792,30403,10,2019-10-23,3,13,4,1,FRACCIONAMIENTO,SAN MARCOS,746,CALLE,TIZIANO,NA,",,,",AVENIDA,AGUASCALIENTES PONIENTE,CALLE,MIGUEL ANGEL,CALLE,PROLONGACION AQUILES ELOURDUY,6,false,false,9,ND,ND,0,0,N,N,3,"24,38",0,0,false,4,3,AUTOMOVIL,VOLKSWAGEN,DERBY,1,1,1525,Robo de autopartes y cristalazo,-102.31821205,21.88010214
191176353,30411,10,2019-10-23,3,15,46,1,FRACCIONAMIENTO,LAS ARBOLEDAS,758,CALLE,MARGIL DE JESUS,NA,",,,",CALLE,LIBERTAD,CALLE,ACACIA,CALLE,ABEDUL,6,false,false,9,ND,ND,0,0,N,N,2,24,0,0,false,1,2,CAMIONETA,CHRYSLER,TOWN COUNTRY,1,2,1526,Robo de autopartes y cristalazo,-102.30143651,21.90016119
191177449,30403,10,2019-10-23,3,21,28,1,FRACCIONAMIENTO,JARDINES DE AGUASCALIENTES (DELEGACION MORELOS),973,CALLE,JOSEFA ORTIZ DE DOMINGUEZ,NA,",,,",CALLE,PASEO JUAN DE TOLOSA,CALLE,SEGUNDA PRIVADA SAN MARCOS,CALLE,JARDIN DE SAN MARCOS,3,false,false,9,ND,ND,0,0,N,N,14,39,0,0,false,4,4,AUTOMOVIL,SEAT,TOLEDO,1,2,1527,Robo de autopartes y cristalazo,-102.28560859,21.86464607
191177835,30411,10,2019-10-23,3,23,53,1,SIN TIPO,ASTURIAS,41PR,CARRETERA,70 OJUELOS  AGUASCALIENTES,NA,",,,",NINGUNO,NINGUNO,NINGUNO,NINGUNO,NINGUNO,NINGUNO,7,false,false,9,ND,ND,0,0,N,N,27,4,0,0,false,3,1,AUTOMOVIL,VOLKSWAGEN,JETTA,1,28,1528,Robo de autopartes y cristalazo,-102.22024098,21.86007834
191177863,30403,10,2019-10-24,4,0,7,1,FRACCIONAMIENTO,JARDINES DE LA CONCEPCION I,848,BOULEVARD,LUIS DONALDO COLOSIO,NA,",,,",CALLE,SAN JULIAN,CALLE,SAN JUAN DE LOS LAGOS,CALLE,CERRO DE LA BUFA,6,false,false,9,ND,ND,0,0,N,N,27,39,0,0,false,4,4,AUTOMOVIL,NISSAN,VERSA,1,1,1529,Robo de autopartes y cristalazo,-102.30894317,21.92435233
191178858,30411,10,2019-10-24,4,11,38,5,COLONIA,SAN MIGUELITO,227,CALLE,SAN MIGUELITO,NA,",,,",PRIVADA,CALLEJON MIGUELITO,NINGUNO,NINGUNO,NINGUNO,NINGUNO,7,false,false,9,ND,ND,0,0,N,N,2,"26,12,38",0,0,false,1,1,CAMIONETA,ND,ND,1,1,1530,Robo de autopartes y cristalazo,-102.33345048,21.96020449
191180349,30411,10,2019-10-24,4,18,36,5,CONDOMINIO,TROJES DE CRISTAL,900,PRIVADA,ALAMO,NA,",,,",PRIVADA,LAS TROJES,PRIVADA,PINO,PRIVADA,PINO,6,false,false,9,H,ND,0,0,N,N,3,41,0,0,false,5,2,MAQUINARIA,ND,ND,1,4,1531,Robo de autopartes y cristalazo,-102.32302479,21.93627810
191180437,30403,10,2019-10-24,4,18,57,1,COLONIA,ZONA CENTRO,906,CALLE,DURANGO,NA,",,,",CALLE,VAZQUEZ DEL MERCADO,CALLE,TORREON,CALLE,GENERAL MIGUEL BARRAGAN,1,false,false,9,H,ND,0,0,N,N,3,26,0,0,false,4,1,AUTOMOVIL,ND,ND,1,13,1532,Robo de autopartes y cristalazo,-102.28911847,21.88612567
191181123,30411,10,2019-10-24,4,21,43,1,FRACCIONAMIENTO,CLAUSTROS LOMA DORADA,696,BOULEVARD,GUADALUPANO,NA,",,,",AVENIDA,LOMA DORADA,PRIVADA,CDA. EL LAUREL,NINGUNO,NINGUNO,5,false,false,9,ND,ND,0,0,N,N,4,"24,26,38",0,800,false,1,2,AUTOMOVIL,NISSAN,TSURU,1,1,1533,Robo de autopartes y cristalazo,-102.24336351,21.92026189
191181274,30403,10,2019-10-24,4,22,20,1,FRACCIONAMIENTO,BOSQUES DEL PRADO SUR,777,CALLE,SIERRA AZUL,NA,",,,",CALLE,SIERRA DE TEPOZTLAN,AVENIDA,UNIVERSIDAD,CALLE,LAGOS DE MORENO,6,false,false,9,"H,H,H",ND,0,0,AUTOMOVIL,"CHECY, COLOR GRIS",4,26,0,0,false,4,1,CAMIONETA,TOYOTA,HILUX,1,13,1534,Robo de autopartes y cristalazo,-102.31080083,21.91163107
191181410,30411,10,2019-10-24,4,23,8,1,BARRIO,GUADALUPE,910,CALLE,LARREATEGUI,NA,",,,",PRIVADA,LARREATEGUI,CALLE,ARELLANO,CALLE,VALENTIN GOMEZ FARIAS,1,false,false,9,ND,ND,0,0,N,N,4,24,0,0,false,1,2,AUTOMOVIL,NISSAN,TSURU,1,1,1535,Robo de autopartes y cristalazo,-102.30217746,21.88643689
191181842,30411,10,2019-10-25,5,5,20,1,FRACCIONAMIENTO,LAS CUMBRES,441,CALLE,AMBROSIO VERASTEGUI,NA,",,,",CALLE,LA PROVIDENCIA,CALLE,CANDELARIO RAMOS REYES,CALLE,REFUGIO MIRANDA AGUAYO,5,false,false,9,ND,ND,0,0,N,N,5,24,0,0,false,1,2,CAMIONETA,CHEVROLET,S10,1,1,1536,Robo de autopartes y cristalazo,-102.26227334,21.91344316
191182316,30411,10,2019-10-25,5,10,8,1,SIN TIPO,DESARROLLO 55 (BODEGA AURRERA PINTORES),802,AVENIDA,SIGLO XXI,NA,",,,",CALLE,NINGUNO,CALLE,JOSE LUIS CUEVAS,CALLE,NINGUNO,5,false,false,9,ND,ND,0,0,N,N,2,3,0,4000,false,1,1,AUTOMOVIL,HYUNDAI,ND,1,1,1537,Robo de autopartes y cristalazo,-102.26123050,21.91950695
191183310,30411,10,2019-10-25,5,15,21,1,FRACCIONAMIENTO,DEL VALLE 1A SECCION,734,AVENIDA,ADOLFO LOPEZ MATEOS,NA,",,,",CALLE,FATIMA,CALLE,CAMPECHE,CALLE,VERSALLES,6,false,false,9,ND,ND,0,0,N,N,2,25,0,0,false,2,2,AUTOMOVIL,VOLKSWAGEN,VENTO,1,1,1538,Robo de autopartes y cristalazo,-102.31579566,21.87289168
191183879,30403,10,2019-10-25,5,17,34,1,COLONIA,LAS FLORES,1072,CALLE,LOS LAURELES,NA,",,,",CALLE,ROSAS,CALLE,LAURELES,CALLE,DE LAS ORQUIDEAS,2,false,false,9,ND,ND,0,0,N,N,9,"26,27",0,0,false,4,1,AUTOMOVIL,VOLKSWAGEN,JETTA,1,1,1539,Robo de autopartes y cristalazo,-102.30266095,21.87538460
191185633,30403,10,2019-10-26,6,3,7,1,UNIDAD HABITACIONAL,LOS VOLCANES,592,CALLE,IZTACCIHUATL,NA,",,,",AVENIDA,PASEO DE LA CRUZ,ANDADOR,NINGUNO,ANDADOR,NINGUNO,3,false,false,9,ND,ND,0,0,N,N,5,38,0,4000,false,4,1,AUTOMOVIL,CHRYSLER,SHADOW,1,1,1540,Robo de autopartes y cristalazo,-102.26826381,21.87406638
191185727,30411,10,2019-10-26,6,4,15,11,SIN TIPO,PUERTECITO DE LA VIRGEN,306,AVENIDA,16 DE SEPTIEMBRE,NA,",,,",PRIVADA,VIRREYES,AVENIDA,CONSTITUCION,CALLE,INDEPENDENCIA PONIENTE,7,false,false,9,ND,ND,0,0,N,N,5,"3,27,24",0,0,false,1,3,CAMIONETA,FORD,ESCAPE,1,2,1541,Robo de autopartes y cristalazo,-102.27243376,21.96115261
191187669,30411,10,2019-10-26,6,17,50,1,SIN TIPO,DESARROLLO 80 (BODEGA AURRERA GUADALUPE),924,AVENIDA,GUADALUPE,NA,",,,",AVENIDA,CONVENCION DE 1914 PONIENTE,CALLE,FELIPE ANGELES,CALLE,ARROYO DE LOS ARELLANOS,6,false,false,9,ND,ND,0,0,N,N,3,22,0,1500,false,1,2,AUTOMOVIL,NISSAN,ALTIMA,1,1,1542,Robo de autopartes y cristalazo,-102.31212249,21.88566658
191188400,30403,10,2019-10-26,6,21,14,1,FRACCIONAMIENTO,ESPAÑA,1052,AVENIDA,DE LOS MAESTROS,NA,",,,",CALLE,CATALUÑA,AVENIDA,DE LA CONVENCION DE 1914 PONIENTE,CALLE,SEVILLA,2,false,false,9,ND,ND,0,0,N,N,4,39,0,0,false,4,4,AUTOMOVIL,ND,ND,1,1,1543,Robo de autopartes y cristalazo,-102.30919060,21.86765354
191188532,30411,10,2019-10-26,6,21,55,1,COLONIA,ZONA CENTRO,906,CALLE,CONDELL,NA,",,,",CALLE,GUZMAN,CALLE,GENERAL JOSE MARIA ARTEAGA,CALLE,JOSE MARIA MORELOS Y PAVON,1,false,false,9,ND,ND,0,0,N,N,4,"24,22",0,10000,false,1,2,AUTOMOVIL,VOLKSWAGEN,GOLF,1,2,1544,Robo de autopartes y cristalazo,-102.29584582,21.88681236
191188826,30403,10,2019-10-26,6,23,25,1,FRACCIONAMIENTO,JARDINES DE LAS BUGAMBILIAS,1092,AVENIDA,AGUASCALIENTES SUR,NA,",,,",CALLE,HOSTAL DE LAS CAMELIAS,CALLE,BUGAMBILIAS,CALLE,INEGI,3,false,false,9,ND,ND,0,0,N,N,4,"23,",0,30000,false,4,2,CAMIONETA,GMC,SAFARI,1,1,1545,Robo de autopartes y cristalazo,-102.28539649,21.85942329
191190120,30411,10,2019-10-27,7,6,44,1,BARRIO,EL ENCINO,1096,CALLE,JOSEFA ORTIZ DE DOMINGUEZ,NA,",,,",CALLE,PASEO  DE LA CRUZ,CALLE,ALEGRIA,NINGUNO,NINGUNO,1,false,false,9,ND,ND,0,0,N,N,5,"3,38",0,40000,false,1,1,AUTOMOVIL,NISSAN,SENTRA,1,2,1546,Robo de autopartes y cristalazo,-102.28887081,21.87340387
191190257,30403,10,2019-10-27,7,8,11,3,FRACCIONAMIENTO,VIST HERMOSA,277,AVENIDA,MEXICO,NA,"223,,,",CALLE,REPUBLICA DE VENEZUELA,AVENIDA,MEXICO,CALLE,LAS AMERICAS,7,false,false,9,ND,ND,0,0,N,N,5,"24,22",0,6000,false,4,2,CAMIONETA,FORD,RANGER,1,1,1547,Robo de autopartes y cristalazo,-102.72064305,21.84923671
191192162,30411,10,2019-10-27,7,19,8,1,SIN TIPO,DESARROLLO 55 (BODEGA AURRERA PINTORES),802,AVENIDA,SIGLO XXI,NA,",,,",CALLE,NINGUNO,CALLE,JOSE LUIS CUEVAS,CALLE,NINGUNO,5,false,false,9,ND,ND,0,0,N,N,14,24,0,0,false,1,2,CAMIONETA,CHRYSLER,VOYAGUER,1,1,1548,Robo de autopartes y cristalazo,-102.26135512,21.91954474
191192376,30403,10,2019-10-27,7,20,37,1,FRACCIONAMIENTO,EX HACIENDA OJOCALIENTE,416,NINGUNO,TECNOLOGICO,NA,",,,",NINGUNO,NINGUNO,NINGUNO,NINGUNO,NINGUNO,NINGUNO,4,true,false,9,H,ND,0,0,N,N,4,"22,23,24",0,0,true,4,2,AUTOMOVIL,ND,ND,1,13,1549,Robo de autopartes y cristalazo,-102.26296410,21.87991441
191175063,30411,10,2019-10-23,3,8,30,1,CONDOMINIO,MISION ALAMEDA,355,NINGUNO,TECNOLOGICO,NA,",,,",CALLE,BALNEARIOS,CALLE,OJOCALIENTE,NINGUNO,NINGUNO,4,true,true,4,"H,H",ND,0,0,AUTOMOVIL,NISSAN TSURU EN COLOR BLANCO,2,23,0,15000,false,1,2,AUTOMOVIL,VOLKSWAGEN,JETTA,1,6,1550,Robo de autopartes y cristalazo,-102.26685068,21.88233975
191181626,30411,10,2019-10-25,5,0,27,1,FRACCIONAMIENTO,CANTERAS DE SAN JOSE,951,CALLE,PASEO DE TALPA,NA,",,,",CALLE,PASEO DE LA CANTERA,CALLE,JUANACATLAN,PROLONGACION,PASEO DE YAHUALICA,2,false,false,9,ND,ND,0,0,N,N,4,38,0,22000,false,1,1,AUTOMOVIL,HONDA,CIVIC,1,1,1551,Robo de autopartes y cristalazo,-102.33508130,21.86248335
191179398,30411,10,2019-10-24,4,14,14,1,FRACCIONAMIENTO,EJIDO LAS CUMBRES,403,CALLE,MIAHUATLAN,NA,",,,",CALLE,PEDRO QUINTANAR,CALLE,NIÑO ARTILLERO MIER,CALLE,SIERRA DE LAS GARZAS,5,true,false,9,"H,M",ND,0,0,N,N,3,41,0,0,false,5,2,AUTOMOVIL,NISSAN,TIIDA,1,15,1552,Robo de autopartes y cristalazo,-102.25493002,21.90811860
191171303,30403,10,2019-10-22,2,4,14,5,COLONIA,CHICAHUALES I,155,CALLE,JESUS DEMETRIO,NA,"305,,,",CALLE,FELICIANO MARTINEZ,CALLE,SANTIAGO APOSTOL,CALLE,DOMINGO GOMEZ,7,false,false,9,H,ND,0,0,N,N,5,41,0,0,false,4,4,AUTOMOVIL,CHEVROLET,ASTRO,1,1,1553,Robo de autopartes y cristalazo,-102.34972509,21.94692611
191193069,30403,10,2019-10-28,1,1,7,1,FRACCIONAMIENTO,LAS CUMBRES,441,CALLE,AURORA ESPINOZA REYES,NA,"303,,,",CALLE,REFUGIO MIRANDA AGUAYO,CALLE,PENSADORES MEXICANOS,CALLE,MARIA ANTONIA RUIZ ESPARZA,5,false,false,9,H,ND,0,0,N,N,5,41,0,0,false,4,4,CAMIONETA,ND,ND,1,13,1554,Robo de autopartes y cristalazo,-102.26332808,21.91190527
191193219,30403,10,2019-10-28,1,2,58,1,FRACCIONAMIENTO,JOSE LOPEZ PORTILLO,955,CALLE,GENERAL JUVENTINO ESPINOZA,NA,"352,,,",CALLE,JOSE CALVILLO,CALLE,JOSE MARIA GONZALEZ BOCANEGRA,CALLE,GENERAL PASCUAL CORNEJO BRUN,2,false,false,9,"H,H",ND,0,0,N,N,5,41,0,0,false,4,4,CAMIONETA,DODGE,CARAVAN,1,1,1555,Robo de autopartes y cristalazo,-102.32373435,21.85177213
191193617,30403,10,2019-10-28,1,8,39,1,FRACCIONAMIENTO,JARDINES DE LA CRUZ (DELEGACION CENTRO),610,CALLE,ALMENDRO,NA,",,,",CALLE,ROBLE,CALLE,SAUCE,CALLE,ALAMO,3,false,false,9,ND,ND,0,0,N,N,2,38,0,0,false,4,1,AUTOMOVIL,NISSAN,TSURU,1,1,1556,Robo de autopartes y cristalazo,-102.27586468,21.87497483
191194476,30403,10,2019-10-28,1,13,13,1,COLONIA,PRIMAVERA,914,CALLE,DOCTOR GERONIMO DE OROZCO,NA,",,,",CALLE,MELQUIADES MORENO,CALLE,SARGENTO LIBERATO SANTA CRUZ,CALLE,ESPARZA,1,false,false,9,ND,ND,0,0,N,N,3,41,0,0,false,4,4,CAMIONETA,NISSAN,QUEST,1,1,1557,Robo de autopartes y cristalazo,-102.29203702,21.89202390
191194590,30411,10,2019-10-28,1,13,46,1,COLONIA,ALTAVISTA,922,AVENIDA,FUNDICION,NA,NA,CALLE,ARROYO DE LOS ARELLANOS,CALLE,GUILLERMO PRIETO,CALLE,ARQ ANTONIO AVILA CASTAÑEDA,6,false,false,9,H,AUTOLAVADO,0,0,N,N,1,38,0,0,false,3,1,CAMIONETA,FORD,EXPEDITION,1,1,1558,Robo de autopartes y cristalazo,-102.30729108,21.89088246
191195015,30411,10,2019-10-28,1,15,36,1,COLONIA,ZONA CENTRO,906,CALLE,GALEANA NORTE,NA,",,,",CALLE,VENUSTIANO CARRANZA,CALLE,NIETO,CALLE,GENERAL VICENTE GUERRERO,1,false,false,9,ND,ND,0,0,N,N,3,"26,6,",0,15000,false,1,1,CAMIONETA,ND,ND,1,1,1559,Robo de autopartes y cristalazo,-102.29761252,21.88033176
191195166,30403,10,2019-10-28,1,16,10,1,FRACCIONAMIENTO,JOSE LOPEZ PORTILLO,955,CALLE,SOBERANA CONVENCION MILITAR REVOLUSIONARIA,NA,",,,",CALLE,ANTONIO HERNANDEZ GALLEGOS,CALLE,CASIMIRO ARTEGA,CALLE,RICARDO GARCIA MENDOZA,2,false,false,9,H,ND,0,0,N,N,3,"26,27",300,0,false,4,1,AUTOMOVIL,CHEVROLET,AVEO,1,1,1560,Robo de autopartes y cristalazo,-102.31800314,21.85566805
191196432,30403,10,2019-10-28,1,21,31,1,COLONIA,LAS FLORES,1072,CALLE,LOS LAURELES,NA,",,,",CALLE,TULIPANES,CALLE,DALIAS,AVENIDA,DE LAS ORQUIDEAS,2,false,false,9,ND,ND,0,0,N,N,14,"26,6",0,10000,false,4,1,AUTOMOVIL,SEAT,ND,1,1,1561,Robo de autopartes y cristalazo,-102.30367676,21.87501650
191196526,30411,10,2019-10-28,1,21,54,1,FRACCIONAMIENTO,BOSQUES DEL PRADO,847,CALLE,SIERRA DEL LAUREL,NA,",,,",CALLE,SAN JULIAN,CALLE,SIERRA MORENA,CALLE,VALLE DE GUADALUPE,6,false,false,9,"H, H",ND,0,0,N,N,4,"26,6",0,50000,false,1,1,AUTOMOVIL,HONDA,CIVIC,1,1,1562,Robo de autopartes y cristalazo,-102.30787828,21.91658105
191197185,30411,10,2019-10-29,2,4,31,1,FRACCIONAMIENTO,INSURGENTES,1046,CALLE,GENERAL EUGENIO AGUIRRE BENAVIDES,NA,"105,,,",AVENIDA,DOCTOR MARIANO AZUELA,CALLE,DOROTEO ARANGO,CAÑÑE,GENERAL MATEO ALMANZA,2,false,false,9,H,ND,0,0,N,N,5,25,0,0,false,2,2,CAMIONETA,CHEVROLET,S10,1,2,1563,Robo de autopartes y cristalazo,-102.30904231,21.85321223
191197198,30403,10,2019-10-29,2,4,50,1,UNIDAD HABITACIONAL,POTRERO DEL OESTE,1098,AVENIDA,SIGLO XXI,NA,",,,",ANDADOR,NINGUNO,ANDANDOR,TEJADOS,ANDADOR,TEJADOS,2,false,false,9,ND,ND,0,0,N,N,5,41,0,0,false,4,4,AUTOMOVIL,TOYOTA,YARIS,1,1,1564,Robo de autopartes y cristalazo,-102.29852125,21.84507137
191197330,30403,10,2019-10-29,2,7,24,1,FRACCIONAMIENTO,SANTA IMELDA,1038,NINGUNO,NINGUNO,NA,",,,",NINGUNO,NINGUNO,NINGUNO,NINGUNO,NINGUNO,NINGUNO,2,false,false,9,ND,ND,0,0,N,N,2,41,0,0,false,4,4,AUTOMOVIL,NISSAN,VERSA,1,13,1565,Robo de autopartes y cristalazo,-102.32728346,21.86759700
191197393,30411,10,2019-10-29,2,7,56,1,FRACCIONAMIENTO,VILLAS DE NUESTRA SEÑORA DE LA ASUNCION (SECTOR ESTACION),502,CALLE,LEOBARDO QUIROZ MORENO,NA,",,,",CALLE,FRANCISCO DE J. HERRERA L.,CALLE,MANUEL FERNANDEZ SANCHEZ,CALLE,FEDERICO MENDEZ,5,false,false,9,ND,ND,0,0,N,N,5,38,0,2000,false,1,1,CAMIONETA,CHEVROLET,SILVERADO,1,1,1566,Robo de autopartes y cristalazo,-102.26226326,21.93837695
191197880,30411,10,2019-10-29,2,10,50,1,FRACCIONAMIENTO,SAN CAYETANO,1118,CALLE,SAN CLEMENTE,NA,",,,",CALLE,SAN COSME,CALLE,SAN JOSE,AVENIDA,UNIVERSIDAD,6,false,false,9,ND,ND,0,0,N,N,2,24,0,0,false,1,2,CAMIONETA,FORD,RANGER,1,1,1567,Robo de autopartes y cristalazo,-102.30859686,21.90068902
191198370,30411,10,2019-10-29,2,13,34,1,FRACCIONAMIENTO,SAN CAYETANO,1118,CALLE,SAN CLEMENTE,NA,",,,",CALLE,SAN JORGE,CALLE,SAN COSME,AVENIDA,UNIVERSIDAD,6,false,false,9,H,ND,0,0,BICICLETA,DE COLOR NARANJA,3,39,0,0,false,1,1,AUTOMOVIL,ND,ND,1,2,1568,Robo de autopartes y cristalazo,-102.30896963,21.90165425
191198509,30403,10,2019-10-29,2,14,11,1,FRACCIONAMIENTO,JARDINES DE LA ASUNCION,991,CALLE,CONVENCION DE 1914 SUR,NA,"1108,,,",CAKKE,HERNANDO MARTELL,CALLE,JUAN B. OROZCO,CALLE,PASEO DE JUAN DE TOLOSA,3,false,false,9,ND,ND,0,0,N,N,3,"26,38",0,0,false,4,1,CAMIONETA,ND,ND,1,2,1569,Robo de autopartes y cristalazo,-102.29292688,21.86536074
191200706,30403,10,2019-10-30,3,2,39,1,FRACCIONAMIENTO,MIRADOR DE LAS CULTURAS,442,CALLE,CULTURA OTOMI,NA,"432,26,,,",CALLE,CULTURA CHICHIMECA,AVENIDA,CULTURA OTOMI,CALLE,CULTURA OTOMI,5,false,false,9,ND,ND,0,0,N,N,5,11,0,0,false,4,1,CAMIONETA,FORD,RANGER,1,1,1570,Robo de autopartes y cristalazo,-102.24742483,21.91033628
191200891,30403,10,2019-10-30,3,7,31,1,COLONIA,INDUSTRIAL,919,CALLE,ALFREDO LEWIS,NA,",,,",CALLE,GENERAL MIGUEL BARBERANA VEGA,CALLE,MELQUIADES MORENO,CALLE,MANIEL AVILA CAMACHO,6,false,false,9,H,ND,0,0,N,N,2,"26,3",0,0,false,4,1,AUTOMOVIL,MAZDA,ND,1,1,1571,Robo de autopartes y cristalazo,-102.29300665,21.89934254
191201143,30403,10,2019-10-30,3,9,13,1,COLONIA,MARTINEZ ANDRADE,1099,CALLE,VICTOR ROSALES,NA,",,,",CALLE,JOSE MARIA GONZALEZ HERMOSILLO,CALLE,VALENTE QUINTANA,CALLE,SARGENTO RAMON AZCONA,2,false,false,9,ND,ND,0,0,N,N,2,"24,12",0,3500,false,4,3,AUTOMOVIL,CHEVROLET,CORSA,1,1,1572,Robo de autopartes y cristalazo,-102.29698389,21.85289335
191201438,30411,10,2019-10-30,3,11,8,1,FRACCIONAMIENTO,BULEVAR,733,CALLE,ALFONSO HUMBERTO,NA,",,,",CALLE,JOSE ARMANDO,CALLE,HERNAN GONZALEZ,CALLE,DE LOS VAZQUEZ,3,false,false,9,ND,ND,0,0,N,N,2,"11,24,",0,4000,false,1,3,CAMIONETA,CHEVROLET,SILVERADO,1,1,1573,Robo de autopartes y cristalazo,-102.29293553,21.86891617
191204068,30411,10,2019-10-31,4,5,8,8,FRACCIONAMIENTO,VILLAS DEL CAMINO REAL,59,CALLE,INSURGENTES ORIENTE,NA,",,,",PRIVADA,NINGUNO,PRIVADA,NINGUNO,NINGUNO,NINGUNO,7,false,false,9,ND,ND,0,0,N,N,5,24,0,3600,false,1,2,CAMIONETA,FORD,RANGER,1,6,1574,Robo de autopartes y cristalazo,-102.30932011,22.22774111
191204545,30411,10,2019-10-31,4,9,44,1,FRACCIONAMIENTO,CASA BLANCA,553,CALLE,VIVERO DEL RETIRO,NA,"109,,,",CALLE,VIVERO DEL PRADO,PROLONGACION,30 DE SEPTIEMBRE,CALLE,VIVERO DEL REY,3,false,false,9,ND,ND,0,0,N,N,2,38,0,0,false,1,1,AUTOMOVIL,CHEVROLET,CHEVY,1,1,1575,Robo de autopartes y cristalazo,-102.27202403,21.85861470
191204686,30411,10,2019-10-31,4,10,30,1,FRACCIONAMIENTO,LAS CUMBRES,441,CALLE,ERNESTINA MACIAS CHAVEZ,NA,"119,,,",CALLE,EL PICACHO,CALLE,MARIA GUADALUPE RUIZ DE CHAVEZ PINALES,CALLE,CALENDARIO RAMOS REYES,5,false,false,9,ND,ND,0,0,N,N,2,38,0,5000,false,2,1,CAMIONETA,NISSAN,PICK UP,1,2,1576,Robo de autopartes y cristalazo,-102.26190188,21.91018469
191204835,30411,10,2019-10-31,4,11,22,1,FRACCIONAMIENTO,MUNICIPIO LIBRE,768,CALLE,MIGUEL ANGEL BARBERENA VEGA,NA,"801,,,",CALLE,PASTORES,CALLE,PANAL,CALLE,ZARCO,4,false,false,9,ND,ND,0,0,N,N,16,"24,11",0,7000,false,1,3,AUTOMOVIL,PEUGEOT,ND,1,1,1577,Robo de autopartes y cristalazo,-102.26272905,21.89657055
191207995,30411,11,2019-11-01,5,5,18,1,FRACCIONAMIENTO,TROJES DE ORIENTE II,788,PROLONGACION,GENERAL IGNACIO ZARAGOZA,NA,",,,",CALLE,MONTECRISTO,CALLE,TAPICHE,CALLE,TAPICHE,6,false,false,9,ND,ND,0,0,N,N,5,"3,26,38",0,18000,false,3,1,AUTOMOVIL,VOLKSWAGEN,JETTA,1,1,1578,Robo de autopartes y cristalazo,-102.30522248,21.92975357
191210021,30411,11,2019-11-01,5,17,34,1,FRACCIONAMIENTO,HACIENDAS DE AGUASCALIENTES,410,AVENIDA,HACIENDA DE OJOCALIENTE,NA,",,,",AVENIDA,SIGLO XXI,CALLE,HACIENDA EL TORIL,CALLE,HACIENDA JALTOMATE,4,false,false,9,H,ND,0,0,N,N,3,24,0,0,false,1,2,ND,ND,ND,1,1,1579,Robo de autopartes y cristalazo,-102.25103534,21.88745255
191210269,30411,11,2019-11-01,5,18,49,1,COLONIA,MARTINEZ DOMINGUEZ,1099,NINGUNO,MAHATMA GANDI,NA,",,,",CALLE,VALENTE QUINTANA,CALLE,NINGUNO,PRIVADA,SARGENTO RAMON AZCONA,3,false,false,9,"H,H,",ND,0,0,N,N,3,24,0,0,false,1,2,CAMION,ND,ND,1,1,1580,Robo de autopartes y cristalazo,-102.29429259,21.85166396
191211173,30403,11,2019-11-01,5,22,47,1,FRACCIONAMIENTO,JARDINES DE LA CONCEPCION,848,BOULEVARD,LUIS DONALDO COLOSIO,NA,",,,",CALLE,MONTE EVEREST,CALLE,SAN JUAN DE LOS LAGOS,CALLE,CERRO DE LA BUFA,6,false,false,9,ND,ND,0,0,N,N,4,"26,27",0,600,false,4,1,AUTOMOVIL,CHEVROLET,SONIC,1,1,1581,Robo de autopartes y cristalazo,-102.31280027,21.92416146
191211554,30411,11,2019-11-02,6,0,48,5,COLONIA,EL LLANO,118,CALLE,MIGUEL ALEMAN,NA,",,,",CALLE,EL MOLINO NORTE,NINGUNO,NINGUNO,NINGUNO,NINGUNO,7,false,false,9,ND,ND,0,0,N,N,5,41,0,0,false,1,4,ND,ND,ND,1,2,1582,Robo de autopartes y cristalazo,-102.32133097,21.93655700
191211554,30403,11,2019-11-02,6,0,48,5,COLONIA,EL LLANO,118,CALLE,EL MOLINO NORTE,NA,",,,",CALLE,MIGUEL ALEMAN,NINGUNO,NINGUNO,NINGUNO,NINGUNO,7,false,false,9,ND,ND,0,0,N,N,5,41,0,0,false,4,4,ND,ND,ND,1,2,1583,Robo de autopartes y cristalazo,-102.32128755,21.93657315
191211554,30403,11,2019-11-02,6,0,48,5,COLONIA,EL LLANO,118,CALLE,EL MOLINO NORTE,NA,",,,",CALLE,MIGUEL ALEMAN,NINGUNO,NINGUNO,NINGUNO,NINGUNO,7,false,false,9,ND,ND,0,0,N,N,5,41,0,0,false,4,4,ND,ND,ND,1,2,1584,Robo de autopartes y cristalazo,-102.32125259,21.93656019
191211959,30411,11,2019-11-02,6,3,50,1,COLONIA,LA SOLEDAD,729,CALLE,TEQUILA,NA,",,,",CALLE,AMATITAN,CALLE,YAHUALICA,CALLE,ZAPOPAN,6,false,false,9,"H,H",ND,0,0,MOTOCICLETA,ND,5,41,0,0,false,1,4,CAMIONETA,FORD,WINSTAR,1,1,1585,Robo de autopartes y cristalazo,-102.33306088,21.88261250
191212654,30411,11,2019-11-02,6,10,49,1,FRACCIONAMIENTO,JARDINES DEL PARQUE,957,NA,HEROE DE NACOZARI SUR,NA,",,,",CALLE,PASEO DE LOS CISNES,CALLE,PASEO DE LOS CISNES,NINGUNO,NINGUNO,3,false,false,9,ND,ND,0,0,N,N,2,38,0,0,false,2,2,CAMIONETA,NISSAN,NP300,1,1,1586,Robo de autopartes y cristalazo,-102.28246850,21.85427255
191211966,30403,11,2019-11-02,6,3,53,1,FRACCIONAMIENTO,OJOCALIENTE III,525,CALLE,EL COESILLO,NA,",,,",CALLE,JALTOMATE,CALLE,LA PERA,CALLE,LAS CUMBRES,4,false,false,9,H,ND,0,0,ND,ND,5,41,0,0,false,4,4,ND,ND,ND,1,2,1587,Robo de autopartes y cristalazo,-102.24955713,21.88126368
191213450,30403,11,2019-11-02,6,14,51,1,FRACCIONAMIENTO,TROJES DEL COBANO,517,CALLE,CAMINO AL COBANO,NA,",,,",CALLE,LAGO DE CHAPALA,CALLE,TAMARINDO,CALLE,LAGO DE CHAPULTEPEC,5,false,false,9,ND,ND,0,0,N,N,3,24,0,0,false,4,2,CAMIONETA,DODGE,RAM,1,1,1588,Robo de autopartes y cristalazo,-102.27665787,21.90756237
191215080,30411,11,2019-11-02,6,23,16,3,BARRIO,DE CHICAGO,274,CALLE,20 DE NOVIEMBRE,NA,"501,,,",CALLE,ABASOLO,CALLE,GUANAJUATO,CALLE,CRISOL,7,false,false,9,ND,ND,0,0,N,N,4,38,0,3000,false,2,1,CAMIONETA,FORD,ESCAPE,1,6,1589,Robo de autopartes y cristalazo,-102.72177591,21.84334565
191215369,30403,11,2019-11-03,7,0,40,1,FRACCIONAMIENTO,SAN CAYETANO,1118,CALLE,SAN COSME,NA,",,,",CALLE,SAN COSME,AVENIDA,UNIVERSIDAD,CALLE,SAN CLEMENTE,6,false,false,9,ND,ND,0,0,N,N,5,"11,28",0,300,false,4,1,AUTOMOVIL,ND,ND,1,1,1590,Robo de autopartes y cristalazo,-102.30715198,21.90149128
191215779,30411,11,2019-11-03,7,2,54,1,FRACCIONAMIENTO,JARDINES DE LA CONCEPCION I,848,BOULEVARD,LUIS DONALDO COLOSIO,NA,",,,",CALLE,MONTE EVEREST,CALLE,SAN JUAN DE LOS LAGOS,CALLE,CERRO DE LA BUFA,6,false,false,9,H,ND,0,0,N,N,5,41,0,0,false,1,4,ND,ND,ND,1,2,1591,Robo de autopartes y cristalazo,-102.31285701,21.92415478
191217461,30403,11,2019-11-03,7,14,40,1,COLONIA,ZONA CENTRO,906,CALLE,JOSE F ELIZONDO,NA,",,,",CALLE,NIETO,CALLE,VENUSTIANO CARRANZA,CALLE,EDUARDO J. CORREA,1,false,false,9,ND,ND,0,0,N,N,3,41,0,0,false,4,4,AUTOMOVIL,CHEVROLET,CAVALIER,1,1,1592,Robo de autopartes y cristalazo,-102.30151266,21.87870077
191217932,30403,11,2019-11-03,7,17,0,1,FRACCIONAMIENTO,VILLA BONITA,451,CALLE,SAN ARMANDO,NA,"134,,,",CALLE,J MARIO PANI,CALLE,BLASS E ROMO,BOULEVARD,GUADALUPANO,5,false,false,9,H,ND,1,0,N,N,3,41,0,0,false,4,4,AUTOMOVIL,VOLKSWAGEN,JETTA,1,6,1593,Robo de autopartes y cristalazo,-102.25971392,21.90681510
191218732,30411,11,2019-11-03,7,21,22,1,FRACCIONAMIENTO,VISTAS DE ORIENTE,723,CALLE,SAN FRANCISCO DE LOS VIVEROS 2405,NA,",3,,B",CALLE,SAN FRANCISCO DE LOS VIVEROS,NINGUNO,NINGUNO,NINGUNO,NINGUNO,4,false,false,9,ND,ND,0,0,N,N,4,"26,28",0,4000,false,3,1,AUTOMOVIL,CHEVROLET,CAVALIER,1,6,1594,Robo de autopartes y cristalazo,-102.23163412,21.88589028
191218986,30403,11,2019-11-03,7,23,12,1,FRACCIONAMIENTO,LAS AMERICAS (DELEGACION CENTRO),1114,CALLE,REPUBLICA DE ECUADOR,NA,",,,",CALLE,REPUBLICA DE URUGUAY,CALLE,REPUBLICA DE CHILE,CALLE,BRASILIA,2,false,false,9,"H,M",ND,0,0,N,N,4,26,0,0,false,4,1,ND,ND,ND,1,2,1595,Robo de autopartes y cristalazo,-102.30082739,21.87013272
191219412,30411,11,2019-11-04,1,3,14,11,FRACCIONAMIENTO,VALLE DE AGUASCALIENTES,310,CERRADA,VILLA AZUETA 4,NA,",,,",CALLE,VILLA CARBON,CALLE,VILLA HERMOSA,CALLE,VILLA DE LA ASUNCION,7,false,false,9,ND,ND,0,0,N,N,5,22,0,0,false,1,2,CAMIONETA,CADILLAC,SCALADE,1,6,1596,Robo de autopartes y cristalazo,-102.26573197,21.97457369
191222965,30411,11,2019-11-05,2,0,9,1,FRACCIONAMIENTO,EL PLATEADO,828,CALLE,QUINTANA ROO,NA,"314,,,",CALLE,POTRERO DEL LLANO,CALLE,MELQUIADES MORENO,CALLE,ASIENTOS,6,false,false,9,ND,ND,0,0,N,N,5,38,0,0,false,2,1,MOTOCICLETA,ND,ND,1,1,1597,Robo de autopartes y cristalazo,-102.29419493,21.90605509
191223152,30403,11,2019-11-05,2,4,12,1,FRACCIONAMIENTO,OJO DE AGUA,1080,CALLE,FRANCISCO PEREZ RIOS,NA,",,,",CALLE,SINALOA,ANDADOR,PLAZA MARTIRES DEL RIO BLANCO,CALLE,JESUS YUREM,3,false,false,9,ND,ND,0,0,N,N,5,"23,22",0,3000,false,4,2,CAMIONETA,MAZDA,,1,1,1598,Robo de autopartes y cristalazo,-102.28106983,21.86492364
191223311,30411,11,2019-11-05,2,7,22,1,FRACCIONAMIENTO,VILLAS DE NUESTRA SEÑORA DE LA ASUNCION (SECTOR ENCINO),506,CALLE,ADORATRICES,NA,",,,",CIRCUITO,LA ESTANCIA,CALLE,NINGUNO,CIRCUITO,LA ESTANCIA,5,false,false,9,ND,ND,0,0,N,N,2,"11,23",0,7000,false,1,2,CAMIONETA,FORD,ND,1,2,1599,Robo de autopartes y cristalazo,-102.27190782,21.92272371
191223583,30411,11,2019-11-05,2,9,17,6,BARRIO,CARBONERAS,93,AVENIDA,IRRIGACION,NA,"34,,,",CALLE,REFORMA,CALLE,HEROE DE NACOZARI,CALLE,FRANCISCO I MADERO,7,false,false,9,ND,ND,0,0,N,N,2,"22,23",0,8000,false,1,2,CAMIONETA,NISSAN,PICK UP,1,1,1600,Robo de autopartes y cristalazo,-102.27452160,22.14645001
191225422,30411,11,2019-11-05,2,18,25,1,CONDOMINIO,FUENTES DEL LAGO,1032,BOULEVARD,JUAN PABLO II,NA,",,,",AVENIDA,FUENTE DEL LAGO,NINGUNO,NINGUNO,NINGUNO,NINGUNO,7,false,false,9,ND,ND,0,0,H,H,2,12,0,60000,false,1,1,AUTOMOVIL,CHEVROLET,BEAT,1,1,1601,Robo de autopartes y cristalazo,-102.34665118,21.85648538
191226684,30411,11,2019-11-06,3,0,49,1,FRACCIONAMIENTO,JOSE LOPEZ PORTILLO,955,CALLE,JUVENTINO ESPINOZA,NA,",,,",CALLE,SOBERANA CONVENCION MILITAR REVOLUCIONARIA SUR,CALLE,JOSE CALVILLO,CALLE,GENERAL PASCUAL CORNEJO BRUN,2,false,false,9,H,JESUS HUMBERTO,0,0,N,N,25,37,0,0,false,5,2,AUTOMOVIL,NISSAN,TSURU,1,13,1602,Robo de autopartes y cristalazo,-102.32422168,21.85054175
191229194,30411,11,2019-11-06,3,19,9,5,COLONIA,CHICAHUALES I,155,CALLE,GENOVEVO RIVERA,NA,",,,",CALLE,LUIS GOMEZ ESPARZA,CALLE,SANTIAGO APOSTOL,CALLE,ROGELIO DELGADO,7,false,false,9,ND,ND,0,0,N,N,3,"27,28",250,0,false,1,1,AUTOMOVIL,ND,ND,1,1,1603,Robo de autopartes y cristalazo,-102.35043882,21.94965499
191229461,30411,11,2019-11-06,3,20,35,1,BARRIO,DE LA ESTACION,745,CALLE,28 DE AGOSTO,NA,",,,",CALLE,LERDO DE TEJADA,CALLE,VENTURA SALAZAR,AVENIDA,HEROE DE NACOZARI NORTE,1,false,false,9,ND,ND,0,0,N,N,4,38,0,0,false,1,1,CAMIONETA,HONDA,CRV,1,1,1604,Robo de autopartes y cristalazo,-102.28210801,21.88634558
191229699,30411,11,2019-11-06,3,22,7,1,FRACCIONAMIENTO,NAZARIO ORTIZ GARZA,452,BOULEVARD,GUADALUPANO,NA,",,,",AVENIDA,SIGLO XXI,CALLE,ARIAS MUJICA,CALLE,MANUEL GARCIA MARTINEZ,5,false,false,9,ND,ND,0,0,N,N,4,"26,28,38",4000,0,false,1,1,AUTOMOVIL,VOLKSWAGEN,GOLF,1,1,1605,Robo de autopartes y cristalazo,-102.25741127,21.90671066
191230215,30411,11,2019-11-06,3,6,11,1,FRACCIONAMIENTO,LOS PERICOS,770,CALLE,SAN IGNACIO,NA,",,,",AVENIDA,SAN COSME,PRIVADA,NINGUNO,CALLE,SAN JOSE,4,false,false,9,ND,ND,0,0,N,N,2,23,0,5000,false,1,2,CAMIONETA,DODGE,ND,1,1,1606,Robo de autopartes y cristalazo,-102.24343676,21.90153185
191231362,30403,11,2019-11-07,4,13,26,1,FRACCIONAMIENTO,LAS CUMBRES,441,CALLE,EL PICACHO,NA,"209,,,",CALLE,EL TILDIO,CALLE,LA  UNION,CALLE,MARIA GUADALUPE RUIZ DE CHAVEZ PINALES,5,false,false,9,"H,H",ND,0,0,AUTOMOVIL,CHEVROLET MERIVA PLACAS DE MEXICO,3,41,0,0,false,4,4,AUTOMOVIL,CHEVROLET,MERIVA,1,1,1607,Robo de autopartes y cristalazo,-102.26038351,21.90957885
191232915,30403,11,2019-11-07,4,20,5,1,FRACCIONAMIENTO,LA FUENTE,1061,CALLE,BRASILIA,NA,",,,",CALLE,REPUBLICA DE NICARAGUA,CALLE,REPUBLICA DEL SALVADOR,CALLE,BOGOTA,2,false,false,9,ND,ND,0,0,N,N,23,"26,27,28",100,0,false,4,1,AUTOMOVIL,MAZDA,CX-7,1,6,1608,Robo de autopartes y cristalazo,-102.30368220,21.87132852
191233583,30411,11,2019-11-07,4,23,38,1,FRACCIONAMIENTO,SANTA ANITA (DELEGACION CENTRO),523,NINGUNO,CONVENCION DE 1914 ORIENTE,NA,",,,",CALLE,NICOLO PAGANINI,CALLE,MANUEL DE FALLA,CALLE,FRANZ PETER SCHUBERT,4,false,false,9,ND,ND,0,0,N,N,4,"26,28,38",30000,45000,false,1,1,AUTOMOVIL,HONDA,CIVIC,1,1,1609,Robo de autopartes y cristalazo,-102.27875625,21.89611169
191233981,30411,11,2019-11-08,5,6,16,1,FRACCIONAMIENTO,OJOCALIENTE LAS TORRES,531,CALLE,PASEO DE LA HACIENDA,NA,",,,",CALLE,PASEO DE LAS PRESAS,AVENIDA,AGUASCALIENTES,CALLE,PASEOS DEL CEDAZO,3,false,false,9,ND,ND,0,0,N,N,16,"24,11",0,0,false,1,3,AUTOMOVIL,VOLKSWAGEN,DERBY,1,1,1610,Robo de autopartes y cristalazo,-102.25577725,21.87372642
191234420,30403,11,2019-11-08,5,9,57,1,BARRIO,LA SALUD,1122,CALLE,3 DE MAYO,NA,",,,",CALLE,JUAN HERNANDEZ DAVALOS,CALLE,SAN ATANASIO,NINGUNO,NINGUNO,3,false,false,9,ND,ND,0,0,N,N,16,41,0,0,false,4,4,CAMIONETA,NISSAN,ND,1,1,1611,Robo de autopartes y cristalazo,-102.28246876,21.87125260
191238831,30411,11,2019-11-09,6,11,57,1,FRACCIONAMIENTO,SOLIDARIDAD II,579,AVENIDA,SIGLO XXI,NA,",,,",AVENIDA,TECNOLOGICO,CALLE,IXTLAHUATL,CALLE,PROLONGACION AVENIDA POLIDUCTO,3,false,false,9,ND,ND,0,0,N,N,4,"38,24,25,",0,5000,false,1,3,CAMIONETA,NISSAN,ND,1,2,1612,Robo de autopartes y cristalazo,-102.24447766,21.86726772
191238990,30411,11,2019-11-09,6,12,49,1,FRACCIONAMIENTO,JARDINES DE LA CONCEPCION II,846,CALLE,CORDILLERA DE LOS ALPES SUR,NA,",,,",CALLE,MONTE BALNCO,CALLE,CORDILLERA DE LOS ALPES ORIENTE,CALLE,SIERRA GUADARRAMA,6,false,false,9,ND,ND,0,0,N,N,2,24,0,3000,false,1,2,AUTOMOVIL,CHRYSLER,SHADOW,1,1,1613,Robo de autopartes y cristalazo,-102.30109361,21.92032620
191239065,30411,11,2019-11-09,6,13,13,1,FRACCIONAMIENTO,LAS HADAS,833,CALLE,AGLAYA,NA,",,,",BOULEVARD,A ZACATECAS,AVENIDA,HEROE DE NACOZARI,CALLE,CIRCE,5,false,false,9,ND,ND,0,0,N,N,3,22,0,3000,false,3,2,AUTOMOVIL,VOLKSWAGEN,PONTIAC,1,1,1614,Robo de autopartes y cristalazo,-102.29190966,21.90799728
191240098,30403,11,2019-11-09,7,17,56,1,BARRIO,EL ENCINO,1096,CALLE,IGNACIO T. CHAVEZ,NA,",,,",BOULEVARD,JOSE MARIA CHAVEZ,CALLE,GALEANA SUR,CALLE,HEROES DE CHAPULTEPEC,1,false,false,9,ND,ND,0,0,N,N,3,"26,12,38,27",0,0,false,4,1,CAMIONETA,HYUNDAI,TUCSON,1,2,1615,Robo de autopartes y cristalazo,-102.29508550,21.87562991
191240169,30403,11,2019-11-09,6,18,16,1,SIN TIPO,DESARROLLO 61 (FRENTE AGROPECUARIO),835,BOULEVARD,A ZACATECAS,NA,",,,",NINGUNO,AGUASCALIENTES NORTE,CALLE,ARCO DE LA LIBERTAD,CALLE,FERROCARRIL,5,false,false,9,ND,ND,0,0,N,N,1,"26,28",900,0,false,4,1,CAMIONETA,FORD,LOBO,1,13,1616,Robo de autopartes y cristalazo,-102.29071511,21.91313587
191240381,30403,11,2019-11-09,6,19,18,1,FRACCIONAMIENTO,BONA GENS,527,CALLE,ALEJANDRA,NA,",,,",N/A,PASEO DE LA CRUZ,CALLE,GLORIA,CALLE,IZTACCIHUATL,3,false,false,9,ND,ND,0,0,N,N,3,22,0,3000,false,4,2,AUTOMOVIL,DODGE,ATTITUDE,1,1,1617,Robo de autopartes y cristalazo,-102.26712400,21.87450742
191240431,30411,11,2019-11-09,7,19,32,5,COLONIA,MARTINEZ ANDRADE,176,CALLE,CARMEN BRISEÑO,NA,",,,",AVENIDA,MIGUEL HIDALGO,CALLE,ADOLFO LOPEZ MATEOS,CALLE,PRIVADA HIDALGO,7,false,false,9,ND,ND,0,0,N,N,4,22,0,1500,false,1,2,CAMIONETA,CHEVROLET,BLAZER,1,2,1618,Robo de autopartes y cristalazo,-102.34193290,21.95774366
191240764,30403,11,2019-11-09,6,21,17,1,FRACCIONAMIENTO,JARDINES DE LA ASUNCION,991,NINGUNO,CONVENCION E 1914 SUR,NA,",,,",CALLE,HERNANDO MARTEL,CALLE,JUAN B OROZCO,CALLE,PASEO JUAN DE TOLOSA,3,false,false,9,ND,ND,0,0,N,N,4,"26,38,6,28",1500,0,false,4,1,CAMIONETA,NISSAN,NP300,1,1,1619,Robo de autopartes y cristalazo,-102.29310215,21.86534905
191241163,30403,11,2019-11-09,6,23,15,1,FRACCIONAMIENTO,PILAR BLANCO,981,ANDADOR,CERNICALO,NA,",,,",ANDADOR,CERNICALO,N/A,PASEO DE LA ASUNCION,CALLE,AVESTRUZ,2,false,false,9,ND,ND,0,0,N,N,4,41,0,0,false,4,4,AUTOMOVIL,NISSAN,VERSA,1,1,1620,Robo de autopartes y cristalazo,-102.30049107,21.85282387
191242920,30411,11,2019-11-09,6,11,44,1,FRACCIONAMIENTO,SANTA ANITA (DELEGACION CENTRO),523,NINGUNO,CONVENCION DE 1914 ORIENTE,NA,"105,,,",CALLE,BORODIN,CALLE,ALBENIZ,CALLE,HEORICO COLEGIO MILITAR,4,false,false,9,ND,ND,0,0,N,N,1,25,0,0,false,2,2,AUTOMOVIL,CHEVROLET,CHEVY,1,6,1621,Robo de autopartes y cristalazo,-102.27560931,21.89221256
191243284,30411,11,2019-11-09,6,13,17,1,SIN TIPO,DESARROLLO 58,843,NINGUNO,A ZACATECAS,NA,",,,",NINGUNO,AGUASCALIENTES,NINGUNO,NINGUNO,NINGUNO,NINGUNO,6,false,false,9,ND,ND,0,0,N,N,3,24,0,0,false,1,2,CAMION,ND,ND,1,1,1622,Robo de autopartes y cristalazo,-102.29233870,21.91695180
191244728,30411,11,2019-11-09,6,21,15,1,FRACCIONAMIENTO,ESPAÑA,1052,CALLE,CATALUÑA,NA,",,,",CALLE,ESPAÑA,AVENIDA,DE LOS MAESTROS,CALLE,VIZCAYA,2,false,false,9,ND,ND,0,0,N,N,3,25,0,1000,false,2,2,AUTOMOVIL,NISSAN,SENTRA,1,1,1623,Robo de autopartes y cristalazo,-102.31199249,21.86821889
191219354,30411,11,2019-11-04,1,1,59,1,FRACCIONAMIENTO,BALCONES DE ORIENTE,723,CALLE,MAPOCHO,NA,",,,",CALLE,SAN FRANCISCO DE LOS VIVEROS,CALLE,NINGUNO,CALLE,SAN FRANCISCO DE LOS VIVEROS,4,true,false,9,"H,H,H,H,M",ND,0,0,N,N,5,39,0,0,false,1,1,ND,ND,ND,1,13,1624,Robo de autopartes y cristalazo,-102.23266481,21.88491839
191225756,30411,11,2019-11-05,2,19,44,1,FRACCIONAMIENTO,GOMEZ (DELEGACION CENTRO),907,NA,GUADALUPE,NA,"632,,,",CALLE,ASUNCION,CALLE,SAN MARCOS,CALLE,RUBI,6,false,false,9,ND,ND,0,0,N,N,4,25,0,0,false,2,2,ND,ND,ND,1,13,1625,Robo de autopartes y cristalazo,-102.30957753,21.88507607
191226665,30411,11,2019-11-06,3,0,31,1,FRACCIONAMIENTO,FIDEL VELAZQUEZ,766,CALLE,FUENTE DE DIANA,NA,",,,",CALLE,FUENTE DE DIANA,NINGUNO,OJOCALIENTE,ANDADOR,CAMPOS ELISEOS,4,true,false,9,H,ND,1,0,N,N,5,24,0,0,true,1,2,AUTOMOVIL,VOLKSWAGEN,ND,1,4,1626,Robo de autopartes y cristalazo,-102.25749125,21.89169998
191228419,30411,11,2019-11-06,3,15,32,1,UNIDAD HABITACIONAL,POTRERO DEL OESTE,1098,AVENIDA,FAISAN,NA,",,,",ANDADOR,TEJADOS,NINGUNO,SIGLO XXI,ANDADOR,TEJADOS,2,false,false,9,H,ND,0,0,N,N,3,3,0,0,false,3,1,CAMION,ND,ND,1,6,1627,Robo de autopartes y cristalazo,-102.29732498,21.84505029
191230975,30411,11,2019-11-07,4,11,44,1,FRACCIONAMIENTO,LOMA BONITA,1037,CALLE,ARTICULO NUMERO 2,NA,"325,,,",CALLE,CONSTITUYENTES,CALLE,1857,CALLE,ARTICULO NUMERO 3,2,false,false,9,H,ND,0,0,N,N,2,3,0,2000,false,3,1,ND,ND,ND,1,1,1628,Robo de autopartes y cristalazo,-102.34098376,21.85044717
191233389,30411,11,2019-11-07,4,22,27,1,FRACCIONAMIENTO,MUNICIPIO LIBRE,768,CALLE,AGUA CLARA,NA,",,,",CALLE,COLMENA,AVENIDA,SIGLO XXI,CALLE,TIERRA BUENA,4,false,false,9,"H,H",ND,0,0,N,N,24,24,0,0,false,5,2,AUTOMOVIL,CHEVROLET,CORSA,1,13,1629,Robo de autopartes y cristalazo,-102.25458893,21.89451508
191224438,30411,11,2019-11-05,2,13,56,1,FRACCIONAMIENTO,OJO DE AGUA,1080,AVENIDA,AYUNTAMIENTO,NA,"501,,,",ANDADOR,PLAZA PRIMERO DE MAYO,CALLE,CHIHUAHUA,CALLE,FRANCISCO PEREZ RIOS,3,true,false,9,H,EL JARRON,0,0,N,N,3,41,0,0,false,1,4,AUTOMOVIL,NISSAN,TSURU,1,13,1630,Robo de autopartes y cristalazo,-102.27835459,21.86398533
191233635,30403,11,2019-11-08,5,0,4,5,COLONIA,EL LLANO,1108,CALLE,EL MOLINO NORTE,NA,",,,",AVENIDA,PASEO DE LAS MARAVILLAS,CALLE,EL MOLINO,NINGUNO,NINGUNO,7,false,false,9,ND,ND,0,0,N,N,3,41,0,0,false,4,4,CAMIONETA,JEEP,RANGER,1,1,1631,Robo de autopartes y cristalazo,-102.32443601,21.93682089
191236101,30411,11,2019-11-08,5,17,31,5,COLONIA,EL TORITO,199,AVENIDA,SOLIDARIDAD,NA,",,,",CALLE,15 DE SEPTIEMBRE,CALLE,CRISTOBAL COLON,CALLE,SOR JUANA INES DE LA CRUZ,7,true,false,9,ND,ND,0,0,N,N,3,11,0,0,false,2,1,TRAILER,ND,ND,1,1,1632,Robo de autopartes y cristalazo,-102.35415372,21.96997996
191242232,30411,11,2019-11-10,7,6,9,1,FRACCIONAMIENTO,VILLAS DEL PILAR,975,CALLE,JORGE NEGRETE,NA,"116,,,",PROLONGACION,PASEO DE LA ASUNCION,CALLE,CARLOS MOCTEZUMA,CALLE,PEDRO INFANRE,2,false,false,9,ND,ND,0,0,N,N,5,27,0,0,false,1,1,CAMIONETA,NISSAN,XTRAIL,1,1,1633,Robo de autopartes y cristalazo,-102.30212541,21.84450687
191248006,30403,11,2019-11-11,1,19,43,1,FRACCIONAMIENTO,HACIENDAS DE AGUASCALIENTES,410,AVENIDA,HACIENDA DE OJOCALIENTE,NA,",,,",AVENIDA,SIGLO XXI,CALLE,HACIENDA JALTOMATE,CALLE,HACIENDA EL TORIL,4,false,false,9,ND,ND,0,0,N,N,4,"12,38",0,0,false,4,1,ND,ND,ND,1,6,1634,Robo de autopartes y cristalazo,-102.25099808,21.88743170
191248148,30403,11,2019-11-11,1,20,21,1,FRACCIONAMIENTO,SAN MARCOS,746,CALLE,TIZIANO,NA,",,,",AVENIDA,AGUASCALIENTES PONIENTE,CALLE,MIGUEL ANGEL,CALLE,PROLONGACION AQUILES ELORDUY,6,false,false,9,ND,ND,0,0,N,N,4,41,0,0,false,4,4,AUTOMOVIL,VOLKSWAGEN,JETTA,1,13,1635,Robo de autopartes y cristalazo,-102.31817227,21.88010642
191249170,30403,11,2019-11-12,2,2,32,1,BARRIO,SAN MARCOS,735,CALLE,NIETO,NA,683,CALLE,RINCON,CALLE,JOSE GUADALUPE POSADA,PRIVADA,NINGUNO,1,false,false,9,ND,ND,0,0,N,N,5,41,0,0,false,4,4,CAMIONETA,NISSAN,ND,1,13,1636,Robo de autopartes y cristalazo,-102.30672972,21.87650781
191249319,30403,11,2019-11-12,2,6,33,1,CONDOMINIO,MUJERES DIVINAS,600,CALLE,CARMEN SERDAN,NA,",,,",PROLONGACION,AVENIDA MARIANO HIDALGO,CALLE,COLUMBA DOMINGUEZ,ANDADOR,COLUMBA DOMINGUEZ,3,false,false,9,ND,ND,0,0,N,N,5,24,0,1500,false,4,2,AUTOMOVIL,VOLKSWAGEN,ATLANTIC,1,1,1637,Robo de autopartes y cristalazo,-102.24643319,21.84962620
191249450,30403,11,2019-11-12,2,8,4,1,COLONIA,FERRONALES,520,CALLE,CATARINO ARREOLA,NA,",,,",CALLE,FELIPE PESCADOR,CALLE,INGENIERO L. RAMIREZ,CALLE,SERVANDO CANALES,4,false,false,9,ND,ND,0,0,N,N,2,"26,27,3,28",200,1500,false,4,1,AUTOMOVIL,NISSAN,SENTRA,1,1,1638,Robo de autopartes y cristalazo,-102.27700581,21.88635299
191250055,30411,11,2019-11-12,2,11,57,1,FRACCIONAMIENTO,VILLAS DE NUESTRA SEÑORA DE LA ASUNCION (SECTOR GUADALUPE),402,AVENIDA,JOSE DE JESUS GONZALEZ GARCIA,NA,",,,",CALLE,JOSE RUIZ ESPARZA,CALLE,CRISTOBAL DE TORRES,CALLE,ROGELIO GALINDO DE LA TORRE,5,false,false,9,ND,ND,0,0,N,N,2,"11,38",0,0,false,1,1,CAMIONETA,ND,ND,1,1,1639,Robo de autopartes y cristalazo,-102.25775365,21.92998718
191250377,30411,11,2019-11-12,2,13,30,1,SIN TIPO,AGROPECUARIO,763,AVENIDA,INDEPENDENCIA,NA,",,,",CALLE,MESONES,AVENIDA,ARNULFO M. VALDES,CALLE,UVA,6,false,false,9,H,ND,0,0,CAMIONETA,"VAN, COLOR VERDE",3,3,0,0,false,3,1,CAMIONETA,CHEVROLET,ND,1,2,1640,Robo de autopartes y cristalazo,-102.29713111,21.91364545
191250954,30411,11,2019-11-12,2,16,39,1,FRACCIONAMIENTO,BALCONES DE ORIENTE,723,CALLE,SAN FRANCISCO DE LOS VIVEROS 2403,2403,"3,,C,",CALLE,SAN FRANCISCO DE LOS VIVEROS,CALLE,SAN FRANCISCO DE LOS VIVEROS,CALLE,NINGUNO,4,false,false,9,ND,ND,0,0,N,N,16,22,0,0,false,1,2,CAMIONETA,CHEVROLET,ND,1,1,1641,Robo de autopartes y cristalazo,-102.23199965,21.88565898
191251867,30411,11,2019-11-12,2,22,1,1,COLONIA,ZONA CENTRO,906,CALLE,JOSE MARIA MORELOS Y PAVON,NA,",,,",PEATONAL,ALLENDE ORIENTE,CALLE,DOCTOR JESUS DIAZ DE LEON,PEATONAL,BENITO JUAREZ,1,false,false,9,ND,ND,0,0,N,N,14,"3,22,38",0,0,false,1,3,AUTOMOVIL,VOLKSWAGEN,DERBY,1,1,1642,Robo de autopartes y cristalazo,-102.29526985,21.88253138
191252220,30403,11,2019-11-13,3,1,41,1,FRACCIONAMIENTO,OJOCALIENTE FOVISSSTE II,395,CALLE,CERRO DE LA JOYA,NA,"207,,,",CALLE,CERRO TEPEYAC,AVENIDA,ANTARES,CALLE,CERRO DEL AJUSCO,3,false,false,9,ND,ND,0,0,N,N,5,41,0,0,false,1,4,AUTOMOVIL,CHEVROLET,AVEO,1,1,1643,Robo de autopartes y cristalazo,-102.26238303,21.87192192
191252568,30411,11,2019-11-13,3,7,34,1,FRACCIONAMIENTO,AGUA CLARA,576,CALLE,CHILE,NA,"402,,,",CALLE,GARBANZO,CALLE,AJONJOLIN,CALLE,CERRO DE LOS GALLOS,3,false,false,9,ND,ND,0,0,N,N,11,"22,24",0,4000,false,1,2,AUTOMOVIL,VOLKSWAGEN,DERBY,1,2,1644,Robo de autopartes y cristalazo,-102.25177516,21.86293020
191252593,30411,11,2019-11-13,3,7,42,1,FRACCIONAMIENTO,BULEVAR,733,NINGUNO,CONVENCION DE 1914 SUR,NA,",,,",CALLE,MIGUEL CALDERA,BOULEVARD,JOSE MARIA CHAVEZ,CALLE,JARDIN DEL ESTUDIANTE,3,false,false,9,ND,ND,0,0,N,N,2,"26,6,3,28",3000,5000,false,1,2,AUTOMOVIL,CHEVROLET,CHEVY,1,2,1645,Robo de autopartes y cristalazo,-102.29160827,21.86576492
191253568,30411,11,2019-11-13,3,13,52,1,FRACCIONAMIENTO,PILAR BLANCO,981,ANDADOR,GORRION,NA,",,,",N/A,PASEO DE LA ASUNCION,ANDADOR,CODORNIZ,NINGUNO,NINGUNO,2,false,false,9,ND,ND,0,0,N,N,3,24,25,0,false,2,2,COMBI,VOLKSWAGEN,ND,1,1,1646,Robo de autopartes y cristalazo,-102.30091375,21.85098664
191256445,30411,11,2019-11-14,4,12,51,1,SIN TIPO,DESARROLLO NO 80,924,AVENIDA,GUADALUPE,NA,",,,",AVENIDA,CONVENCION DE 1914,CALLE,FELIPE ANGELES,CALLE,ARROYO DE LOS ARELLANOS,3,false,false,9,ND,ND,0,0,N,N,3,"26,6,38",0,0,false,1,1,AUTOMOVIL,CHEVROLET,CHEVY,1,1,1647,Robo de autopartes y cristalazo,-102.31220911,21.88568826
191258080,30403,11,2019-11-14,4,20,39,1,COLONIA,OLIVARES SANTANA,721,NINGUNO,CONVENCION DE 1914 NORTE,NA,",,,",AVENIDA,FUNDICION,CALLE,PEDRO GARCIA ROJAS,PRIVADA,BENJAMIN DE LA MORA,6,false,false,9,ND,ND,0,0,N,N,4,"26,27,28",0,0,false,4,1,CAMIONETA,MAZDA,ND,1,1,1648,Robo de autopartes y cristalazo,-102.31136975,21.89497387
191258563,30403,11,2019-11-14,4,23,1,1,BARRIO,DE GUADALUPE,910,NINGUNO,GENERAL EMILIANO ZAPATA,NA,",,,",CAÑÑE,AZTECA,CALLE,JOSE GUADALUPE POSADA,CALLE,RAFAEL GARCIA MACIAS,1,false,false,9,ND,ND,0,0,N,N,4,"26,27,28",1000,0,false,4,1,CAMIONETA,FORD,ESCAPE,1,13,1649,Robo de autopartes y cristalazo,-102.30566697,21.88254559
191258862,30411,11,2019-11-15,5,1,56,1,FRACCIONAMIENTO,MODELO,905,CALLE,NICOLAS RAMIREZ,NA,",,,",CALLE,ANGEL GARCIA,CALLE,RICARDO GARCIA,CALLE,NIETO,6,false,false,9,ND,ND,0,0,N,N,5,41,0,0,false,1,4,CAMIONETA,NISSAN,FRONTIER,1,1,1650,Robo de autopartes y cristalazo,-102.30996163,21.87672500
191259315,30411,11,2019-11-15,5,9,8,1,FRACCIONAMIENTO,FIDEL VELAZQUEZ,766,CALLE,DE LOS CIBELES,NA,",,,",CALLE,DE LAS FUENTES,ANDADOR,FUENTE DEL PARQUE,ANDADOR,DE LOS NIÑOS,4,false,false,9,ND,ND,0,0,N,N,2,24,0,0,false,1,2,CAMIONETA,CHRYSLER,VOYAGUER,1,13,1651,Robo de autopartes y cristalazo,-102.26102294,21.89027047
191259649,30411,11,2019-11-15,5,11,4,1,COLONIA,LAS FLORES,1072,CALLE,CAMELIAS,NA,",,,",CALLE,IGNACIO T CHAVEZ,AVENIDA,DE LAS ORQUIDEAS,CALLE,TULIPANES,2,false,false,9,ND,ND,0,0,N,N,2,22,0,0,false,1,2,AUTOMOVIL,NISSAN,ALTIMA,1,1,1652,Robo de autopartes y cristalazo,-102.30343554,21.87325267
191260153,30403,11,2019-11-15,5,13,20,1,FRACCIONAMIENTO,VILLAS DE LA UNIVERSIDAD,807,CALLE,MARGIL DE JESUS,NA,",,,",CALLE,PIRACANTO,AVENIDA,UNIVERSIDAD,CALLE,LICENCIADO GUILLERMO H. MIRAMONTES,6,false,false,9,"H,H",ND,0,0,N,N,3,39,0,0,false,4,4,AUTOMOVIL,NISSAN,TSURU,1,13,1653,Robo de autopartes y cristalazo,-102.30466942,21.89920026
191259698,30411,11,2019-11-15,5,11,20,1,COLONIA,VETERANOS DE LA REVOLUCION,66,BOULEVARD,JUAN PABLO II,NA,",,,",NINGUNO,NINGUNO,NINGUNO,NINGUNO,NINGUNO,NINGUNO,2,false,false,9,H,ND,1,0,N,N,2,38,0,1000,false,2,2,TRACTOCAMION,FREIGHTLINER,ND,1,4,1654,Robo de autopartes y cristalazo,-102.35459452,21.83928982
191245569,30403,11,2019-11-11,1,2,41,1,FRACCIONAMIENTO,PERIODISTAS,404,CALLE,FORMADORES,NA,"411,,,",CALLE,VOCEADORES,CALLE,AMALIA GOMEZ ZEPEDA,NINGUNO,NINGUNO,3,false,false,9,ND,ND,0,0,CAMIONETA,SIN DATOS DE LA MARCA EN COLOR GRIS,3,41,0,0,false,4,4,AUTOMOVIL,MERCEDES BENZ,ND,1,1,1655,Robo de autopartes y cristalazo,-102.24958427,21.85342073
191247278,30411,11,2019-11-11,1,16,12,1,CONDOMINIO,CENTRO COMERCIAL GALERIAS I,844,BOULEVARD,A ZACATECAS,NA,",,,",CALLE,MONTES HIMALAYA,BOULEVARD,LUIS DONALDO COLOSIO,AVENIDA,INDEPENDENCIA,6,false,false,9,ND,ND,0,0,N,N,3,41,0,0,false,1,4,AUTOMOVIL,ND,ND,1,17,1656,Robo de autopartes y cristalazo,-102.29197553,21.92326316
191250149,30411,11,2019-11-12,2,12,22,1,FRACCIONAMIENTO,DEL VALLE 1A SECCION,734,CALLE,FATIMA,NA,",,,",AVENIDA,ADOLFO LOPEZ MATEOS,CALLE,VERSALLES,CALLE,LONDRES,6,false,false,9,H,ND,0,0,N,N,3,11,0,5000,false,1,1,AUTOMOVIL,ND,ND,1,1,1657,Robo de autopartes y cristalazo,-102.31584344,21.87287403
191250310,30411,11,2019-11-12,2,13,11,5,FRACCIONAMIENTO,PLAN DE BENITO JUARES,183,CALLE,A LA POSTA,NA,",,,",CALLE,PLAN DE ALLENDE,CALLE,PLAN DE GUADALUPE,CALLE,NINGUNO,7,false,false,9,"H,H",ND,0,0,N,N,3,37,0,0,false,5,2,CAMIONETA,NISSAN,ND,1,24,1658,Robo de autopartes y cristalazo,-102.35814606,21.96522316
191246616,30411,11,2019-11-11,1,13,23,1,COLONIA,INDUSTRIAL,919,CALLE,PETROLEOS MEXICANOS,NA,",,,",CAKKE,GRITA DE ZACATECAS,AVENIDA,INDEPENDENCIA,NINGUNO,NINGUNO,6,false,false,9,ND,ND,0,0,N,N,3,41,0,0,false,3,1,AUTOMOVIL,FORD,GRAND MARQUIS,1,1,1659,Robo de autopartes y cristalazo,-102.29412080,21.89229554
191259702,30411,11,2019-11-15,5,11,21,1,FRACCIONAMIENTO,SOLIDARIDAD I,431,AVENIDA,SIGLO XXI,NA,",,,",CALLE,SALUD,CALLE,URBANISMO,NINGUNO,NINGUNO,4,false,false,9,ND,ND,0,0,N,N,2,"26,38",0,0,false,1,1,AUTOMOVIL,NISSAN,TSURU,1,1,1660,Robo de autopartes y cristalazo,-102.24479482,21.87042620
191257895,30403,11,2019-11-14,4,19,49,5,COLONIA,BROWNSVILLE,174,CALLE,SAN MIGUEL,NA,"208,,,",CALLE,NINGUNO,CALLE,SAN VICENTE,CALLE,SAN PEDRO,7,false,false,9,ND,ND,0,0,N,N,1,39,0,0,false,4,4,CAMIONETA,ND,ND,1,6,1661,Robo de autopartes y cristalazo,-102.33202875,21.98816661
191249156,30411,11,2019-11-12,2,2,18,1,COLONIA,ZONA CENTRO,906,PRIVADA,AGUSTIN R. GONZALEZ,NA,",,,",CALLE,AGUSTIN R. GONZALEZ,AVENIDA,FRANCISCO I. MADERO,NINGUNO,NINGUNO,1,false,false,9,H,ND,0,0,N,N,5,41,0,0,false,1,1,AUTOMOVIL,ND,ND,1,4,1662,Robo de autopartes y cristalazo,-102.28911463,21.88377896
191251303,30411,11,2019-11-12,2,18,33,1,COLONIA,REFUGIO ESPARZA REYES,446,CALLE,CARLOS A MADRAZO,NA,",,,",CALLE,SIERRA DE TLAXCO,CALLE,SIERRA DE TEPEHUANES,CALLE,PICACHO ORIENTE,5,false,false,9,ND,ND,0,0,N,N,3,"26,27,28",1000,0,false,1,1,AUTOMOVIL,FORD,FOCUS,1,1,1663,Robo de autopartes y cristalazo,-102.25800531,21.90904227
191260289,30403,11,2019-11-15,5,13,54,1,FRACCIONAMIENTO,LAS ARBOLEDAS,758,CALLE,MARGIL DE JESUS,NA,",,,",CALLE,PIRACANTO,CALLE,TABACHIN,NINGUNO,NINGUNO,6,false,false,9,ND,ND,0,0,N,N,3,41,0,0,false,4,4,AUTOMOVIL,NISSAN,TSURU,1,1,1664,Robo de autopartes y cristalazo,-102.30445879,21.89925274
191260754,30411,11,2019-11-15,5,16,0,1,COLONIA,NORIAS DE PASO HONDO,352,CALLE,FELIPE ANGELES,NA,",,,",CALLE,NINGUNO,CARRETERA,70 OJUELOS AGUASCALIENTES,CALLE,CHE GUEVARA,4,false,false,9,ND,ND,0,0,N,N,3,11,0,3500,false,1,1,AUTOMOVIL,NISSAN,TSURU,1,1,1665,Robo de autopartes y cristalazo,-102.20605068,21.85611374
191261226,30403,11,2019-11-15,5,18,58,1,FRACCIONAMIENTO,LA FUENTE,1061,CALLE,BRASILIA,NA,"403,,,",AVENIDA,LAS AMERICAS,CALLE,REPUBLICA DE NICARAGUA,CALLE,BOGOTA,2,false,false,9,H,ND,0,0,N,N,3,39,0,0,false,4,1,CAMIONETA,RENAULT,DUSTER,1,1,1666,Robo de autopartes y cristalazo,-102.30228587,21.87106153
191261541,30403,11,2019-11-15,5,20,48,1,SIN TIPO,UNIDAD DEPORTIVA IV CENTENARIO,425,AVENIDA,ADOLFO LOPEZ MATEOS ORIENTE,NA,",,,",AVENIDA,TECNOLOGICO,AVENIDA,CONVENCION 1914 ORIENTE,NINGUNO,NINGUNO,3,false,false,9,ND,ND,0,0,N,N,4,"38,6,26",0,15000,false,4,1,CAMIONETA,HONDA,CVR,1,1,1667,Robo de autopartes y cristalazo,-102.26712511,21.87798481
191262208,30403,11,2019-11-16,6,0,51,6,FRACCIONAMIENTO,PLUTARCO ELIAS CALLES,95,CALLE,ALFONSO BERNAL SAHAGUN,NA,",,,",CALLE,ESTEBAN AVILA,CALLE,DIONISIO MARTINEZ TREJO,CALLE,NARCISO PERALES AVILA MINA,7,false,false,9,ND,ND,0,0,N,N,5,25,0,0,false,4,2,CAMIONETA,FORD,ECOSPORT,1,1,1668,Robo de autopartes y cristalazo,-102.28611028,22.14413667
191262221,30403,11,2019-11-16,6,0,54,1,FRACCIONAMIENTO,JOSE LOPEZ PORTILLO,955,CALLE,JOSE MARIA MARTINEZ VALADEZ,NA,",,,",CALLE,JOSE MARIA GONZALEZ BOCANEGRA,CALLE,MIGUEL APARICIO M,CALLE,CORONELVALENTE ARTEAGA,2,false,false,9,ND,ND,0,0,N,N,5,22,0,0,false,4,2,AUTOMOVIL,CHEVROLET,CORSA,1,1,1669,Robo de autopartes y cristalazo,-102.32545170,21.85414506
191262366,30411,11,2019-11-16,6,2,12,3,COLONIA,CERRITO ALTO,292,CALLE,DEL GRULLO,NA,",,,",CALLE,EMIGDIO URRUTIA CARRERA,CALLE,NEVADO DE TOLUCA,BOULEVARD,LIBRAMIENTO CALVILLO JALPA,7,false,false,9,ND,ND,0,0,N,N,5,24,0,0,false,1,2,CAMIONETA,ND,ND,1,1,1670,Robo de autopartes y cristalazo,-102.72860113,21.84029404
191262552,30411,11,2019-11-16,6,4,20,1,FRACCIONAMIENTO,LUIS GOMEZ ZEPEDA (FERRONALES),519,CALLE,CABUS,NA,",,,",CALLE,CATARINO ARREOLA,CALLE,DURMIENTES,CALLE,DURMIENTES,4,false,false,9,ND,ND,0,0,N,N,5,"22,26",0,5000,false,3,3,AUTOMOVIL,PONTIAC,ND,1,1,1671,Robo de autopartes y cristalazo,-102.27682214,21.88922866
191262576,30411,11,2019-11-16,6,4,45,11,FRACCIONAMIENTO,URBIVILLAS DEL VERGEL,348,AMPLIACION,CDDA SAN JERONIMO,NA,",,,",AMPLIACION,SAN BLAS,CALLE,CALZADA SANTA FE,NINGUNO,NINGUNO,7,false,false,9,H,ND,0,0,BICICLETA,ND,5,11,0,0,false,1,1,AUTOMOVIL,VOLKSWAGEN,JETTA,1,1,1672,Robo de autopartes y cristalazo,-102.27741096,22.03197387
191264931,30403,11,2019-11-16,6,18,52,1,FRACCIONAMIENTO,EL DORADO 2A SECCION,1107,CALLE,CANADA,NA,",,,",CALLE,NAVARRA,CALLE,GALICIA,CALLE,SANTANDER,2,false,false,9,ND,ND,0,0,N,N,3,41,0,0,false,4,4,CAMIONETA,HONDA,ND,1,2,1673,Robo de autopartes y cristalazo,-102.30840505,21.86012563
191265302,30411,11,2019-11-16,6,20,44,1,FRACCIONAMIENTO,BOULEVARES 1A SECCION,1047,CALLE,PROFESOR ENRIQUE OLIVARES SANTANA,NA,",,,",CAÑÑE,EUGENIO ALCALA,PROLONGACION,DIEGO FERNANDEZ VILLA,CALLE,LAURO AGUIRRE,2,false,false,9,H,ND,0,0,N,N,4,24,0,0,true,1,2,CAMIONETA,DODGE,CARAVAN,1,4,1674,Robo de autopartes y cristalazo,-102.30284750,21.85372350
191266428,30411,11,2019-11-17,7,2,52,1,FRACCIONAMIENTO,BALCONES DE ORIENTE,723,CALLE,SAN FRANCISCO DE LOS VIVEROS,NA,",,,",CALLE,SANTIAGO,CALLE,SAN FRANCISCO DE LOS VIVEROS 2206,CALLE,ESCOCIA,4,true,false,9,H,ND,0,0,N,N,5,24,0,0,false,1,2,AUTOMOVIL,CHEVROLET,CHEVY,1,6,1675,Robo de autopartes y cristalazo,-102.23375506,21.88486793
191266846,30411,11,2019-11-17,7,5,55,1,FRACCIONAMIENTO,VILLAS DE NUESTRA SEÑORA DE LA ASUNCION (SECTOR GUADALUPE),402,CALLE,CRISTOBAL DE MONTORO,NA,",,,",AVENIDA,JOSE DE JESUS GONZALEZ GARCIA,CALLE,ROGELIO GALINDO DE LA TORRE,CALLE,FERNAN GONZALEZ DE ESLAVA,5,false,false,9,H,ND,0,0,N,N,5,24,0,0,false,1,2,CAMIONETA,ND,ND,1,1,1676,Robo de autopartes y cristalazo,-102.25880809,21.93032297
191267647,30403,11,2019-11-17,7,12,14,1,FRACCIONAMIENTO,DEL VALLE 1A SECCION,734,CALLE,LONDRES,NA,",,,",CALLE,NAPOLES,CALLE,FLORENCIA,AVENIDA,AGUASCALIENTES PONIENTE,6,false,false,9,ND,ND,0,0,N,N,3,22,0,0,false,4,2,AUTOMOVIL,NISSAN,ND,1,13,1677,Robo de autopartes y cristalazo,-102.31691701,21.87545575
191268494,30411,11,2019-11-17,7,16,18,1,FRACCIONAMIENTO,JESUS GOMEZ PORTUGAL,528,AVENIDA,PASEO DE OJOCALIENTE,NA,"415,,,",CALLE,PISCIS,CALLE,GEMINIS,CALLE,ACUARIO,3,false,false,9,ND,ND,0,0,N,N,3,23,0,4000,false,1,2,AUTOMOVIL,ND,ND,1,1,1678,Robo de autopartes y cristalazo,-102.26560950,21.86970549
191269008,30403,11,2019-11-17,7,18,57,1,FRACCIONAMIENTO,LA FUENTE,1061,AVENIDA,LAS AMERICAS,NA,",,,",CALLE,LANCEROS DE AGUASCALIENTES,CALLE,QUITO,CALLE,REPUBLICA DE URUGUAY,2,false,false,9,ND,ND,0,0,N,N,3,"26,12,27,38",0,0,false,4,1,CAMIONETA,FORD,F150,1,1,1679,Robo de autopartes y cristalazo,-102.30068704,21.87335837
191269074,30411,11,2019-11-17,7,19,18,1,FRACCIONAMIENTO,DEL VALLE 1A SECCION,734,CALLE,26 DE MARZO,NA,",,,",CALLE,NAPOLES,CALLE,NICOLAS RAMIREZ,AVENIDA,CONVENCION DE 1914 PONIENTE,7,false,false,9,ND,ND,0,0,N,N,3,38,0,15000,false,1,1,CAMIONETA,CHEVROLET,SUBURBAN,1,1,1680,Robo de autopartes y cristalazo,-102.31299704,21.87580358
191269484,30411,11,2019-11-17,7,21,8,1,COLONIA,ZONA CENTRO,906,CALLE,NIETO,NA,",,,",CALLE,JOSE F ELIZONDO,CALLE,EDUARDO J CORREA,CALLE,VENUSTIANO CARRANZA,1,false,false,9,ND,ND,0,0,N,N,4,23,0,6000,false,1,2,AUTOMOVIL,VOLKSWAGEN,GOLF,1,1,1681,Robo de autopartes y cristalazo,-102.30155485,21.87867860
191269493,30411,11,2019-11-17,7,21,10,1,FRACCIONAMIENTO,OJOCALIENTE III,525,CALLE,EL TURICATE,NA,",,,",CALLE,SAN FRANCISCO DE LOS VIVEROS,CALLE,LAS CUEVAS,CALLE,CHURUBUSCO,4,false,false,9,ND,ND,0,0,N,N,4,"24,28",160,1000,false,1,3,AUTOMOVIL,ND,ND,1,1,1682,Robo de autopartes y cristalazo,-102.24441196,21.88074173
191272078,30411,11,2019-11-18,1,16,23,1,COLONIA,PRIMAVERA,914,CALLE,GRAN AVENIDA,NA,",,,",CALLE,INDEPENDENCIA DE MEXICO,CALLE,GENERAL JOSE MARIA ARTEAGA,CALLE,SARGENTO LIBERATO SANTA CRUZ,1,false,false,9,H,ND,0,0,BICICLETA,ND,3,"22,38",0,0,false,1,3,AUTOMOVIL,ND,ND,1,2,1683,Robo de autopartes y cristalazo,-102.29271086,21.88969826
191245569,30403,11,2019-11-11,1,2,41,1,FRACCIONAMIENTO,PERIODISTAS,404,CALLE,FORMADORES,NA,",,,",CALLE,VOCEADORES,AVENIDA,DEL REY,CALLE,AMALIA GOMEZ ZEPEDA,3,false,false,9,H,ND,0,0,CAMIONETA,"EN COLOR GRIS, SIN DATOS DE LA MARCA",3,41,0,0,false,4,4,AUTOMOVIL,MERCEDES BENZ,ND,1,1,1684,Robo de autopartes y cristalazo,-102.24952853,21.85332279
191264266,30411,11,2019-11-16,6,15,49,1,COLONIA,TROJES DE ALONSO,798,CALLE,EMILIANO ZAPATA,NA,",,,",CALLE,EMILIANO ZAPATA,CALLE,DOLORES,CALLE,ROSARIO,6,false,false,9,H,ND,1,0,N,N,3,24,0,0,true,1,2,AUTOMOVIL,ND,ND,1,4,1685,Robo de autopartes y cristalazo,-102.30040439,21.93911921
191270272,30411,11,2019-11-18,1,1,45,1,FRACCIONAMIENTO,LOS PERICOS,770,CALLE,SANTA ELENA,NA,",,,",AVENIDA,SAN FEDERICO,CALLE,SANTA CECILIA,CALLE,SANTA RITA,5,true,false,9,"H,H,H",ND,0,0,CAMIONETA,"CHEVROLET APACHE, COLO NEGRA",5,24,0,0,false,1,2,RETROEXCAVADORA,ND,ND,1,1,1686,Robo de autopartes y cristalazo,-102.24800145,21.90857427
191271122,30403,11,2019-11-18,1,11,28,1,COLONIA,ZONA CENTRO,906,CALLE,JOSE MARIA ARTEAGA,NA,"373,,,",CALLE,GENERAL IGNACIO ZARAGOZA,CALLE,JARDIN DE ZARAGOZA,CALLE,5 DE MAYO,1,false,false,9,ND,ND,0,0,N,N,2,41,0,0,false,4,4,CAMIONETA,TOYOTA,AVANZA,1,1,1687,Robo de autopartes y cristalazo,-102.29466021,21.88845909
191271418,30411,11,2019-11-18,1,13,8,1,FRACCIONAMIENTO,VILLAS DE NUESTRA SEÑORA DE LA ASUNCION (SECTOR ESTACION),502,AVENIDA,VALLE DE LOS ROMETOS,NA,"2008,,,",CALLE,JUAN G ALVARADO,CALLE,SALVADOR RANGEL LOPEZ,CALLE,MANUEL FERNANDEZ SANCHEZ,5,false,false,9,ND,ND,0,0,N,N,3,"26,27",0,0,false,3,1,AUTOMOVIL,NISSAN,TSURU,1,1,1688,Robo de autopartes y cristalazo,-102.25767568,21.94090710
191272659,30411,11,2019-11-18,1,19,10,1,DESARROLLO ESPECIAL,TRES CENTURIAS ESPECIAL,753,AVENIDA,MANUEL GOMEZ MORIN,NA,",,,",NINGUNO,NINGUNO,NINGUNO,NINGUNO,NINGUNO,NINGUNO,6,false,false,9,ND,ND,0,0,N,N,3,"22,38",0,0,false,1,3,CAMIONETA,FORD,WINSTAR,1,1,1689,Robo de autopartes y cristalazo,-102.28331587,21.89185227
191273239,30411,11,2019-11-18,1,21,58,7,FRACCIONAMIENTO,MAGISTERIAL II,75,CALLE,MUNICIPIO LIBRE,NA,"313,,,",CALLE,XOCHITL,CALLE,FRAY BARTOLOME DE LAS CASAS,CALLE,20 DE NOVIEMBRE,7,true,false,9,"H,H,H,H",ND,0,0,N,N,4,"26,27,28",5500,0,false,1,1,AUTOMOVIL,NISSAN,MARCH,1,1,1690,Robo de autopartes y cristalazo,-102.31397175,22.22598472
191273536,30403,11,2019-11-19,2,0,14,1,FRACCIONAMIENTO,OJOCALIENTE III,525,AVENIDA,SIGLO XXI,NA,",,,",CALLE,CIENEGUILLAS,CALLE,EL MOCHO,CALLE,EL COESILLO,4,false,false,9,ND,ND,0,0,N,N,5,"22,23,27",0,8000,false,4,1,TRAILER,INTERNATIONAL,ND,1,1,1691,Robo de autopartes y cristalazo,-102.24767309,21.87748266
191275966,30411,11,2019-11-19,2,19,15,1,FRACCIONAMIENTO,HACIENDAS DE AGUASCALIENTES,410,AVENIDA,HACIENDA DE OJOCALIENTE,NA,",,,",AVENIDA,SIGLO XXI,CALLE,HACIENDA DE JALTOMATE,CALLE,HACIENDA EL TORIL,4,false,false,9,ND,ND,0,0,N,N,3,24,0,1000,false,1,2,AUTOMOVIL,NISSAN,SENTRA,1,2,1692,Robo de autopartes y cristalazo,-102.25096418,21.88748953
191277032,30403,11,2019-11-20,3,2,37,5,CONDOMINIO,RESIDENCIAL ARBORADA,340PR,CARRETERA,AGUASCALIENTES - ZACATECAS,NA,",,,",NINGUNO,DESCONOCIDO,NINGUNO,DESCONOCIDO,NINGUNO,DESCONOCIDO,7,false,false,9,ND,ND,0,0,N,N,5,25,0,0,false,4,2,AUTOMOVIL,ND,ND,1,1,1693,Robo de autopartes y cristalazo,-102.29080026,21.94634287
191277032,30403,11,2019-11-19,3,2,37,5,CONDOMINIO,RESIDENCIAL ARBORADA,340PR,NA,AGUASCALIENTES - ZACATECAS,NA,",,,",NINGUNO,DESCONOCIDO,NINGUNO,DESCONOCIDO,NINGUNO,DESCONOCIDO,7,false,false,9,ND,ND,0,0,N,N,5,41,0,0,false,4,4,AUTOMOVIL,ND,ND,1,1,1694,Robo de autopartes y cristalazo,-102.29079737,21.94641512
191277032,30403,11,2019-11-20,3,2,37,5,CONDOMINIO,RESIDENCIAL ARBORADA,340PR,CARRETERA,AGUASCALIENTES - ZACATECAS,NA,",,,",NINGUNO,DESCONOCIDO,NINGUNO,DESCONOCIDO,NINGUNO,DESCONOCIDO,7,false,false,9,ND,ND,0,0,N,N,5,41,0,0,false,4,4,AUTOMOVIL,ND,ND,1,1,1695,Robo de autopartes y cristalazo,-102.29079441,21.94647989
191277219,30403,11,2019-11-20,3,5,54,1,CONDOMINIO,PRIMO VERDAD INEGI,591,CALLE,EMILIO ALANIZ PATIÑO,NA,",,,",CALLE,ADOLFO RUIZ CORTINEZ,AVENIDA,PERSEO,AVENIDA,CONVENCION DE 1914 SUR,3,true,false,9,H,ND,0,0,N,N,5,41,0,0,false,4,4,AUTOMOVIL,VOLKSWAGEN,JETTA,1,1,1696,Robo de autopartes y cristalazo,-102.27196784,21.86799939
191277786,30411,11,2019-11-20,3,10,33,5,FRACCIONAMIENTO,LOMAS DEL VALLE,168,CALLE,VALLE DE AGUASCALIENTES,NA,",,,",CALLE,VALLE DE LAS DELICIAS,CALLE,VALLE HERMOSO,CALLE,VALLE DE LOS REYES,7,true,false,9,H,ND,0,0,BICICLETA,ND,2,41,0,0,false,1,4,AUTOMOVIL,CHEVROLET,CAVALIER,1,2,1697,Robo de autopartes y cristalazo,-102.34374094,21.95353446
191278054,30411,11,2019-11-20,3,11,56,1,COLONIA,LAS FLORES,1072,CALLE,LOS LAURELES,NA,",,,",CALLE,CLAVELES,CALLE,GERANIOS,AVENIDA,DE LAS ORQUIDEAS,2,false,false,9,ND,ND,0,0,N,N,2,"26,27,28",2000,0,false,1,1,AUTOMOVIL,MATIZ,MATIZ,1,1,1698,Robo de autopartes y cristalazo,-102.30572955,21.87426722
191278238,30411,11,2019-11-20,3,12,36,1,FRACCIONAMIENTO,OJOCALIENTE I,741,CALLE,CAÑADA HONDA,NA,",,,",CALLE,CHICALOTE,CALLE,EL GUARDA,CALLE,CALVILLITO,4,true,false,9,H,ND,0,0,N,N,3,38,0,600,false,2,1,MOTOCICLETA,ND,ND,1,1,1699,Robo de autopartes y cristalazo,-102.25244694,21.88120405
191278752,30411,11,2019-11-20,3,14,40,1,FRACCIONAMIENTO,SANTA ELENA,1062,CALLE,BAHIA,NA,",,,",CALLE,REPUBLICA DE URUGUAY,CALLE,REPUBLICA DE CHILE,CALLE,VALPARAISO,2,false,false,9,ND,ND,0,0,N,N,3,"26,6",0,10000,false,1,1,AUTOMOVIL,CHEVROLET,BEAT,1,1,1700,Robo de autopartes y cristalazo,-102.30002620,21.87198035
191279433,30411,11,2019-11-20,3,17,55,1,FRACCIONAMIENTO,MUJERES ILUSTRES,602,CALLE,EVA SAMANO,NA,",,,",CALLE,MARIA ASENCION REMTERIA LOPEZ,CALLE,DE LA INFANTERIA,CALLE,IVONNE LOYOLA,3,false,false,9,ND,ND,0,0,N,N,3,22,0,3500,false,3,2,AUTOMOVIL,ND,ND,1,1,1701,Robo de autopartes y cristalazo,-102.24941756,21.84546482
191279988,30403,11,2019-11-20,3,20,11,11,FRACCIONAMIENTO,PASEOS DE LA PROVIDENCIA,349PR,CARRETERA,AGUASCALIENTES - ZACATECAS,NA,",,,",NINGUNO,DESCONOCIDO,NINGUNO,DESCONOCIDO,NINGUNO,DESCONOCIDO,7,false,false,9,ND,ND,0,0,N,N,4,3,0,0,false,4,1,TRAILER,ND,ND,1,2,1702,Robo de autopartes y cristalazo,-102.28331493,22.02458788
191281029,30411,11,2019-11-21,4,7,29,1,COLONIA,ZONA CENTRO,906,CALLE,PETROLEOS MEXICANOS,NA,",,,",CALLE,GENERAL IGNACIO ZARAGOZA,CALLE,MARINA NACIONAL,CALLE,RIO PIRULES,1,false,false,9,ND,ND,0,0,N,N,16,25,0,0,false,1,2,AUTOMOVIL,HONDA,FIT,1,1,1703,Robo de autopartes y cristalazo,-102.29664353,21.89050699
191281904,30411,11,2019-11-21,4,12,45,1,FRACCIONAMIENTO,PANORAMA,670,CALLE,BENJAMIN DE LA MORA,NA,",,,",CALLE,MIRAFLORES,CALLE,JARDINES ETERNOS,CALLE,LINDAVISTA,6,false,false,9,H,ND,0,0,N,N,2,"26,28",3500,0,false,1,1,AUTOMOVIL,SONY,ND,1,1,1704,Robo de autopartes y cristalazo,-102.31569846,21.88893755
191282002,30411,11,2019-11-21,4,13,7,1,FRACCIONAMIENTO,LA ESTRELLA,483,CALLE,CAMINO AL COBANO,NA,",,,",CALLE,LEO,CALLE,CAPRICORNIO,CALLE,CENTAURY,5,false,false,9,ND,ND,0,0,N,N,3,"6,23",0,25000,false,1,3,CAMIONETA,CHEVROLET,AVALANCHE,1,1,1705,Robo de autopartes y cristalazo,-102.27988297,21.90633991
191284233,30403,11,2019-11-22,5,1,48,1,FRACCIONAMIENTO,NAZARIO ORTIZ GARZA,452,AVENIDA,SIGLO XXI,NA,",,,",BOULEVARD,GUADALUPANO,CALLE,MANUEL GARCIA MARQUEZ,CALLE,CUMBRES,5,true,false,9,"H,H,H",ND,0,0,N,N,5,39,0,0,false,4,3,TRAILER,ND,ND,1,2,1706,Robo de autopartes y cristalazo,-102.25661284,21.90669103
191284235,30411,11,2019-11-22,5,1,49,1,FRACCIONAMIENTO,HACIENDAS DE AGUASCALIENTES,410,CALLE,HACIEDA GRACIAS A DIOS,NA,",,,",CALLE,HACIENDA SAN ISIDRO,CALLE,HACIENDA SAN FRANCISCO DEL ARENAL,CALLE,HACIENDA TAPIAS VIEJAS,4,true,false,9,"H,H",ND,0,0,MOTOCICLETA,"ITALIKA, COLOR AMARILLA",5,23,0,1400,false,1,2,AUTOMOVIL,VOLKSWAGEN,GOLF,1,1,1707,Robo de autopartes y cristalazo,-102.24864265,21.88690282
191284389,30411,11,2019-11-22,5,4,58,1,FRACCIONAMIENTO,J GUADALUPE PERALTA GAMEZ,411,CALLE,ADELINA HERNANDEZ REYNOSO,NA,",,,",CALLE,CARMEN DE LUNA SEVILLA,CALLE,OFELIA SORIANA ESQUIVEL,CALLE,ANTONIO LEAL Y ROMERO,4,true,false,9,H,ND,0,0,N,N,5,22,0,0,false,1,2,AUTOMOVIL,CHEVROLET,CHEVY,1,1,1708,Robo de autopartes y cristalazo,-102.23209581,21.86467218
191284440,30403,11,2019-11-22,5,6,37,1,FRACCIONAMIENTO,LOMAS DEL AJEDREZ,1121,CALLE,DEL JAQUE,NA,"223,,,",CALLE,DE LA DAMA,AVENIDA,DEL REY,CALLE,DE LA TORRE,3,false,false,9,ND,ND,0,0,N,N,6,22,0,1500,false,4,2,AUTOMOVIL,NISSAN,TSURU,1,1,1709,Robo de autopartes y cristalazo,-102.25280523,21.84215753
191285121,30403,11,2019-11-22,5,11,40,1,FRACCIONAMIENTO,INSURGENTES,1046,CALLE,GENERAL FEDERICO MONTES,NA,"312,,,",CALLE,ABRAHAM GONZALEZ,CALLE,GENERAL LUIS MOYA,CALLE,CAPITAN GUSTAVO CARMENDIA,2,false,false,9,ND,ND,0,0,N,N,2,41,0,0,false,4,4,AUTOMOVIL,NISSAN,TSURU,1,2,1710,Robo de autopartes y cristalazo,-102.31290900,21.85013746
191286130,30411,11,2019-11-22,5,16,27,1,SIN TIPO,DESARROLLO 80 (BODEGA AURRERA GUADALUPE),924,AVENIDA,GUADALUPE,NA,",,,",AVENIDA,CONVENCION DE 1914 P,CALLE,FELIPE ANGELES,CALLE,ARROYO DE LOS ARELLANOS,6,false,false,9,ND,ND,0,0,N,N,3,"26,27,38",0,2000,false,1,1,AUTOMOVIL,NISSAN,SENTRA,1,1,1711,Robo de autopartes y cristalazo,-102.31209468,21.88563705
191287113,30403,11,2019-11-22,5,20,56,1,FRACCIONAMIENTO,INSURGENTES,1046,NA,PASEO DE LA ASUNCION,NA,",,,",CALLE,DOROTEO ARANGO,CALLE,DOCTOR MARIANO AZUELA,CALLE,JUAN SARABIA,2,false,false,9,ND,ND,0,0,N,N,4,"26,27,3",0,6000,false,4,1,AUTOMOVIL,NISSAN,PLATINA,1,1,1712,Robo de autopartes y cristalazo,-102.30102887,21.85248125
191287423,30411,11,2019-11-22,5,22,33,1,FRACCIONAMIENTO,JARDINES DEL SUR,958,AVENIDA,AGUASCALIENTES SUR,NA,",,,",CALLE,NEVADO DE COLIMA,AVENIDA,DE LAS AMERICAS,NA,PASEO DE LA ASUNCION,2,false,false,9,ND,ND,0,0,N,N,4,"26,27,28",80000,0,false,1,1,AUTOMOVIL,CHEVROLET,BEAT,1,1,1713,Robo de autopartes y cristalazo,-102.30114647,21.85991620
191287424,30403,11,2019-11-22,5,22,34,1,FRACCIONAMIENTO,BOSQUES DEL PRADO SUR,777,CALLE,SIERRA DE LAS PALOMAS,NA,",,,",CALLE,SIERRA DE TEPOZOTLAN,AVENIDA,UNIVERSIDAD,CALLE,SIERRA DEL HUMO,6,false,false,9,ND,ND,0,0,N,N,4,"26,27,38",0,5000,false,4,1,AUTOMOVIL,NISSAN,MARCH,1,1,1714,Robo de autopartes y cristalazo,-102.31123447,21.91436503
191287441,30403,11,2019-11-22,5,22,39,1,FRACCIONAMIENTO,TROJES DEL COBANO,517,CALLE,MADROÑO,NA,"322,,,",CALLE,TAMARINDO,CALLE,LAGO DE CHAPALA,CALLE,F,5,false,false,9,ND,ND,0,0,N,N,14,"22,24",0,10000,false,4,2,AUTOMOVIL,ND,ND,1,1,1715,Robo de autopartes y cristalazo,-102.27861530,21.90889495
191287875,30403,11,2019-11-23,6,1,33,2,COMUNIDAD,LA ESPERANZA,92P,CARRETERA,43,NA,",,,",CALLE,GORRIONES,CALLE,GOLONDRINAS,CALLE,PERICOS,7,false,false,9,ND,ND,0,0,N,N,5,24,0,0,false,4,2,CAMIONETA,GMC,JIMMY,1,1,1716,Robo de autopartes y cristalazo,-101.97936982,22.02717957
191288281,30403,11,2019-11-23,6,7,15,1,FRACCIONAMIENTO,VISTAS DE CUMBRES,493,CALLE,ARPA,NA,"1007,,,",AVENIDA,PIANO,CALLE,ARPA,CALLE,VIOLIN,4,false,false,9,ND,ND,0,0,N,N,1,"26,22,38",0,10000,false,4,1,CAMIONETA,TOYOTA,HILUX,1,1,1717,Robo de autopartes y cristalazo,-102.23864049,21.89503186
191288375,30403,11,2019-11-23,6,8,11,1,UNIDAD HABITACIONAL,POTRERO DEL OESTE,1098,ANDADOR,DE LA AURORA,NA,"119,,,",ANDADOR,NINGUNO,PROLONGACION,PASEO DE LA ASUNCION,ANDADOR,DEL RAYO,2,false,false,9,ND,ND,0,0,N,N,2,11,0,8000,false,4,1,CAMIONETA,FORD,WINSTAR,1,1,1718,Robo de autopartes y cristalazo,-102.30084379,21.84363459
191291040,30403,11,2019-11-23,4,21,2,1,COLONIA,SAN MARCOS ( DELEGACION POCITOS),650,CALLE,TALAMANTES,NA,",,,",CALLE,26 DE MARZO,CALLE,VERACRUZ,CALLE,PUEBLITO,6,false,false,9,ND,ND,0,0,AUTOMOVIL,"VW, COLOR NEGRO DESPINTADO, VIDRIOS POLARIZADOS, ESCAPE ABIERTO CON CORNETA ABIERTA",4,41,0,0,false,4,4,AUTOMOVIL,VOLKSWAGEN,BORA,1,1,1719,Robo de autopartes y cristalazo,-102.31343741,21.87953949
191292432,30403,11,2019-11-24,7,6,14,1,FRACCIONAMIENTO,MEXICO,1081,CALLE,CASA BLANCA,NA,",,,",CALLE,SINALOA,CALLE,TAMAULIPAS,AVENIDA,AGUASCALIENTES,3,true,false,9,"H,H",ND,0,0,N,N,5,41,0,0,false,4,4,AUTOMOVIL,VOLKSWAGEN,JETTA,1,1,1720,Robo de autopartes y cristalazo,-102.28147682,21.86240670
191293935,30411,11,2019-11-24,7,15,53,1,FRACCIONAMIENTO,J GUADALUPE PERALTA GAMEZ,411,CALLE,ISABEL JIMENEZ DIAZ,NA,",,,",CALLE,ELOISA BARBOSA CHAVEZ,CALLE,NINGUNO,CALLE,CALIXTO SERNA VALDIVIA,4,true,false,9,H,ND,0,0,N,N,3,22,0,0,true,1,2,AUTOMOVIL,NISSAN,TSURU,1,6,1721,Robo de autopartes y cristalazo,-102.23746045,21.87449003
191295112,30403,11,2019-11-24,7,22,4,1,FRACCIONAMIENTO,EJIDO LAS CUMBRES,403,CALLE,MARTIRES DEL RIO BLANCO,NA,",,,",CALLE,SIERRA DE LAS GARZAS,CALLE,CUMBRES DE MIAHUATLAN,CALLE,SIERRA IXTLAN,5,false,false,9,ND,ND,0,0,N,N,4,3,0,0,false,4,1,CAMIONETA,NISSAN,ND,1,1,1722,Robo de autopartes y cristalazo,-102.25358393,21.90739670
191278148,30403,11,2019-11-20,3,12,16,1,FRACCIONAMIENTO,LAS AMERICAS (DELEGACION CENTRO),1114,NINGUNO,LAS AMERICAS,NA,",,,",CALLE,REPUBLICA DOMINICANA,CALLE,REPUBLICA DE PANAMA,CALLE,REPUBLICA DE URUGUAY,2,false,false,9,H,JOSE LUIS ESPARZA RODRIGUEZ,1,0,N,N,3,"11,26,12",0,0,true,4,1,CAMIONETA,CHEVROLET,PANEL,1,4,1723,Robo de autopartes y cristalazo,-102.30260476,21.86815603
191273992,30403,11,2019-11-19,2,8,19,6,BARRIO,PALO ALTO,92,CALLE,EMILIANO ZAPATA,NA,",,,",AVENIDA,FRANCISCO I MADERO SUR,AVENIDA,IRRIGACION,CALLE,ZARAGOZA,7,false,false,9,ND,ND,0,0,N,N,2,25,0,0,false,4,2,ND,ND,ND,1,1,1724,Robo de autopartes y cristalazo,-102.27355400,22.14189958
191270716,30411,11,2019-11-18,1,8,35,1,COLONIA,SANTA FE,912,CALLE,PETROLEOS MEXICANOS,NA,",,,",CALLE,GRAN AVENIDA,CALLE,MEXICO,CAKKE,ESPERANZA,1,false,false,9,ND,ND,0,0,N,N,2,38,0,0,false,1,1,ND,ND,ND,1,1,1725,Robo de autopartes y cristalazo,-102.29383772,21.89247620
191273914,30411,11,2019-11-19,2,7,39,5,FRACCIONAMIENTO,PASEOS DE AGUASCALIENTES,117,CALLE,PASEOS DE JALTICHE,NA,",,,",CALLE,PASEOS DE RINCON DE ROMOS,CALLE,PASEOS DE SAN ANTONIO DE LOS HORCONES,CALLE,PASEOS DE GOMEZ PORTUGAL,7,false,false,9,H,JONATHAN SOTO BRIONES,1,0,N,N,2,11,0,0,true,1,1,AUTOMOVIL,DODGE,ATOS,1,4,1726,Robo de autopartes y cristalazo,-102.29985047,21.96800666
191277674,30411,11,2019-11-20,3,9,52,1,COLONIA,LAS FLORES,1072,AVENIDA,DE LAS ORQUIDEAS,NA,",,,",CALLE,AZALEAS,CALLE,CLAVELES,CALLE,LOS LAURELES,2,false,false,9,H,ND,0,0,N,N,2,41,0,0,false,1,4,AUTOMOVIL,CHEVROLET,CHEVY,1,2,1727,Robo de autopartes y cristalazo,-102.30473826,21.87361471
191283913,30411,11,2019-11-21,4,22,34,1,FRACCIONAMIENTO,MORELOS I,378,CALLE,30 DE JULIO,NA,",,,",CALLE,CAUDILLOS,CALLE,11-2,CALLE,11-1,3,true,false,9,ND,ND,0,0,MOTOCICLETA,EN COLOR NEGRA CON ROJO,4,"26,12",0,0,false,2,1,MOTOCICLETA,ND,ND,1,17,1728,Robo de autopartes y cristalazo,-102.26833759,21.85896322
191285124,30411,11,2019-11-22,5,11,41,5,COLONIA,EL TORITO,199,CALLE,ORQUIDEAS,NA,",,,",CALLE,MARGARITAS,CALLE,CHUCATA,CALLE,LAZARO CARDENAS,7,true,false,9,"H,H",ND,0,0,N,N,2,11,0,0,false,2,1,CAMIONETA,ND,ND,1,13,1729,Robo de autopartes y cristalazo,-102.35670637,21.96968592
191289037,30411,11,2019-11-23,6,11,57,1,FRACCIONAMIENTO,HACIENDAS DE AGUASCALIENTES,410,AVENIDA,HACIENDA DE OJOCALIENTE,NA,",,,",AVENIDA,SIGLO XXI,CALLE,HACIENDA DE JALTOMATE,CALLE,HACIENDA EL TORIL,4,false,false,9,ND,ND,0,0,N,N,2,38,0,3000,false,1,1,AUTOMOVIL,CHEVROLET,CHEVY,2,1,1730,Robo de autopartes y cristalazo,-102.25095820,21.88744747
191291403,30411,11,2019-11-23,6,22,48,1,FRACCIONAMIENTO,JARDINES DE LAS BUGAMBILIAS,1092,AVENIDA,AGUASCALIENTES SUR,NA,",,,",CALLE,HOSTAL DE LAS CAMELINAS,AVENIDA,HEROE DE NACOZARI,CALLE,INEGI,3,false,false,9,ND,ND,0,0,N,N,4,23,0,20000,false,3,1,CAMIONETA,VOLKSWAGEN,VAN,1,1,1731,Robo de autopartes y cristalazo,-102.28495863,21.85950283
191292802,30411,11,2019-11-24,7,10,4,1,FRACCIONAMIENTO,VILLAS DE NUESTRA SEÑORA DE LA ASUNCION (SECTOR ALAMEDA),516,CALLE,DIEGO PEREZ,NA,",,,",CALLE,FRANCISCO ARMENGOL,CALLE,GERONIMO DE LA CUEVA,CALLE,LUIS CHAVEZ,5,false,false,9,H,ND,0,0,N,N,2,41,0,0,false,1,4,AUTOMOVIL,HONDA,CIVIC,1,6,1732,Robo de autopartes y cristalazo,-102.26070451,21.93354082
191295666,30411,11,2019-11-25,1,3,18,1,FRACCIONAMIENTO,MEXICO,1081,NINGUNO,MICHOACAN,NA,"131,,,",AVENIDA,AGUASCALIENTES SUR,CALLE,CASA BLANCA,CALLE,TAMAULIPAS,3,false,false,9,ND,ND,0,0,N,N,5,24,0,0,false,1,2,AUTOMOVIL,ND,ND,1,2,1733,Robo de autopartes y cristalazo,-102.28063759,21.86088347
191295940,30411,11,2019-11-25,1,8,6,1,FRACCIONAMIENTO,CNOP ORIENTE,445,BOULEVARD,GUADALUPANO,NA,",,,",CALLE,MATIAS SAUCEDO,CALLE,J ANTONIO VELARDE,CALLE,PASCUAL CORNEJO,5,false,false,9,ND,ND,0,0,N,N,2,"27,12",0,0,false,1,1,CAMIONETA,ND,ND,1,6,1734,Robo de autopartes y cristalazo,-102.26734464,21.90385903
191296284,30411,11,2019-11-25,1,10,22,1,FRACCIONAMIENTO,NAZARIO ORTIZ GARZA,452,CALLE,PEDRO QUINTANAR,NA,",,,",BOULEVARD,GUADALUPANO,CALLE,MAHUATLAN,NINGUNO,NINGUNO,5,false,false,9,ND,ND,0,0,N,N,2,24,0,4000,false,1,2,CAMION,ND,ND,1,1,1735,Robo de autopartes y cristalazo,-102.25599399,21.90803768
191296971,30411,11,2019-11-25,1,13,45,5,COMUNIDAD,MARAVILLAS,183P,CALLE,LAS FLORES,NA,",,,",PRIVADA,LAS BUGAMBILIAS,PRIVADA,LAS FLORES,NINGUNO,NINGUNO,7,false,false,9,ND,ND,0,0,N,N,3,23,0,0,false,1,2,CAMIONETA,ND,ND,1,2,1736,Robo de autopartes y cristalazo,-102.33007907,21.95393626
191296089,30411,11,2019-11-25,1,9,14,1,FRACCIONAMIENTO,PROFESOR JOSE LOPEZ PORTILLO,955,CALLE,JOSE RAMIREZ PALOS,NA,"955,,,",CALLE,JOSE MARIA BOCANEGRA,CALLE,JOSE CALVILLO,CALLE,PROFESOR JOSE ANTONIO VELARDE,2,true,false,9,"H,H",JOHAN ALEXIS SANTA MARIA,1,0,N,N,2,11,0,0,true,1,1,CAMIONETA,FORD,VILLAGUER MERCURY,1,4,1737,Robo de autopartes y cristalazo,-102.32227297,21.85268526
191299208,30411,11,2019-11-26,2,10,56,1,FRACCIONAMIENTO,STEMA,467,CALLE,PABELLON DE ARTEAGA,NA,"109,,,",AVENIDA,JOSE H ESCOBEDO,AVENIDA,AGUASCALIENTES,CALLE,RINCON DE ROMOS,4,false,false,9,nd,nd,0,0,N,N,18,24,0,1500,false,1,2,AUTOMOVIL,FORD,FOCUS,1,1,1738,Robo de autopartes y cristalazo,-102.27165614,21.89721435
191299800,30403,11,2019-11-26,2,15,4,1,FRACCIONAMIENTO,OJOCALIENTE III,525,CALLE,LAS CUMBRES,NA,",,,",CALLE,EL MOCHO,CALLE,CIENEGUILLAS,CALLE,COECILLO,4,false,false,9,ND,ND,0,0,N,N,3,41,0,0,false,4,4,CAMIONETA,MINIVAN,ND,1,1,1739,Robo de autopartes y cristalazo,-102.24833793,21.87701199
191301077,30411,11,2019-11-26,2,20,26,1,FRACCIONAMIENTO,JARDINES DE LAS FUENTES,974,PROLONACION,JOSEFA ORTIZ DE DOMINGUEZ,NA,"701,,,",NINGUNO,AGUASCALIENTES SUR,CALLE,FRAY JUNIPERO SERRA,CALLE,JARDIN DE CHOLULA,3,false,false,9,ND,ND,0,0,N,N,27,"24,25",0,0,false,1,2,AUTOMOVIL,CHEVROLET,CHEVY,1,1,1740,Robo de autopartes y cristalazo,-102.28365651,21.86087447
191301474,30403,11,2019-11-26,2,21,59,1,SIN TIPO,DESARROLLO 109 (PLAZA FIESTA),972,AVENIDA,JOSE MARIA CHAVEZ,NA,",,,",AVENIDA,AGUASCALIENTES SUR,CALLE,JUNIPERO SERRA,CALLE,JUAN B. OROZCO,3,false,false,9,ND,ND,0,0,N,N,4,"26,27,38",0,0,false,4,1,AUTOMOVIL,NISSAN,SENTRA,1,1,1741,Robo de autopartes y cristalazo,-102.29263884,21.85875421
191301678,30403,11,2019-11-26,2,23,7,1,FRACCIONAMIENTO,MEXICO,1081,NA,HEROE DE NACOZARI SUR,NA,",,,",CALLE,CASA BLANCA,AVENIDA,AGUASCALIENTES SUR,CALLE,SONORA,3,false,false,9,ND,ND,0,0,N,N,4,"22,12,27",0,0,false,4,3,CAMIONETA,DODGE,CARAVAN,1,1,1742,Robo de autopartes y cristalazo,-102.28264058,21.86228955
191301831,30403,11,2019-11-27,3,0,48,1,FRACCIONAMIENTO,VILLA BONITA,451,CALLE,SANTA CECILIA,NA,"128,,,",CALLE,BLAS E ROMO,CALLE,ARIAS MUJICA,BOULEVARD,GUADALUPANO,5,false,false,9,ND,ND,0,0,N,N,5,39,0,0,false,4,4,AUTOMOVIL,CHEVROLET,CHEVY,1,1,1743,Robo de autopartes y cristalazo,-102.25916648,21.90576674
191301902,30411,11,2019-11-27,3,2,9,1,FRACCIONAMIENTO,BOSQUES DEL PRADO,847,CALLE,SIERRA DEL PRADO,NA,",,,",CALLE,SAN JULIAN,CALLE,SAN JUAN DE LOS LAGOS,CALLE,SIERRA MORENA,6,false,false,9,ND,ND,0,0,N,N,5,41,0,0,false,1,4,CAMIONETA,BUICK,ENCLAVE,1,1,1744,Robo de autopartes y cristalazo,-102.30858357,21.91653097
191302877,30403,11,2019-11-27,3,12,31,1,FRACCIONAMIENTO,LAS CUMBRES,441,NINGUNO,SIGLO XXI,NA,"302,,,",CALLE,AMBROSIO VERASTEGUI,CALLE,GRINSEL,NINGUNO,NINGUNO,5,false,false,9,ND,ND,0,0,N,N,1,41,0,0,false,4,4,CAMIONETA,FORD,WINSTAR,1,13,1745,Robo de autopartes y cristalazo,-102.26069180,21.91263711
191305563,30411,11,2019-11-28,4,3,22,1,FRACCIONAMIENTO,BENITO JUAREZ,466,AVENIDA,NAZARIO ORTIZ GARZA,NA,",,,",ANDADOR,K,AVENIDA,AGUASCALIENTES,AVENIDA,PARQUE VIA,4,false,false,9,H,ND,0,0,N,N,5,24,0,1000,false,1,2,AUTOMOVIL,VOLKSWAGEN,JETTA,1,1,1746,Robo de autopartes y cristalazo,-102.27322474,21.89988012
191305810,30411,11,2019-11-28,4,7,18,1,FRACCIONAMIENTO,CONJUNTO LOS NARANJOS,694,PROVADA,ANTONIO VILLAREAL,NA,"62,,,",CALLE,NARANJOS,NINGUNA,NINGUNA,CALLE,GENERAL PANFILO NATERA,5,false,false,9,ND,ND,0,0,N,N,2,38,0,0,false,1,1,ND,ND,ND,20,28,1747,Robo de autopartes y cristalazo,-102.28110434,21.93086355
191298953,30411,11,2019-11-28,4,8,51,1,COLONIA,MIRAVALLE,750,CALLE,JOSE MARIA AVILA,NA,"307,,,",CALLE,PEDRO GARCIA ROJAS,N/A,FUNDICION,CALLE,ALEJANDRO R. UGARTE,6,true,false,9,H,ND,1,0,N,N,2,"24,11,22",0,0,false,1,3,AUTOMOVIL,VOLKSWAGEN,ND,1,4,1748,Robo de autopartes y cristalazo,-102.31039419,21.89355558
191306748,30411,11,2019-11-28,4,13,4,1,CONDOMINIO,OJOCALIENTE FOVISSSTE I,739,CALLE,CERRO DEL TEYEYAC,NA,"105,,,",CALLE,CERRO DE LA JOYA,CALLE,CERRO DE HUITZILAC,AVENIDA,ANTARES,3,false,false,9,"H,H",ND,0,0,N,N,3,24,0,0,false,1,2,ND,ND,ND,1,2,1749,Robo de autopartes y cristalazo,-102.26215134,21.87166626
191308964,30403,11,2019-11-29,5,0,5,1,COLONIA,OBRAJE,987,BOULEVARD,JOSE MARIA CHAVEZ,NA,"644,,,",CALLE,ALBA,CALLE,PIMENTEL,CALLE,BELAUNZARAN,1,false,false,9,ND,ND,0,0,N,N,5,"26,12",0,5000,false,4,1,AUTOMOVIL,CHEVROLET,BEAT,1,13,1750,Robo de autopartes y cristalazo,-102.29495584,21.87370620
191309579,30403,11,2019-11-29,5,6,57,1,DESARROLLO ESPECIAL,ZONA FERIAL,1063,NA,LIENZO CHARRO,NA,",,,",CALLE,LOS LAURELES,CALLE,RAFAEL RODRIGUEZ DOMINGUEZ,NINGUNO,NINGUNO,2,false,false,9,ND,ND,0,0,N,N,5,38,0,0,false,4,4,CAMIONETA,CHEVROLET,ND,1,1,1751,Robo de autopartes y cristalazo,-102.30871273,21.87141728
191309668,30403,11,2019-11-29,5,7,46,1,FRACCIONAMIENTO,PERIODISTAS,404,CALLE,REDACTORES,NA,"110,,,",CALLE,VOCEADORES,AVENIDA,DEL REY,CALLE,IMPRESORES,3,false,false,9,ND,ND,0,0,N,N,2,41,0,0,false,4,4,AUTOMOVIL,NISSAN,TIIDA,1,1,1752,Robo de autopartes y cristalazo,-102.24872076,21.85320696
191309934,30403,11,2019-11-29,5,9,27,1,FRACCIONAMIENTO,VILLA JARDIN,726,PROLONGACION,PASEO DE LA ASUNCION,NA,",,,",NINGUNO,AGUASCALIENTES SUR,CALLE,FRAY JUNIPERO SERRA,NINGUNO,NINGUNO,2,false,false,9,ND,ND,0,0,N,N,4,"26,27,28",2000,0,false,4,1,AUTOMOVIL,NISSAN,VERSA,1,1,1753,Robo de autopartes y cristalazo,-102.29862956,21.85999374
191311139,30411,11,2019-11-29,5,15,14,1,FRACCIONAMIENTO,INSURGENTES,1046,CALLE,NINGUNO,NA,"309,,,",CALLE,ABRAHAM GONZALEZ,AVENIDA,CONVENCION,CALLE,INGENIERO PASTOR ROUALX,2,true,false,9,ND,ND,0,0,N,N,3,"27,26,6",0,900,true,3,1,AUTOMOVIL,ND,ND,1,13,1754,Robo de autopartes y cristalazo,-102.30521790,21.85007926
191312164,30411,11,2019-11-29,5,19,13,5,FRACCIONAMIENTO,PASEOS DE AGUASCALIENTES,117,CALLE,CARDINAL,NA,",,,",CALLE,PASEOS DE VALLADOLID,NA,INDEPENDENCIA,CALLE,PASEOS DE SAN JOSE DE GRACIA,7,true,false,9,ND,ND,0,0,AUTOMOVIL,HONDA CIVIC EN COLO BLANCO CON PLACAS AFH3096,3,28,4700,0,false,3,1,CAMIONETA,FORD,LOBO,1,1,1755,Robo de autopartes y cristalazo,-102.29412360,21.96450464
191312751,30411,11,2019-11-29,5,21,6,1,FRACCIONAMIENTO,LOMAS DEL PICACHO,50P,CALLE,LIENZO,NA,"239,,,",CALLE,LA HERRADURA,CALLE,LOS CAPORALES,CALLE,PASEOS DE LA HACIENDA,7,false,false,9,ND,ND,0,0,N,N,4,"26,6",0,10000,false,1,1,AUTOMOVIL,CHEVROLET,CHEVY,1,1,1756,Robo de autopartes y cristalazo,-102.39557886,21.88866668
191313017,30403,11,2019-11-29,5,22,11,1,COLONIA,ZONA CENTRO,906,CALLE,16 DE SEPTIEMBRE,NA,",,,",AVENIDA,LICENCIADO ADOLFO LOPEZ MATEOS PONIENTE,CALLE,FRANCISCO G HORNEDO,CALLE,DOCTOR JESUS DIAZ DE LEON,1,false,false,9,ND,ND,0,0,N,N,4,"26,38,28",1200,9000,false,4,1,AUTOMOVIL,FORD,EXPEDITION,1,17,1757,Robo de autopartes y cristalazo,-102.29190101,21.87928809
191313087,30411,11,2019-11-29,5,22,28,1,FRACCIONAMIENTO,LAS AMERICAS (DELEGACION CENTRO),1114,AVENIDA,QUINTA,NA,",,,",CALLE,REPUBLICA DE ECUADOR,CALLE,REPUBLICA DE COLOMBIA,CALLE,REPUBLICA DE BRASIL,2,false,false,9,ND,ND,0,0,N,N,4,"26,38",0,2000,false,1,1,AUTOMOVIL,CHEVROLET,BEAT,1,1,1758,Robo de autopartes y cristalazo,-102.29770105,21.86946795
191313181,30403,11,2019-11-29,5,22,57,1,COLONIA,SAN MARCOS (DELEGACION CENTRO),736,CALLE,26 DE MARZO,NA,",,,",CALLE,NIETO,AVENIDA,CONVENCION DE 1914,CALLE,NICOLAS RAMIREZ,6,false,false,9,ND,ND,0,0,N,N,4,"26,6",0,15000,false,4,1,CAMIONETA,TOYOTA,HILUX,1,1,1759,Robo de autopartes y cristalazo,-102.31141418,21.87456312
191313816,30411,11,2019-11-30,6,3,43,1,FRACCIONAMIENTO,MIRADOR DE LAS CULTURAS,442,CALLE,CULTURA OTOMI 408,NA,",,18,",CALLE,CULTURA CHICHIMECA,AVENIDA,CULTURA OTOMI,CALLE,CULTURA OTOMI 406,5,false,false,9,ND,ND,0,0,N,N,5,41,0,0,false,1,4,AUTOMOVIL,CHEVROLET,CAVALIER,1,13,1760,Robo de autopartes y cristalazo,-102.24738680,21.90956945
191314937,30403,11,2019-11-30,6,12,58,5,FRACCIONAMIENTO,PASEOS DE AGUASCALIENTES,117,CALLE,PASEOS DE CALVILLO,NA,",,,",CALLE,PASEOS DE PABELLON DE HIDALGO,CALLE,PASEOS DE MALPASO,CALLE,PASEOS DE CHAYOTE,7,false,false,9,ND,ND,0,0,N,N,3,24,0,0,false,4,2,AUTOMOVIL,NISSAN,TSURU,1,1,1761,Robo de autopartes y cristalazo,-102.29650974,21.96957630
191317497,30411,12,2019-12-01,7,1,15,5,COLONIA,EL LLANO,118,AVENIDA,PASEOS DE LAS MARAVILLAS,NA,",,,",PRIVADA,LARA GONZALEZ,PRIVADA,NINGUNO,NINGUNO,NINGUNO,7,false,false,9,ND,ND,0,0,N,N,5,"26,38,12,28",300,6000,false,1,1,AUTOMOVIL,HONDA,CIVIC,1,1,1762,Robo de autopartes y cristalazo,-102.32429420,21.93784558
191318588,30403,12,2019-12-01,7,8,23,1,FRACCIONAMIENTO,RODOLFO LANDEROS GALLEGOS,459,AVENIDA,SIGLO XXI,NA,"904,,,",AVENIDA,RODOLFO LANDEROS GALLEGOS,CALLE,PAZ ROMO DE VIVAR,CALLE,ALTAGRACIA REYES A,5,false,false,9,ND,ND,0,0,N,N,2,41,0,0,false,4,4,CAMIONETA,NISSAN,FRONTIER,1,1,1763,Robo de autopartes y cristalazo,-102.25482377,21.90199159
191319599,30403,12,2019-12-01,7,13,48,1,BARRIO,EL ENCINO,1096,CALLE,CRISTOBAL COLON,NA,",,,",CALLE,DEL SOL,CALLE,HEROES DE CHAPULTEPEC,CALLE,DOCTOR JESUS DIAZ DE LEON,1,false,false,9,ND,ND,0,0,N,N,3,41,0,0,false,4,4,CAMIONETA,FORD,ECOSPORT,1,2,1764,Robo de autopartes y cristalazo,-102.29453857,21.87739821
191321356,30403,12,2019-12-01,7,23,9,1,BARRIO,SAN MARCOS,735,CALLE,TALAMANTES,NA,",,,",CALLE,DOCTOR PEDRO DE ALBA,CALLE,RINCON,CALLE,IGNACIO LOMAS,1,false,false,9,ND,ND,0,0,N,N,4,26,0,900,false,4,1,AUTOMOVIL,FORD,FIGO,1,1,1765,Robo de autopartes y cristalazo,-102.30871401,21.87968833
191298198,30411,11,2019-11-25,1,22,31,1,COLONIA,CUMBRES III,320P,CALLE,MIGUEL ALEMAN,NA,",,,",CALLE,CARLOS CASTILLO PEREZA,CALLE,JOSE GONZALEZ TORRES,PRIVADA,EFRAIN GONZALES LUNA,5,false,false,9,ND,ND,0,0,N,N,4,38,0,0,true,1,1,CAMIONETA,FORD,RANGER,1,13,1766,Robo de autopartes y cristalazo,-102.23675697,21.92233903
191295829,30411,11,2019-11-25,1,7,5,1,FRACCIONAMIENTO,VISTAS DE ORIENTE,489,CALLE,CATARATAS DEL NIAGARA,NA,"110,92,,",CALLE,SANTIAGO 202,CALLE,SANTIAGO 202,CALLE,SANTIAGO,4,false,false,9,ND,ND,0,0,N,N,6,41,0,0,false,1,4,CAMIONETA,MAZDA,ND,1,6,1767,Robo de autopartes y cristalazo,-102.23412416,21.88239557
191311800,30411,11,2019-11-29,5,17,42,1,CC,CHEDRAUI,1033,BOULEVARD,JOSE MARIA CHAVEZ,NA,",,,",AVENIDA,AGUASCALIENTES SUR,CALLE,VALENTE QUINTANA,AVENIDA,JOSE MARIA CHAVEZ,2,false,false,9,ND,ND,0,0,N,N,3,26,0,0,false,1,1,CAMIONETA,NISSAN,ND,1,6,1768,Robo de autopartes y cristalazo,-102.29334508,21.85486496
191313847,30411,11,2019-11-30,6,4,0,1,COLONIA,OBRAJE,987,NINGUNO,REPUBLICA DE ECUADOR,NA,",,,",CALLE,CORONEL VALENTE ARTEAGA,NINGUNO,GALEANA SUR,CERRADA,RAMOS,2,false,false,9,ND,ND,0,0,N,N,5,41,0,0,false,1,4,AUTOMOVIL,ND,ND,1,13,1769,Robo de autopartes y cristalazo,-102.29646069,21.87031952
191314619,30411,11,2019-11-30,6,10,47,1,FRACCIONAMIENTO,NAZARIO ORTIZ GARZA,452,AVENIDA,SIGLO XXI,NA,",,,",BOULEVARD,GUADALUPANO,CALLE,MANUEL GARCIA MARTINEZ,CALLE,ARIAS MUJICA,5,false,false,9,ND,ND,0,0,N,N,2,38,0,0,false,1,3,CAMION,ND,ND,1,1,1770,Robo de autopartes y cristalazo,-102.25703000,21.90660613
191304402,30403,11,2019-11-27,3,19,29,1,FRACCIONAMIENTO,EL DORADO 2A SECCION,1107,CALLE,CANADA,NA,",,,",CALLE,GALICIA,CALLE,NAVARRA,CALLE,SANTANDER,2,false,false,9,ND,ND,0,0,N,N,4,41,0,0,false,4,4,ND,ND,ND,1,17,1771,Robo de autopartes y cristalazo,-102.30841951,21.86008850
191307913,30411,11,2019-11-28,4,18,21,1,FRACCIONAMIENTO,SANTA ANITA (DELEGACION JESUS TERAN),482,AVENIDA,GABRIELA MISTRAL,NA,",,,",CALLE,LUIS COLOMA,CALLE,MIGUEL DE CERVANTES SAAVEDRA,CALLE,FEDERICO GARCIA LORCA,4,true,false,9,ND,ND,0,0,N,N,3,26,0,0,false,3,1,CAMIONETA,FORD,WINSTAR,1,1,1772,Robo de autopartes y cristalazo,-102.27803274,21.89949001
191308522,30411,11,2019-11-28,4,21,25,1,FRACCIONAMIENTO,CIRCUNVALACION NORTE (DELEGACION POCITOS),808,AVENIDA,INDEPENDENCIA,NA,"1727,,,",CALLE,MARGIL DE JESUS,AVENIDA,CONVENCION DE 1914 NORTE,CALLE,ENCINO,6,false,false,9,ND,ND,0,0,N,N,4,38,0,6000,false,1,1,CAMIONETA,CHEVROLET,EXPRESS,1,1,1773,Robo de autopartes y cristalazo,-102.29626253,21.90133200
191304906,30411,11,2019-11-27,3,21,32,1,FRACCIONAMIENTO,MORELOS I,1120,AVENIDA,AGUASCALIENTES SUR,NA,",,,",PROLONGACION,30 DE SEPTIEMBRE,AVENIDA,HEROE INMORTAL,CALLE,CAUDILLOS,3,false,false,9,ND,ND,0,0,N,N,4,"12,3",0,100000,false,1,1,CAMIONETA,HONDA,CRV,1,1,1774,Robo de autopartes y cristalazo,-102.27103604,21.85983372
191322074,30411,12,2019-12-02,1,5,55,1,FRACCIONAMIENTO,DEL VALLE 2A SECCION,746,CALLE,PARIS,NA,"1105,,,",CALLE,VIENA,CALLE,PRAGA,CALLE,FLORENCIA,6,false,false,9,ND,ND,0,0,N,N,5,24,0,0,false,1,2,CAMIONETA,FORD,ND,1,1,1775,Robo de autopartes y cristalazo,-102.32141788,21.87651395
191322074,30403,12,2019-12-02,1,8,47,1,FRACCIONAMIENTO,SANTA ELENA,1105,AVENIDA,IGNACIO T. CHAVEZ,NA,",,,",CALLE,MEDELLIN,AVENIDA,CONVENCION DE 1914 SUR,CALLE,REPUBLICA DE BELICE,2,false,false,9,ND,ND,0,0,N,N,2,"26,27,28",300,20000,false,4,1,AUTOMOVIL,CHEVROLET,BEAT,1,1,1776,Robo de autopartes y cristalazo,-102.30744428,21.86989135
191326366,30411,12,2019-12-03,2,11,27,1,COLONIA,SAN PEDRO,397,AVENIDA,SIGLO XXI,NA,",,,",AVENIDA,MAHATMA GANDHI,CALLE,ROSAURA ZAPATA,CALLE,DOMINGO DIEZ,2,false,false,9,H,ND,0,0,N,N,2,3,0,3000,false,1,1,ND,ND,ND,1,1,1777,Robo de autopartes y cristalazo,-102.29441640,21.84452593
191326675,30411,12,2019-12-03,2,13,8,1,BARRIO,LA PURISIMA,915,CALLE,JUAN DE MONTORO,NA,",,,",CALLE,ENRIQUE M DEL VALLE,CALLE,COSIO SUR,CALLE,ENRIQUE M DEL VALLE,1,false,false,9,ND,ND,0,0,N,N,3,22,0,1300,false,1,2,AUTOMOVIL,NISSAN,ND,1,1,1778,Robo de autopartes y cristalazo,-102.28636682,21.88261602
191327709,30403,12,2019-12-03,2,17,40,1,FRACCIONAMIENTO,PRADOS DEL SUR,1100,CALLE,CAPITAN DIEGO FERNANDEZ VILLA,NA,"147,,,",CALLE,SARGENTO LUCIANO PONCE,NINGUNO,NINGUNO,PRIVADA,PICO DE ORIZABA,2,false,false,9,ND,ND,0,0,N,N,3,12,0,0,false,4,1,AUTOMOVIL,NISSAN,VERSA,1,1,1779,Robo de autopartes y cristalazo,-102.29698178,21.85603447
191328311,30403,12,2019-12-03,2,20,8,1,COLONIA,OLIVARES SANTANA,721,NINGUNO,CONVENCION DE 1914 PONIENTE,NA,",,,",CALLE,PEDRO GARCIA ROJAS,NA,FUNDICION,CALLE,BENJAMI DE LA MORA,6,false,false,9,ND,ND,0,0,N,N,14,"26,27,38,28",2000,0,false,4,1,CAMIONETA,NISSAN,ROGUE,1,1,1780,Robo de autopartes y cristalazo,-102.31192989,21.89429997
191328506,30403,12,2019-12-03,2,20,54,5,COLONIA,EL LLANITO,118,AVENIDA,GUADALUPE,NA,",,,",PRIVADA,SANTA CRUZ,NINGUNO,NINGUNO,NINGUNO,NINGUNO,7,false,false,9,ND,ND,0,0,N,N,4,39,0,0,false,4,4,CAMIONETA,ND,ND,1,1,1781,Robo de autopartes y cristalazo,-102.31941079,21.94979446
191328805,30403,12,2019-12-03,2,22,12,1,FRACCIONAMIENTO,BOSQUES DEL PRADO,847,CALLE,SIERRA MORENA,NA,"212,,,",CALLE,MONTE EVEREST,CALLE,SAN JUAN DE LOS LAGOS,CALLE,SIERRA DE LA CANELA,6,false,false,9,ND,ND,0,0,N,N,4,38,0,4000,false,4,1,CAMIONETA,MAZDA,CX5,1,1,1782,Robo de autopartes y cristalazo,-102.31180879,21.91692340
191329649,30403,12,2019-12-04,3,8,46,1,FRACCIONAMIENTO,STEMA,467,CALLE,PABELLON DE ARTEAGA,NA,109,AVENIDA,JOSE H. ESCOBEDO,AVENIDA,AGUASCALIENTES,CALLE,RINCON DE ROMOS,4,false,false,9,ND,ND,0,0,N,N,15,22,0,0,false,4,2,AUTOMOVIL,NISSAN,ALTIMA,1,6,1783,Robo de autopartes y cristalazo,-102.27152890,21.89708502
191330896,30411,12,2019-12-04,3,16,20,1,FRACCIONAMIENTO,PRADOS DEL SUR,1100,CALLE,GERTRUDIS BOCANEGRA,NA,",,,",CALLE,NEVADO DE TOLUCA,CALLE,NEVADO DE COLIMA,CALLE,SARGENTO,0,false,false,9,ND,ND,0,0,N,N,3,"26,6",0,20000,false,1,1,CAMIONETA,HONDA,ND,1,1,1784,Robo de autopartes y cristalazo,-102.29789016,21.85787908
191331536,30411,12,2019-12-04,3,19,20,1,UNIDAD HABITACIONAL,POTRERO DEL OESTE,1098,ANDADOR,AMANCER,NA,"116,,,",ANDADOR,NINGUNO,CALLE,CANARIO,CALLE,MAYOR PABLO GARCIA,2,false,false,9,ND,ND,0,0,N,N,3,25,0,1200,false,2,2,AUTOMOVIL,VOLKSWAGEN,JETTA,1,6,1785,Robo de autopartes y cristalazo,-102.29952711,21.84223545
191332086,30411,12,2019-12-04,3,21,58,1,FRACCIONAMIENTO,LINDAVISTA,407,AVENIDA,CONVENCION DE 1914 SUR,NA,",,,",CALLE,JARDIN DE GUADALUPE,CALLE,DIEGO DE IBARRA,CALLE,JARDIN DEL ESTUDIANTE,3,false,false,9,ND,ND,0,0,N,N,4,11,0,30000,false,2,1,CAMIONETA,NISSAN,ND,1,1,1786,Robo de autopartes y cristalazo,-102.28975293,21.86594756
191332556,30403,12,2019-12-05,4,1,14,1,COLONIA,OBRAJE,987,NINGUNO,AYUNTAMIENTO,NA,",,,",NINGUNO,GALEANA,CALLE,DEFENSA DE LA REPUBLICA,CALLE,ANAHUAC,2,false,false,9,ND,ND,0,0,N,N,3,"38,13,26,38",0,10000,false,4,1,CAMIONETA,CHEVROLET,TRACKER,1,13,1787,Robo de autopartes y cristalazo,-102.29749809,21.87396231
191335435,30403,12,2019-12-05,4,21,27,1,FRACCIONAMIENTO,INDUSTRIAL,831,BOULEVARD,A ZACATECAS,NA,",,,",CALLE,EBANO,CALLE,INDUSTRIA,CALLE,TROQUEL,6,false,false,9,ND,ND,0,0,N,N,4,38,0,0,false,4,1,CAMIONETA,VOLKSWAGEN,ND,1,6,1788,Robo de autopartes y cristalazo,-102.29230384,21.90432457
191335737,30403,12,2019-12-05,4,23,24,1,FRACCIONAMIENTO,BOSQUES DEL PRADO,847,CALLE,SIERRA MORENA,NA,",,,",CALLE,MONTE EVEREST,CALLE,SAM JUAN DE LOS LAGOS,CALLE,SIERRA DE LA CANELA,6,false,false,9,ND,ND,0,0,N,N,4,"26,6,38",0,8000,false,4,1,CAMIONETA,CHEVROLET,TRACKER,1,6,1789,Robo de autopartes y cristalazo,-102.31200213,21.91691691
191335917,30403,12,2019-12-06,5,0,31,1,COLONIA,ZONA CENTRO,906,CALLE,VENUSTIANO CARRANZA,NA,",,,",CALLE,MARIANO MATAMOROS,CALLE,JOSE F ELIZONDO,CALLE,GENERAL IGNACIO ALLENDE,1,false,false,9,ND,ND,0,0,N,N,5,"11,26",0,0,false,4,1,CAMIONETA,ND,ND,1,1,1790,Robo de autopartes y cristalazo,-102.30052722,21.88013095
191336323,30403,12,2019-12-06,5,7,33,1,FRACCIONAMIENTO,BULEVAR,733,AVENIDA,CONVENCION DE 1914 SUR,NA,",,,",CALLE,MIGUEL CALDERA,BOULEVARD,JOSE MARIA CHAVEZ,CALLE,JARDIN DEL ESTUDIANTE,3,false,false,9,"H,H,H",ND,0,0,CAMIONETA,CARAVAN EN COLOR AZUL,2,26,0,0,false,4,1,AUTOMOVIL,VOLKSWAGEN,VENTO,1,1,1791,Robo de autopartes y cristalazo,-102.29186197,21.86574618
191336323,30403,12,2019-12-06,5,7,33,1,FRACCIONAMIENTO,BULEVAR,733,AVENIDA,CONVENCION DE 1914 SUR,NA,",,,",CALLE,MIGUEL CALDERA,BOULEVARD,JOSE MARIA CHAVEZ,CALLE,JARDIN DEL ESTUDIANTE,3,true,false,,"H,H,H",ND,0,0,CAMIONETA,CARAVAN EN COLOR AZUL,2,41,0,0,false,4,4,CAMIONETA,HYUNDAI,CRETA,1,1,1792,Robo de autopartes y cristalazo,-102.29179231,21.86574631
191339293,30403,12,2019-12-06,5,22,18,1,FRACCIONAMIENTO,MEXICO,1081,AVENIDA,AGUASCALIENTES SUR,NA,",,,",CALLE,NAYARIT,CALLE,MICHOACAN,CALLE,CASA BLANCA,3,false,false,9,H,ND,0,0,N,N,4,39,0,0,false,4,4,AUTOMOVIL,HONDA,ACCORD,1,1,1793,Robo de autopartes y cristalazo,-102.28014269,21.86038064
191339774,30403,12,2019-12-07,6,1,35,5,FRACCIONAMIENTO,LOMAS DE JESUS MARIA,164,AVENIDA,ALEJANDRO DE LA CRUZ,NA,",,,",CALLE,DE LA LUNA,AVENIDA,EUGENIO GARZA SADA,PRIVADA,LA VENTA,7,false,false,9,ND,ND,0,0,N,N,5,41,0,0,false,4,4,CAMIONETA,ND,ND,1,13,1794,Robo de autopartes y cristalazo,-102.34372210,21.95249879
191339799,30403,12,2019-12-07,6,1,49,1,FRACCIONAMIENTO,GOMEZ (DELEGACION POCITOS),663,NA,CONVENCION DE 1914 PONIENTE,NA,",,,",NA,PROLONGACION DOCTOR SALVADOR QUEZADA LIMON,CALLE,TLAXCALA,CALLE,26 DE MARZO,6,false,false,9,ND,ND,0,0,N,N,5,"26,38",0,0,false,4,1,CAMIONETA,JEEP,LIBERTY,1,1,1795,Robo de autopartes y cristalazo,-102.31265235,21.88532257
191340262,30403,12,2019-12-07,6,7,27,1,FRACCIONAMIENTO,MUNICIPIO LIBRE,768,CALLE,EVOLUCION,NA,",,,",CALLE,TORCAZAS,CALL E,JABONERAS,CALLE,LAS AVES,4,false,false,9,ND,ND,0,0,N,N,14,"26,27,11",0,1000,false,4,1,CAMIONETA,FORD,RANGER,1,1,1796,Robo de autopartes y cristalazo,-102.25427079,21.89733620
191342427,30403,12,2019-12-07,6,18,21,1,FRACCIONAMIENTO,LOMAS DEL PICACHO,50P,CALLE,LA HERRADURA,NA,",,,",CALLE,PASEO DE LA ESPUELA,CALLE,EL COLEADERO,CALLE,PASEO DEL CHARRO,7,false,false,9,ND,ND,0,0,N,N,3,38,0,30000,false,4,1,ND,ND,ND,1,1,1797,Robo de autopartes y cristalazo,-102.39501980,21.88876763
191344313,30403,12,2019-12-08,7,2,47,1,FRACCIONAMIENTO,INSURGENTES,1046,AVENIDA,CONVENCION,NA,",,,",CALLE,JUAN SARABIA,CALLE,JOSE MARIA MAYTORENA,AVENIDA,ABRAHAM GONZALEZ,2,false,false,9,ND,ND,0,0,N,N,5,41,0,0,false,4,4,CAMIONETA,FORD,WINSTAR,1,1,1798,Robo de autopartes y cristalazo,-102.30212338,21.84978186
191346740,30403,12,2019-12-08,7,19,23,1,BARRIO,B SAN MARCOS,735,CALLE,JESUS F CONTRERAS,NA,",,,",CALLE,MONROY,PEANTONAL,ARTURO J. PANI,CALLE,MANUEL M PONCE,1,false,false,9,ND,ND,0,0,N,N,22,"6,26,27,38",0,0,false,4,1,AUTOMOVIL,HYUNDAI,ND,1,1,1799,Robo de autopartes y cristalazo,-102.30475808,21.87972048
191347176,30403,12,2019-12-08,7,22,16,1,COLONIA,C SAN MARCOS (DELEGACION CENTRO),736,AVENIDA,CONVENCION DE 1914 PONIENTE,NA,",,,",CALLE,PUEBLITO,CALLE,NAVARRETE,CALLE,DAVID REYNOSO FLORES,6,false,false,9,ND,ND,0,0,N,N,4,"22,26,27,38",1500,0,false,4,3,CAMIONETA,TOYOTA,ND,1,1,1800,Robo de autopartes y cristalazo,-102.31216273,21.87876250
191336148,30403,12,2019-12-06,5,3,53,1,COLONIA,ZONA CENTRO,906,CALLE,CONDELL,NA,"213,,,",CALLE,GUZMAN,CALLE,JOSE MARIA Y PAVON,NINGUNO,NINGUNO,1,false,false,9,"H,H",ND,0,0,N,N,5,41,0,0,false,4,4,ND,ND,ND,1,6,1801,Robo de autopartes y cristalazo,-102.29583058,21.88670864
191332769,30411,12,2019-12-05,4,6,20,1,FRACCIONAMIENTO,VALLE DE LAS TROJES,860,CALLE,TRIGALES,NA,"123,,,",CALLE,VALLE DE GUADALUPE,PROLONGACION,GENERAL IGNACIO ZARAGOZA,CALLE,VIVEROS,6,false,false,9,ND,ND,0,0,N,N,16,11,0,15000,false,1,1,AUTOMOVIL,SEAT,IBIZA,1,1,1802,Robo de autopartes y cristalazo,-102.30666669,21.92883223
191332769,30411,12,2019-12-02,4,6,20,1,FRACCIONAMIENTO,VALLE DE LAS TROJES,860,CALLE,TRIGALES,NA,"123,,,",CALLE,VALLE DE GUADALUPE,PROLONGACION,GENERAL IGNACIO ZARAGOZA,CALLE,VIVEROS,6,false,false,9,ND,N,0,0,N,N,16,11,0,0,false,1,1,AUTOMOVIL,FORD,FOCUS,1,1,1803,Robo de autopartes y cristalazo,-102.30664956,21.92883227
191333094,30411,12,2019-12-05,4,9,21,6,COLONIA,5 DE MAYO,91,AVENIDA,LAZARO CARDENAS,NA,"76,,,",CALLE,FELIPE ANGELES,CALLE,FELIPE CARRILLO PUERTO,NINGUNO,REVOLUCION,7,false,false,9,ND,ND,0,0,N,N,2,22,0,0,false,1,2,CAMIONETA,NISSAN,ND,1,1,1804,Robo de autopartes y cristalazo,-102.27716954,22.14207119
191335328,30411,12,2019-12-05,4,20,52,1,BARRIO,B SAN MARCOS,735,CALLE,PROFESOR ALEJANDRO TOPETE DEL VALLE,NA,"101,,A,",CALLE,NIETO,AVENIDA,LICENCIADO ADOLFO LOPEZ MATEOS PONIENTE,PEATONAL,ARTURO J PANI,1,false,false,9,ND,ND,0,0,N,N,14,"26,38",0,1000,false,1,1,AUTOMOVIL,CHEVROLET,CHEVY,1,2,1805,Robo de autopartes y cristalazo,-102.30290555,21.87790148
191335596,30411,12,2019-12-05,4,22,25,1,COLONIA,SAN PABLO,921,CALLE,GENERAL IGNACIO ZARAGOZA,NA,",,,",CALLE,PETROLEOS MEXICANOS,CALLE,RIO PIRULES,CALLE,MARINA NACIONAL,6,false,false,9,ND,ND,0,0,N,N,4,24,0,0,false,1,2,CAMIONETA,CHEVROLET,ND,1,1,1806,Robo de autopartes y cristalazo,-102.29588435,21.89099016
191335895,30411,12,2019-12-06,5,0,24,1,COLONIA,ZONA CENTRO,906,CALLE,RAYON,NA,"211,,,",CALLE,ARCE,CALLE,GENERAL VICENTE GUERRERO SUR,CALLE,INSURGENTES,1,false,false,9,ND,ND,0,0,N,N,2,25,0,0,false,2,2,CAMIONETA,JEEP,CHEROKEE,1,17,1807,Robo de autopartes y cristalazo,-102.29796248,21.87848253
191340965,30411,12,2019-12-07,6,11,53,1,FRACCIONAMIENTO,DEL VALLE 1A SECCION,734,CALLE,PARIS,NA,"206,,,",CALLE,26 DE MARZO,NA,CONVENCION DE 1914 PONIENTE,CALLE,NICOLAS RAMIREZ,6,false,false,9,H,ND,0,0,BICICLETA,EN COLOR NARANJA CON CAJA EN LA PARTE TRASERA,2,25,0,0,false,2,2,AUTOMOVIL,ND,ND,1,2,1808,Robo de autopartes y cristalazo,-102.31261098,21.87709538
191341459,30411,12,2019-12-07,6,14,6,1,CC,VELARIA MALL,977,AVENIDA,DE LOS MAESTROS,NA,",,,",NINGUNO,NINGUNO,NINGUNO,NINGUNO,NINGUNO,NINGUNO,2,false,false,9,ND,ND,0,0,N,N,3,38,0,0,false,2,2,MOTOCICLETA,ND,ND,1,1,1809,Robo de autopartes y cristalazo,-102.31445748,21.85866158
191342785,30411,12,2019-12-07,6,19,43,1,BARRIO,LA SALUD,1122,NA,PASEO DE LA CRUZ,NA,"1007,,,",CALLE,SOLEDAD,NA,HEROE DE NACOZARI SUR,NINGUNO,NINGUNO,3,false,false,9,ND,ND,0,0,N,N,3,"26,27",0,0,false,1,1,AUTOMOVIL,HONDA,CIVIC,1,1,1810,Robo de autopartes y cristalazo,-102.28234339,21.87345315
191345188,30411,12,2019-12-08,7,10,53,1,COLONIA,ZONA CENTRO,906,CALLE,DURAGO,NA,"115,,,",CALLE,TORREON,CALLE,VAZQUEZ DEL MERCADO,CALLE,GENERAL MIGUEL BARRGAN,1,false,false,9,ND,ND,0,0,N,N,16,24,0,0,false,1,2,AUTOMOVIL,VOLKSWAGEN,POINTER,1,1,1811,Robo de autopartes y cristalazo,-102.28897440,21.88572269
191329628,30411,12,2019-12-04,3,8,38,1,FRACCIONAMIENTO,LOS PERICOS,770,CALLE,SANTA ELENA,NA,",,,",CALLE,POLIDUCTO,CALLE,SANTA CECILIA,CALLE,SANTA EDUVIGES,5,false,false,9,H,ND,1,0,N,N,2,24,0,0,false,1,2,MAQUINARIA,ND,ND,1,4,1812,Robo de autopartes y cristalazo,-102.24969840,21.90778862
191338916,30411,12,2019-12-06,5,20,16,1,UNIDAD HABITACIONAL,VIVIENDA POPULAR,1055,CALLE,RINCON,NA,",,,",CALLE,RINCON,CALLE,NIETO,NINGUNO,NINGUNO,1,false,false,9,ND,ND,0,0,N,N,14,"11,38",0,0,false,1,1,AUTOMOVIL,NISSAN,TSURU,1,1,1813,Robo de autopartes y cristalazo,-102.30679901,21.87617691
191338259,30411,12,2019-12-06,5,17,28,1,SIN TIPO,DESARROLLO 106 (FRENTE OJOCALIENTE INEGI),426,AVENIDA,OJOCALIENTE,NA,",,,",CALLE,LA GUAYANA,CALLE,LAS NORIAS,NINGUNO,NINGUNO,4,true,false,9,H,AUTOLAVADO,0,0,N,N,3,25,0,0,true,2,2,AUTOMOVIL,ND,ND,1,6,1814,Robo de autopartes y cristalazo,-102.24877863,21.87242995
191337393,30411,12,2019-12-06,5,13,30,1,FRACCIONAMIENTO,LA CASITA,1112,AVENIDA,MAHATMA GANDHI,NA,",,,",CALLE,CASA AMARILLA,CALLE,CASA GRANDE,CALLE,CASA MORADA,2,false,false,9,H,AUTOLAVADO,0,0,N,N,3,3,0,0,true,3,1,AUTOMOVIL,NISSAN,VERSA,1,2,1815,Robo de autopartes y cristalazo,-102.29373140,21.83563965
191343139,30411,12,2019-12-07,6,21,11,1,SIN TIPO,BARRANCA DE GUADALUPE,732,AVENIDA,CONVENCION DE 1914 PONIENTE,NA,",,,",CALLE,ESPAÑA,CALLE,TEREBINTO,CALLE,NISPERO,2,false,false,9,ND,ND,0,0,N,N,4,"22,24,38",0,3500,false,1,3,AUTOMOVIL,CHEVROLET,CHEVY,1,1,1816,Robo de autopartes y cristalazo,-102.31114594,21.87084518
191347745,30411,12,2019-12-09,1,2,16,1,FRACCIONAMIENTO,LOMAS DE SANTA ANITA,478,AVENIDA,JOSE H ESCOBEDO,NA,",,,",CALLE,JUAN DE ASBAJE,CALLE,LUIS COLOMA,CALLE,GUTIERRE DE CETINA,4,true,false,9,H,ND,0,0,N,N,5,41,0,0,false,1,4,ND,ND,BD,1,6,1817,Robo de autopartes y cristalazo,-102.27401045,21.89347081
191348065,30403,12,2019-12-09,1,7,47,1,FRACCIONAMIENTO,OJOCALIENTE I,741,CALLE,JALTOMATE,NA,",,,",CALLE,PLAZUELA I,AVENIDA,OJOCALIENTE,CALLE,PEÑUELAS,4,false,false,9,ND,ND,0,0,N,N,15,39,0,0,false,4,4,AUTOMOVIL,HONDA,CIVIC,1,1,1818,Robo de autopartes y cristalazo,-102.25699055,21.88568349
191348187,30411,12,2019-12-09,1,8,51,1,FRACCIONAMIENTO,LAS CUMBRES,441,CALLE,SALVADOR REYES GALLEGOS,NA,"164,,,",CALLE,CUATRO MILPAS,CALLE,ARBOLITOS,CALLE,RAMIRO MIRANDA MORENO,5,false,false,9,H,ND,0,0,N,N,8,24,0,0,false,1,2,CAMION,ND,ND,1,1,1819,Robo de autopartes y cristalazo,-102.26584386,21.91205573
191348370,30403,12,2019-12-09,1,10,7,1,FRACCIONAMIENTO,JARDINES DE AGUASCALIENTES (DELEGACION MORELOS),973,CALLE,PASEO DE JUAN DE TOLOSA,NA,",,,",CALLE,JARDIN DEL ENCINO,CALLE,JARDIN DE ZARAGOZA,CALLE,PASEO DE LA ASUNCION NORTE,3,true,false,9,H,ND,1,1,N,N,2,41,0,0,false,4,4,ND,ND,ND,1,4,1820,Robo de autopartes y cristalazo,-102.28726903,21.86445615
191349080,30403,12,2019-12-09,1,13,41,1,FRACCIONAMIENTO,MUNICIPIO LIBRE,768,CALLE,PROSPERIDAD,NA,"525,,,",CALLE,ESFUERZO NACIONAL,CALLE,LAS FRAGUAS,CALLE,AMISTAD,4,false,false,9,ND,ND,0,0,N,N,3,22,0,0,false,4,2,AUTOMOVIL,SEAT,IBIZA,1,1,1821,Robo de autopartes y cristalazo,-102.25140151,21.89582603
191349793,30403,12,2019-12-09,1,16,50,1,FRACCIONAMIENTO,RINCONADA SANTA MONICA,950,CALLE,PASEOS DE SANTA MONICA,NA,",,,",AVENIDA,SIGLO XXI,CALLE,SAN CHARBEL,NINGUNO,NINGUNO,2,false,false,9,H,ND,0,0,BICICLETA,ND,3,39,0,0,false,4,4,AUTOMOVIL,VOLKSWAGEN,BEETLE,1,13,1822,Robo de autopartes y cristalazo,-102.32008484,21.84320487
191349970,30403,12,2019-12-09,1,17,31,1,FRACCIONAMIENTO,HACIENDAS DE AGUASCALIENTES,410,AVENIDA,HACIENDA DE OJOCALIENTE,NA,",,,",AVENIDA,SIGLO XXI,CALLE,HACIENDA JALTOMATE,CALLE,HACIENDA EL TORIL,4,false,false,9,ND,ND,0,0,N,N,3,"26,38",0,0,false,4,1,CAMIONETA,GMC,JIMMY,1,1,1823,Robo de autopartes y cristalazo,-102.25081477,21.88748944
191350344,30403,12,2019-12-09,1,19,23,1,FRACCIONAMIENTO,SANTA ELENA,1105,AVENIDA,IGNACIO T CHAVEZ,NA,",,,",CALLE,REPUBLICA DE COLOMBIA,CALLE,MEDELLIN,CALLE,REPUBLICA DE BELICE,2,true,false,9,H,ND,0,0,BIBICLETA,TIPO BURRITA,3,41,0,0,false,4,4,AUTOMOVIL,ND,ND,1,1,1824,Robo de autopartes y cristalazo,-102.30714224,21.87034875
191350546,30411,12,2019-12-09,1,20,9,1,FRACCIONAMIENTO,SAN CAYETANO,1118,CALLE,SAN JORGE,NA,",,,",AVENIDA,UNIVERSIDAD,CALLE,SAN CLEMENTE,CALL E,SAN COSME,6,false,false,9,"H,H",ND,0,0,AUTOMOVIL,MARCH EN COLOR NEGRO,4,"6,11,38",0,15000,false,1,1,AUTOMOVIL,NISSAN,TSURU,1,1,1825,Robo de autopartes y cristalazo,-102.30760322,21.90223869
191352231,30411,12,2019-12-10,2,12,6,1,FRACCIONAMIENTO,JOSE LOPEZ PORTILLO,955,CALLE,CORONEL VALENTE ARTEAGA,NA,"345,,,",CALLE,JOSE CALVILLO,CALLE,MIGUEL APARICIO,CALLE,CORONEL JOSE RINCON GALLARDO,2,false,false,9,H,ND,0,0,N,N,16,"24,22,11",0,0,true,1,3,AUTOMOVIL,CHEVROLET,CAVALIER,1,1,1826,Robo de autopartes y cristalazo,-102.32648843,21.85293346
191354812,30403,12,2019-12-11,3,6,11,1,FRACCIONAMIENTO,BALCONES DE ORIENTE,723,CALLE,SAN FRANCISCO DE LOS VIVEROS 2046,NA,",,36,",CALLE,NINGUNO,CALLE,SAN FRANCISCO DE LOS VIVEROS,CALLE,SAN FRANCISCO DE LOS VIVEROS,4,false,false,9,ND,ND,0,0,N,N,1,38,0,10000,false,4,1,AUTOMOVIL,NISSAN,SENTRA,1,1,1827,Robo de autopartes y cristalazo,-102.23800530,21.88354765
191355609,30403,12,2019-12-11,3,12,13,1,BARRIO,EL ENCINO,1096,CALLE,DOCTOR JESUS DIAZ DE LEON,NA,"510,,,",CALLE,MIER Y PESADO,CALLE,ABASOLO,CALLE,ALFONSO RAMIREZ,1,false,false,9,ND,ND,0,0,N,N,3,41,0,0,false,4,4,CAMIONETA,CHEVROLET,BLAZER,1,1,1828,Robo de autopartes y cristalazo,-102.29217621,21.87407623
191356477,30403,12,2019-12-11,3,15,52,1,COLONIA,FERRONALES,520,CALLE,CATARINO ARREOLA,NA,",,,",CALLE,FELIPE PESCADOR,CALLE,INGENIERO L. RAMIREZ,CALLE,SERVANDO CANALES,4,false,false,9,ND,ND,0,0,N,N,16,"26,27,28",250,0,false,4,1,CAMIONETA,HONDA,CRV,1,13,1829,Robo de autopartes y cristalazo,-102.27682941,21.88586149
191357040,30403,12,2019-12-11,3,18,18,1,OTRO,INSTITUTO DEL DEPORTE DEL ESTADO DE AGUASCALIENTES,420,NINGUNO,CONVENCION DE 1914 ORIENTE,NA,",,,",CALLE,JAIME NUNO,CALLE,TENIENTE JUAN DE LA BARRERA,NINGUNO,NINGUNO,4,false,false,9,ND,ND,0,0,N,N,3,38,0,500,false,4,1,AUTOMOVIL,NISSAN,VERSA,1,1,1830,Robo de autopartes y cristalazo,-102.27180984,21.88055229
191358077,30403,12,2019-12-11,3,22,43,1,FRACCIONAMIENTO,BOSQUES DEL PRADO,847,CALLE,SIERRA MORENA,NA,",,,",CALLE,MONTE EVEREST,CALLE,SAN JUAN DE LOS LAGOS,CALLE,SIERRA DE LA CANELA,6,false,false,9,"H,H,H",ND,0,0,AUTOMOVIL,CHEVY EN COLOR GRIS,4,39,0,0,false,4,4,AUTOMOVIL,VOLKSWAGEN,GOLF,1,13,1831,Robo de autopartes y cristalazo,-102.31214143,21.91690606
191358298,30403,12,2019-12-12,4,0,5,1,SIN TIPO,DESARROLLO 37,872,AVENIDA,MONTENEGRO,NA,",,,",CALLE,LICENCIADO MIGUEL DE LA MADRID HURTADO,CALLE,MISIONES DE CALIFORNIA,NINGUNO,NINGUNO,6,false,false,9,H,ND,0,0,MOTOCICLETA,MOTOCICLETA EN COLOR VERDE CON NEGRO,5,6,0,5000,false,4,1,AUTOMOVIL,NISSAN,PLATINA,1,1,1832,Robo de autopartes y cristalazo,-102.31937831,21.92854645
191358298,30403,12,2019-12-12,4,0,5,1,SIN TIPO,DESARROLLO 37,872,CALLE,MONTENEGRO,NA,",,,",AVENIDA,LICENCIANDO MIGUEL DE LA MADRID,CALLE,MISIONES DE CALIFORNIA,NINGUNO,NINGUNO,6,false,false,ND,ND,ND,0,0,N,N,5,22,0,0,false,4,2,AUTOMOVIL,NISSAN,VERSA,1,1,1833,Robo de autopartes y cristalazo,-102.31932996,21.92861912
191359078,30411,12,2019-12-12,4,8,10,1,FRACCIONAMIENTO,LOS PERICOS,770,CALLE,SAN ISSAC,NA,",,,",CALLE,SAN PEDRO,CALLE,SAN MATEO,CALLE,SAN COSME,4,false,false,9,"H,H",ND,1,0,N,N,2,22,0,0,false,4,2,AUTOMOVIL,NISSAN,TSURU,1,4,1834,Robo de autopartes y cristalazo,-102.24306216,21.90469301
191359262,30411,12,2019-12-12,4,9,30,1,FRACCIONAMIENTO,BOSQUES DEL PRADO,847,CALLE,SIERRA DE LA CANELA,NA,"308,,,",CALLE,SAN JUAN DE LOS LAGOS,CALLE,SAN JULIAN,CALLE,SIERRA FRIA,6,false,false,9,H,ND,0,0,CAMIONETA,EN COLOR GRIS,2,24,0,2000,false,1,2,AUTOMOVIL,NISSAN,TSURU,1,1,1835,Robo de autopartes y cristalazo,-102.30952007,21.91762163
191359564,30403,12,2019-12-12,4,11,35,1,FRACCIONAMIENTO,LAS BRISAS,677,AVENIDA,AGUASCALIENTES PONIENTE,NA,"411,,,",CALLE,MAR DE GALILEA,CALLE,J ENCARNACION PAYEN,CALLE,BENJAMIN DE LA MORA,6,false,false,9,H,ND,0,0,N,N,2,6,0,15000,false,4,1,ND,ND,ND,1,2,1836,Robo de autopartes y cristalazo,-102.31681011,21.89310078
191359595,30411,12,2019-12-12,4,11,44,1,COMUNIDAD,LOMA DE LOS NEGRITOS,21P,CALLE,FELIX CHAVEZ,NA,"116,,,",CALLE,CESAR MARTINEZ,CALLE,GABRIEL MEDINA,PRIVADA,NINGUNO,7,false,false,9,ND,ND,0,0,N,N,2,38,0,7000,false,1,1,CAMIONETA,NISSAN,ND,1,1,1837,Robo de autopartes y cristalazo,-102.35317140,21.86890403
191361575,30403,12,2019-12-12,4,21,21,1,FRACCIONAMIENTO,LOMAS DEL CAMPESTRE 1,849,AVENIDA,LUIS DONALDO COLOSIO,NA,",,,",CALLE,CERRO DEL BUFA,NINGUNO,NINGUNO,NINGUNO,NINGUNO,6,false,false,9,ND,ND,0,0,N,N,4,"26,3,38",0,0,false,4,1,CAMIONETA,TOYOTA,RAV,1,13,1838,Robo de autopartes y cristalazo,-102.31460543,21.92403164
191362473,30403,12,2019-12-13,5,5,52,1,FRACCIONAMIENTO,JARDINES DEL SOL,566,CALLE,NITROGENO,NA,",,,",CALLE,ULTRAVIOLETA,CALLE,NUCLEO,CALLE,VIVRERO DE LA FLORESTA,3,false,false,9,H,ND,0,0,N,N,5,41,0,0,false,4,4,AUTOMOVIL,CHEVROLET,AVEO,1,1,1839,Robo de autopartes y cristalazo,-102.27704022,21.86307306
191362672,30411,12,2019-12-13,5,8,18,1,FRACCIONAMIENTO,LOS PIRULES,1053,CALLE,AZAHAR,NA,"4102,,,",CALLE,AMAPOLA,ANDADOR,DE LA NOCHEBUENA,CALLE,MAGNOLIA,2,false,false,9,ND,ND,0,0,N,N,16,"22,12,38",0,0,false,1,2,CAMIONETA,CHRYSLER,VOYAGUER,1,1,1840,Robo de autopartes y cristalazo,-102.31972959,21.86663923
191362737,30403,12,2019-12-13,5,8,45,1,COLONIA,MIRAVALLE,750,NA,FUNDICION,NA,"1212,,,",CALLE,ALEJANDRO R UGARTE,CALLE,JOSE MARIA AVILA,CALLE,PEDRO GARCIA ROJAS,6,false,false,9,ND,ND,0,0,N,N,16,22,0,1000,false,4,2,AUTOMOVIL,NISSAN,PLATINA,1,1,1841,Robo de autopartes y cristalazo,-102.31030760,21.89411880
191363154,30411,12,2019-12-13,5,11,8,1,FRACCIONAMIENTO,JOSE LOPEZ PORTILLO,955,CALLE,RICARDO GARCIA MENDOZA,NA,",,,",CALLE,PROFESOR JOSE RAMIREZ PALOS,PRIVADA,PROFESOR JOSE ANTONIO VELARDE,PRIVADA,NINGUNO,2,false,false,9,ND,ND,0,0,N,N,16,"24,11",0,0,false,1,2,CAMIONETA,NISSAN,ND,1,1,1842,Robo de autopartes y cristalazo,-102.32148337,21.85487551
191363989,30411,12,2019-12-13,5,15,20,1,FRACCIONAMIENTO,JARDINES DE LA CONCEPCION II,846,CALLE,CORDILLERA DE LOS ALPES SUR,NA,",,,",CALLE,MONTE BLANCO,CALLE,CORDILLERA DE LOS ALPES SUR,CALLE,SIERRA DE GUADARRAMA,6,false,false,9,ND,ND,0,0,N,N,3,"24,38",0,4500,false,1,3,CAMIONETA,GMC,ND,1,1,1843,Robo de autopartes y cristalazo,-102.30101994,21.92033652
191364318,30403,12,2019-12-13,5,16,53,1,FRACCIONAMIENTO,SAN CAYETANO,1118,NA,FUNDICION,NA,",,,",CALLE,SAN FRANCISCO,CALLE,SAN AGUSTIN,CALLE,CARLOS SAGREDO,6,false,false,9,ND,ND,0,0,N,N,3,"26,3,28",0,6000,false,4,1,CAMIONETA,TOYOTA,ND,10,1,1844,Robo de autopartes y cristalazo,-102.31198999,21.89687680
191365129,30411,12,2019-12-13,5,21,23,1,SIN TIPO,DESARROLLO 24 (PLAZA PATIO),727,NINGUNO,MAHATMA GANDHI,NA,",,,",NINGUNO,AGUASCALIENTES SUR,NINGUNO,NINGUNO,NINGUNO,NINGUNO,2,false,false,9,H,ND,1,0,N,N,4,26,0,0,true,1,1,CAMIONETA,ND,ND,1,4,1845,Robo de autopartes y cristalazo,-102.29412147,21.85822124
191365157,30411,12,2019-12-13,5,21,31,6,COLONIA,5 DE MAYO,91,CALLE,FELIPE CARRILLO PUERTO,NA,"26,,,",CALLE,IGNACIO RAMIREZ,AVENIDA,LAZARO CARDENAS,CALLE,FELIPE ANGELES,7,false,false,9,"H,H",EL YAN Y EL DANI,0,0,N,N,4,11,0,4500,false,1,1,CAMIONETA,NISSAN,ND,1,2,1846,Robo de autopartes y cristalazo,-102.27611338,22.14307529
191365344,30403,12,2019-12-13,5,22,30,1,FRACCIONAMIENTO,LA FUENTE,1061,CALLE,QUITO,NA,",,,",CALLE,REPUBLICA DE URUGUAY,AVENIDA,LAS AMERICAS,CALLE,BAHIA,2,false,false,9,ND,ND,0,0,N,N,4,39,0,0,false,4,4,AUTOMOVIL,VOLKSWAGEN,GOLF,1,2,1847,Robo de autopartes y cristalazo,-102.30073578,21.87255644
191365755,30403,12,2019-12-14,6,1,19,1,FRACCIONAMIENTO,EJIDO LAS CUMBRES,403,CALLE,CUMBRES DE TENANGO,NA,"305,,A,",CALLE,PAULA DE J JIMENEZ YAÑEZ,CALLE,SIERRA ALTEÑA,CALLE,CUMBRES DE COATEPEC,5,true,false,9,"H,H",ND,0,0,N,N,3,41,0,0,false,4,4,AUTOMOVIL,ND,ND,1,6,1848,Robo de autopartes y cristalazo,-102.25078012,21.90649151
191366325,30403,12,2019-12-14,6,8,58,11,FRACCIONAMIENTO,LA RIBERA,350,CALLE,HUEXOTLA,NA,",,,",CALLE,NINGUNO,CALLE,NINGUNO,CALLE,NINGUNO,7,false,false,9,ND,ND,0,0,N,N,2,"24,3",0,3500,false,4,3,CAMIONETA,MAZDA,PICK UP,1,1,1849,Robo de autopartes y cristalazo,-102.24772682,21.95916128
191367212,30403,12,2019-12-14,6,14,7,1,COLONIA,LAS FLORES,1072,CALLE,CAMELIAS,NA,",,,",CALLE,LOS LAURELES,AVENIDA,DE LAS ORQUIDEAS,CALLE,TULIPANES,2,true,false,9,H,ND,0,0,N,N,3,39,0,0,false,4,4,AUTOMOVIL,NISSAN,MARCH,1,6,1850,Robo de autopartes y cristalazo,-102.30411722,21.87479966
191369114,30411,12,2019-12-14,6,23,12,1,FRACCIONAMIENTO,INSURGENTES,1046,CALLE,FORTUNATO MAYCOTTE,NA,",,,",CALLE,GENERAL LUIS MOYA,CALLE,ABRAHAM GONZALEZ,CALLE,GENERAL MARTIN ESPINOZA,2,false,false,9,ND,ND,0,0,N,N,4,"25,27",0,0,false,1,3,CAMIONETA,FORD,EXPLORER,1,6,1851,Robo de autopartes y cristalazo,-102.31457006,21.84990509
191369646,30411,12,2019-12-15,7,2,29,1,FRACCIONAMIENTO,LOMAS DEL ORIENTE I,453,CALLE,LOMA SECA,NA,",,,",CALLE,JUNA JOSE ARREOALA,CALLE,LOMA DEL SOLEADO,CALLE,LOMA DEL SOL,5,false,false,9,ND,ND,0,0,N,N,5,"22,38",0,2000,false,1,3,AUTOMOVIL,CHEVROLET,CHEVY,1,1,1852,Robo de autopartes y cristalazo,-102.25497895,21.91389557
191369778,30403,12,2019-12-15,7,3,25,1,SIN TIPO,BARRANCA DE GUADALUPE,732,CALLE,TEREBINTO,NA,",,,",CALLE,ALAMOS,CALLE,NISPERO,PRIVADA,NISPERO,2,false,false,9,ND,ND,0,0,N,N,3,39,0,0,false,4,4,CAMIONETA,ND,ND,1,1,1853,Robo de autopartes y cristalazo,-102.31208186,21.87103780
191370582,30403,12,2019-12-15,7,10,48,1,FRACCIONAMIENTO,JOSE LOPEZ PORTILLO,955,CALLE,CORONEL JOSE RINCON GALLARDO,NA,"342,,,",CALLE,MIGUEL APARICIO M,CALLE,JOSE MARIA GONZALEZ BOCANEGRA,CALLE,CORONEL VALENTE ARTEAGA,2,false,false,9,ND,ND,0,0,N,N,2,"26,27",0,0,false,4,1,AUTOMOVIL,NISSAN,VERSA,1,6,1854,Robo de autopartes y cristalazo,-102.32658367,21.85382267
191371972,30411,12,2019-12-15,7,17,48,1,BARRIO,DE GUADALUPE,910,CALLE,LARREATEGUI,NA,",,,",CALLE,LIBERTAD,CALLE,MESONES,CALLE,VALENTIN GUADALUPE VICTORIA,1,false,false,9,ND,ND,0,0,N,N,3,"24,11,23,38",0,5000,false,1,3,AUTOMOVIL,VOLKSWAGEN,JETTA,1,1,1855,Robo de autopartes y cristalazo,-102.29977845,21.88626475
191372949,30403,12,2019-12-15,7,22,29,1,FRACCIONAMIENTO,SOLIDARIDAD I,431,CALLE,UNIDAD,NA,"105,,,",AVENIDA,POLIDUCTO,CALLE,SEGURIDAD,CALLE,ESFUERZO,4,false,false,9,ND,ND,0,0,N,N,4,41,0,0,false,4,4,CAMIONETA,JEEP,ND,1,1,1856,Robo de autopartes y cristalazo,-102.24217563,21.86786645
191348055,30411,12,2019-12-09,1,7,42,1,FRACCIONAMIENTO,STEMA,467,CALLE,COSIO,NA,",,,",AVENIDA,AGUASCALIENTES,CALLE,ARTICULO 115,CALLE,CALVILLO,4,false,false,9,ND,ND,0,0,N,N,2,24,0,0,false,1,2,ND,ND,ND,1,13,1857,Robo de autopartes y cristalazo,-102.27169418,21.89838836
191353974,30411,12,2019-12-15,7,21,5,6,COLONIA,PROGRESO NORTE,100,CALLE,ANDRES DELGADO DE LIRA,NA,",,,",CALLE,FRANCISCO SERNA DE LARA NORTE,CALLE,NICOLAS ESPARZA SUSTAITA NORTE,AVENIDA,FRANCISCO SERNA LARA NORTE,7,false,false,9,ND,ND,0,0,N,N,4,6,0,0,false,3,1,CAMION,ND,ND,1,2,1858,Robo de autopartes y cristalazo,-102.28415511,22.14794637
191364347,30403,12,2019-12-13,5,17,0,1,FRACCIONAMIENTO,FUNDADORES,623,CALLE,DIEGO QUIJAS Y ESCALANTE,NA,",,,",CALLE,DIEGO FERNANDEZ VILLA,PROLONGACION,CARMEN SERDAN,CALLE,AGUSTIN MARTINEZ,3,false,false,9,ND,ND,0,0,N,N,3,41,0,0,false,4,4,AUTOMOVIL,VOLKSWAGEN,POINTER,1,1,1859,Robo de autopartes y cristalazo,-102.24467244,21.84799394
191358177,30411,12,2019-12-11,3,23,18,1,COLONIA,ZONA CENTRO,906,CALLE,GENERAL VICENTE GUERRERO,NA,",,,",CALLE,RAYON,AVENIDA,ADOLFO LOPEZ MATEOS,CAÑÑE,MARIANO MATAMOTOS SUR,1,false,false,9,ND,ND,0,0,N,N,4,"38,6",0,0,true,1,1,AUTOMOVIL,VOLKSWAGEN,ND,1,1,1860,Robo de autopartes y cristalazo,-102.29910325,21.87798541
191373669,30411,12,2019-12-16,1,5,6,1,FRACCIONAMIENTO,JOSE LOPEZ PORTILLO,955,CALLE,PROFESOR JOSE GUADALUPE PERALTA,NA,"316,,,",CALLE,ROSALIA MONRROY,CALLE,SOBERANA CONVENCION MILITAR REVOLUCIONARIA,CALLE,DOCTOR SALVADOR GALLARDO,2,false,false,9,ND,ND,0,0,N,N,3,38,0,2000,false,1,1,CAMION,ND,ND,1,6,1861,Robo de autopartes y cristalazo,-102.32264590,21.84849946
191371700,30411,12,2019-12-15,7,16,30,1,FRACCIONAMIENTO,EMILIANO ZAPATA,585,CALLE,MARIANO HIDALGO,NA,",,,",CALLE,JOSE GONZALEZ CARRILLO,CALLE,JOSE A TORRES,NINGUNO,NINGUNO,3,false,false,9,ND,ND,0,0,N,N,3,"38,3",0,3000,false,1,1,CAMIONETA,ND,ND,1,1,1862,Robo de autopartes y cristalazo,-102.25575536,21.85124420
191369194,30411,12,2019-12-14,6,23,39,11,FRACCIONAMIENTO,SANTA BARBARA,2,NA,SANTA BARBARA,NA,",,,",CALLE,NINGUNO,CALLE,NINGUNO,CALLE,NINGUNO,7,false,false,7,"H,H",EL ROLAS Y EL PANCHO,0,0,N,N,4,38,0,3500,false,1,1,CAMIONETA,ND,ND,1,1,1863,Robo de autopartes y cristalazo,-102.26266379,22.06278403
191373277,30411,12,2019-12-16,1,0,15,1,FRACCIONAMIENTO,MIRADOR DE LAS CULTURAS,442,AVENIDA,CULTURA MAYA,NA,",,,",AVENIDA,RODOLFO LANDEROS GALLEGOS,PRIVADA,CULTURA MAYA,CALLE,CULTURA TEOTIHUACANA,5,false,false,9,ND,ND,0,0,N,N,5,24,0,800,false,3,2,AUTOMOVIL,CHEVROLET,CHEVY,1,1,1864,Robo de autopartes y cristalazo,-102.24319882,21.90551644
191374983,30411,12,2019-12-16,1,14,57,5,CONDOMINIO,RESIDENCIAL MARCELLANA,343P,PROLONGACION,ZARAGOZA,NA,",,,",PRIVADA,TALAVERA,PRIVADA,ARCO DE ANCONA,NINGUNO,NINGUNO,7,false,false,9,ND,ND,0,0,H,H,3,"12,38",0,3000,false,1,1,CAMIONETA,CHEVROLET,S10,1,13,1865,Robo de autopartes y cristalazo,-102.30868507,21.95589302
191375157,30403,12,2019-12-16,1,15,38,5,COLONIA,ARBOLEDAS DE PASO BLANCO,114,PROLONGACION,INDEPENDENCIA,NA,",,,",CALLE,CHAMPAÑA,PRIVADA,MOLUCA,CALLE,TULIPANES,7,false,false,7,ND,ND,0,0,N,N,3,"26,28",500,0,false,4,1,CAMIONETA,KIA,ND,1,1,1866,Robo de autopartes y cristalazo,-102.29431039,21.96234588
191376786,30403,12,2019-12-16,1,23,3,1,FRACCIONAMIENTO,LA FUENTE,1061,CALLE,REPUBLICA DE URUGUAY,NA,",,,",CALLE,BAHIA,CALLE,VALPARAISO,AVENIDA,LAS AMERICAS,2,false,false,9,ND,ND,0,0,N,N,23,"22,23",0,20000,false,4,2,AUTOMOVIL,CHEVROLET,MONZA,1,1,1867,Robo de autopartes y cristalazo,-102.30077586,21.87181951
191378044,30403,12,2019-12-17,2,12,12,1,FRACCIONAMIENTO,RODOLFO LANDEROS,459,AVENIDA,SIGLO XXI,NA,",,,",CALLE,PAZ ROMO DE VIVAR,AVENIDA,RODOLFO LANDEROS GALLEGOS,CALLE,ELVIA ALICIA MEDRANO,5,true,false,7,"H,H",ND,0,0,N,N,3,39,0,0,false,4,4,CAMIONETA,JEEP,CHEROKEE,1,2,1868,Robo de autopartes y cristalazo,-102.25481748,21.90293573
191380919,30403,12,2019-12-18,3,8,29,1,FRACCIONAMIENTO,OJOCALIENTE,743,CALLE,MONTOYA,NA,",,,",CALLE,PLAZUELA M,AVENIDA,SIGLO XXI,CALLE,MONTORO,4,false,false,9,ND,ND,0,0,N,N,2,27,0,0,false,4,1,AUTOMOVIL,CHEVROLET,AVEO,1,1,1869,Robo de autopartes y cristalazo,-102.25234504,21.88651299
191383181,30411,12,2019-12-18,3,19,53,1,FRACCIONAMIENTO,BULEVAR,733,CALLE,ALONSO HUMBERTO,NA,",,,",CALLE,JARDIN DEL ESTUDIANTE,CALLE,DE LOS VALADEZ,CALLE,CRISTOBAL COLON,3,false,false,9,ND,ND,0,0,N,N,4,24,0,0,false,1,2,AUTOMOVIL,NISSAN,TSURU,1,2,1870,Robo de autopartes y cristalazo,-102.29273445,21.86711606
191384077,30403,12,2019-12-19,4,6,2,5,COLONIA,EJIDAL,199,CALLE,VICENTE GUERRERO,NA,"208,A,,",CALLE,CRISTOBAL COLON,CALLE,15 DE SEPTIEMBRE,CALLE,16 DE SEPTIEMBRE,7,false,false,9,ND,ND,0,0,N,N,2,"22,11",0,2000,false,4,3,CAMIONETA,NISSAN,NP300,1,1,1871,Robo de autopartes y cristalazo,-102.35294016,21.97025002
191384090,30411,12,2019-12-19,4,6,10,1,FRACCIONAMIENTO,INSURGENTES,1046,CALLE,LICENCIADO LUIS CABRERA,NA,"327,,,",CALLE,ABRAHAM GONZALEZ,AVENIDA,CONVENCION,CALLE,PASTOR ROUALX,2,false,false,9,H,EL PIOJO,0,0,N,N,2,24,0,0,false,1,2,CAMIONETA,MAZDA,ND,1,1,1872,Robo de autopartes y cristalazo,-102.30538774,21.84934256
191385993,30411,12,2019-12-19,4,17,54,1,FRACCIONAMIENTO,VILLAS DE LAS LOMAS,454,CALLE,CULTURA OTOMI,NA,",,,",CALLE,LOMA DE LAS CALANDRIAS,CALLE,NINGUNO,CALLE,NINGUNO,5,false,false,9,"H,H,H",ND,0,0,N,N,5,39,0,0,true,5,4,CAMIONETA,CHEVROLET,S10,1,2,1873,Robo de autopartes y cristalazo,-102.24554190,21.91428713
191387225,30403,12,2019-12-19,4,23,50,1,FRACCIONAMIENTO,VALLE DE LAS TROJES,860,PROLONGACION,GENERAL IGNACIO ZARAGOZA,NA,",,,",CALLE,SILOS,CALLE,PRADERA,CALLE,VALLE DE GUADALUPE,6,false,false,9,ND,ND,0,0,N,N,4,6,0,0,false,4,1,CAMIONETA,MAZDA,ND,1,1,1874,Robo de autopartes y cristalazo,-102.30524113,21.92818908
191386349,30411,12,2019-12-19,4,19,33,1,CC,AURRERA GUADALUPE,924,NA,GUADALUPE,NA,",,,",NA,CONVENCION DE 1914 PONIENTE,CALLE,FELIPE ANGELES,CALLE,ARROYO DE LOS ARELLANOS,6,false,false,9,ND,ND,0,0,N,N,22,"38,22,24,12,11",0,0,false,1,3,CAMIONETA,TOYOTA,ND,1,1,1875,Robo de autopartes y cristalazo,-102.31209519,21.88560969
191387753,30403,12,2019-12-20,5,8,31,1,FRACCIONAMIENTO,BENITO PALOMINO DENA,499,CALLE,LICENCIADO FRANCISCO RAMIREZ MARTINEZ,NA,",,,",CALLE,TENIENTE CORONEL ROBERTO JEFKINS RANGEL,CALLE,GILBERTO LOPEZ VELARDE,CALLE,PEDRO RIVAS CUELLAR,5,false,false,9,ND,ND,0,0,N,N,2,"6,24,38",0,10000,false,4,3,AUTOMOVIL,CHEVROLET,BEAT,1,1,1876,Robo de autopartes y cristalazo,-102.25000767,21.91618832
191389447,30403,12,2019-12-20,5,17,28,1,BARRIO,B SAN MARCOS,735,CALLE,JESUS F CONTRERAS,NA,",,,",CALLE,ANTONIO ARIAS BERNAL,CALLE,LICENCIADO TEODOSIO LARES,CALLE,TALAMANTES,1,false,false,9,ND,ND,0,0,N,N,3,39,0,0,false,4,4,AUTOMOVIL,VOLKSWAGEN,POINTER,1,17,1877,Robo de autopartes y cristalazo,-102.30393187,21.87997502
191389839,30411,12,2019-12-20,5,19,11,1,FRACCIONAMIENTO,PINTORES MEXICANOS,443,CALLE,JOSE LUIS CUEVAS,NA,",,,",CALLE,JUAN SORIANO,CALLE,CARLOS FUENTES MARES,CALLE,RAFAEL MARES,5,false,false,9,H,ND,0,0,N,N,3,24,0,0,false,1,2,CAMIONETA,FORD,ND,1,2,1878,Robo de autopartes y cristalazo,-102.26351331,21.92149319
191390376,30403,12,2019-12-20,5,21,27,1,FRACCIONAMIENTO,VALLE DE LAS TROJES,860,BOULEVARD,LUIS DONALDO COLOSIO,NA,",,,",NINGUNO,NINGUNO,PROLONGACION,GENERAL IGNACIO ZARAGOZA,PRIVADA,MOLINO,6,false,false,9,ND,ND,0,0,N,N,4,12,0,0,false,4,1,CAMIONETA,JEEP,ND,1,2,1879,Robo de autopartes y cristalazo,-102.30549614,21.92483938
191390891,30403,12,2019-12-21,6,0,26,1,FRACCIONAMIENTO,BENITO PALOMINO DENA,499,CALLE,LICENCIADO MIGUEL ROMO MEDINA,NA,"257,,,",BOULEVARD,GUADALUPANO,CALLE,TENIENTE CORONEL ROBERTO JEFKINS RANGEL,CALLE,HECTOR DEL VILLAR,5,false,false,9,ND,ND,0,0,N,N,5,41,0,0,false,4,4,AUTOMOVIL,VOLKSWAGEN,JETTA,1,13,1880,Robo de autopartes y cristalazo,-102.24697362,21.91633759
191393808,30403,12,2019-12-21,6,22,25,1,FRACCIONAMIENTO,LOMAS DEL PICACHO,50P,CALLE,LOS CAPORALES,NA,"106,,,",CALLE,NINGUNO,CALLE,PASEO DE LA HACIENDA,CALLE,EL COLEADERO,7,false,false,9,ND,ND,0,0,N,N,4,41,0,0,false,4,4,CAMIONETA,NISSAN,MURANO,1,13,1881,Robo de autopartes y cristalazo,-102.39249451,21.88699660
191393808,30403,12,2019-12-21,6,22,25,1,FRACCIONAMIENTO,LOMAS DEL PICACHO,50P,CALLE,LOS CAPORALES,NA,"106,,,",CALLE,NINGUNO,CALLE,PASEO DE LA HACIENDA,CALLE,EL COLEADERO,7,false,false,9,ND,NJD,0,0,N,N,4,41,0,0,false,4,4,CAMIONETA,HONDA,ND,1,13,1882,Robo de autopartes y cristalazo,-102.39243211,21.88698018
191393808,30403,12,2019-12-21,6,22,25,1,FRACCIONAMIENTO,LOMAS DEL PICACHO,50P,CALLE,LOS CAPORALES,NA,"106,,,",CALLE,NINGUNO,CALLE,PASEO DE LA HACIENDA,CALLE,EL COLEADERO,7,false,false,9,ND,ND,0,0,N,N,4,41,0,0,false,4,4,CAMIONETA,NISSAN,ND,1,13,1883,Robo de autopartes y cristalazo,-102.39238920,21.88696030
191394357,30403,12,2019-12-22,7,2,18,1,FRACCIONAMIENTO,OJO DE AGUA DE PALMITAS II,530,CALLE,LUIS DONALDO COLOSIO,NA,",,,",CALLE,VILLA DE LOURDES,CALLE,SAN GREGORIO,CALLE,FRANCISCO JAVIER MINA,3,false,false,9,ND,ND,0,0,N,N,5,"11,24,38,13",0,7000,false,4,3,CAMIONETA,FORD,ND,1,1,1884,Robo de autopartes y cristalazo,-102.23727386,21.86051474
191394421,30403,12,2019-12-22,7,2,53,1,FRACCIONAMIENTO,BENITO PALOMINO DENA,499,CALLE,TENIENTE  CORONEL ROBERTO JEFKINS RANGEL,NA,"704,,,",CALLE,PEDRO RIVAS CUELLAR,CALLE,LICENCIADO FRANCISCO RAMIREZ MARTINEZ,BOULEVARD,GUADALUPANO,5,false,false,9,ND,ND,0,0,N,N,5,41,0,0,false,4,4,AUTOMOVIL,NISSAN,TSURU,1,1,1885,Robo de autopartes y cristalazo,-102.24905902,21.91597779
191395512,30403,12,2019-12-22,7,3,56,1,FRACCIONAMIENTO,SAN CAYETANO,1118,CALLE,CARLOS SAGREDO,NA,"320,,,",CALLE,CARLOS SAGREDO,AVENIDA,FUNDICION,CALLE,SAN AGUSTIN,6,false,false,9,"H,H,H",ND,0,0,N,N,5,41,0,0,false,4,4,AUTOMOVIL,VOLKSWAGEN,ND,1,13,1886,Robo de autopartes y cristalazo,-102.31136834,21.89798105
191394593,30411,12,2019-12-22,7,5,7,11,COLONIA,28 DE ABRIL,6,CALLE,5 DE MAYO,NA,"410,,,",CALLE,25 DE DICIEMBRE,AVENIDA,PROGRESO,CALLE,25 DE ABRIL,7,false,false,9,ND,ND,0,0,N,N,5,24,0,0,false,4,2,CAMIONETA,NISSAN,ND,1,1,1887,Robo de autopartes y cristalazo,-102.26573532,22.06454730
191394640,30411,12,2019-12-22,7,5,42,1,FRACCIONAMIENTO,LOS PERICOS,770,CALLE,SAN FRANCISCO,NA,"203,,,",CALLE,NINGUNO,AVENIDA,SAN RAFAEL,CALLE,SAN MARTIN,4,false,false,9,ND,ND,0,0,N,N,5,11,0,1000,false,1,1,CAMIONETA,CHEVROLET,CAVALIER,1,6,1888,Robo de autopartes y cristalazo,-102.24444013,21.90248021
191395039,30403,12,2019-12-22,7,10,16,1,FRACCIONAMIENTO,LOMAS DE SANTA ANITA,478,AVENIDA,AGUASCALIENTES ORIENTE,NA,",,,",AVENIDA,SIGLO XIX,CALLE,DAVID ALFARO SIQUEIROS,CALLE,SALVADOR DALI,4,false,false,9,ND,ND,0,0,N,N,2,41,0,0,false,4,4,AUTOMOVIL,NISSAN,TSURU,1,6,1889,Robo de autopartes y cristalazo,-102.26906475,21.89483339
191396854,30403,12,2019-12-22,7,19,13,1,BARRIO,EL ENCINO,1096,CALLE,CRISTOBAL COLON,NA,"431,,,",CALLE,DEL SOL,CALLE,PROFESORA VICENTA TRUJILLO,CALLE,DOCTOR JESUS DIAZ DE LEON,1,false,false,9,ND,ND,0,0,N,N,3,41,0,0,false,4,4,CAMIONETA,DODGE,CARAVAN,1,1,1890,Robo de autopartes y cristalazo,-102.29440201,21.87663908
191396854,30403,12,2019-12-22,7,19,13,1,BARRIO,EL ENCINO,1096,CALLE,CRSITOBAL COLON,NA,431,CALLE,DEL SOL,CALLE,PROFRESORA VICENTA TRUJILLO,CALLE,DOCTOR JEUS DIAZ DE LEON,1,false,false,9,ND,ND,0,0,N,N,4,41,0,0,false,4,4,CAMIONETA,ND,ND,1,1,1891,Robo de autopartes y cristalazo,-102.29439527,21.87662848
191397310,30411,12,2019-12-22,7,21,9,1,COLONIA,LAS FLORES,1072,CALLE,AZALEAS,NA,",,,",CALLE,LOS LAURELES,CALLE,DE LAS ORQUIDEAS,CALLE,CAMELIAS,2,false,false,9,ND,ND,0,0,N,N,4,"22,23,38",0,0,false,1,3,AUTOMOVIL,CHEVROLET,SPARK,1,1,1892,Robo de autopartes y cristalazo,-102.30467014,21.87451408
191397693,30403,12,2019-12-22,7,23,16,1,COLONIA,OBRAJE,987,NINGUNO,AYUNTAMIENTO,NA,",,,",CALLE,GALEANA SUR,CALLE,NINGUNO,NINGUNO,NINGUNO,2,false,false,9,ND,ND,0,0,N,N,4,"26,12,27,28",0,25000,false,4,1,CAMIONETA,RENAULT,ND,1,1,1893,Robo de autopartes y cristalazo,-102.29772964,21.87402735
191396810,30411,12,2019-12-22,7,19,0,1,CC,AURRERA PINTORES,924,NA,GUADALUPE,NA,",,,",NA,CONVENCION DE 1914 PONIENTE,CALLE,FELIPE ANGELES,CALLE,ARROYO DE LOS ARELLANOS,6,false,false,9,ND,ND,0,0,N,N,4,"38,12",0,6000,false,1,1,CAMIONETA,CHEVROLET,SILVERADO,1,1,1894,Robo de autopartes y cristalazo,-102.31212441,21.88572531
191392266,30403,12,2019-12-22,7,13,20,1,FRACCIONAMIENTO,RODOLFO LANDEROS GALLEGOS,959,CALLE,PAULA DE J JIMENEZ DE YAÑEZ,NA,",,,",CALLE,ESTHELA ALDANA,CALLE,ROSALBA MALDONADO J,CALLE,PAZ ROMO DE VIVAR,5,false,false,9,ND,ND,0,0,N,N,3,38,0,7000,false,4,1,CAMIONETA,FORD,EXPLORER,1,2,1895,Robo de autopartes y cristalazo,-102.25349095,21.90468510
191391445,30411,12,2019-12-21,6,7,40,1,FRACCIONAMIENTO,BENITO JUAREZ,466,AVENIDA,NAZARIO ORTIZ GARZA,NA,",,,",AVENIDA,PARQUE VIA,ANDADOR,J,ANDADOR,J,4,false,false,9,"H,H,H,H",ND,0,0,MOTOCICLETA,CARPETA CIAGS267911119,2,"26,38",50000,0,false,1,1,AUTOMOVIL,VOLKSWAGEN,GOLF,1,4,1896,Robo de autopartes y cristalazo,-102.27481863,21.89890300
191378870,30411,12,2019-12-17,2,16,14,11,SIN TIPO,EX VIÑEDOS GUADALUPE,1,CLLE,VIÑEDOS GUADALUPE,NA,",,,",CALLE,VIÑEDOS SAN MARCOS,AVENIDA,CONSTITUCION,CALLE,VIÑEDOS GUADALUPE,7,false,false,7,ND,ND,0,0,N,N,3,6,0,8000,false,1,1,AUTOMOVIL,ND,ND,1,2,1897,Robo de autopartes y cristalazo,-102.27322943,21.96007891
191383132,30411,12,2019-12-18,3,19,38,1,FRACCIONAMIENTO,LOS PIRULES,1053,CALLE,MAGNOLIAS,NA,4713,CALLE,AMAPOLA,CALLE,SAN MARCOS,NINGUNO,NINGUNO,2,false,false,7,ND,ND,0,0,N,N,4,"11,38,11",0,4000,false,1,1,CAMIONETA,RAM,VAN,1,1,1898,Robo de autopartes y cristalazo,-102.31961695,21.86610830
191383790,30411,12,2019-12-18,3,23,26,1,FRACCIONAMIENTO,FUNDADORES,623,CALLE,ANA DE OROZCO,NA,"119,,,",AVENIDA,AMALIA GOMEZ ZEPEDA,NA,LUIS FERNANDEZ VILLA,CALLE,JOSE DOSAMANTES,6,false,false,9,H,ND,0,0,N,N,4,6,0,0,false,1,1,CAMION,ND,ND,1,1,1899,Robo de autopartes y cristalazo,-102.24708293,21.84478896
191397847,30411,12,2019-12-23,1,0,3,1,FRACCIONAMIENTO,RODOLFO LANDEROS GALLEGOS,459,AVENIDA,RODOLFO LANDEROS GALLEGOS,NA,",,,",AVENIDA,SIGLO XXI,CALLE,ESTHELA ALDANA,CALLE,ELENA CUELLAR A,4,false,false,9,ND,ND,0,0,N,N,5,26,0,0,false,1,1,CAMIONETA,JEEP,CHEROKEE,1,6,1900,Robo de autopartes y cristalazo,-102.25413266,21.90176090
191398417,30411,12,2019-12-23,1,8,6,1,COLONIA,DEL CARMEN,911,CALLE,LUZ,NA,",,,",CALLE,SANTO TOMAS,CALLE,SAN ALBERTO,CALLE,DEL CARMEN,1,false,false,9,ND,ND,0,0,N,N,2,"24,22,23",0,5000,false,1,3,AUTOMOVIL,SEAT,LEON,1,6,1901,Robo de autopartes y cristalazo,-102.30257733,21.88956899
191398489,30403,12,2019-12-23,1,8,50,1,FRACCIONAMIENTO,PERIODISTAS,404,CALLE,IMPRESORES,NA,"156,,,",AVENIDA,DEL REY,CALLE,VOCEADORES,CALLE,NOTICIEROS,3,false,false,9,ND,ND,0,0,N,N,5,39,0,0,false,4,4,AUTOMOVIL,NISSAN,TSURU,1,13,1902,Robo de autopartes y cristalazo,-102.24860900,21.85185114
191400906,30403,12,2019-12-23,1,20,3,1,FRACCIONAMIENTO,BOSQUES DEL PRADO SUR,777,CALLE,SIERRA DE PICACHOS,NA,",,,",CALLE DE TEPOZTLAN,CALLE,CALLE,SAN JUAN DE LOS LAGOS,CALLE,SIERRA DE LA ESCONDIDA,6,false,false,7,ND,ND,0,0,N,N,4,"6,26",0,50000,false,4,1,AUTOMOVIL,HONDA,ACCORD,1,1,1903,Robo de autopartes y cristalazo,-102.31086274,21.91510716
191401089,30411,12,2019-12-23,1,20,50,1,CC,PLAZA SAN MARCOS,804,CALLE,CARLOS SAGREDO,NA,",,,",AVENIDA,CONVENCION DE 1914 NORTE,AVENIDA,FUNDICION,CALLE,SAN FRANCISCO,6,false,false,9,H,ND,0,0,AUTOMOVIL,EN COLOR GRIS,4,24,0,0,false,1,2,CAMIONETA,ISUZU,ND,1,2,1904,Robo de autopartes y cristalazo,-102.30923551,21.89659548
191401872,30403,12,2019-12-24,2,1,2,7,SIN TIPO,ESCALERAS,54,CALLE,OLIVARES SANTANA NORTE,NA,",,,",CALLE,INSURGENTES,CALLE,REVOLUCION,CALLE,VICENTE GUERRERO,7,false,false,9,ND,ND,0,0,N,N,5,41,0,0,false,4,4,AUTOMOVIL,NISSAN,SENTRA,1,6,1905,Robo de autopartes y cristalazo,-102.33265079,22.24937216
191402567,30403,12,2019-12-24,2,10,31,1,FRACCIONAMIENTO,NAZARIO ORTIZ GARZA,452,BOULEVARD,GUADALUPANO,NA,",,,",AVENIDA,SIGLO XXI,PRIVADA,GUADALUPE ALVARADO,CALLE,MANUEL GARCIA MARTINEZ,5,false,false,9,ND,ND,0,0,N,N,2,41,0,0,false,4,4,AUTOMOVIL,ND,ND,1,1,1906,Robo de autopartes y cristalazo,-102.25722984,21.90676776
191402567,30403,12,2019-12-24,2,10,31,1,FRACCIONAMIENTO,NAZARIO ORTIZ GARZA,452,BOULEVARD,GUADALUPANO,NA,",,,",AVENIDA,SIGLO XXI,PRIVADA,GUADALUPE ALVARADO,CALLA,MANUEL GARCIA MARTINEZ,5,false,false,9,ND,ND,0,0,N,N,2,41,0,0,false,4,4,AUTOMOVIL,ND,ND,1,1,1907,Robo de autopartes y cristalazo,-102.25726400,21.90676452
191402603,30403,12,2019-12-24,2,10,44,1,FRACCIONAMIENTO,EJIDO LAS CUMBRES,403,AVENIA,SIGLO XXI,NA,",,,",BOULEVARD,GUADALUPANO,NINGUNO,NINGUNO,NINGUNO,NINGUNO,5,false,false,9,ND,ND,0,0,N,N,2,41,0,0,false,4,4,AUTOMOVIL,ND,ND,1,1,1908,Robo de autopartes y cristalazo,-102.25723633,21.90766049
191404295,30403,12,2019-12-24,2,18,28,1,FRACCIONAMIENTO,PRADOS DEL SUR,1100,AVENIDA,MAHATMA GANDHI,NA,",,,",AVENID A,AGUASCALIENTES,CALLE,VICTOR ROSALES,NINGUNO,NINGUNO,2,false,false,9,ND,ND,0,0,N,N,3,41,0,0,false,4,4,AUTOMOVIL,NISSAN,TSURU,1,2,1909,Robo de autopartes y cristalazo,-102.29498932,21.85725336
191404611,30411,12,2019-12-24,1,19,53,1,FRACCIONAMIENTO,OJOCALIENTE III,525,CALLE,EL SALITRE,NA,",,,",AVENIDA,SIGLO XII,CALLE,OCOTE,AVENIDA,SAN GABRIEL,4,false,false,9,ND,ND,0,0,N,N,4,24,0,0,false,4,0,ND,ND,ND,1,1,1910,Robo de autopartes y cristalazo,-102.24600720,21.87457890
191404687,30411,12,2019-12-24,2,20,10,1,BARRIO,DE GUADALUPE,910,CALLE,DOCTOR PEDRO DE ALBA,NA,",,,",CALLE,GUADALUPE,CALLE,RAFAEL GARCIA MACIAS,PRIVADA,SAN ANTONIO,1,false,false,9,ND,ND,0,0,N,N,4,25,0,0,false,2,2,CAMIONETA,FORD,ND,1,13,1911,Robo de autopartes y cristalazo,-102.30748346,21.88433421
191405596,30403,12,2019-12-24,2,23,39,1,COLONIA,MARTINEZ DOMINGUEZ,1099,AVENIDA,MAHATMA GANDHI,NA,",,,",CALLE,VALENTE QUINTANA,PRIVADA,SARGENTO RAMON AZCONA,CALLE,VALENTE QUINTANA,2,false,false,9,ND,ND,0,0,N,N,4,41,0,0,false,4,4,AUTOMOVIL,ND,ND,1,1,1912,Robo de autopartes y cristalazo,-102.29424068,21.85123032
191405674,30411,12,2019-12-24,2,23,53,1,FRACCIONAMIENTO,DEL VALLE 1A,734,AVENIDA,CONVENCION DE 1914 PONIENTE,NA,",,,",CALLE,VERSALLES,AVENIDA,ADOLGO LOPEZ MATEOS PONIENTE,CALLE,26 DE MARZO,6,false,false,9,ND,ND,1,0,N,N,4,22,0,0,false,1,2,AUTOMOVIL,DODGE,STRATUS,1,4,1913,Robo de autopartes y cristalazo,-102.31211596,21.87453051
191406515,30403,12,2019-12-25,3,3,26,5,COLONIA,CHICAHUALES I,155,CALLE,SANTIAGO APOSTOL,NA,",,,",CALLE,JOSE ACEVES,CALLE,ROGELIO DELGADO,CALLE,ROMAN LOERA,7,false,false,9,ND,ND,0,0,N,N,5,41,0,0,false,4,4,CAMIONETA,JEEP,ND,1,1,1914,Robo de autopartes y cristalazo,-102.35040746,21.94817799
191406586,30403,12,2019-12-25,3,3,46,1,FRACCIONAMIENTO,F SAN MARCOS,746,CALLE,RAFAEL,NA,"303,,,",CALLE,MIGUEL ANGEL,CALLE,PASEO DEL RIO,CALLE,DEL PARQUE,6,false,false,9,ND,ND,0,0,N,N,15,41,0,0,false,4,4,AUTOMOVIL,ND,ND,1,1,1915,Robo de autopartes y cristalazo,-102.32161971,21.87899983
191406624,30403,12,2019-12-25,3,3,58,1,FRACCIONAMIENTO,J GUDALUPE PERALTA GAMEZ,411,CALLE,MARIA DOLORES GARCIA JACOBO,NA,",,,",CALLE,DESIDERIO MACIAS SILVA,CALLE,JOSE MANUEL RUIZ DE TEJADA Y OTAL,CALLE,ANTONIA DOLORES GARCIA JACOBO,4,false,false,9,ND,ND,1,0,N,N,5,26,0,0,false,4,2,AUTOMOVIL,VOLKSWAGEN,JETTA,1,2,1916,Robo de autopartes y cristalazo,-102.23976477,21.86720572
191406834,30411,12,2019-12-25,3,5,11,1,FRACCIONAMIENTO,OJO D EAGUA,1080,CALLE,FRANCISCO PEREZ RIOS,NA,"303,,,",CALLE,CHIHUAHUA,ANDADOR,PLAZA JESUS ELIAS PIÑA,CALLE,JESUS YUREM,3,false,false,9,ND,ND,0,0,N,N,5,"24,22",0,0,false,1,2,CAMIONETA,NISSAN,STACAS,1,1,1917,Robo de autopartes y cristalazo,-102.27847923,21.86360583
191406924,30411,12,2019-12-25,3,5,47,1,FRACCIONAMIENTO,INF MORELOS,616,CALLE,DZILAM,NA,",,,",CALLE,SEGUNDO ANDADOR AGUASCALIENTES,NINGUNO,NINGUNO,NINGUNO,AGUASCALIENTES ORIENTE,3,false,false,9,ND,ND,0,0,N,N,5,25,0,0,false,2,2,MOTOCICLETA,ND,ND,1,2,1918,Robo de autopartes y cristalazo,-102.25331253,21.86391035
191407318,30403,12,2019-12-25,3,10,4,1,SIN TIPO,DESARROLLO 75 (LA HOJARASCA),498,CIRCUITO,LOS ALAMOS,NA,"1,,A,",BOULEVARD,GUADALUPANO,CIRCUITO,ENCINOS,NINGUNO,NINGUNO,1,false,false,9,ND,ND,0,0,N,N,2,41,0,0,false,4,4,AUTOMOVIL,KIA,ND,1,1,1919,Robo de autopartes y cristalazo,-102.25025948,21.91302814
191410077,30403,12,2019-12-26,4,4,15,1,COLONIA,SAN LUIS,565,CALLE,EL EDEN,NA,"10,,,",AVENIDA,MARIANO ESCOBEDO,AVENIDA,FERROCARRIL,CALLE,TACUBA,3,false,false,9,H,ND,0,0,N,N,5,28,200,0,false,4,1,AUTOMOVIL,NISSAN,MARCH,1,1,1920,Robo de autopartes y cristalazo,-102.27759559,21.87692884
191414448,30411,12,2019-12-27,5,11,7,1,BARRIO,DE SAN MARCOS,735,AVENIDA,LICENCIADO ADOLFO LOPEZ MATEOS PONIENTE,NA,",,,",CALLE,EDUARDO J CORREA,PRIVADA,RAYON,CALLE,NIETO,1,false,false,9,ND,ND,0,0,N,N,10,25,0,0,false,2,2,AUTOMOVIL,VOLKSWAGEN,ND,1,1,1921,Robo de autopartes y cristalazo,-102.30196488,21.87721572
191414171,30403,12,2019-12-27,5,9,23,1,FRACCIONAMIENTO,SANTA ANITA ( DELEGACION CENTRO),487,AVENIDA,CONVENCION DE 1914 ORIENTE,NA,",,,",CIRCUITO,DEL CORTE,AVENIDA,GABRIELA MISTRAL,CIRCUITO,DE LA CAVA,4,false,false,9,ND,ND,0,0,N,N,2,"26,6,12",0,18000,false,4,1,AUTOMOVIL,VOLKSWAGEN,JETTA,1,1,1922,Robo de autopartes y cristalazo,-102.27999858,21.89767308
191402060,30411,12,2019-12-24,2,4,14,1,FRACCIONAMIENTO,RODOLFO LANDEROS GALLEGOS,459,AVENIDA,SIGLO XXI,NA,",,,",CALLE,ESCARAMUZA,AVENIDA,RODOLFO LANDEROS GALLEGOS,CALLE,HAYDEE ROMERO,4,false,false,9,H,ND,0,0,N,N,5,38,0,0,false,1,1,AUTOMOVIL,ND,ND,1,6,1923,Robo de autopartes y cristalazo,-102.25398533,21.90119446
191407479,30411,12,2019-12-25,3,11,20,1,FRACCIONAMIENTO,JOSE LOPEZ PORTILLO,955,CALLE,PROFESOR JOSE ANTONIO VELARDE,NA,",,,",CALLE,JOSE MARIA GONZALEZ BOCANEGRA,CALLE,JOSE CALVILLO,CALLE,GENERAL JUVENTINO ESPINOZA,2,false,false,9,ND,ND,0,0,N,N,2,23,0,0,false,1,2,AUTOMOVIL,VOLKSWAGEN,VOCHO,1,1,1924,Robo de autopartes y cristalazo,-102.32253723,21.85316504
191407479,30411,12,2019-12-25,3,11,20,1,FRACCIONAMIENTO,JOSE LOPEZ PORTILLO,955,CALLE,PROFESOR JOSE MARIA GONZALEZ BOCANEGRA,NA,"304,,,",CALLE,JOSE MARIA BOCANEGRA,CALLE,JOSE CALVILLO,CALLE,GENERAL JUVENTINO ESPINOZA,2,false,false,9,ND,ND,0,0,N,N,2,41,0,0,false,1,4,ND,ND,ND,1,1,1925,Robo de autopartes y cristalazo,-102.32253797,21.85316051
191416860,30403,12,2019-12-27,5,21,15,1,FRACCIONAMIENTO,BAJIO DE LAS PALMAS,533,CALLE,PALMA CANARIA,NA,"138,,,",CALLE,PALMA MEXICANA,CALLE,PROLONGACION AVENIDA POLIDUCTO,CALLE,PALMA DATILERA,3,false,false,9,ND,ND,0,0,N,N,4,"22,38,27",0,0,false,4,3,AUTOMOVIL,RENAULT,LOGAN,1,1,1926,Robo de autopartes y cristalazo,-102.24169037,21.86414381
191417196,30411,12,2019-12-27,5,22,43,3,SIN TIPO,ZONA CENTRO,275,CALLE,ARTICULO 115 DE LA CONSTITUCION,NA,"604,,,",CALLE,LIBERTAD,CALLE,IGNACIO LOPEZ RAYON,CALLE,JESUS GOMEZ PORTUGAL,7,false,false,9,ND,ND,0,0,N,N,4,6,0,0,false,1,1,CAMIONETA,CHEVROLET,CHEVY,1,1,1927,Robo de autopartes y cristalazo,-102.71547887,21.84510591
191417846,30411,12,2019-12-28,6,4,15,1,FRACCIONAMIENTO,RESIDENCIAL LOS PIRULES,1073,ANDADOR,DE LAS AZUCENAS,NA,",,,",AVENIDA,AGUASCALIENTES PONIENTE,ANDADOR,PIRULERO,CALLE,MAGNOLIA,2,false,false,9,H,ND,0,0,N,N,5,24,0,0,false,1,2,AUTOMOVIL,ND,ND,1,2,1928,Robo de autopartes y cristalazo,-102.31863003,21.87009524
191419155,30411,12,2019-12-28,6,15,5,1,COLONIA,CURTIDORES,748,CALLE,TLAXCALA,NA,"805,,,",CALLE,FELIPE BRIZUELA HERMOSILLO,AVENIDA,AGUASCALIENTES,PROLONGACION,DOCTOR SALVADOR QUEZADA LIMON,6,false,false,9,ND,ND,0,0,N,N,3,6,0,0,false,1,1,AUTOMOVIL,ND,ND,1,1,1929,Robo de autopartes y cristalazo,-102.31796016,21.88515732
191419959,30403,12,2019-12-28,6,19,2,1,COLONIA,SAN MARCOS (DELEGACION CENTRO),736,AVENIDA,CONVENCION PONIENTE,NA,",,,",CALLE,NAVARRETE,CALLE,PUEBLITO,CALLE,DAVID REYNOSO FLORES,6,false,false,9,ND,ND,0,0,N,N,3,38,0,22000,false,4,1,CAMIONETA,HONDA,ND,1,1,1930,Robo de autopartes y cristalazo,-102.31217142,21.87869899
191419993,30411,12,2019-12-28,6,19,10,1,CC,AURRERA GUADALUPE,924,AVENIDA,GUADALUPE,NA,",,,",CALLE,FELIPE ANGELES,AVENIDA,CONVENCION DE 1914 PONIENTE,CALLE,ARROYO DE LOS ARELLANOS,6,false,false,9,ND,ND,0,0,N,N,3,24,0,2000,false,1,2,AUTOMOVIL,ND,ND,1,1,1931,Robo de autopartes y cristalazo,-102.31210835,21.88569888
191420321,30411,12,2019-12-28,6,20,40,1,SIN TIPO,MUSEO DESCUBRE,1001,AVENIDA,DEL PARQUE,NA,",,,",AVENIDA,AGUASCALIENTES SUR,,,BOULEVARD,JOSE MARIA CHAVEZ,3,false,false,9,ND,ND,0,0,N,N,4,"26,27,12",0,0,false,1,1,AUTOMOVIL,ND,ND,1,1,1932,Robo de autopartes y cristalazo,-102.28946068,21.85703685
191420672,30411,12,2019-12-28,6,22,18,1,BARRIO,EL ENCINO,1096,CALLE,CRISTOBAL COLON,NA,",,,",CALLE,HEROES DE CHAPULTEPEC,AVENIDA,LICENCIADO ADOLFO LOPEZ MATEOS PONIENTE,CALLE,DOCTOR JESUS DIAZ DE LEON,1,false,false,9,ND,ND,0,0,N,N,4,"24,11,38",0,5000,false,1,3,AUTOMOVIL,NISSAN,MAXIMA,1,1,1933,Robo de autopartes y cristalazo,-102.29479543,21.87824950
191421122,30403,12,2019-12-29,7,0,39,1,CONDOMINIO,VILLAS DE ACUEDUCTO,953,AVENIDA,AYUNTAMIENTO,NA,",,,",NINGUNO,NINGUNO,NINGUNO,NINGUNO,NINGUNO,NINGUNO,3,false,false,9,ND,ND,0,0,N,N,5,"22,24",0,0,false,4,2,AUTOMOVIL,VOLKSWAGEN,JETTA,1,1,1934,Robo de autopartes y cristalazo,-102.28409263,21.86823461
191425200,30411,12,2019-12-30,1,6,22,1,FRACCIONAMIENTO,CONSTITUCION,974,CALLE,ARTICULO 30,NA,"312,,,",CALLE,ARTICULO 23,CALLE,ARTICULO 21,CALLE,ARTICULO 123,5,false,false,9,ND,ND,0,0,N,N,6,22,0,0,true,1,2,AUTOMOVIL,DODGE,ATTITUDE,1,1,1935,Robo de autopartes y cristalazo,-102.28273379,21.93527495
191425273,30403,12,2019-12-30,1,7,56,1,BARRIO,DE GUADALUPE,382,CALLE,JOSE GUADALUPE POSADA,NA,",,,",PRIVADA,NINGUNO,AVENIDA,GUADALUPE,CALLE,ALAMAN,1,false,false,9,ND,ND,0,0,N,N,2,"24,11",0,0,false,4,2,CAMION,ND,ND,1,6,1936,Robo de autopartes y cristalazo,-102.30746126,21.88510969
191425348,30411,12,2019-12-30,1,8,52,1,FRACCIONAMIENTO,MIRADOR DE LAS CULTURAS II,494,CALLE,LOMA DEL CARDENAL204,13,"204,,,",CALLE,CULTURA TOTOTNACA,AVENIDA,NAZCA,CALLE,CULTURA NAZCA,5,false,false,9,ND,ND,0,0,N,N,1,"24,23",0,5000,false,1,2,CAMIONETA,ND,ND,1,1,1937,Robo de autopartes y cristalazo,-102.23882676,21.90972141
191425490,30403,12,2019-12-30,1,9,50,1,FRACCIONAMIENTO,J GUADALUPE PERALTA GAMEZ,411,CALLE,JUVENTINO DE LA TORRE TORRES,NA,"115,,,",CALLE,ISABEL JIMENEZ DIAZ,AVENIDA,SALU,NINGUNO,NINGUNO,4,false,false,9,ND,ND,0,0,N,N,0,27,0,0,false,4,1,AUTOMOVIL,NISSAN,TIIDA,1,1,1938,Robo de autopartes y cristalazo,-102.23488497,21.86754883
191425555,30403,12,2019-12-30,1,10,11,1,FRACCIONAMIENTO,MODERNO,664,CALLE,SALVADOR DIAZ MIRON,NA,",,,",CALLE,FEDERICO GARCIA LORCA,CALLE,FRAY SERVANDO TERESA DE MIER,CALLE,JUAN DE DIOS PEZA,6,false,false,9,ND,ND,0,0,N,N,2,"22,38",0,0,false,4,3,AUTOMOVIL,DODGE,ATOS,1,1,1939,Robo de autopartes y cristalazo,-102.31599426,21.88329226
191425578,30403,12,2019-12-30,1,10,18,1,FRACCIONAMIENTO,VILLAS DE NUESTRA SEÑORA DE LA ASUNCION (SECTOR ESTACION),502,CALLE,JESUS CONTRERAS,NA,",,,",CALLE,DOMINGO VELAZCO,CALLE,VALLE DE LOS ROMEROS,CALLE,JULIO VILLASEÑOR NORMAN,5,false,false,9,ND,ND,0,0,N,N,2,39,0,0,false,4,4,CAMIONETA,FORD,150,1,1,1940,Robo de autopartes y cristalazo,-102.25916617,21.93959863
191427652,30403,12,2019-12-30,1,20,33,1,FRACCIONAMIENTO,BOSQUES DEL PRADO SUR,777,CALLE,SIERRA DE TEPOZTLAN,NA,",,,",CALLE,SIERRA DE LA ESCONDIDA,CALLE,SIERRA PICACHOS,CALLE,SAN JUAN DE LOS LAGOS,6,false,false,9,ND,ND,0,0,N,N,4,6,0,11000,false,4,1,AUTOMOVIL,SUZUKI,ND,1,1,1941,Robo de autopartes y cristalazo,-102.31098741,21.91553809
191428085,30411,12,2019-12-30,1,22,30,1,FRACCIONAMIENTO,SAN SEBASTIAN,321P,CALLE,SAN MARTIN DE PORRES,NA,"114,,,",CALLE,SANTA ISABEL,RETORNO,SANTA ISABEL,CALLE,SAN PABLO,3,false,false,9,ND,ND,0,0,N,N,4,"38,11",0,5000,true,1,3,COMBI,VOLKSWAGEN,COMBI,1,2,1942,Robo de autopartes y cristalazo,-102.26731812,21.81808753
191428327,30403,12,2019-12-30,1,23,57,1,COLONIA,SAN MARCOS (DELEGACION CENTRO),736,CALLE,22 DE OCTUBRE,NA,",,,",AVENIDA,LICENCIADO ADOLFO LOPEZ MATEOS PONIENTE,AVENIDA,CONVENCION DE 1914 PONIENTE,CALLE,NICOLAS RAMIREZ,6,false,false,9,ND,ND,0,0,N,N,4,38,0,0,false,4,1,AUTOMOVIL,CHEVROLET,AVEO,1,1,1943,Robo de autopartes y cristalazo,-102.31141547,21.87467889
191428368,30403,12,2019-12-31,2,0,8,1,FRACCIONAMIENTO,J GUADALUPE PERALTA GAMEZ,411,CALLE,CALIXTO SERNA,NA,",,,",AVENIDA,PROCERES DE LA ENSEÑANZA,CALLE,TEODULO CASTAÑEDA CAMACHO,CALLE,URBANISMO,4,false,false,9,ND,ND,0,0,N,N,5,41,0,0,false,4,4,CAMIONETA,FORD,RANGER,1,1,1944,Robo de autopartes y cristalazo,-102.23823246,21.87338999
191428385,30411,12,2019-12-31,2,0,16,1,FRACCIONAMIENTO,LOMA DEL COBANO,474,CALLE,PROLONGACION OSA MAYOR,NA,"1066,,,",CALLE,PROLONGACION OSA MAYOR,CALLE,LOMA GRANDE,CALLE,LOMA CHICA,5,false,false,9,H,ND,0,0,N,N,5,45,0,1000,false,2,2,MOTOCICLETA,ND,ND,1,2,1945,Robo de autopartes y cristalazo,-102.27330322,21.90434941
191430134,30411,12,2019-12-31,2,15,30,1,FRACCIONAMIENTO,ESPAÑA,1052,CALLE,ARAGON,NA,"117,,,",CALLE,ESPAÑA,AVENIDA,DE LOS MAESTROS,CALLE,NAVARRA,4,false,false,9,ND,ND,0,0,N,N,3,39,0,0,false,1,4,AUTOMOVIL,NISSAN,ALTIMA,1,13,1946,Robo de autopartes y cristalazo,-102.31308054,21.86316901
191430915,30411,12,2019-12-31,2,19,37,1,BARRIO,DE GUADALUPE,910,CALLE,GENERAL GUADALUPE VICTORIA,NA,",,,",CALLE,PLAZUELA JUAREZ,AVENIDA,GUADALUPE,NA,NA,1,false,false,9,ND,ND,0,0,N,N,4,38,0,8000,false,1,1,CAMIONETA,FORD,EXPLORER,1,1,1947,Robo de autopartes y cristalazo,-102.29848209,21.88324496
191431075,30411,12,2019-12-31,2,20,26,1,FRACCIONAMIENTO,OJO DE AGUA,1080,ANDADOR,FRANCISCO PEREZ RIOS,NA,"201,,,",CALLE,PLAZA MICHOACAN,CALLE,NAYARIT,CALLE,JESUS YUREM,3,false,false,9,ND,ND,0,0,N,N,4,38,0,20000,false,3,1,AUTOMOVIL,NISSAN,VERSA,1,1,1948,Robo de autopartes y cristalazo,-102.28009125,21.86458843
191416142,30411,12,2019-12-27,5,18,30,1,FRACCIONAMIENTO,J GUADALUPE PERALTA GAMEZ,411,AVENIDA,TECNOLOGICO,NA,",,,",CALLE,DESIDERIO MACIAS,CALLE,CATEDRATICOS,CALLE,ANTONIA LOPEZ DE CHAVEZ,4,false,false,9,ND,ND,0,0,,,0,,0,0,false,0,0,,,,,0,1949,Robo de autopartes y cristalazo,-102.23954466,21.86632546
